month,town,flat_type,block,street_name,storey_range,floor_area_sqm,flat_model,lease_commence_date,remaining_lease,resale_price,storey_start,lease_years_left,predicted_price
2025-08-01,ANG MO KIO,2 ROOM,406,ANG MO KIO AVE 10,07 TO 09,44,Improved,1979,52 years 10 months,353000,7,44,324562.05087593524
2025-08-01,ANG MO KIO,2 ROOM,314,ANG MO KIO AVE 3,07 TO 09,44,Improved,1978,51 years 05 months,320000,7,44,324562.05087593524
2025-08-01,ANG MO KIO,2 ROOM,172,ANG MO KIO AVE 4,10 TO 12,45,Improved,1986,59 years 06 months,358000,10,44,329248.0024135495
2025-07-01,ANG MO KIO,2 ROOM,508,ANG MO KIO AVE 8,04 TO 06,44,Improved,1980,53 years 11 months,327500,4,44,327726.18394038087
2025-07-01,ANG MO KIO,3 ROOM,320,ANG MO KIO AVE 1,04 TO 06,73,New Generation,1977,50 years 10 months,483000,4,44,446690.568691401
2025-07-01,ANG MO KIO,3 ROOM,216,ANG MO KIO AVE 1,07 TO 09,73,New Generation,1976,49 years 09 months,443000,7,44,446581.8546779261
2025-07-01,ANG MO KIO,3 ROOM,319,ANG MO KIO AVE 1,10 TO 12,73,New Generation,1977,50 years 10 months,448000,10,44,451579.7695336099
2025-07-01,ANG MO KIO,3 ROOM,319,ANG MO KIO AVE 1,10 TO 12,88,New Generation,1977,50 years 10 months,520000,10,44,512689.3831374022
2025-08-01,ANG MO KIO,3 ROOM,220,ANG MO KIO AVE 1,01 TO 03,67,New Generation,1977,51 years,388000,1,44,415441.77171376825
2025-08-01,ANG MO KIO,3 ROOM,320,ANG MO KIO AVE 1,04 TO 06,88,New Generation,1977,50 years 10 months,500000,4,44,508191.8728358527
2025-08-01,ANG MO KIO,3 ROOM,319,ANG MO KIO AVE 1,04 TO 06,73,New Generation,1977,50 years 10 months,428000,4,44,446690.568691401
2025-08-01,ANG MO KIO,3 ROOM,331,ANG MO KIO AVE 1,04 TO 06,68,New Generation,1981,54 years 05 months,415000,4,44,425175.97780852736
2025-08-01,ANG MO KIO,3 ROOM,219,ANG MO KIO AVE 1,04 TO 06,67,New Generation,1977,50 years 11 months,430000,4,44,424587.33779434033
2025-08-01,ANG MO KIO,3 ROOM,219,ANG MO KIO AVE 1,07 TO 09,67,New Generation,1977,50 years 11 months,418000,7,44,428945.22569853236
2025-08-01,ANG MO KIO,3 ROOM,310C,ANG MO KIO AVE 1,28 TO 30,70,Model A,2012,86 years 01 month,740000,28,44,709665.0402240395
2025-09-01,ANG MO KIO,3 ROOM,331,ANG MO KIO AVE 1,04 TO 06,68,New Generation,1981,54 years 05 months,420888,4,44,425175.97780852736
2025-09-01,ANG MO KIO,3 ROOM,321,ANG MO KIO AVE 1,10 TO 12,88,New Generation,1977,50 years 09 months,533888,10,44,512689.3831374022
2025-09-01,ANG MO KIO,3 ROOM,330,ANG MO KIO AVE 1,01 TO 03,82,New Generation,1981,54 years 05 months,450000,1,44,476042.21940174064
2025-09-01,ANG MO KIO,3 ROOM,308B,ANG MO KIO AVE 1,19 TO 21,70,Model A,2012,86 years 01 month,700888,19,44,703481.8549202005
2025-09-01,ANG MO KIO,3 ROOM,218,ANG MO KIO AVE 1,10 TO 12,82,New Generation,1976,49 years 09 months,468000,10,44,487829.9118648452
2025-09-01,ANG MO KIO,3 ROOM,308A,ANG MO KIO AVE 1,13 TO 15,70,Model A,2012,86 years,625000,13,44,662238.8882446915
2025-07-01,ANG MO KIO,3 ROOM,403,ANG MO KIO AVE 10,07 TO 09,67,New Generation,1979,52 years 11 months,380000,7,44,428945.22569853236
2025-07-01,ANG MO KIO,3 ROOM,445,ANG MO KIO AVE 10,01 TO 03,67,New Generation,1979,53 years 02 months,375000,1,44,415441.77171376825
2025-07-01,ANG MO KIO,3 ROOM,456,ANG MO KIO AVE 10,04 TO 06,75,New Generation,1980,53 years 07 months,450000,4,44,444897.86243350257
2025-07-01,ANG MO KIO,3 ROOM,550,ANG MO KIO AVE 10,01 TO 03,68,New Generation,1981,54 years 07 months,395000,1,44,413902.33175767993
2025-07-01,ANG MO KIO,3 ROOM,466,ANG MO KIO AVE 10,10 TO 12,67,New Generation,1984,58 years 03 months,395000,10,44,431843.7993659163
2025-07-01,ANG MO KIO,3 ROOM,540,ANG MO KIO AVE 10,04 TO 06,82,New Generation,1981,54 years 07 months,480000,4,44,487861.48190215096
2025-07-01,ANG MO KIO,3 ROOM,421,ANG MO KIO AVE 10,07 TO 09,74,New Generation,1979,53 years 02 months,445000,7,44,446369.0846608594
2025-07-01,ANG MO KIO,3 ROOM,475,ANG MO KIO AVE 10,07 TO 09,67,New Generation,1979,53 years 01 month,450000,7,44,428945.22569853236
2025-07-01,ANG MO KIO,3 ROOM,443,ANG MO KIO AVE 10,07 TO 09,67,New Generation,1979,53 years 01 month,420000,7,44,428945.22569853236
2025-07-01,ANG MO KIO,3 ROOM,558,ANG MO KIO AVE 10,04 TO 06,67,New Generation,1980,53 years 07 months,415000,4,44,424587.33779434033
2025-07-01,ANG MO KIO,3 ROOM,549,ANG MO KIO AVE 10,07 TO 09,82,New Generation,1981,54 years 06 months,450000,7,44,488722.04921492556
2025-07-01,ANG MO KIO,3 ROOM,457,ANG MO KIO AVE 10,04 TO 06,75,New Generation,1980,53 years 06 months,396000,4,44,444897.86243350257
2025-07-01,ANG MO KIO,3 ROOM,474,ANG MO KIO AVE 10,01 TO 03,67,New Generation,1984,57 years 07 months,398000,1,44,415441.77171376825
2025-07-01,ANG MO KIO,3 ROOM,463,ANG MO KIO AVE 10,07 TO 09,68,New Generation,1980,53 years 07 months,410000,7,44,429088.4478301328
2025-08-01,ANG MO KIO,3 ROOM,466,ANG MO KIO AVE 10,07 TO 09,67,New Generation,1984,58 years 02 months,418000,7,44,428945.22569853236
2025-08-01,ANG MO KIO,3 ROOM,541,ANG MO KIO AVE 10,04 TO 06,68,New Generation,1981,54 years 06 months,410000,4,44,425175.97780852736
2025-08-01,ANG MO KIO,3 ROOM,457,ANG MO KIO AVE 10,04 TO 06,89,New Generation,1980,53 years 06 months,455000,4,44,493113.9335367677
2025-08-01,ANG MO KIO,3 ROOM,444,ANG MO KIO AVE 10,01 TO 03,67,New Generation,1979,53 years 02 months,370000,1,44,415441.77171376825
2025-08-01,ANG MO KIO,3 ROOM,405,ANG MO KIO AVE 10,04 TO 06,67,New Generation,1979,52 years 10 months,355000,4,44,424587.33779434033
2025-08-01,ANG MO KIO,3 ROOM,416,ANG MO KIO AVE 10,10 TO 12,74,New Generation,1979,53 years 01 month,440000,10,44,449851.6095597005
2025-08-01,ANG MO KIO,3 ROOM,408,ANG MO KIO AVE 10,01 TO 03,68,New Generation,1980,53 years 05 months,391168,1,44,413902.33175767993
2025-08-01,ANG MO KIO,3 ROOM,463,ANG MO KIO AVE 10,07 TO 09,68,New Generation,1980,53 years 07 months,415000,7,44,429088.4478301328
2025-08-01,ANG MO KIO,3 ROOM,405,ANG MO KIO AVE 10,10 TO 12,82,New Generation,1979,52 years 09 months,500000,10,44,487829.9118648452
2025-08-01,ANG MO KIO,3 ROOM,557,ANG MO KIO AVE 10,10 TO 12,68,New Generation,1980,53 years 05 months,413888,10,44,434518.41953866987
2025-08-01,ANG MO KIO,3 ROOM,465,ANG MO KIO AVE 10,13 TO 15,82,New Generation,1980,53 years 06 months,495000,13,44,479496.9398934952
2025-08-01,ANG MO KIO,3 ROOM,558,ANG MO KIO AVE 10,07 TO 09,67,New Generation,1980,53 years 06 months,420000,7,44,428945.22569853236
2025-08-01,ANG MO KIO,3 ROOM,558,ANG MO KIO AVE 10,04 TO 06,67,New Generation,1980,53 years 06 months,396000,4,44,424587.33779434033
2025-08-01,ANG MO KIO,3 ROOM,468,ANG MO KIO AVE 10,01 TO 03,75,New Generation,1979,53 years 04 months,420000,1,44,432405.9312805502
2025-08-01,ANG MO KIO,3 ROOM,433,ANG MO KIO AVE 10,10 TO 12,67,New Generation,1979,52 years 05 months,453000,10,44,431843.7993659163
2025-09-01,ANG MO KIO,3 ROOM,561,ANG MO KIO AVE 10,04 TO 06,68,New Generation,1980,53 years 05 months,408000,4,44,425175.97780852736
2025-09-01,ANG MO KIO,3 ROOM,473,ANG MO KIO AVE 10,10 TO 12,67,New Generation,1984,57 years 11 months,426000,10,44,431843.7993659163
2025-09-01,ANG MO KIO,3 ROOM,577,ANG MO KIO AVE 10,13 TO 15,67,New Generation,1980,53 years 05 months,400000,13,44,436438.57091141306
2025-09-01,ANG MO KIO,3 ROOM,445,ANG MO KIO AVE 10,04 TO 06,67,New Generation,1979,53 years,390000,4,44,424587.33779434033
2025-09-01,ANG MO KIO,3 ROOM,465,ANG MO KIO AVE 10,01 TO 03,68,New Generation,1980,53 years 05 months,410000,1,44,413902.33175767993
2025-09-01,ANG MO KIO,3 ROOM,559,ANG MO KIO AVE 10,04 TO 06,68,New Generation,1980,53 years 04 months,410000,4,44,425175.97780852736
2025-09-01,ANG MO KIO,3 ROOM,416,ANG MO KIO AVE 10,13 TO 15,74,New Generation,1979,52 years 11 months,468888,13,44,456266.12001485424
2025-09-01,ANG MO KIO,3 ROOM,417,ANG MO KIO AVE 10,07 TO 09,74,New Generation,1979,52 years 11 months,443000,7,44,446369.0846608594
2025-09-01,ANG MO KIO,3 ROOM,463,ANG MO KIO AVE 10,04 TO 06,82,New Generation,1980,53 years 05 months,468000,4,44,487861.48190215096
2025-09-01,ANG MO KIO,3 ROOM,556,ANG MO KIO AVE 10,10 TO 12,68,New Generation,1980,53 years 04 months,400000,10,44,434518.41953866987
2025-09-01,ANG MO KIO,3 ROOM,536,ANG MO KIO AVE 10,10 TO 12,68,New Generation,1980,53 years 05 months,400666,10,44,434518.41953866987
2025-09-01,ANG MO KIO,3 ROOM,468,ANG MO KIO AVE 10,04 TO 06,67,New Generation,1979,53 years 03 months,418000,4,44,424587.33779434033
2025-07-01,ANG MO KIO,3 ROOM,121,ANG MO KIO AVE 3,04 TO 06,67,New Generation,1978,52 years 04 months,420000,4,44,424587.33779434033
2025-07-01,ANG MO KIO,3 ROOM,235,ANG MO KIO AVE 3,04 TO 06,67,New Generation,1977,51 years 03 months,428888,4,44,424587.33779434033
2025-07-01,ANG MO KIO,3 ROOM,201,ANG MO KIO AVE 3,07 TO 09,67,New Generation,1977,50 years 09 months,412888,7,44,428945.22569853236
2025-07-01,ANG MO KIO,3 ROOM,343,ANG MO KIO AVE 3,07 TO 09,73,New Generation,1978,51 years 10 months,502000,7,44,446581.8546779261
2025-07-01,ANG MO KIO,3 ROOM,230,ANG MO KIO AVE 3,01 TO 03,67,New Generation,1978,51 years 07 months,415000,1,44,415441.77171376825
2025-07-01,ANG MO KIO,3 ROOM,328,ANG MO KIO AVE 3,10 TO 12,73,New Generation,1978,52 years 03 months,483888,10,44,451579.7695336099
2025-07-01,ANG MO KIO,3 ROOM,211,ANG MO KIO AVE 3,04 TO 06,67,New Generation,1977,50 years 09 months,370000,4,44,424587.33779434033
2025-07-01,ANG MO KIO,3 ROOM,571,ANG MO KIO AVE 3,07 TO 09,67,New Generation,1979,52 years 10 months,410000,7,44,428945.22569853236
2025-07-01,ANG MO KIO,3 ROOM,302,ANG MO KIO AVE 3,07 TO 09,88,New Generation,1978,51 years 08 months,568888,7,44,512645.02218188863
2025-07-01,ANG MO KIO,3 ROOM,346,ANG MO KIO AVE 3,10 TO 12,73,New Generation,1978,51 years 10 months,478000,10,44,451579.7695336099
2025-07-01,ANG MO KIO,3 ROOM,328,ANG MO KIO AVE 3,01 TO 03,73,New Generation,1978,52 years 02 months,400000,1,44,427118.51631530985
2025-08-01,ANG MO KIO,3 ROOM,103,ANG MO KIO AVE 3,07 TO 09,74,New Generation,1978,51 years 08 months,440000,7,44,446369.0846608594
2025-08-01,ANG MO KIO,3 ROOM,345,ANG MO KIO AVE 3,10 TO 12,88,New Generation,1978,51 years 09 months,553000,10,44,512689.3831374022
2025-08-01,ANG MO KIO,3 ROOM,211,ANG MO KIO AVE 3,07 TO 09,67,New Generation,1977,50 years 09 months,400000,7,44,428945.22569853236
2025-08-01,ANG MO KIO,3 ROOM,425,ANG MO KIO AVE 3,07 TO 09,73,New Generation,1979,52 years 06 months,460000,7,44,446581.8546779261
2025-08-01,ANG MO KIO,3 ROOM,343,ANG MO KIO AVE 3,10 TO 12,73,New Generation,1978,51 years 09 months,495000,10,44,451579.7695336099
2025-08-01,ANG MO KIO,3 ROOM,570,ANG MO KIO AVE 3,10 TO 12,67,New Generation,1979,52 years 10 months,458000,10,44,431843.7993659163
2025-08-01,ANG MO KIO,3 ROOM,343,ANG MO KIO AVE 3,01 TO 03,73,New Generation,1978,51 years 08 months,438888,1,44,427118.51631530985
2025-08-01,ANG MO KIO,3 ROOM,103,ANG MO KIO AVE 3,10 TO 12,74,New Generation,1978,51 years 06 months,480000,10,44,449851.6095597005
2025-08-01,ANG MO KIO,3 ROOM,129,ANG MO KIO AVE 3,07 TO 09,73,New Generation,1979,52 years 05 months,445000,7,44,446581.8546779261
2025-08-01,ANG MO KIO,3 ROOM,202,ANG MO KIO AVE 3,04 TO 06,67,New Generation,1977,50 years 08 months,410000,4,44,424587.33779434033
2025-08-01,ANG MO KIO,3 ROOM,127,ANG MO KIO AVE 3,01 TO 03,82,New Generation,1978,52 years 01 month,455000,1,44,476042.21940174064
2025-09-01,ANG MO KIO,3 ROOM,121,ANG MO KIO AVE 3,04 TO 06,67,New Generation,1978,52 years 02 months,432000,4,44,424587.33779434033
2025-09-01,ANG MO KIO,3 ROOM,214,ANG MO KIO AVE 3,07 TO 09,67,New Generation,1976,49 years 08 months,420000,7,44,428945.22569853236
2025-09-01,ANG MO KIO,3 ROOM,121,ANG MO KIO AVE 3,04 TO 06,67,New Generation,1978,52 years 02 months,418888,4,44,424587.33779434033
2025-09-01,ANG MO KIO,3 ROOM,570,ANG MO KIO AVE 3,01 TO 03,82,New Generation,1979,52 years 09 months,465000,1,44,476042.21940174064
2025-09-01,ANG MO KIO,3 ROOM,133,ANG MO KIO AVE 3,01 TO 03,73,New Generation,1979,52 years 05 months,395000,1,44,427118.51631530985
2025-09-01,ANG MO KIO,3 ROOM,201,ANG MO KIO AVE 3,07 TO 09,67,New Generation,1977,50 years 08 months,410000,7,44,428945.22569853236
2025-09-01,ANG MO KIO,3 ROOM,586,ANG MO KIO AVE 3,04 TO 06,67,New Generation,1979,52 years 10 months,450000,4,44,424587.33779434033
2025-09-01,ANG MO KIO,3 ROOM,130,ANG MO KIO AVE 3,07 TO 09,73,New Generation,1979,52 years 04 months,468000,7,44,446581.8546779261
2025-09-01,ANG MO KIO,3 ROOM,214,ANG MO KIO AVE 3,07 TO 09,82,New Generation,1976,49 years 07 months,520888,7,44,488722.04921492556
2025-09-01,ANG MO KIO,3 ROOM,570,ANG MO KIO AVE 3,04 TO 06,67,New Generation,1979,52 years 08 months,420000,4,44,424587.33779434033
2025-09-01,ANG MO KIO,3 ROOM,128,ANG MO KIO AVE 3,04 TO 06,67,New Generation,1978,52 years,432000,4,44,424587.33779434033
2025-09-01,ANG MO KIO,3 ROOM,422,ANG MO KIO AVE 3,07 TO 09,73,New Generation,1979,52 years 04 months,455000,7,44,446581.8546779261
2025-09-01,ANG MO KIO,3 ROOM,120,ANG MO KIO AVE 3,04 TO 06,67,New Generation,1978,52 years 01 month,417000,4,44,424587.33779434033
2025-09-01,ANG MO KIO,3 ROOM,201,ANG MO KIO AVE 3,07 TO 09,67,New Generation,1977,50 years 07 months,428000,7,44,428945.22569853236
2025-07-01,ANG MO KIO,3 ROOM,156,ANG MO KIO AVE 4,01 TO 03,68,New Generation,1981,54 years 11 months,390000,1,44,413902.33175767993
2025-07-01,ANG MO KIO,3 ROOM,106,ANG MO KIO AVE 4,04 TO 06,74,New Generation,1978,51 years 10 months,470000,4,44,441806.8375582656
2025-07-01,ANG MO KIO,3 ROOM,172,ANG MO KIO AVE 4,01 TO 03,60,Improved,1986,59 years 06 months,405000,1,44,405070.31838097953
2025-07-01,ANG MO KIO,3 ROOM,170,ANG MO KIO AVE 4,01 TO 03,69,Improved,1986,59 years 06 months,470000,1,44,427236.5119372057
2025-07-01,ANG MO KIO,3 ROOM,624,ANG MO KIO AVE 4,10 TO 12,82,New Generation,1980,54 years 02 months,528000,10,44,487829.9118648452
2025-07-01,ANG MO KIO,3 ROOM,108,ANG MO KIO AVE 4,07 TO 09,67,New Generation,1978,52 years 01 month,438888,7,44,428945.22569853236
2025-07-01,ANG MO KIO,3 ROOM,174,ANG MO KIO AVE 4,07 TO 09,60,Improved,1986,59 years 06 months,425000,7,44,411138.066927951
2025-08-01,ANG MO KIO,3 ROOM,118,ANG MO KIO AVE 4,04 TO 06,89,New Generation,1978,51 years 10 months,500000,4,44,493113.9335367677
2025-08-01,ANG MO KIO,3 ROOM,172,ANG MO KIO AVE 4,01 TO 03,60,Improved,1986,59 years 06 months,415000,1,44,405070.31838097953
2025-08-01,ANG MO KIO,3 ROOM,170,ANG MO KIO AVE 4,10 TO 12,60,Improved,1986,59 years 06 months,480000,10,44,412667.2339499189
2025-08-01,ANG MO KIO,3 ROOM,157,ANG MO KIO AVE 4,04 TO 06,69,New Generation,1980,54 years 02 months,440000,4,44,427896.31259260763
2025-08-01,ANG MO KIO,3 ROOM,256,ANG MO KIO AVE 4,04 TO 06,73,New Generation,1977,50 years 11 months,455000,4,44,446690.568691401
2025-08-01,ANG MO KIO,3 ROOM,178,ANG MO KIO AVE 4,10 TO 12,68,New Generation,1981,54 years 08 months,428888,10,44,434518.41953866987
2025-08-01,ANG MO KIO,3 ROOM,156,ANG MO KIO AVE 4,01 TO 03,68,New Generation,1981,54 years 10 months,389000,1,44,413902.33175767993
2025-09-01,ANG MO KIO,3 ROOM,178,ANG MO KIO AVE 4,01 TO 03,68,New Generation,1981,54 years 08 months,400000,1,44,413902.33175767993
2025-09-01,ANG MO KIO,3 ROOM,610,ANG MO KIO AVE 4,10 TO 12,68,New Generation,1980,54 years 03 months,450000,10,44,434518.41953866987
2025-09-01,ANG MO KIO,3 ROOM,631,ANG MO KIO AVE 4,01 TO 03,67,New Generation,1985,58 years 04 months,398000,1,44,415441.77171376825
2025-09-01,ANG MO KIO,3 ROOM,255,ANG MO KIO AVE 4,07 TO 09,73,New Generation,1977,50 years 11 months,430000,7,44,446581.8546779261
2025-09-01,ANG MO KIO,3 ROOM,107,ANG MO KIO AVE 4,01 TO 03,74,New Generation,1978,51 years 07 months,428888,1,44,429199.91898761044
2025-09-01,ANG MO KIO,3 ROOM,610,ANG MO KIO AVE 4,04 TO 06,68,New Generation,1980,54 years 02 months,425000,4,44,425175.97780852736
2025-09-01,ANG MO KIO,3 ROOM,170,ANG MO KIO AVE 4,07 TO 09,69,Improved,1986,59 years 04 months,487000,7,44,446803.3938925756
2025-07-01,ANG MO KIO,3 ROOM,538,ANG MO KIO AVE 5,04 TO 06,68,New Generation,1980,53 years 08 months,410000,4,44,425175.97780852736
2025-08-01,ANG MO KIO,3 ROOM,603,ANG MO KIO AVE 5,04 TO 06,67,New Generation,1980,53 years 10 months,418000,4,44,424587.33779434033
2025-09-01,ANG MO KIO,3 ROOM,535,ANG MO KIO AVE 5,10 TO 12,67,New Generation,1980,53 years 06 months,408888,10,44,431843.7993659163
2025-09-01,ANG MO KIO,3 ROOM,611,ANG MO KIO AVE 5,10 TO 12,82,New Generation,1980,53 years 10 months,428000,10,44,487829.9118648452
2025-07-01,ANG MO KIO,3 ROOM,124,ANG MO KIO AVE 6,07 TO 09,67,New Generation,1979,52 years 07 months,430000,7,44,428945.22569853236
2025-07-01,ANG MO KIO,3 ROOM,124,ANG MO KIO AVE 6,04 TO 06,67,New Generation,1979,52 years 07 months,455000,4,44,424587.33779434033
2025-08-01,ANG MO KIO,3 ROOM,633,ANG MO KIO AVE 6,10 TO 12,67,New Generation,1985,58 years 06 months,463000,10,44,431843.7993659163
2025-07-01,ANG MO KIO,3 ROOM,512,ANG MO KIO AVE 8,07 TO 09,68,New Generation,1980,54 years 02 months,465888,7,44,429088.4478301328
2025-07-01,ANG MO KIO,3 ROOM,512,ANG MO KIO AVE 8,04 TO 06,82,New Generation,1980,54 years 02 months,510000,4,44,487861.48190215096
2025-07-01,ANG MO KIO,3 ROOM,705,ANG MO KIO AVE 8,01 TO 03,68,New Generation,1981,54 years 06 months,460000,1,44,413902.33175767993
2025-08-01,ANG MO KIO,3 ROOM,505,ANG MO KIO AVE 8,04 TO 06,82,New Generation,1980,54 years 01 month,515000,4,44,487861.48190215096
2025-09-01,ANG MO KIO,3 ROOM,513,ANG MO KIO AVE 8,01 TO 03,67,New Generation,1984,58 years 01 month,422000,1,44,415441.77171376825
2025-09-01,ANG MO KIO,3 ROOM,507,ANG MO KIO AVE 8,01 TO 03,67,New Generation,1980,53 years 10 months,400000,1,44,415441.77171376825
2025-07-01,ANG MO KIO,3 ROOM,621,ANG MO KIO AVE 9,07 TO 09,68,New Generation,1980,54 years 03 months,450000,7,44,429088.4478301328
2025-07-01,ANG MO KIO,3 ROOM,621,ANG MO KIO AVE 9,10 TO 12,68,New Generation,1980,54 years 02 months,428000,10,44,434518.41953866987
2025-09-01,ANG MO KIO,3 ROOM,621,ANG MO KIO AVE 9,07 TO 09,68,New Generation,1980,54 years,455000,7,44,429088.4478301328
2025-07-01,ANG MO KIO,3 ROOM,590B,ANG MO KIO ST 51,04 TO 06,68,Model A,2019,92 years 08 months,638000,4,44,631106.1893227872
2025-07-01,ANG MO KIO,3 ROOM,591A,ANG MO KIO ST 51,16 TO 18,68,Model A,2019,92 years 07 months,728000,16,44,706295.8783762561
2025-09-01,ANG MO KIO,3 ROOM,590A,ANG MO KIO ST 51,13 TO 15,68,Model A,2019,92 years 06 months,722888,13,44,657421.526363392
2025-07-01,ANG MO KIO,4 ROOM,337,ANG MO KIO AVE 1,07 TO 09,91,New Generation,1982,55 years 08 months,553000,7,44,569021.4858612813
2025-07-01,ANG MO KIO,4 ROOM,304,ANG MO KIO AVE 1,07 TO 09,97,New Generation,1977,50 years 09 months,630000,7,44,589987.7541110318
2025-07-01,ANG MO KIO,4 ROOM,226,ANG MO KIO AVE 1,07 TO 09,91,New Generation,1978,51 years 06 months,550000,7,44,569021.4858612813
2025-07-01,ANG MO KIO,4 ROOM,307A,ANG MO KIO AVE 1,04 TO 06,95,Model A,2012,86 years 02 months,878000,4,44,829057.4962096373
2025-07-01,ANG MO KIO,4 ROOM,307A,ANG MO KIO AVE 1,19 TO 21,97,Model A,2012,86 years 02 months,966000,19,44,924438.6898272312
2025-07-01,ANG MO KIO,4 ROOM,337,ANG MO KIO AVE 1,01 TO 03,91,New Generation,1982,55 years 07 months,520000,1,44,533222.5911689801
2025-08-01,ANG MO KIO,4 ROOM,335,ANG MO KIO AVE 1,04 TO 06,91,New Generation,1982,55 years 07 months,580000,4,44,545128.0764955435
2025-08-01,ANG MO KIO,4 ROOM,336,ANG MO KIO AVE 1,04 TO 06,91,New Generation,1982,55 years 06 months,538888,4,44,545128.0764955435
2025-08-01,ANG MO KIO,4 ROOM,334,ANG MO KIO AVE 1,04 TO 06,91,New Generation,1982,55 years 06 months,538888,4,44,545128.0764955435
2025-09-01,ANG MO KIO,4 ROOM,337,ANG MO KIO AVE 1,01 TO 03,91,New Generation,1982,55 years 05 months,530000,1,44,533222.5911689801
2025-07-01,ANG MO KIO,4 ROOM,467,ANG MO KIO AVE 10,10 TO 12,92,New Generation,1979,53 years 05 months,555000,10,44,559184.91220143
2025-07-01,ANG MO KIO,4 ROOM,457,ANG MO KIO AVE 10,04 TO 06,100,New Generation,1980,53 years 08 months,558888,4,44,585236.2379779312
2025-07-01,ANG MO KIO,4 ROOM,413,ANG MO KIO AVE 10,07 TO 09,92,New Generation,1979,53 years 02 months,571888,7,44,566958.8704715742
2025-07-01,ANG MO KIO,4 ROOM,466,ANG MO KIO AVE 10,04 TO 06,93,New Generation,1984,58 years 03 months,533000,4,44,555311.8544260814
2025-07-01,ANG MO KIO,4 ROOM,411,ANG MO KIO AVE 10,07 TO 09,92,New Generation,1979,53 years 01 month,568000,7,44,566958.8704715742
2025-07-01,ANG MO KIO,4 ROOM,438,ANG MO KIO AVE 10,01 TO 03,92,New Generation,1979,52 years 07 months,540000,1,44,535798.2166020377
2025-07-01,ANG MO KIO,4 ROOM,412,ANG MO KIO AVE 10,01 TO 03,92,New Generation,1979,53 years 01 month,539000,1,44,535798.2166020377
2025-07-01,ANG MO KIO,4 ROOM,559,ANG MO KIO AVE 10,07 TO 09,92,New Generation,1980,53 years 06 months,562000,7,44,566958.8704715742
2025-08-01,ANG MO KIO,4 ROOM,550,ANG MO KIO AVE 10,10 TO 12,93,New Generation,1981,54 years 05 months,545000,10,44,571771.5536663076
2025-08-01,ANG MO KIO,4 ROOM,546,ANG MO KIO AVE 10,04 TO 06,92,New Generation,1981,54 years 05 months,515000,4,44,543868.7628161648
2025-09-01,ANG MO KIO,4 ROOM,542,ANG MO KIO AVE 10,04 TO 06,93,New Generation,1981,54 years 05 months,550000,4,44,555311.8544260814
2025-09-01,ANG MO KIO,4 ROOM,456,ANG MO KIO AVE 10,10 TO 12,100,New Generation,1980,53 years 05 months,560000,10,44,602139.0425238496
2025-09-01,ANG MO KIO,4 ROOM,561,ANG MO KIO AVE 10,10 TO 12,92,New Generation,1980,53 years 04 months,550000,10,44,559184.91220143
2025-09-01,ANG MO KIO,4 ROOM,542,ANG MO KIO AVE 10,01 TO 03,93,New Generation,1981,54 years 04 months,480000,1,44,549441.3988688433
2025-09-01,ANG MO KIO,4 ROOM,472,ANG MO KIO AVE 10,01 TO 03,92,New Generation,1979,52 years 11 months,512888,1,44,535798.2166020377
2025-09-01,ANG MO KIO,4 ROOM,546,ANG MO KIO AVE 10,07 TO 09,92,New Generation,1981,54 years 05 months,512000,7,44,566958.8704715742
2025-07-01,ANG MO KIO,4 ROOM,214,ANG MO KIO AVE 3,07 TO 09,82,New Generation,1976,49 years 09 months,530000,7,44,527326.3236729978
2025-07-01,ANG MO KIO,4 ROOM,572,ANG MO KIO AVE 3,10 TO 12,92,New Generation,1979,52 years 11 months,570000,10,44,559184.91220143
2025-08-01,ANG MO KIO,4 ROOM,325,ANG MO KIO AVE 3,04 TO 06,98,New Generation,1978,52 years 02 months,611000,4,44,580081.7911386503
2025-08-01,ANG MO KIO,4 ROOM,422,ANG MO KIO AVE 3,07 TO 09,98,New Generation,1979,52 years 05 months,660000,7,44,602600.7556909377
2025-08-01,ANG MO KIO,4 ROOM,134,ANG MO KIO AVE 3,13 TO 15,98,New Generation,1978,52 years 01 month,608000,13,44,604221.1731134024
2025-08-01,ANG MO KIO,4 ROOM,213,ANG MO KIO AVE 3,04 TO 06,82,New Generation,1976,49 years 08 months,528000,4,44,531785.1366233358
2025-09-01,ANG MO KIO,4 ROOM,344,ANG MO KIO AVE 3,04 TO 06,98,New Generation,1978,51 years 08 months,635000,4,44,580081.7911386503
2025-09-01,ANG MO KIO,4 ROOM,204,ANG MO KIO AVE 3,10 TO 12,92,New Generation,1977,50 years 05 months,600000,10,44,559184.91220143
2025-09-01,ANG MO KIO,4 ROOM,348,ANG MO KIO AVE 3,07 TO 09,98,New Generation,1978,51 years 07 months,675000,7,44,602600.7556909377
2025-09-01,ANG MO KIO,4 ROOM,573,ANG MO KIO AVE 3,04 TO 06,92,New Generation,1979,52 years 09 months,537000,4,44,543868.7628161648
2025-09-01,ANG MO KIO,4 ROOM,423,ANG MO KIO AVE 3,04 TO 06,108,Model A,1993,66 years 07 months,748888,4,44,695599.2043561926
2025-09-01,ANG MO KIO,4 ROOM,232,ANG MO KIO AVE 3,04 TO 06,92,New Generation,1977,51 years,568000,4,44,543868.7628161648
2025-08-01,ANG MO KIO,4 ROOM,173,ANG MO KIO AVE 4,04 TO 06,92,New Generation,1982,55 years 06 months,525000,4,44,543868.7628161648
2025-08-01,ANG MO KIO,4 ROOM,612,ANG MO KIO AVE 4,10 TO 12,91,New Generation,1980,54 years,570000,10,44,564990.7281138112
2025-09-01,ANG MO KIO,4 ROOM,612,ANG MO KIO AVE 4,07 TO 09,91,New Generation,1980,54 years,560000,7,44,569021.4858612813
2025-09-01,ANG MO KIO,4 ROOM,117,ANG MO KIO AVE 4,04 TO 06,99,New Generation,1978,51 years 09 months,570000,4,44,580250.6054598251
2025-09-01,ANG MO KIO,4 ROOM,175,ANG MO KIO AVE 4,04 TO 06,92,New Generation,1981,54 years 10 months,540888,4,44,543868.7628161648
2025-09-01,ANG MO KIO,4 ROOM,177,ANG MO KIO AVE 4,10 TO 12,92,New Generation,1981,54 years 07 months,625000,10,44,559184.91220143
2025-07-01,ANG MO KIO,4 ROOM,601,ANG MO KIO AVE 5,04 TO 06,91,New Generation,1980,54 years,570000,4,44,545128.0764955435
2025-07-01,ANG MO KIO,4 ROOM,153,ANG MO KIO AVE 5,04 TO 06,93,New Generation,1981,54 years 07 months,548000,4,44,555311.8544260814
2025-08-01,ANG MO KIO,4 ROOM,152,ANG MO KIO AVE 5,04 TO 06,93,New Generation,1981,54 years 10 months,548000,4,44,555311.8544260814
2025-08-01,ANG MO KIO,4 ROOM,150,ANG MO KIO AVE 5,07 TO 09,93,New Generation,1981,54 years 05 months,540000,7,44,566003.8536743855
2025-09-01,ANG MO KIO,4 ROOM,649,ANG MO KIO AVE 5,07 TO 09,99,New Generation,1980,54 years 03 months,648000,7,44,603071.8815409397
2025-09-01,ANG MO KIO,4 ROOM,522,ANG MO KIO AVE 5,07 TO 09,92,New Generation,1980,54 years,540000,7,44,566958.8704715742
2025-09-01,ANG MO KIO,4 ROOM,179,ANG MO KIO AVE 5,04 TO 06,91,New Generation,1981,54 years 07 months,475000,4,44,545128.0764955435
2025-07-01,ANG MO KIO,4 ROOM,635,ANG MO KIO AVE 6,10 TO 12,92,New Generation,1980,54 years 02 months,545000,10,44,559184.91220143
2025-08-01,ANG MO KIO,4 ROOM,638,ANG MO KIO AVE 6,13 TO 15,92,New Generation,1980,54 years,611888,13,44,578188.3941018301
2025-09-01,ANG MO KIO,4 ROOM,640,ANG MO KIO AVE 6,10 TO 12,92,New Generation,1980,53 years 11 months,613000,10,44,559184.91220143
2025-09-01,ANG MO KIO,4 ROOM,700A,ANG MO KIO AVE 6,16 TO 18,90,Model A,2003,77 years 01 month,900000,16,44,844602.0714728257
2025-09-01,ANG MO KIO,4 ROOM,638,ANG MO KIO AVE 6,04 TO 06,92,New Generation,1980,53 years 11 months,588000,4,44,543868.7628161648
2025-09-01,ANG MO KIO,4 ROOM,700A,ANG MO KIO AVE 6,13 TO 15,91,Model A,2003,77 years,860000,13,44,802014.5616875777
2025-07-01,ANG MO KIO,4 ROOM,621,ANG MO KIO AVE 9,07 TO 09,92,New Generation,1980,54 years 03 months,610888,7,44,566958.8704715742
2025-07-01,ANG MO KIO,4 ROOM,260B,ANG MO KIO ST 21,16 TO 18,93,Model A,2018,92 years,965000,16,44,929804.5071115206
2025-08-01,ANG MO KIO,4 ROOM,260B,ANG MO KIO ST 21,13 TO 15,93,Model A,2018,91 years 10 months,999999,13,44,882457.0087083698
2025-09-01,ANG MO KIO,4 ROOM,260B,ANG MO KIO ST 21,22 TO 24,92,Model A,2018,91 years 11 months,1075000,22,44,923096.85366572
2025-09-01,ANG MO KIO,4 ROOM,260A,ANG MO KIO ST 21,01 TO 03,93,Model A,2018,91 years 09 months,830000,1,44,797591.2058155668
2025-08-01,ANG MO KIO,4 ROOM,315B,ANG MO KIO ST 31,25 TO 27,95,Model A,2006,79 years 05 months,880000,25,44,964845.4361860113
2025-08-01,ANG MO KIO,4 ROOM,309A,ANG MO KIO ST 31,07 TO 09,95,Model A,2006,79 years 08 months,850000,7,44,859316.9067618338
2025-07-01,ANG MO KIO,4 ROOM,350,ANG MO KIO ST 32,13 TO 15,95,Model A,2001,75 years 06 months,855000,13,44,856849.6189091234
2025-09-01,ANG MO KIO,4 ROOM,350,ANG MO KIO ST 32,07 TO 09,95,Model A,2001,75 years 03 months,810000,7,44,859316.9067618338
2025-07-01,ANG MO KIO,4 ROOM,455B,ANG MO KIO ST 44,16 TO 18,93,Model A,2018,91 years 08 months,920000,16,44,929804.5071115206
2025-09-01,ANG MO KIO,4 ROOM,455C,ANG MO KIO ST 44,16 TO 18,93,Model A,2018,91 years 07 months,969000,16,44,929804.5071115206
2025-09-01,ANG MO KIO,4 ROOM,455A,ANG MO KIO ST 44,19 TO 21,93,Model A,2018,91 years 06 months,980000,19,44,945682.4367494114
2025-09-01,ANG MO KIO,4 ROOM,455C,ANG MO KIO ST 44,19 TO 21,93,Model A,2018,91 years 07 months,960000,19,44,945682.4367494114
2025-09-01,ANG MO KIO,4 ROOM,455B,ANG MO KIO ST 44,07 TO 09,93,Model A,2018,91 years 06 months,940000,7,44,872648.5040990621
2025-07-01,ANG MO KIO,4 ROOM,591A,ANG MO KIO ST 51,13 TO 15,93,Model A,2019,92 years 08 months,1068000,13,44,882457.0087083698
2025-07-01,ANG MO KIO,4 ROOM,591A,ANG MO KIO ST 51,31 TO 33,93,Model A,2019,92 years 07 months,1138888,31,44,1012400.3592698271
2025-07-01,ANG MO KIO,4 ROOM,591A,ANG MO KIO ST 51,19 TO 21,93,Model A,2019,92 years 07 months,1100000,19,44,945682.4367494114
2025-08-01,ANG MO KIO,4 ROOM,590A,ANG MO KIO ST 51,25 TO 27,93,Model A,2019,92 years 07 months,1068888.88,25,44,991992.2361839624
2025-09-01,ANG MO KIO,4 ROOM,591A,ANG MO KIO ST 51,28 TO 30,93,Model A,2019,92 years 05 months,1135000,28,44,1016381.6167482241
2025-09-01,ANG MO KIO,4 ROOM,590B,ANG MO KIO ST 51,28 TO 30,93,Model A,2019,92 years 05 months,1090000,28,44,1016381.6167482241
2025-07-01,ANG MO KIO,4 ROOM,588D,ANG MO KIO ST 52,13 TO 15,91,DBSS,2011,84 years 11 months,960000,13,44,892329.7982224501
2025-07-01,ANG MO KIO,4 ROOM,588D,ANG MO KIO ST 52,19 TO 21,91,DBSS,2011,85 years 02 months,985000,19,44,955976.8223092586
2025-07-01,ANG MO KIO,4 ROOM,596D,ANG MO KIO ST 52,25 TO 27,91,Model A,2003,76 years 06 months,908000,25,44,901302.4641909047
2025-07-01,ANG MO KIO,4 ROOM,588D,ANG MO KIO ST 52,10 TO 12,91,DBSS,2011,84 years 11 months,920888,10,44,882436.4372407903
2025-09-01,ANG MO KIO,4 ROOM,588D,ANG MO KIO ST 52,25 TO 27,91,DBSS,2011,85 years,1000000,25,44,976278.578167594
2025-09-01,ANG MO KIO,4 ROOM,588C,ANG MO KIO ST 52,22 TO 24,90,DBSS,2011,84 years 11 months,1050000,22,44,953583.8067153724
2025-09-01,ANG MO KIO,4 ROOM,596B,ANG MO KIO ST 52,19 TO 21,91,Model A,2002,76 years 03 months,909000,19,44,856552.6993384875
2025-07-01,ANG MO KIO,5 ROOM,306,ANG MO KIO AVE 1,13 TO 15,123,Standard,1977,51 years,838000,13,44,813869.1850192344
2025-08-01,ANG MO KIO,5 ROOM,306,ANG MO KIO AVE 1,04 TO 06,123,Standard,1977,50 years 11 months,740000,4,44,769931.3432414113
2025-07-01,ANG MO KIO,5 ROOM,539,ANG MO KIO AVE 10,25 TO 27,118,Improved,1980,53 years 08 months,720888,25,44,901581.3882710483
2025-07-01,ANG MO KIO,5 ROOM,437,ANG MO KIO AVE 10,04 TO 06,119,Improved,1979,52 years 07 months,720000,4,44,753873.2577303562
2025-08-01,ANG MO KIO,5 ROOM,458,ANG MO KIO AVE 10,22 TO 24,120,Improved,1980,53 years 05 months,785000,22,44,834625.9494717215
2025-08-01,ANG MO KIO,5 ROOM,551,ANG MO KIO AVE 10,04 TO 06,118,Improved,1981,54 years 05 months,630000,4,44,758771.4512833216
2025-09-01,ANG MO KIO,5 ROOM,545,ANG MO KIO AVE 10,16 TO 18,118,Improved,1981,54 years 05 months,808000,16,44,804982.9147479683
2025-09-01,ANG MO KIO,5 ROOM,553,ANG MO KIO AVE 10,16 TO 18,119,Improved,1980,53 years 11 months,730000,16,44,800842.0755144787
2025-07-01,ANG MO KIO,5 ROOM,102,ANG MO KIO AVE 3,07 TO 09,127,Improved,1993,66 years 10 months,868000,7,44,810603.822235203
2025-07-01,ANG MO KIO,5 ROOM,101,ANG MO KIO AVE 3,07 TO 09,117,Standard,1978,51 years 07 months,767500,7,44,773865.5942932569
2025-08-01,ANG MO KIO,5 ROOM,430,ANG MO KIO AVE 3,13 TO 15,119,Improved,1979,52 years 05 months,838888,13,44,799161.2036687105
2025-07-01,ANG MO KIO,5 ROOM,111,ANG MO KIO AVE 4,10 TO 12,117,Improved,1978,52 years 02 months,808000,10,44,816635.815547013
2025-07-01,ANG MO KIO,5 ROOM,171,ANG MO KIO AVE 4,01 TO 03,127,Improved,1982,55 years 06 months,745000,1,44,760396.649981787
2025-08-01,ANG MO KIO,5 ROOM,171,ANG MO KIO AVE 4,04 TO 06,127,Improved,1982,55 years 05 months,738000,4,44,777817.0066786776
2025-09-01,ANG MO KIO,5 ROOM,176,ANG MO KIO AVE 4,10 TO 12,138,Model A,1993,66 years 07 months,965000,10,44,960998.2553897522
2025-07-01,ANG MO KIO,5 ROOM,648,ANG MO KIO AVE 5,01 TO 03,121,Improved,1980,54 years 05 months,670000,1,44,724573.1362486864
2025-07-01,ANG MO KIO,5 ROOM,700A,ANG MO KIO AVE 6,04 TO 06,110,Improved,2003,77 years 02 months,1000000,4,44,876575.0342135344
2025-09-01,ANG MO KIO,5 ROOM,700B,ANG MO KIO AVE 6,07 TO 09,111,Improved,2003,77 years,1035888,7,44,914686.8783805679
2025-09-01,ANG MO KIO,5 ROOM,725,ANG MO KIO AVE 6,13 TO 15,119,Improved,1980,53 years 09 months,843888,13,44,799161.2036687105
2025-08-01,ANG MO KIO,5 ROOM,620,ANG MO KIO AVE 9,10 TO 12,121,Improved,1980,54 years 02 months,740000,10,44,855643.9416683711
2025-09-01,ANG MO KIO,5 ROOM,620,ANG MO KIO AVE 9,10 TO 12,121,Improved,1980,54 years 01 month,780000,10,44,855643.9416683711
2025-09-01,ANG MO KIO,5 ROOM,104B,ANG MO KIO ST 11,04 TO 06,128,Improved,1996,69 years 09 months,901888,4,44,778352.2451316396
2025-07-01,ANG MO KIO,5 ROOM,253,ANG MO KIO ST 21,04 TO 06,128,Improved,1996,69 years 08 months,938888,4,44,778352.2451316396
2025-07-01,ANG MO KIO,5 ROOM,260B,ANG MO KIO ST 21,07 TO 09,113,Improved,2018,91 years 11 months,1190000,7,44,1017056.3301385518
2025-08-01,ANG MO KIO,5 ROOM,253,ANG MO KIO ST 21,04 TO 06,136,Model A,1996,69 years 08 months,1010000,4,44,881332.2285847013
2025-07-01,ANG MO KIO,5 ROOM,316A,ANG MO KIO ST 31,19 TO 21,110,Improved,2006,79 years 10 months,1100000,19,44,956171.1980825666
2025-08-01,ANG MO KIO,5 ROOM,309A,ANG MO KIO ST 31,25 TO 27,110,Improved,2006,79 years 08 months,1265000,25,44,1047557.161664135
2025-09-01,ANG MO KIO,5 ROOM,315B,ANG MO KIO ST 31,01 TO 03,110,Improved,2006,79 years 04 months,838000,1,44,825547.6631561782
2025-07-01,ANG MO KIO,5 ROOM,455B,ANG MO KIO ST 44,28 TO 30,113,Improved,2018,91 years 08 months,1228000,28,44,1110300.9381716184
2025-08-01,ANG MO KIO,5 ROOM,455B,ANG MO KIO ST 44,07 TO 09,113,Improved,2018,91 years 07 months,1100000,7,44,1017056.3301385518
2025-09-01,ANG MO KIO,5 ROOM,455B,ANG MO KIO ST 44,28 TO 30,113,Improved,2018,91 years 07 months,1270000,28,44,1110300.9381716184
2025-07-01,ANG MO KIO,5 ROOM,588C,ANG MO KIO ST 52,25 TO 27,112,DBSS,2011,85 years 02 months,1300000,25,44,1234987.9919496756
2025-07-01,ANG MO KIO,5 ROOM,596C,ANG MO KIO ST 52,25 TO 27,110,Improved,2002,76 years 06 months,1070000,25,44,1047557.161664135
2025-07-01,ANG MO KIO,5 ROOM,596B,ANG MO KIO ST 52,22 TO 24,110,Improved,2002,76 years 05 months,1030888,22,44,979393.3894697984
2025-08-01,ANG MO KIO,5 ROOM,596A,ANG MO KIO ST 52,28 TO 30,110,Improved,2002,76 years 04 months,1050000,28,44,1068819.2540293066
2025-08-01,ANG MO KIO,5 ROOM,588A,ANG MO KIO ST 52,10 TO 12,120,DBSS,2011,85 years,1188000,10,44,1164895.1498837923
2025-08-01,ANG MO KIO,5 ROOM,588C,ANG MO KIO ST 52,22 TO 24,120,DBSS,2011,85 years,1370000,22,44,1337112.5741262184
2025-09-01,ANG MO KIO,5 ROOM,596D,ANG MO KIO ST 52,19 TO 21,110,Improved,2003,76 years 05 months,1068888,19,44,956171.1980825666
2025-09-01,ANG MO KIO,5 ROOM,588A,ANG MO KIO ST 52,28 TO 30,120,DBSS,2011,85 years,1435000,28,44,1323715.2899532032
2025-09-01,ANG MO KIO,5 ROOM,588A,ANG MO KIO ST 52,22 TO 24,112,DBSS,2011,84 years 11 months,1318000,22,44,1232655.5906129805
2025-09-01,ANG MO KIO,5 ROOM,596B,ANG MO KIO ST 52,04 TO 06,110,Improved,2002,76 years 03 months,955000,4,44,876575.0342135344
2025-09-01,ANG MO KIO,EXECUTIVE,333,ANG MO KIO AVE 1,07 TO 09,163,Adjoined flat,1981,54 years 05 months,1110000,7,44,1196070.5084268944
2025-08-01,ANG MO KIO,EXECUTIVE,457,ANG MO KIO AVE 10,13 TO 15,164,Adjoined flat,1980,53 years 05 months,1000000,13,44,1204661.4000588981
2025-09-01,ANG MO KIO,EXECUTIVE,613,ANG MO KIO AVE 4,07 TO 09,153,Apartment,1996,69 years 08 months,1128000,7,44,1102681.4937737684
2025-09-01,ANG MO KIO,EXECUTIVE,613,ANG MO KIO AVE 4,01 TO 03,156,Apartment,1996,69 years 08 months,1178000,1,44,1038707.5531852911
2025-08-01,BEDOK,2 ROOM,514,BEDOK NTH AVE 2,01 TO 03,45,Improved,1979,52 years 11 months,290000,1,44,325930.4111834737
2025-08-01,BEDOK,2 ROOM,101,BEDOK NTH AVE 4,07 TO 09,45,Improved,1978,51 years 10 months,338000,7,44,326832.1891775651
2025-08-01,BEDOK,2 ROOM,113,BEDOK NTH ST 2,04 TO 06,44,Improved,1978,51 years 10 months,325000,4,44,326113.980632105
2025-07-01,BEDOK,2 ROOM,534,BEDOK NTH ST 3,10 TO 12,45,Improved,1986,59 years 08 months,338000,10,44,327420.278331563
2025-08-01,BEDOK,2 ROOM,534,BEDOK NTH ST 3,04 TO 06,45,Improved,1986,59 years 06 months,315000,4,44,326760.4648009185
2025-08-01,BEDOK,2 ROOM,620,BEDOK RESERVOIR RD,01 TO 03,45,Improved,1986,60 years,335000,1,44,325930.4111834737
2025-07-01,BEDOK,3 ROOM,220A,BEDOK CTRL,04 TO 06,62,Model A,2010,83 years 11 months,608000,4,44,598696.4591366333
2025-08-01,BEDOK,3 ROOM,424,BEDOK NTH AVE 1,10 TO 12,81,New Generation,1979,52 years 06 months,488000,10,44,479180.21165612043
2025-08-01,BEDOK,3 ROOM,548,BEDOK NTH AVE 1,04 TO 06,68,New Generation,1980,53 years 11 months,432000,4,44,427206.2744913131
2025-08-01,BEDOK,3 ROOM,522,BEDOK NTH AVE 1,07 TO 09,67,New Generation,1979,53 years 02 months,425000,7,44,430398.3918664918
2025-08-01,BEDOK,3 ROOM,549,BEDOK NTH AVE 1,07 TO 09,67,New Generation,1984,58 years 03 months,422000,7,44,430398.3918664918
2025-08-01,BEDOK,3 ROOM,424,BEDOK NTH AVE 1,10 TO 12,67,New Generation,1979,52 years 05 months,430800,10,44,431763.5120309095
2025-08-01,BEDOK,3 ROOM,423,BEDOK NTH AVE 1,01 TO 03,67,New Generation,1979,52 years 06 months,423000,1,44,413439.3602156434
2025-09-01,BEDOK,3 ROOM,520,BEDOK NTH AVE 1,01 TO 03,67,New Generation,1979,52 years 11 months,408000,1,44,413439.3602156434
2025-08-01,BEDOK,3 ROOM,409,BEDOK NTH AVE 2,04 TO 06,68,New Generation,1980,53 years 08 months,452000,4,44,427206.2744913131
2025-08-01,BEDOK,3 ROOM,402,BEDOK NTH AVE 3,10 TO 12,67,New Generation,1979,52 years 10 months,426000,10,44,431763.5120309095
2025-07-01,BEDOK,3 ROOM,92,BEDOK NTH AVE 4,01 TO 03,67,New Generation,1979,53 years,380000,1,44,413439.3602156434
2025-07-01,BEDOK,3 ROOM,100,BEDOK NTH AVE 4,13 TO 15,67,New Generation,1978,52 years 04 months,400000,13,44,433541.59537338483
2025-07-01,BEDOK,3 ROOM,109,BEDOK NTH RD,04 TO 06,67,New Generation,1977,51 years 01 month,410000,4,44,424610.9459672603
2025-07-01,BEDOK,3 ROOM,431A,BEDOK NTH RD,10 TO 12,69,Model A,2021,94 years 11 months,710888,10,44,629914.7585393845
2025-07-01,BEDOK,3 ROOM,430A,BEDOK NTH RD,07 TO 09,69,Model A,2021,94 years 11 months,670000,7,44,633768.7046313711
2025-07-01,BEDOK,3 ROOM,430A,BEDOK NTH RD,01 TO 03,69,Model A,2021,94 years 11 months,650000,1,44,591613.0975385031
2025-07-01,BEDOK,3 ROOM,116,BEDOK NTH RD,07 TO 09,73,New Generation,1978,51 years 10 months,480000,7,44,448878.7431180795
2025-07-01,BEDOK,3 ROOM,76,BEDOK NTH RD,04 TO 06,59,Improved,1978,51 years 06 months,375000,4,44,381799.1884900227
2025-07-01,BEDOK,3 ROOM,426,BEDOK NTH RD,01 TO 03,67,New Generation,1979,52 years 06 months,450000,1,44,413439.3602156434
2025-08-01,BEDOK,3 ROOM,115,BEDOK NTH RD,01 TO 03,73,New Generation,1978,51 years 10 months,445888,1,44,424060.8951018387
2025-08-01,BEDOK,3 ROOM,109,BEDOK NTH RD,04 TO 06,67,New Generation,1977,51 years,420888,4,44,424610.9459672603
2025-08-01,BEDOK,3 ROOM,77,BEDOK NTH RD,07 TO 09,60,Improved,1986,59 years 08 months,418000,7,44,397619.99449354416
2025-08-01,BEDOK,3 ROOM,431A,BEDOK NTH RD,13 TO 15,69,Model A,2021,94 years 09 months,730000,13,44,644087.1223267023
2025-08-01,BEDOK,3 ROOM,430A,BEDOK NTH RD,04 TO 06,69,Model A,2021,94 years 10 months,652000,4,44,597312.2774398983
2025-08-01,BEDOK,3 ROOM,77,BEDOK NTH RD,01 TO 03,60,Improved,1986,59 years 08 months,405000,1,44,391455.47807870246
2025-09-01,BEDOK,3 ROOM,429B,BEDOK NTH RD,16 TO 18,69,Model A,2021,94 years 09 months,740888,16,44,671181.0429887198
2025-09-01,BEDOK,3 ROOM,430A,BEDOK NTH RD,10 TO 12,69,Model A,2021,94 years 09 months,718000,10,44,629914.7585393845
2025-09-01,BEDOK,3 ROOM,116,BEDOK NTH RD,07 TO 09,73,New Generation,1978,51 years 09 months,483888,7,44,448878.7431180795
2025-09-01,BEDOK,3 ROOM,74,BEDOK NTH RD,04 TO 06,70,Improved,1978,51 years 05 months,406000,4,44,419762.9889516267
2025-07-01,BEDOK,3 ROOM,420,BEDOK NTH ST 1,01 TO 03,68,New Generation,1979,52 years 06 months,450000,1,44,408309.0351326633
2025-07-01,BEDOK,3 ROOM,201,BEDOK NTH ST 1,10 TO 12,73,New Generation,1979,53 years,480000,10,44,449721.45043962
2025-08-01,BEDOK,3 ROOM,419,BEDOK NTH ST 1,04 TO 06,68,New Generation,1979,52 years 06 months,445000,4,44,427206.2744913131
2025-08-01,BEDOK,3 ROOM,419,BEDOK NTH ST 1,10 TO 12,68,New Generation,1979,52 years 06 months,470000,10,44,429235.8084706936
2025-08-01,BEDOK,3 ROOM,420,BEDOK NTH ST 1,10 TO 12,68,New Generation,1979,52 years 06 months,470000,10,44,429235.8084706936
2025-08-01,BEDOK,3 ROOM,420,BEDOK NTH ST 1,04 TO 06,68,New Generation,1979,52 years 05 months,448000,4,44,427206.2744913131
2025-09-01,BEDOK,3 ROOM,218,BEDOK NTH ST 1,01 TO 03,68,New Generation,1980,53 years 06 months,440888,1,44,408309.0351326633
2025-09-01,BEDOK,3 ROOM,218,BEDOK NTH ST 1,01 TO 03,68,New Generation,1980,53 years 05 months,420000,1,44,408309.0351326633
2025-07-01,BEDOK,3 ROOM,134,BEDOK NTH ST 2,10 TO 12,67,New Generation,1978,51 years 11 months,400000,10,44,431763.5120309095
2025-07-01,BEDOK,3 ROOM,122,BEDOK NTH ST 2,10 TO 12,82,New Generation,1978,51 years 09 months,485000,10,44,478081.1859040403
2025-07-01,BEDOK,3 ROOM,129,BEDOK NTH ST 2,10 TO 12,82,New Generation,1978,52 years,480000,10,44,478081.1859040403
2025-07-01,BEDOK,3 ROOM,135,BEDOK NTH ST 2,10 TO 12,67,New Generation,1978,51 years 11 months,461888,10,44,431763.5120309095
2025-07-01,BEDOK,3 ROOM,129,BEDOK NTH ST 2,13 TO 15,67,New Generation,1978,51 years 11 months,445000,13,44,433541.59537338483
2025-07-01,BEDOK,3 ROOM,138,BEDOK NTH ST 2,07 TO 09,67,New Generation,1978,51 years 10 months,422000,7,44,430398.3918664918
2025-07-01,BEDOK,3 ROOM,138,BEDOK NTH ST 2,10 TO 12,67,New Generation,1978,51 years 09 months,435000,10,44,431763.5120309095
2025-08-01,BEDOK,3 ROOM,123,BEDOK NTH ST 2,01 TO 03,67,New Generation,1978,51 years 08 months,395000,1,44,413439.3602156434
2025-08-01,BEDOK,3 ROOM,138,BEDOK NTH ST 2,04 TO 06,67,New Generation,1978,51 years 09 months,420000,4,44,424610.9459672603
2025-08-01,BEDOK,3 ROOM,126,BEDOK NTH ST 2,01 TO 03,67,New Generation,1978,51 years 10 months,425000,1,44,413439.3602156434
2025-08-01,BEDOK,3 ROOM,127,BEDOK NTH ST 2,13 TO 15,67,New Generation,1978,51 years 09 months,435000,13,44,433541.59537338483
2025-08-01,BEDOK,3 ROOM,122,BEDOK NTH ST 2,01 TO 03,82,New Generation,1978,51 years 07 months,468000,1,44,470905.4451760847
2025-08-01,BEDOK,3 ROOM,138,BEDOK NTH ST 2,10 TO 12,67,New Generation,1978,51 years 09 months,385000,10,44,431763.5120309095
2025-09-01,BEDOK,3 ROOM,127,BEDOK NTH ST 2,01 TO 03,67,New Generation,1978,51 years 08 months,410000,1,44,413439.3602156434
2025-09-01,BEDOK,3 ROOM,128,BEDOK NTH ST 2,10 TO 12,67,New Generation,1978,51 years 08 months,410000,10,44,431763.5120309095
2025-09-01,BEDOK,3 ROOM,134,BEDOK NTH ST 2,01 TO 03,67,New Generation,1978,51 years 08 months,420000,1,44,413439.3602156434
2025-07-01,BEDOK,3 ROOM,545,BEDOK NTH ST 3,04 TO 06,68,New Generation,1980,53 years 11 months,420000,4,44,427206.2744913131
2025-07-01,BEDOK,3 ROOM,502,BEDOK NTH ST 3,04 TO 06,59,Improved,1978,51 years 10 months,380000,4,44,381799.1884900227
2025-07-01,BEDOK,3 ROOM,526,BEDOK NTH ST 3,04 TO 06,67,New Generation,1979,53 years 01 month,395000,4,44,424610.9459672603
2025-07-01,BEDOK,3 ROOM,528,BEDOK NTH ST 3,16 TO 18,82,New Generation,1979,53 years 01 month,495000,16,44,495346.6436032799
2025-07-01,BEDOK,3 ROOM,529,BEDOK NTH ST 3,10 TO 12,68,New Generation,1979,53 years 02 months,400000,10,44,429235.8084706936
2025-07-01,BEDOK,3 ROOM,525,BEDOK NTH ST 3,10 TO 12,67,New Generation,1979,53 years,405000,10,44,431763.5120309095
2025-07-01,BEDOK,3 ROOM,530,BEDOK NTH ST 3,10 TO 12,68,New Generation,1979,53 years 01 month,397000,10,44,429235.8084706936
2025-07-01,BEDOK,3 ROOM,537,BEDOK NTH ST 3,04 TO 06,68,New Generation,1980,53 years 06 months,400000,4,44,427206.2744913131
2025-07-01,BEDOK,3 ROOM,545,BEDOK NTH ST 3,04 TO 06,68,New Generation,1980,53 years 10 months,425000,4,44,427206.2744913131
2025-08-01,BEDOK,3 ROOM,509,BEDOK NTH ST 3,04 TO 06,67,New Generation,1979,53 years 02 months,448000,4,44,424610.9459672603
2025-08-01,BEDOK,3 ROOM,530,BEDOK NTH ST 3,07 TO 09,82,New Generation,1979,53 years 01 month,435000,7,44,482853.6498076458
2025-08-01,BEDOK,3 ROOM,546,BEDOK NTH ST 3,07 TO 09,68,New Generation,1980,53 years 09 months,430000,7,44,429832.3898739848
2025-08-01,BEDOK,3 ROOM,503,BEDOK NTH ST 3,10 TO 12,59,Improved,1978,51 years 09 months,385000,10,44,385562.4786819524
2025-08-01,BEDOK,3 ROOM,532,BEDOK NTH ST 3,13 TO 15,82,New Generation,1980,53 years 05 months,490000,13,44,477136.75227436295
2025-08-01,BEDOK,3 ROOM,529,BEDOK NTH ST 3,10 TO 12,68,New Generation,1979,53 years,418000,10,44,429235.8084706936
2025-08-01,BEDOK,3 ROOM,554,BEDOK NTH ST 3,07 TO 09,68,New Generation,1980,53 years 10 months,440000,7,44,429832.3898739848
2025-08-01,BEDOK,3 ROOM,535,BEDOK NTH ST 3,07 TO 09,60,Improved,1986,59 years 05 months,390000,7,44,397619.99449354416
2025-08-01,BEDOK,3 ROOM,525,BEDOK NTH ST 3,01 TO 03,67,New Generation,1979,52 years 11 months,408000,1,44,413439.3602156434
2025-08-01,BEDOK,3 ROOM,502,BEDOK NTH ST 3,04 TO 06,70,Improved,1978,51 years 08 months,398000,4,44,419762.9889516267
2025-09-01,BEDOK,3 ROOM,526,BEDOK NTH ST 3,07 TO 09,67,New Generation,1979,52 years 11 months,430000,7,44,430398.3918664918
2025-09-01,BEDOK,3 ROOM,533,BEDOK NTH ST 3,04 TO 06,68,New Generation,1980,53 years 05 months,420000,4,44,427206.2744913131
2025-09-01,BEDOK,3 ROOM,539,BEDOK NTH ST 3,01 TO 03,68,New Generation,1980,53 years 04 months,392000,1,44,408309.0351326633
2025-09-01,BEDOK,3 ROOM,529,BEDOK NTH ST 3,10 TO 12,68,New Generation,1979,53 years,428000,10,44,429235.8084706936
2025-09-01,BEDOK,3 ROOM,532,BEDOK NTH ST 3,13 TO 15,68,New Generation,1980,53 years 04 months,410000,13,44,434633.7587934899
2025-09-01,BEDOK,3 ROOM,529,BEDOK NTH ST 3,01 TO 03,68,New Generation,1979,52 years 11 months,382500,1,44,408309.0351326633
2025-07-01,BEDOK,3 ROOM,188C,BEDOK NTH ST 4,07 TO 09,68,Model A,2020,93 years 07 months,623000,7,44,600704.2827726549
2025-07-01,BEDOK,3 ROOM,188B,BEDOK NTH ST 4,16 TO 18,68,Model A,2018,92 years 05 months,660000,16,44,658278.466261254
2025-09-01,BEDOK,3 ROOM,188A,BEDOK NTH ST 4,04 TO 06,68,Model A,2018,92 years 03 months,618000,4,44,576786.7155072719
2025-09-01,BEDOK,3 ROOM,747A,BEDOK RESERVOIR CRES,07 TO 09,67,DBSS,2014,88 years,665000,7,44,626174.8393065054
2025-07-01,BEDOK,3 ROOM,713,BEDOK RESERVOIR RD,07 TO 09,68,New Generation,1981,55 years 01 month,445000,7,44,429832.3898739848
2025-07-01,BEDOK,3 ROOM,615,BEDOK RESERVOIR RD,10 TO 12,68,New Generation,1981,54 years 10 months,420000,10,44,429235.8084706936
2025-07-01,BEDOK,3 ROOM,620,BEDOK RESERVOIR RD,04 TO 06,61,Improved,1986,60 years 01 month,450000,4,44,395656.53525348095
2025-08-01,BEDOK,3 ROOM,615,BEDOK RESERVOIR RD,10 TO 12,68,New Generation,1981,54 years 08 months,478000,10,44,429235.8084706936
2025-08-01,BEDOK,3 ROOM,704,BEDOK RESERVOIR RD,04 TO 06,68,New Generation,1981,54 years 11 months,456888,4,44,427206.2744913131
2025-09-01,BEDOK,3 ROOM,709,BEDOK RESERVOIR RD,07 TO 09,68,New Generation,1981,55 years,450000,7,44,429832.3898739848
2025-09-01,BEDOK,3 ROOM,144,BEDOK RESERVOIR RD,04 TO 06,64,Simplified,1987,60 years 06 months,475000,4,44,444202.258812896
2025-09-01,BEDOK,3 ROOM,704,BEDOK RESERVOIR RD,10 TO 12,68,New Generation,1981,54 years 11 months,435000,10,44,429235.8084706936
2025-09-01,BEDOK,3 ROOM,150,BEDOK RESERVOIR RD,04 TO 06,63,Simplified,1988,61 years 10 months,450000,4,44,449034.9377738
2025-09-01,BEDOK,3 ROOM,609,BEDOK RESERVOIR RD,01 TO 03,67,New Generation,1982,55 years 10 months,430000,1,44,413439.3602156434
2025-09-01,BEDOK,3 ROOM,609,BEDOK RESERVOIR RD,04 TO 06,81,New Generation,1982,55 years 10 months,495000,4,44,489742.80433520244
2025-07-01,BEDOK,3 ROOM,1,BEDOK STH AVE 1,01 TO 03,59,Improved,1976,49 years 08 months,350000,1,44,374216.7325754322
2025-07-01,BEDOK,3 ROOM,4,BEDOK STH AVE 1,10 TO 12,65,Improved,1976,49 years 06 months,445000,10,44,411566.1334850217
2025-08-01,BEDOK,3 ROOM,2,BEDOK STH AVE 1,04 TO 06,65,Improved,1976,49 years 06 months,403000,4,44,403895.2814857111
2025-08-01,BEDOK,3 ROOM,3,BEDOK STH AVE 1,04 TO 06,59,Improved,1976,49 years 05 months,380000,4,44,381799.1884900227
2025-08-01,BEDOK,3 ROOM,22,BEDOK STH AVE 1,07 TO 09,73,New Generation,1977,50 years 09 months,465000,7,44,448878.7431180795
2025-09-01,BEDOK,3 ROOM,22,BEDOK STH AVE 1,13 TO 15,73,New Generation,1977,50 years 09 months,435000,13,44,463093.8783455163
2025-09-01,BEDOK,3 ROOM,1,BEDOK STH AVE 1,04 TO 06,59,Improved,1976,49 years 04 months,382000,4,44,381799.1884900227
2025-09-01,BEDOK,3 ROOM,23,BEDOK STH AVE 1,07 TO 09,73,New Generation,1977,50 years 08 months,465000,7,44,448878.7431180795
2025-09-01,BEDOK,3 ROOM,1,BEDOK STH AVE 1,07 TO 09,59,Improved,1976,49 years 04 months,412888,7,44,385376.54770062026
2025-09-01,BEDOK,3 ROOM,33,BEDOK STH AVE 2,04 TO 06,73,New Generation,1978,51 years 07 months,416888,4,44,446308.91032484395
2025-07-01,BEDOK,3 ROOM,39,BEDOK STH RD,01 TO 03,67,New Generation,1978,52 years 02 months,410000,1,44,413439.3602156434
2025-07-01,BEDOK,3 ROOM,70,BEDOK STH RD,10 TO 12,67,New Generation,1978,51 years 06 months,455000,10,44,431763.5120309095
2025-09-01,BEDOK,3 ROOM,18,BEDOK STH RD,04 TO 06,65,Improved,1976,49 years 04 months,390000,4,44,403895.2814857111
2025-07-01,BEDOK,3 ROOM,36,CHAI CHEE AVE,04 TO 06,73,Improved,1974,47 years 06 months,370000,4,44,422218.4577071877
2025-08-01,BEDOK,3 ROOM,37,CHAI CHEE AVE,10 TO 12,66,Improved,1983,56 years 10 months,415000,10,44,411523.2002985574
2025-08-01,BEDOK,3 ROOM,32,CHAI CHEE AVE,13 TO 15,65,Improved,1974,47 years 06 months,385000,13,44,415677.1563846269
2025-08-01,BEDOK,3 ROOM,40,CHAI CHEE AVE,10 TO 12,65,Improved,1974,47 years 05 months,430000,10,44,411566.1334850217
2025-07-01,BEDOK,3 ROOM,55,CHAI CHEE DR,07 TO 09,76,Model A,1984,57 years 10 months,435000,7,44,462348.9073661647
2025-07-01,BEDOK,3 ROOM,55,CHAI CHEE DR,07 TO 09,75,Model A,1984,57 years 10 months,440000,7,44,464011.7193386499
2025-07-01,BEDOK,3 ROOM,55,CHAI CHEE DR,07 TO 09,75,Model A,1984,57 years 09 months,410000,7,44,464011.7193386499
2025-09-01,BEDOK,3 ROOM,58,CHAI CHEE DR,04 TO 06,76,Model A,1983,57 years 04 months,456000,4,44,448355.48122827895
2025-07-01,BEDOK,3 ROOM,19,CHAI CHEE RD,01 TO 03,65,Improved,1972,46 years 01 month,330000,1,44,392517.9392211219
2025-07-01,BEDOK,3 ROOM,21,CHAI CHEE RD,01 TO 03,65,Improved,1972,46 years,358000,1,44,392517.9392211219
2025-07-01,BEDOK,3 ROOM,20,CHAI CHEE RD,04 TO 06,65,Improved,1972,46 years,380000,4,44,403895.2814857111
2025-07-01,BEDOK,3 ROOM,59,CHAI CHEE RD,01 TO 03,76,Model A,1984,57 years 06 months,422888,1,44,449837.6265792132
2025-08-01,BEDOK,3 ROOM,20,CHAI CHEE RD,07 TO 09,75,Improved,1972,46 years 01 month,386000,7,44,431575.1097300144
2025-08-01,BEDOK,3 ROOM,59,CHAI CHEE RD,01 TO 03,75,Model A,1984,57 years 05 months,428000,1,44,449663.97052526014
2025-09-01,BEDOK,3 ROOM,59,CHAI CHEE RD,04 TO 06,80,Model A,1984,57 years 05 months,440000,4,44,459560.9382223349
2025-07-01,BEDOK,3 ROOM,42,CHAI CHEE ST,01 TO 03,67,New Generation,1985,58 years 11 months,435000,1,44,413439.3602156434
2025-07-01,BEDOK,3 ROOM,50,CHAI CHEE ST,04 TO 06,68,New Generation,1981,55 years 01 month,395000,4,44,427206.2744913131
2025-08-01,BEDOK,3 ROOM,54,CHAI CHEE ST,07 TO 09,82,New Generation,1981,54 years 10 months,490000,7,44,482853.6498076458
2025-08-01,BEDOK,3 ROOM,44,CHAI CHEE ST,10 TO 12,68,New Generation,1980,53 years 10 months,420000,10,44,429235.8084706936
2025-08-01,BEDOK,3 ROOM,54,CHAI CHEE ST,04 TO 06,68,New Generation,1981,54 years 09 months,420000,4,44,427206.2744913131
2025-09-01,BEDOK,3 ROOM,50,CHAI CHEE ST,07 TO 09,68,New Generation,1981,54 years 11 months,410000,7,44,429832.3898739848
2025-09-01,BEDOK,3 ROOM,50,CHAI CHEE ST,07 TO 09,82,New Generation,1981,54 years 11 months,460000,7,44,482853.6498076458
2025-09-01,BEDOK,3 ROOM,42,CHAI CHEE ST,07 TO 09,67,New Generation,1985,58 years 10 months,438000,7,44,430398.3918664918
2025-07-01,BEDOK,3 ROOM,30,NEW UPP CHANGI RD,07 TO 09,65,Improved,1977,50 years 11 months,380000,7,44,408736.2055758338
2025-07-01,BEDOK,3 ROOM,27,NEW UPP CHANGI RD,04 TO 06,65,Improved,1982,56 years 02 months,385000,4,44,403895.2814857111
2025-08-01,BEDOK,3 ROOM,57,NEW UPP CHANGI RD,01 TO 03,68,Improved,1985,59 years 03 months,426000,1,44,404629.5728713326
2025-08-01,BEDOK,3 ROOM,30,NEW UPP CHANGI RD,04 TO 06,65,Improved,1977,50 years 10 months,375000,4,44,403895.2814857111
2025-08-01,BEDOK,3 ROOM,27,NEW UPP CHANGI RD,07 TO 09,74,Improved,1982,56 years 02 months,439999,7,44,428545.6575025593
2025-08-01,BEDOK,3 ROOM,30,NEW UPP CHANGI RD,13 TO 15,65,Improved,1977,50 years 09 months,400000,13,44,415677.1563846269
2025-09-01,BEDOK,3 ROOM,28,NEW UPP CHANGI RD,13 TO 15,65,Improved,1977,50 years 09 months,435000,13,44,415677.1563846269
2025-09-01,BEDOK,3 ROOM,29,NEW UPP CHANGI RD,01 TO 03,65,Improved,1977,50 years 08 months,365000,1,44,392517.9392211219
2025-07-01,BEDOK,4 ROOM,221C,BEDOK CTRL,01 TO 03,97,Model A,2010,83 years 11 months,876000,1,44,760297.2789714786
2025-08-01,BEDOK,4 ROOM,219B,BEDOK CTRL,07 TO 09,97,Model A,2010,83 years 09 months,980000,7,44,835982.2500605329
2025-08-01,BEDOK,4 ROOM,221A,BEDOK CTRL,10 TO 12,94,Model A,2010,83 years 10 months,968888,10,44,855033.0382960413
2025-08-01,BEDOK,4 ROOM,220C,BEDOK CTRL,01 TO 03,87,Model A,2010,83 years 09 months,860000,1,44,701700.4613490095
2025-09-01,BEDOK,4 ROOM,221A,BEDOK CTRL,01 TO 03,97,Model A,2010,83 years 09 months,888888,1,44,760297.2789714786
2025-07-01,BEDOK,4 ROOM,517,BEDOK NTH AVE 2,10 TO 12,92,New Generation,1979,53 years 01 month,580888,10,44,558191.9677060331
2025-07-01,BEDOK,4 ROOM,517,BEDOK NTH AVE 2,07 TO 09,92,New Generation,1979,53 years 01 month,570000,7,44,559131.1511980119
2025-07-01,BEDOK,4 ROOM,518,BEDOK NTH AVE 2,10 TO 12,92,New Generation,1979,53 years 01 month,528000,10,44,558191.9677060331
2025-07-01,BEDOK,4 ROOM,513,BEDOK NTH AVE 2,04 TO 06,92,New Generation,1979,53 years,525000,4,44,547832.1381588127
2025-08-01,BEDOK,4 ROOM,512,BEDOK NTH AVE 2,07 TO 09,92,New Generation,1979,53 years,540000,7,44,559131.1511980119
2025-08-01,BEDOK,4 ROOM,518,BEDOK NTH AVE 2,10 TO 12,92,New Generation,1979,53 years,545000,10,44,558191.9677060331
2025-09-01,BEDOK,4 ROOM,512,BEDOK NTH AVE 2,04 TO 06,92,New Generation,1979,52 years 10 months,510000,4,44,547832.1381588127
2025-07-01,BEDOK,4 ROOM,133,BEDOK NTH AVE 3,04 TO 06,92,New Generation,1978,51 years 09 months,525000,4,44,547832.1381588127
2025-09-01,BEDOK,4 ROOM,404,BEDOK NTH AVE 3,01 TO 03,92,New Generation,1980,53 years 07 months,530000,1,44,537205.4572003365
2025-07-01,BEDOK,4 ROOM,93,BEDOK NTH AVE 4,07 TO 09,92,New Generation,1979,53 years,528000,7,44,559131.1511980119
2025-07-01,BEDOK,4 ROOM,95,BEDOK NTH AVE 4,04 TO 06,92,New Generation,1979,53 years,480000,4,44,547832.1381588127
2025-08-01,BEDOK,4 ROOM,103,BEDOK NTH AVE 4,04 TO 06,91,New Generation,1977,51 years,478000,4,44,556881.041319515
2025-08-01,BEDOK,4 ROOM,93,BEDOK NTH AVE 4,04 TO 06,92,New Generation,1979,52 years 11 months,525000,4,44,547832.1381588127
2025-09-01,BEDOK,4 ROOM,103,BEDOK NTH AVE 4,13 TO 15,91,New Generation,1977,50 years 10 months,530000,13,44,571640.9508950133
2025-07-01,BEDOK,4 ROOM,428,BEDOK NTH RD,07 TO 09,92,New Generation,1979,52 years 07 months,585000,7,44,559131.1511980119
2025-07-01,BEDOK,4 ROOM,707,BEDOK NTH RD,04 TO 06,91,New Generation,1980,54 years 04 months,560000,4,44,556881.041319515
2025-07-01,BEDOK,4 ROOM,121,BEDOK NTH RD,01 TO 03,92,New Generation,1978,51 years 08 months,505000,1,44,537205.4572003365
2025-07-01,BEDOK,4 ROOM,431A,BEDOK NTH RD,10 TO 12,94,Model A,2021,94 years 10 months,920000,10,44,855033.0382960413
2025-07-01,BEDOK,4 ROOM,430A,BEDOK NTH RD,10 TO 12,94,Model A,2021,94 years 10 months,968000,10,44,855033.0382960413
2025-07-01,BEDOK,4 ROOM,421,BEDOK NTH RD,04 TO 06,92,New Generation,1979,52 years 07 months,552000,4,44,547832.1381588127
2025-07-01,BEDOK,4 ROOM,182,BEDOK NTH RD,01 TO 03,85,Model A,2006,79 years 07 months,730000,1,44,689570.2744438287
2025-08-01,BEDOK,4 ROOM,705,BEDOK NTH RD,10 TO 12,91,New Generation,1980,54 years 04 months,590000,10,44,572236.0773620575
2025-08-01,BEDOK,4 ROOM,429B,BEDOK NTH RD,13 TO 15,94,Model A,2021,94 years 10 months,930000,13,44,870933.1277828561
2025-08-01,BEDOK,4 ROOM,182,BEDOK NTH RD,07 TO 09,92,Model A,2006,79 years 07 months,735000,7,44,765343.7170946
2025-08-01,BEDOK,4 ROOM,185,BEDOK NTH RD,07 TO 09,92,Model A,2005,79 years 04 months,740000,7,44,765343.7170946
2025-09-01,BEDOK,4 ROOM,431A,BEDOK NTH RD,13 TO 15,94,Model A,2021,94 years 09 months,948000,13,44,870933.1277828561
2025-09-01,BEDOK,4 ROOM,421,BEDOK NTH RD,13 TO 15,92,New Generation,1979,52 years 04 months,585000,13,44,560399.4637491325
2025-09-01,BEDOK,4 ROOM,431A,BEDOK NTH RD,04 TO 06,94,Model A,2021,94 years 09 months,900000,4,44,816600.9344224933
2025-09-01,BEDOK,4 ROOM,706,BEDOK NTH RD,04 TO 06,91,New Generation,1980,54 years 02 months,560000,4,44,556881.041319515
2025-09-01,BEDOK,4 ROOM,429B,BEDOK NTH RD,07 TO 09,94,Model A,2021,94 years 09 months,915000,7,44,847765.1052893182
2025-09-01,BEDOK,4 ROOM,428,BEDOK NTH RD,10 TO 12,92,New Generation,1979,52 years 05 months,565000,10,44,558191.9677060331
2025-09-01,BEDOK,4 ROOM,430A,BEDOK NTH RD,04 TO 06,94,Model A,2021,94 years 08 months,905000,4,44,816600.9344224933
2025-07-01,BEDOK,4 ROOM,129,BEDOK NTH ST 2,04 TO 06,92,New Generation,1978,51 years 11 months,533000,4,44,547832.1381588127
2025-08-01,BEDOK,4 ROOM,130,BEDOK NTH ST 2,07 TO 09,92,New Generation,1978,51 years 09 months,520000,7,44,559131.1511980119
2025-08-01,BEDOK,4 ROOM,120,BEDOK NTH ST 2,16 TO 18,89,New Generation,1978,51 years 07 months,500000,16,44,592534.0076208676
2025-07-01,BEDOK,4 ROOM,543,BEDOK NTH ST 3,10 TO 12,95,New Generation,1980,54 years,542000,10,44,567427.2668611562
2025-07-01,BEDOK,4 ROOM,543,BEDOK NTH ST 3,04 TO 06,92,New Generation,1980,53 years 11 months,540000,4,44,547832.1381588127
2025-07-01,BEDOK,4 ROOM,524,BEDOK NTH ST 3,07 TO 09,92,New Generation,1979,53 years 01 month,508000,7,44,559131.1511980119
2025-07-01,BEDOK,4 ROOM,532,BEDOK NTH ST 3,13 TO 15,92,New Generation,1980,53 years 06 months,550000,13,44,560399.4637491325
2025-08-01,BEDOK,4 ROOM,532,BEDOK NTH ST 3,07 TO 09,92,New Generation,1980,53 years 06 months,528000,7,44,559131.1511980119
2025-08-01,BEDOK,4 ROOM,523,BEDOK NTH ST 3,10 TO 12,92,New Generation,1979,52 years 11 months,538000,10,44,558191.9677060331
2025-08-01,BEDOK,4 ROOM,543,BEDOK NTH ST 3,04 TO 06,92,New Generation,1980,53 years 10 months,525000,4,44,547832.1381588127
2025-08-01,BEDOK,4 ROOM,547,BEDOK NTH ST 3,07 TO 09,92,New Generation,1980,53 years 09 months,485000,7,44,559131.1511980119
2025-08-01,BEDOK,4 ROOM,186B,BEDOK NTH ST 4,07 TO 09,93,Model A,2018,92 years 05 months,840000,7,44,798466.8982229114
2025-08-01,BEDOK,4 ROOM,187A,BEDOK NTH ST 4,19 TO 21,93,Model A,2018,92 years 05 months,876000,19,44,819901.9048550582
2025-08-01,BEDOK,4 ROOM,186B,BEDOK NTH ST 4,04 TO 06,93,Model A,2018,92 years 04 months,810000,4,44,765107.6012785474
2025-08-01,BEDOK,4 ROOM,188A,BEDOK NTH ST 4,07 TO 09,93,Model A,2018,92 years 04 months,846000,7,44,798466.8982229114
2025-08-01,BEDOK,4 ROOM,186A,BEDOK NTH ST 4,10 TO 12,93,Model A,2018,92 years 04 months,888888,10,44,805213.9942524539
2025-09-01,BEDOK,4 ROOM,187B,BEDOK NTH ST 4,04 TO 06,93,Model A,2018,92 years 04 months,768000,4,44,765107.6012785474
2025-09-01,BEDOK,4 ROOM,188B,BEDOK NTH ST 4,10 TO 12,93,Model A,2018,92 years 04 months,880000,10,44,805213.9942524539
2025-09-01,BEDOK,4 ROOM,187A,BEDOK NTH ST 4,13 TO 15,93,Model A,2018,92 years 04 months,880000,13,44,820267.5485622423
2025-09-01,BEDOK,4 ROOM,186B,BEDOK NTH ST 4,10 TO 12,93,Model A,2018,92 years 03 months,868000,10,44,805213.9942524539
2025-07-01,BEDOK,4 ROOM,747C,BEDOK RESERVOIR CRES,01 TO 03,87,DBSS,2014,88 years 03 months,810000,1,44,784958.2028612558
2025-07-01,BEDOK,4 ROOM,748B,BEDOK RESERVOIR CRES,13 TO 15,87,DBSS,2014,88 years 02 months,890000,13,44,854776.5038714143
2025-08-01,BEDOK,4 ROOM,748A,BEDOK RESERVOIR CRES,04 TO 06,87,DBSS,2014,88 years 01 month,832000,4,44,813606.3918728002
2025-09-01,BEDOK,4 ROOM,747C,BEDOK RESERVOIR CRES,04 TO 06,87,DBSS,2014,88 years 01 month,838000,4,44,813606.3918728002
2025-09-01,BEDOK,4 ROOM,747A,BEDOK RESERVOIR CRES,10 TO 12,87,DBSS,2014,88 years,870000,10,44,856968.7340859941
2025-09-01,BEDOK,4 ROOM,747C,BEDOK RESERVOIR CRES,07 TO 09,87,DBSS,2014,88 years,915888,7,44,842019.3668753081
2025-07-01,BEDOK,4 ROOM,128,BEDOK RESERVOIR RD,04 TO 06,103,Model A,1986,60 years 04 months,635000,4,44,651847.7343101441
2025-07-01,BEDOK,4 ROOM,106,BEDOK RESERVOIR RD,10 TO 12,91,New Generation,1985,59 years 01 month,578888,10,44,572236.0773620575
2025-07-01,BEDOK,4 ROOM,147,BEDOK RESERVOIR RD,10 TO 12,84,Simplified,1987,60 years 07 months,588000,10,44,565455.4891359757
2025-07-01,BEDOK,4 ROOM,127,BEDOK RESERVOIR RD,04 TO 06,104,Model A,1986,60 years 05 months,620000,4,44,660187.6260566281
2025-08-01,BEDOK,4 ROOM,720,BEDOK RESERVOIR RD,07 TO 09,104,Model A,1984,57 years 06 months,611000,7,44,694334.7835159838
2025-08-01,BEDOK,4 ROOM,722,BEDOK RESERVOIR RD,13 TO 15,103,Model A,1984,58 years,645000,13,44,709512.3504513325
2025-08-01,BEDOK,4 ROOM,718,BEDOK RESERVOIR RD,01 TO 03,104,Model A,1984,57 years 06 months,540000,1,44,679284.8594074692
2025-08-01,BEDOK,4 ROOM,122,BEDOK RESERVOIR RD,04 TO 06,84,Simplified,1987,60 years 11 months,575000,4,44,546636.9899021119
2025-08-01,BEDOK,4 ROOM,124,BEDOK RESERVOIR RD,10 TO 12,84,Simplified,1987,60 years 09 months,595000,10,44,565455.4891359757
2025-08-01,BEDOK,4 ROOM,133,BEDOK RESERVOIR RD,01 TO 03,103,Model A,1987,60 years 05 months,627000,1,44,652926.3959683434
2025-08-01,BEDOK,4 ROOM,613B,BEDOK RESERVOIR RD,04 TO 06,102,Model A,1998,71 years 07 months,680000,4,44,659318.0864277391
2025-08-01,BEDOK,4 ROOM,134,BEDOK RESERVOIR RD,07 TO 09,84,Simplified,1987,60 years 09 months,585000,7,44,564613.5486898241
2025-08-01,BEDOK,4 ROOM,718,BEDOK RESERVOIR RD,07 TO 09,104,Model A,1984,57 years 06 months,570000,7,44,694334.7835159838
2025-08-01,BEDOK,4 ROOM,724,BEDOK RESERVOIR RD,10 TO 12,103,Model A,1984,57 years 11 months,623000,10,44,683110.7097766858
2025-09-01,BEDOK,4 ROOM,718,BEDOK RESERVOIR RD,01 TO 03,104,Model A,1984,57 years 05 months,545000,1,44,679284.8594074692
2025-09-01,BEDOK,4 ROOM,709,BEDOK RESERVOIR RD,07 TO 09,93,New Generation,1981,54 years 11 months,575000,7,44,565151.99429087725
2025-09-01,BEDOK,4 ROOM,136,BEDOK RESERVOIR RD,01 TO 03,84,Simplified,1988,61 years 09 months,580000,1,44,540758.7148048274
2025-09-01,BEDOK,4 ROOM,623,BEDOK RESERVOIR RD,10 TO 12,92,New Generation,1981,54 years 07 months,596888,10,44,558191.9677060331
2025-09-01,BEDOK,4 ROOM,704,BEDOK RESERVOIR RD,01 TO 03,96,New Generation,1981,54 years 11 months,540000,1,44,558218.6768915933
2025-09-01,BEDOK,4 ROOM,623,BEDOK RESERVOIR RD,04 TO 06,91,New Generation,1981,54 years 08 months,550000,4,44,556881.041319515
2025-09-01,BEDOK,4 ROOM,146,BEDOK RESERVOIR RD,01 TO 03,84,Simplified,1986,60 years 03 months,540000,1,44,540758.7148048274
2025-09-01,BEDOK,4 ROOM,717,BEDOK RESERVOIR RD,04 TO 06,111,Model A,1984,57 years 04 months,648000,4,44,672923.0431494713
2025-09-01,BEDOK,4 ROOM,141,BEDOK RESERVOIR RD,07 TO 09,84,Simplified,1986,60 years 02 months,575000,7,44,564613.5486898241
2025-07-01,BEDOK,4 ROOM,762,BEDOK RESERVOIR VIEW,01 TO 03,105,Premium Apartment,2000,74 years 06 months,712000,1,44,686893.7546492314
2025-07-01,BEDOK,4 ROOM,773,BEDOK RESERVOIR VIEW,07 TO 09,105,Premium Apartment,2000,74 years 06 months,735000,7,44,720891.0983489476
2025-07-01,BEDOK,4 ROOM,762,BEDOK RESERVOIR VIEW,07 TO 09,105,Premium Apartment,2000,74 years 06 months,798000,7,44,720891.0983489476
2025-07-01,BEDOK,4 ROOM,772,BEDOK RESERVOIR VIEW,10 TO 12,107,Premium Apartment,2000,74 years 05 months,780000,10,44,731844.4562670283
2025-08-01,BEDOK,4 ROOM,769,BEDOK RESERVOIR VIEW,19 TO 21,107,Premium Apartment,2000,74 years 04 months,790000,19,44,766546.3078529021
2025-08-01,BEDOK,4 ROOM,768,BEDOK RESERVOIR VIEW,13 TO 15,104,Premium Apartment,2000,74 years 04 months,758000,13,44,750375.7085274222
2025-09-01,BEDOK,4 ROOM,774,BEDOK RESERVOIR VIEW,01 TO 03,105,Premium Apartment,2000,74 years 04 months,640000,1,44,686893.7546492314
2025-09-01,BEDOK,4 ROOM,769,BEDOK RESERVOIR VIEW,01 TO 03,105,Premium Apartment,2000,74 years 03 months,660000,1,44,686893.7546492314
2025-09-01,BEDOK,4 ROOM,765,BEDOK RESERVOIR VIEW,10 TO 12,105,Premium Apartment,2000,74 years 03 months,782000,10,44,732513.6457556151
2025-09-01,BEDOK,4 ROOM,764,BEDOK RESERVOIR VIEW,01 TO 03,104,Premium Apartment,2000,74 years 04 months,700000,1,44,681054.0087266042
2025-07-01,BEDOK,4 ROOM,37,BEDOK STH AVE 2,04 TO 06,84,Improved,1977,51 years 02 months,480000,4,44,496997.26269138325
2025-08-01,BEDOK,4 ROOM,35,BEDOK STH AVE 2,07 TO 09,90,Improved,1977,51 years 02 months,470000,7,44,529306.3560908623
2025-08-01,BEDOK,4 ROOM,34,BEDOK STH AVE 2,01 TO 03,90,Improved,1977,51 years 02 months,465500,1,44,536322.5335386924
2025-08-01,BEDOK,4 ROOM,5,BEDOK STH AVE 2,01 TO 03,82,Improved,1976,49 years 05 months,480000,1,44,495877.56127215567
2025-09-01,BEDOK,4 ROOM,37,BEDOK STH AVE 2,07 TO 09,84,Improved,1977,51 years 01 month,525000,7,44,511879.3884405608
2025-09-01,BEDOK,4 ROOM,37,BEDOK STH AVE 2,01 TO 03,84,Improved,1977,51 years,442888,1,44,481137.009174165
2025-08-01,BEDOK,4 ROOM,159,BEDOK STH AVE 3,07 TO 09,83,Simplified,1985,58 years 07 months,557577,7,44,563056.9521443642
2025-07-01,BEDOK,4 ROOM,170,BEDOK STH RD,04 TO 06,84,Simplified,1986,59 years 07 months,568888,4,44,546636.9899021119
2025-07-01,BEDOK,4 ROOM,165,BEDOK STH RD,04 TO 06,83,Simplified,1985,58 years 07 months,600000,4,44,542720.601518472
2025-07-01,BEDOK,4 ROOM,39,BEDOK STH RD,10 TO 12,92,New Generation,1978,52 years 02 months,520000,10,44,558191.9677060331
2025-08-01,BEDOK,4 ROOM,163,BEDOK STH RD,10 TO 12,83,Simplified,1985,58 years 09 months,580888,10,44,573768.5173701106
2025-08-01,BEDOK,4 ROOM,15,BEDOK STH RD,07 TO 09,88,Improved,1976,49 years 05 months,503888,7,44,553932.8555185507
2025-08-01,BEDOK,4 ROOM,43,BEDOK STH RD,13 TO 15,84,Improved,1977,51 years 01 month,460000,13,44,518589.41644102754
2025-07-01,BEDOK,4 ROOM,35,CHAI CHEE AVE,13 TO 15,82,Improved,1975,48 years 06 months,490000,13,44,509376.8139297277
2025-07-01,BEDOK,4 ROOM,55,CHAI CHEE DR,01 TO 03,104,Model A,1984,57 years 10 months,475000,1,44,679284.8594074692
2025-07-01,BEDOK,4 ROOM,808A,CHAI CHEE RD,01 TO 03,93,Model A,2016,90 years 05 months,745000,1,44,733207.8365436747
2025-07-01,BEDOK,4 ROOM,11,CHAI CHEE RD,13 TO 15,100,Model A,2001,74 years 07 months,708000,13,44,723515.1430094651
2025-08-01,BEDOK,4 ROOM,808A,CHAI CHEE RD,10 TO 12,93,Model A,2016,90 years 04 months,800000,10,44,805213.9942524539
2025-08-01,BEDOK,4 ROOM,808B,CHAI CHEE RD,07 TO 09,93,Model A,2016,90 years 03 months,800800,7,44,798466.8982229114
2025-09-01,BEDOK,4 ROOM,808C,CHAI CHEE RD,13 TO 15,88,Model A,2016,90 years 02 months,820000,13,44,751252.4350580714
2025-08-01,BEDOK,4 ROOM,54,CHAI CHEE ST,04 TO 06,94,New Generation,1981,54 years 09 months,515000,4,44,562417.3777236108
2025-08-01,BEDOK,4 ROOM,43,CHAI CHEE ST,10 TO 12,92,New Generation,1980,53 years 09 months,565000,10,44,558191.9677060331
2025-09-01,BEDOK,4 ROOM,672,JLN DAMAI,04 TO 06,108,Model A,1996,69 years 10 months,670000,4,44,677139.5771126556
2025-07-01,BEDOK,4 ROOM,655,JLN TENAGA,07 TO 09,108,Model A,1996,70 years 05 months,720000,7,44,698169.7400130029
2025-07-01,BEDOK,4 ROOM,650,JLN TENAGA,01 TO 03,108,Model A,1996,70 years,650000,1,44,681149.485595138
2025-07-01,BEDOK,4 ROOM,660,JLN TENAGA,01 TO 03,107,Model A,1997,70 years 06 months,703000,1,44,680535.056565049
2025-07-01,BEDOK,4 ROOM,650,JLN TENAGA,04 TO 06,108,Model A,1996,70 years,650000,4,44,677139.5771126556
2025-09-01,BEDOK,4 ROOM,654,JLN TENAGA,10 TO 12,108,Model A,1996,70 years 02 months,730000,10,44,702599.2838410761
2025-08-01,BEDOK,4 ROOM,102,LENGKONG TIGA,01 TO 03,104,Model A,1989,62 years 11 months,751000,1,44,679284.8594074692
2025-07-01,BEDOK,4 ROOM,51,NEW UPP CHANGI RD,07 TO 09,84,Improved,1977,51 years 03 months,520000,7,44,511879.3884405608
2025-08-01,BEDOK,4 ROOM,51,NEW UPP CHANGI RD,13 TO 15,84,Improved,1977,51 years 01 month,522500,13,44,518589.41644102754
2025-09-01,BEDOK,4 ROOM,51,NEW UPP CHANGI RD,13 TO 15,84,Improved,1977,51 years,511000,13,44,518589.41644102754
2025-08-01,BEDOK,5 ROOM,219C,BEDOK CTRL,10 TO 12,115,Improved,2010,83 years 10 months,1060000,10,44,794426.6866300676
2025-08-01,BEDOK,5 ROOM,220C,BEDOK CTRL,10 TO 12,112,Improved,2010,83 years 10 months,1090000,10,44,882427.2384146474
2025-09-01,BEDOK,5 ROOM,552,BEDOK NTH AVE 1,01 TO 03,121,Improved,1980,53 years 09 months,630000,1,44,682963.296553506
2025-07-01,BEDOK,5 ROOM,415,BEDOK NTH AVE 2,01 TO 03,119,Improved,1978,52 years 06 months,625000,1,44,686352.7347186325
2025-07-01,BEDOK,5 ROOM,415,BEDOK NTH AVE 2,13 TO 15,119,Improved,1978,52 years 05 months,680000,13,44,788808.0825652673
2025-09-01,BEDOK,5 ROOM,413,BEDOK NTH AVE 2,07 TO 09,123,Improved,1979,52 years 09 months,740000,7,44,757052.8463655387
2025-09-01,BEDOK,5 ROOM,516,BEDOK NTH AVE 2,01 TO 03,119,Improved,1979,53 years,650000,1,44,686352.7347186325
2025-07-01,BEDOK,5 ROOM,139,BEDOK NTH AVE 3,10 TO 12,117,Standard,1979,52 years 06 months,698000,10,44,710304.1727208705
2025-09-01,BEDOK,5 ROOM,407,BEDOK NTH AVE 3,13 TO 15,118,Improved,1980,53 years 10 months,788888,13,44,794672.8355910054
2025-09-01,BEDOK,5 ROOM,97,BEDOK NTH AVE 4,25 TO 27,125,Standard,1978,52 years 02 months,750000,25,44,800372.5974035872
2025-08-01,BEDOK,5 ROOM,140,BEDOK NTH ST 2,10 TO 12,120,Improved,1998,71 years 11 months,880000,10,44,764110.3758433484
2025-08-01,BEDOK,5 ROOM,533,BEDOK NTH ST 3,01 TO 03,136,Adjoined flat,1980,53 years 05 months,848888,1,44,855696.6587179124
2025-07-01,BEDOK,5 ROOM,602,BEDOK RESERVOIR RD,01 TO 03,121,Improved,1982,55 years 11 months,637000,1,44,682963.296553506
2025-07-01,BEDOK,5 ROOM,613A,BEDOK RESERVOIR RD,07 TO 09,123,Improved,1998,71 years 07 months,810000,7,44,757052.8463655387
2025-08-01,BEDOK,5 ROOM,607,BEDOK RESERVOIR RD,04 TO 06,123,Improved,1983,56 years 06 months,710000,4,44,722181.4032843749
2025-08-01,BEDOK,5 ROOM,715,BEDOK RESERVOIR RD,07 TO 09,121,Improved,1980,54 years 04 months,750000,7,44,726470.1576506377
2025-09-01,BEDOK,5 ROOM,629,BEDOK RESERVOIR RD,07 TO 09,139,Model A,1993,66 years 09 months,915000,7,44,789466.05990925
2025-08-01,BEDOK,5 ROOM,771,BEDOK RESERVOIR VIEW,13 TO 15,115,Premium Apartment,2000,74 years 04 months,828000,13,44,833411.9954988952
2025-08-01,BEDOK,5 ROOM,770,BEDOK RESERVOIR VIEW,04 TO 06,115,Premium Apartment,2000,74 years 04 months,747000,4,44,772264.0968707424
2025-08-01,BEDOK,5 ROOM,770,BEDOK RESERVOIR VIEW,04 TO 06,115,Premium Apartment,2000,74 years 04 months,775000,4,44,772264.0968707424
2025-07-01,BEDOK,5 ROOM,14,BEDOK STH AVE 2,04 TO 06,131,Model A,1995,69 years 06 months,950000,4,44,776378.97552200465
2025-08-01,BEDOK,5 ROOM,31,BEDOK STH AVE 2,25 TO 27,118,Standard,1978,51 years 08 months,810000,25,44,784333.403448632
2025-07-01,BEDOK,5 ROOM,21,BEDOK STH RD,19 TO 21,117,Standard,1976,49 years 06 months,808000,19,44,784265.9472974536
2025-08-01,BEDOK,5 ROOM,19,BEDOK STH RD,04 TO 06,114,Standard,1976,49 years 05 months,650000,4,44,708728.5211008947
2025-07-01,BEDOK,5 ROOM,36,CHAI CHEE AVE,07 TO 09,138,Adjoined flat,1974,47 years 07 months,680000,7,44,860530.7797537622
2025-07-01,BEDOK,5 ROOM,804,CHAI CHEE RD,01 TO 03,126,Improved,1993,66 years 11 months,800888,1,44,705495.2625615053
2025-07-01,BEDOK,5 ROOM,11,CHAI CHEE RD,13 TO 15,120,Improved,2001,74 years 07 months,930000,13,44,809846.7305349536
2025-07-01,BEDOK,5 ROOM,2,CHAI CHEE RD,10 TO 12,133,Model A,1983,57 years 03 months,738000,10,44,806638.3725480355
2025-08-01,BEDOK,5 ROOM,11,CHAI CHEE RD,07 TO 09,116,Improved,2001,74 years 07 months,885000,7,44,756441.4193860542
2025-08-01,BEDOK,5 ROOM,53,CHAI CHEE ST,10 TO 12,121,Improved,1981,54 years 11 months,695000,10,44,754952.0554495915
2025-08-01,BEDOK,5 ROOM,52,CHAI CHEE ST,07 TO 09,121,Improved,1981,54 years 10 months,670000,7,44,726470.1576506377
2025-07-01,BEDOK,5 ROOM,666,JLN DAMAI,04 TO 06,125,Improved,1996,70 years 05 months,848000,4,44,751619.3099792388
2025-07-01,BEDOK,5 ROOM,670,JLN DAMAI,04 TO 06,126,Improved,1996,70 years 04 months,815000,4,44,772668.4360301063
2025-07-01,BEDOK,5 ROOM,655,JLN TENAGA,04 TO 06,127,Improved,1996,70 years 05 months,825000,4,44,794766.3711175492
2025-08-01,BEDOK,5 ROOM,658,JLN TENAGA,07 TO 09,125,Improved,1996,70 years 02 months,840000,7,44,762843.1605589306
2025-07-01,BEDOK,5 ROOM,114,LENGKONG TIGA,01 TO 03,130,Improved,1989,62 years 08 months,820000,1,44,717191.3586736416
2025-09-01,BEDOK,5 ROOM,102,LENGKONG TIGA,10 TO 12,129,Improved,1989,62 years 10 months,1050000,10,44,808278.2216616853
2025-09-01,BEDOK,5 ROOM,61,NEW UPP CHANGI RD,25 TO 27,118,Standard,1977,50 years 10 months,780000,25,44,784333.403448632
2025-09-01,BEDOK,5 ROOM,61,NEW UPP CHANGI RD,19 TO 21,120,Standard,1977,50 years 10 months,808000,19,44,791698.6364456969
2025-08-01,BEDOK,EXECUTIVE,110,BEDOK NTH RD,10 TO 12,161,Adjoined flat,1977,50 years 11 months,1030000,10,44,1026904.0568920675
2025-07-01,BEDOK,EXECUTIVE,719,BEDOK RESERVOIR RD,07 TO 09,148,Maisonette,1984,57 years 07 months,1050000,7,44,997055.0459793544
2025-07-01,BEDOK,EXECUTIVE,634,BEDOK RESERVOIR RD,16 TO 18,142,Apartment,1993,66 years 10 months,1180000,16,44,1064500.163144515
2025-07-01,BEDOK,EXECUTIVE,640,BEDOK RESERVOIR RD,07 TO 09,144,Apartment,1993,67 years 05 months,955000,7,44,1007649.8799632355
2025-07-01,BEDOK,EXECUTIVE,721,BEDOK RESERVOIR RD,04 TO 06,154,Maisonette,1984,57 years 06 months,928000,4,44,1075096.31290787
2025-08-01,BEDOK,EXECUTIVE,719,BEDOK RESERVOIR RD,04 TO 06,148,Maisonette,1984,57 years 06 months,940000,4,44,1011585.6561128325
2025-08-01,BEDOK,EXECUTIVE,130,BEDOK RESERVOIR RD,07 TO 09,150,Apartment,1987,60 years 06 months,935000,7,44,999140.0086907331
2025-09-01,BEDOK,EXECUTIVE,725,BEDOK RESERVOIR RD,04 TO 06,142,Apartment,1984,57 years 11 months,915000,4,44,977123.9251948753
2025-09-01,BEDOK,EXECUTIVE,640,BEDOK RESERVOIR RD,07 TO 09,144,Apartment,1993,67 years 03 months,985000,7,44,1007649.8799632355
2025-09-01,BEDOK,EXECUTIVE,725,BEDOK RESERVOIR RD,16 TO 18,142,Apartment,1984,57 years 11 months,1040000,16,44,1064500.163144515
2025-07-01,BEDOK,EXECUTIVE,10E,BEDOK STH AVE 2,01 TO 03,146,Apartment,1993,66 years 11 months,975000,1,44,959380.1794515031
2025-09-01,BEDOK,EXECUTIVE,161,BEDOK STH AVE 3,01 TO 03,151,Maisonette,1985,59 years 02 months,1010000,1,44,992576.1832853608
2025-09-01,BEDOK,EXECUTIVE,42,CHAI CHEE ST,10 TO 12,149,Adjoined flat,1985,58 years 10 months,930000,10,44,975742.8886688282
2025-07-01,BEDOK,EXECUTIVE,665,JLN DAMAI,10 TO 12,146,Maisonette,1996,70 years 03 months,1170000,10,44,1015470.3774293431
2025-09-01,BEDOK,EXECUTIVE,664,JLN DAMAI,07 TO 09,143,Apartment,1996,70 years,1085000,7,44,1016668.1021647663
2025-09-01,BEDOK,EXECUTIVE,108,LENGKONG TIGA,04 TO 06,146,Maisonette,1989,62 years 06 months,1230000,4,44,1056064.0453083022
2025-07-01,BISHAN,3 ROOM,115,BISHAN ST 12,04 TO 06,64,Simplified,1986,59 years 07 months,575000,4,44,524037.2532960528
2025-08-01,BISHAN,3 ROOM,110,BISHAN ST 12,01 TO 03,64,Simplified,1986,59 years 07 months,532000,1,44,519700.6461130524
2025-07-01,BISHAN,3 ROOM,180,BISHAN ST 13,10 TO 12,64,Simplified,1988,61 years 10 months,513000,10,44,544764.8421447071
2025-07-01,BISHAN,3 ROOM,193,BISHAN ST 13,04 TO 06,64,Simplified,1987,61 years 06 months,580000,4,44,524037.2532960528
2025-08-01,BISHAN,3 ROOM,195,BISHAN ST 13,01 TO 03,64,Simplified,1988,61 years 06 months,550000,1,44,519700.6461130524
2025-07-01,BISHAN,3 ROOM,313,SHUNFU RD,10 TO 12,67,New Generation,1985,59 years,559000,10,44,522791.7412365769
2025-07-01,BISHAN,3 ROOM,313,SHUNFU RD,10 TO 12,67,New Generation,1985,58 years 11 months,596000,10,44,522791.7412365769
2025-08-01,BISHAN,3 ROOM,307,SHUNFU RD,07 TO 09,67,New Generation,1985,58 years 09 months,550000,7,44,520328.50883058284
2025-08-01,BISHAN,3 ROOM,307,SHUNFU RD,04 TO 06,67,New Generation,1985,58 years 08 months,500000,4,44,507332.2619397371
2025-08-01,BISHAN,3 ROOM,403,SIN MING AVE,10 TO 12,64,Simplified,1986,60 years,575000,10,44,544764.8421447071
2025-09-01,BISHAN,3 ROOM,406,SIN MING AVE,04 TO 06,64,Simplified,1987,60 years 08 months,570000,4,44,524037.2532960528
2025-07-01,BISHAN,3 ROOM,24,SIN MING RD,10 TO 12,65,Improved,1973,47 years 03 months,368000,10,44,422006.9689802106
2025-07-01,BISHAN,4 ROOM,147,BISHAN ST 11,01 TO 03,84,Simplified,1987,60 years 08 months,540000,1,44,625326.3853170106
2025-07-01,BISHAN,4 ROOM,149,BISHAN ST 11,07 TO 09,84,Simplified,1987,60 years 06 months,630000,7,44,674850.877027486
2025-09-01,BISHAN,4 ROOM,150,BISHAN ST 11,01 TO 03,84,Simplified,1989,62 years 05 months,648000,1,44,625326.3853170106
2025-07-01,BISHAN,4 ROOM,136,BISHAN ST 12,04 TO 06,84,Simplified,1987,61 years 05 months,660000,4,44,660530.279011248
2025-07-01,BISHAN,4 ROOM,111,BISHAN ST 12,07 TO 09,105,Model A,1986,59 years 07 months,880000,7,44,834722.6206404375
2025-07-01,BISHAN,4 ROOM,120,BISHAN ST 12,04 TO 06,91,Simplified,1986,59 years 11 months,820000,4,44,693054.2711154429
2025-07-01,BISHAN,4 ROOM,130,BISHAN ST 12,04 TO 06,84,Simplified,1986,59 years 07 months,640000,4,44,660530.279011248
2025-07-01,BISHAN,4 ROOM,123,BISHAN ST 12,04 TO 06,84,Simplified,1986,59 years 07 months,728000,4,44,660530.279011248
2025-07-01,BISHAN,4 ROOM,123,BISHAN ST 12,10 TO 12,104,Model A,1986,59 years 08 months,855000,10,44,823072.0496401074
2025-08-01,BISHAN,4 ROOM,106,BISHAN ST 12,10 TO 12,84,Simplified,1985,59 years 04 months,743888,10,44,682958.663210746
2025-08-01,BISHAN,4 ROOM,125,BISHAN ST 12,04 TO 06,83,Simplified,1987,60 years 10 months,660000,4,44,664578.1306387972
2025-08-01,BISHAN,4 ROOM,106,BISHAN ST 12,07 TO 09,84,Simplified,1985,59 years 03 months,730000,7,44,674850.877027486
2025-09-01,BISHAN,4 ROOM,107,BISHAN ST 12,10 TO 12,104,Model A,1985,59 years 03 months,818000,10,44,823072.0496401074
2025-09-01,BISHAN,4 ROOM,106,BISHAN ST 12,04 TO 06,105,Model A,1985,59 years 03 months,818000,4,44,802728.9199733259
2025-09-01,BISHAN,4 ROOM,112,BISHAN ST 12,04 TO 06,84,Simplified,1985,58 years 10 months,728000,4,44,660530.279011248
2025-09-01,BISHAN,4 ROOM,142,BISHAN ST 12,04 TO 06,84,Simplified,1988,61 years 11 months,728800,4,44,660530.279011248
2025-09-01,BISHAN,4 ROOM,113,BISHAN ST 12,07 TO 09,84,Simplified,1986,59 years 04 months,690000,7,44,674850.877027486
2025-07-01,BISHAN,4 ROOM,177,BISHAN ST 13,04 TO 06,83,Simplified,1987,61 years 02 months,718000,4,44,664578.1306387972
2025-07-01,BISHAN,4 ROOM,176,BISHAN ST 13,01 TO 03,84,Simplified,1988,61 years 10 months,648888,1,44,625326.3853170106
2025-07-01,BISHAN,4 ROOM,175,BISHAN ST 13,04 TO 06,83,Simplified,1987,61 years 02 months,675000,4,44,664578.1306387972
2025-07-01,BISHAN,4 ROOM,176,BISHAN ST 13,07 TO 09,84,Simplified,1988,61 years 09 months,768000,7,44,674850.877027486
2025-07-01,BISHAN,4 ROOM,181,BISHAN ST 13,10 TO 12,83,Simplified,1987,60 years 07 months,718000,10,44,670937.2944658207
2025-08-01,BISHAN,4 ROOM,181,BISHAN ST 13,10 TO 12,83,Simplified,1987,60 years 07 months,743888,10,44,670937.2944658207
2025-08-01,BISHAN,4 ROOM,154,BISHAN ST 13,01 TO 03,84,Simplified,1987,61 years 04 months,590000,1,44,625326.3853170106
2025-09-01,BISHAN,4 ROOM,182,BISHAN ST 13,04 TO 06,83,Simplified,1987,60 years 11 months,710000,4,44,664578.1306387972
2025-09-01,BISHAN,4 ROOM,178,BISHAN ST 13,01 TO 03,83,Simplified,1987,61 years 02 months,665000,1,44,622589.8207244895
2025-09-01,BISHAN,4 ROOM,178,BISHAN ST 13,07 TO 09,83,Simplified,1987,61 years 01 month,732888,7,44,675020.8889571748
2025-09-01,BISHAN,4 ROOM,175,BISHAN ST 13,07 TO 09,88,Simplified,1987,61 years,700000,7,44,678420.1618691834
2025-09-01,BISHAN,4 ROOM,166,BISHAN ST 13,04 TO 06,103,Model A,1987,61 years 04 months,792888,4,44,797541.9617074066
2025-07-01,BISHAN,4 ROOM,254,BISHAN ST 22,10 TO 12,115,Model A,1992,66 years 02 months,888000,10,44,878092.9804817344
2025-07-01,BISHAN,4 ROOM,263,BISHAN ST 22,07 TO 09,106,Model A,1992,65 years 11 months,850000,7,44,835653.1115419709
2025-08-01,BISHAN,4 ROOM,243,BISHAN ST 22,01 TO 03,105,Model A,1992,66 years,838000,1,44,778960.7570891114
2025-08-01,BISHAN,4 ROOM,260,BISHAN ST 22,01 TO 03,112,Model A,1992,66 years,850000,1,44,838998.208656585
2025-09-01,BISHAN,4 ROOM,262,BISHAN ST 22,07 TO 09,112,Model A,1992,66 years,888888,7,44,850394.2203299145
2025-09-01,BISHAN,4 ROOM,285,BISHAN ST 22,13 TO 15,108,Model A,1992,66 years,890000,13,44,873579.1531318462
2025-09-01,BISHAN,4 ROOM,285,BISHAN ST 22,04 TO 06,108,Model A,1992,65 years 11 months,888000,4,44,818810.810196541
2025-09-01,BISHAN,4 ROOM,250,BISHAN ST 22,04 TO 06,105,Model A,1992,65 years 11 months,750000,4,44,802728.9199733259
2025-09-01,BISHAN,4 ROOM,236,BISHAN ST 22,01 TO 03,109,Model A,1992,65 years 08 months,800000,1,44,778322.0506361694
2025-07-01,BISHAN,4 ROOM,221,BISHAN ST 23,01 TO 03,113,Model A,1992,66 years 02 months,838000,1,44,873520.175307356
2025-08-01,BISHAN,4 ROOM,207,BISHAN ST 23,07 TO 09,103,Model A,1992,65 years 09 months,883000,7,44,812655.111609517
2025-08-01,BISHAN,4 ROOM,221,BISHAN ST 23,04 TO 06,113,Model A,1992,65 years 11 months,828000,4,44,939030.5822009402
2025-08-01,BISHAN,4 ROOM,209,BISHAN ST 23,10 TO 12,103,Model A,1992,65 years 10 months,858000,10,44,805082.1109168149
2025-08-01,BISHAN,4 ROOM,229,BISHAN ST 23,13 TO 15,104,Model A,1992,65 years 09 months,818000,13,44,860165.670794454
2025-09-01,BISHAN,4 ROOM,213,BISHAN ST 23,01 TO 03,105,Model A,1992,65 years 08 months,833000,1,44,778960.7570891114
2025-09-01,BISHAN,4 ROOM,226,BISHAN ST 23,01 TO 03,116,Model A,1992,65 years 08 months,886000,1,44,853665.7147363385
2025-09-01,BISHAN,4 ROOM,209,BISHAN ST 23,04 TO 06,103,Model A,1992,65 years 08 months,775000,4,44,797541.9617074066
2025-07-01,BISHAN,4 ROOM,264,BISHAN ST 24,01 TO 03,112,Model A,1992,66 years 01 month,875000,1,44,838998.208656585
2025-07-01,BISHAN,4 ROOM,270,BISHAN ST 24,10 TO 12,104,Model A,1992,65 years 11 months,845000,10,44,823072.0496401074
2025-08-01,BISHAN,4 ROOM,272,BISHAN ST 24,04 TO 06,113,Model A,1992,66 years,835000,4,44,939030.5822009402
2025-08-01,BISHAN,4 ROOM,286,BISHAN ST 24,01 TO 03,108,Model A,1992,66 years,850000,1,44,780752.338754924
2025-09-01,BISHAN,4 ROOM,268,BISHAN ST 24,04 TO 06,112,Model A,1992,65 years 11 months,800000,4,44,879035.2389071638
2025-09-01,BISHAN,4 ROOM,268,BISHAN ST 24,04 TO 06,104,Model A,1992,65 years 11 months,752000,4,44,799071.391711145
2025-09-01,BISHAN,4 ROOM,267,BISHAN ST 24,04 TO 06,103,Model A,1992,65 years 11 months,822000,4,44,797541.9617074066
2025-09-01,BISHAN,4 ROOM,273B,BISHAN ST 24,34 TO 36,95,DBSS,2011,84 years 11 months,1050000,34,44,1105388.2819019645
2025-07-01,BISHAN,4 ROOM,307,SHUNFU RD,01 TO 03,91,New Generation,1985,58 years 09 months,625000,1,44,652321.4702995119
2025-07-01,BISHAN,4 ROOM,308,SHUNFU RD,04 TO 06,92,New Generation,1984,58 years 05 months,693000,4,44,658764.1654087623
2025-08-01,BISHAN,4 ROOM,304,SHUNFU RD,13 TO 15,92,New Generation,1985,58 years 07 months,780000,13,44,675494.3015094745
2025-08-01,BISHAN,4 ROOM,403,SIN MING AVE,01 TO 03,89,Simplified,1986,60 years,685000,1,44,665101.4026673569
2025-08-01,BISHAN,5 ROOM,503,BISHAN ST 11,01 TO 03,127,Improved,1989,63 years 03 months,1070000,1,44,923045.6917191464
2025-07-01,BISHAN,5 ROOM,128,BISHAN ST 12,04 TO 06,121,Improved,1987,60 years 08 months,940000,4,44,985780.9316722829
2025-07-01,BISHAN,5 ROOM,102,BISHAN ST 12,04 TO 06,121,Improved,1987,60 years 07 months,890000,4,44,985780.9316722829
2025-07-01,BISHAN,5 ROOM,128,BISHAN ST 12,13 TO 15,121,Improved,1987,60 years 08 months,1050000,13,44,1016447.3527189933
2025-08-01,BISHAN,5 ROOM,102,BISHAN ST 12,19 TO 21,121,Improved,1987,60 years 06 months,1020000,19,44,1021822.0913401727
2025-08-01,BISHAN,5 ROOM,117,BISHAN ST 12,04 TO 06,121,Improved,1987,61 years,968000,4,44,985780.9316722829
2025-08-01,BISHAN,5 ROOM,127,BISHAN ST 12,07 TO 09,132,Improved,1986,60 years 04 months,960000,7,44,975675.2981908254
2025-09-01,BISHAN,5 ROOM,128,BISHAN ST 12,13 TO 15,121,Improved,1987,60 years 05 months,990000,13,44,1016447.3527189933
2025-07-01,BISHAN,5 ROOM,155,BISHAN ST 13,10 TO 12,130,Improved,1987,61 years 05 months,1080000,10,44,982831.4698249977
2025-08-01,BISHAN,5 ROOM,164,BISHAN ST 13,19 TO 21,121,Improved,1988,61 years 11 months,1068000,19,44,1021822.0913401727
2025-08-01,BISHAN,5 ROOM,194,BISHAN ST 13,19 TO 21,121,Improved,1987,60 years 09 months,1170000,19,44,1021822.0913401727
2025-08-01,BISHAN,5 ROOM,153,BISHAN ST 13,01 TO 03,119,Improved,1987,61 years 03 months,888000,1,44,867912.9648684667
2025-08-01,BISHAN,5 ROOM,166,BISHAN ST 13,01 TO 03,122,Improved,1987,61 years 04 months,925000,1,44,910155.1528418307
2025-09-01,BISHAN,5 ROOM,190,BISHAN ST 13,04 TO 06,121,Improved,1987,60 years 05 months,999888,4,44,985780.9316722829
2025-09-01,BISHAN,5 ROOM,157,BISHAN ST 13,10 TO 12,121,Improved,1988,61 years 04 months,1020000,10,44,991749.3517509083
2025-07-01,BISHAN,5 ROOM,293,BISHAN ST 22,10 TO 12,121,Premium Apartment,1998,72 years,1068000,10,44,1060488.1920501676
2025-08-01,BISHAN,5 ROOM,259,BISHAN ST 22,10 TO 12,133,Model A,1992,66 years,1080000,10,44,1024654.1362175407
2025-09-01,BISHAN,5 ROOM,293,BISHAN ST 22,19 TO 21,123,Premium Apartment,1998,71 years 09 months,1133000,19,44,1046839.1129089645
2025-08-01,BISHAN,5 ROOM,275A,BISHAN ST 24,01 TO 03,120,DBSS,2011,85 years 02 months,1250000,1,44,1264983.2170911354
2025-09-01,BISHAN,5 ROOM,275A,BISHAN ST 24,31 TO 33,120,DBSS,2011,85 years 01 month,1550000,31,44,1498502.839814308
2025-09-01,BISHAN,5 ROOM,290,BISHAN ST 24,28 TO 30,123,Premium Apartment,1998,71 years 10 months,1035000,28,44,1066286.433008835
2025-09-01,BISHAN,5 ROOM,291,BISHAN ST 24,10 TO 12,123,Premium Apartment,1998,71 years 09 months,1065000,10,44,1060217.4427138201
2025-08-01,BISHAN,5 ROOM,310,SHUNFU RD,10 TO 12,121,Improved,1984,58 years 05 months,948000,10,44,991749.3517509083
2025-07-01,BISHAN,5 ROOM,450,SIN MING AVE,19 TO 21,125,Improved,1989,63 years 06 months,1175000,19,44,1028489.9603870166
2025-09-01,BISHAN,5 ROOM,402,SIN MING AVE,16 TO 18,120,Improved,1986,59 years 04 months,1008888,16,44,1032693.5055574544
2025-09-01,BISHAN,5 ROOM,444,SIN MING AVE,13 TO 15,125,Improved,1990,63 years 05 months,1050000,13,44,1022287.8901641591
2025-07-01,BISHAN,EXECUTIVE,194,BISHAN ST 13,22 TO 24,163,Maisonette,1987,60 years 10 months,1588000,22,44,1292329.7730384448
2025-08-01,BISHAN,EXECUTIVE,160,BISHAN ST 13,01 TO 03,144,Maisonette,1987,61 years 01 month,1222800,1,44,1181396.7620560487
2025-07-01,BISHAN,EXECUTIVE,257,BISHAN ST 22,01 TO 03,150,Maisonette,1992,66 years 01 month,1100000,1,44,1145758.2268728993
2025-08-01,BISHAN,EXECUTIVE,240,BISHAN ST 22,01 TO 03,147,Maisonette,1992,66 years,1200000,1,44,1182723.0836102725
2025-08-01,BISHAN,EXECUTIVE,231,BISHAN ST 23,13 TO 15,146,Maisonette,1992,65 years 09 months,1320000,13,44,1284270.854400307
2025-09-01,BISHAN,EXECUTIVE,212,BISHAN ST 23,04 TO 06,149,Maisonette,1992,65 years 09 months,1200000,4,44,1190829.0969903385
2025-09-01,BISHAN,EXECUTIVE,222,BISHAN ST 23,04 TO 06,146,Maisonette,1992,65 years 11 months,1200000,4,44,1221910.1714921712
2025-09-01,BISHAN,EXECUTIVE,231,BISHAN ST 23,01 TO 03,146,Maisonette,1992,65 years 07 months,1105000,1,44,1194209.8771593738
2025-08-01,BISHAN,EXECUTIVE,301,SHUNFU RD,10 TO 12,148,Maisonette,1985,58 years 11 months,1353000,10,44,1282597.8653979504
2025-08-01,BISHAN,EXECUTIVE,452,SIN MING AVE,01 TO 03,150,Maisonette,1989,63 years,1380000,1,44,1145758.2268728993
2025-08-01,BUKIT BATOK,2 ROOM,292A,BT BATOK EAST AVE 6,10 TO 12,47,Model A,2019,92 years 05 months,380000,10,44,384004.1285519081
2025-07-01,BUKIT BATOK,2 ROOM,451A,BT BATOK WEST AVE 6,04 TO 06,38,Model A,2019,92 years 08 months,353500,4,44,352977.9170298422
2025-09-01,BUKIT BATOK,2 ROOM,450D,BT BATOK WEST AVE 6,16 TO 18,47,Model A,2019,92 years 06 months,410000,16,44,394486.39451058384
2025-07-01,BUKIT BATOK,2 ROOM,439A,BT BATOK WEST AVE 8,13 TO 15,47,2-room,2020,93 years 08 months,402000,13,44,381811.8584285432
2025-08-01,BUKIT BATOK,2 ROOM,438A,BT BATOK WEST AVE 8,01 TO 03,47,Model A,2020,93 years 07 months,375000,1,44,366883.79662277957
2025-08-01,BUKIT BATOK,2 ROOM,438B,BT BATOK WEST AVE 8,10 TO 12,47,Model A,2020,93 years 06 months,395000,10,44,384004.1285519081
2025-09-01,BUKIT BATOK,2 ROOM,464B,BT BATOK WEST AVE 8,04 TO 06,47,2-room,2021,94 years 10 months,385000,4,44,367999.87488704233
2025-09-01,BUKIT BATOK,2 ROOM,440A,BT BATOK WEST AVE 8,04 TO 06,37,Model A,2019,92 years 06 months,346000,4,44,344284.6408849675
2025-07-01,BUKIT BATOK,2 ROOM,448C,BT BATOK WEST AVE 9,10 TO 12,47,Model A,2019,92 years 10 months,355000,10,44,384004.1285519081
2025-07-01,BUKIT BATOK,2 ROOM,448A,BT BATOK WEST AVE 9,07 TO 09,47,Model A,2019,92 years 09 months,365000,7,44,379712.6057783027
2025-07-01,BUKIT BATOK,2 ROOM,448A,BT BATOK WEST AVE 9,16 TO 18,47,Model A,2019,92 years 08 months,406888,16,44,394486.39451058384
2025-07-01,BUKIT BATOK,2 ROOM,460B,BT BATOK WEST AVE 9,07 TO 09,48,2-room,2020,93 years 10 months,395000,7,44,375271.7170378743
2025-09-01,BUKIT BATOK,2 ROOM,460B,BT BATOK WEST AVE 9,07 TO 09,48,2-room,2020,93 years 09 months,390000,7,44,375271.7170378743
2025-09-01,BUKIT BATOK,2 ROOM,448A,BT BATOK WEST AVE 9,07 TO 09,47,Model A,2019,92 years 06 months,375000,7,44,379712.6057783027
2025-07-01,BUKIT BATOK,3 ROOM,225,BT BATOK CTRL,04 TO 06,67,New Generation,1985,59 years 01 month,408000,4,44,415118.80478332617
2025-07-01,BUKIT BATOK,3 ROOM,229,BT BATOK EAST AVE 3,01 TO 03,67,New Generation,1985,58 years 10 months,400000,1,44,403473.58868883515
2025-07-01,BUKIT BATOK,3 ROOM,281,BT BATOK EAST AVE 3,04 TO 06,64,Simplified,1987,61 years 05 months,385000,4,44,409389.15590435715
2025-08-01,BUKIT BATOK,3 ROOM,229,BT BATOK EAST AVE 3,01 TO 03,67,New Generation,1985,58 years 09 months,410000,1,44,403473.58868883515
2025-08-01,BUKIT BATOK,3 ROOM,280,BT BATOK EAST AVE 3,04 TO 06,64,Simplified,1988,61 years 08 months,400000,4,44,409389.15590435715
2025-08-01,BUKIT BATOK,3 ROOM,280,BT BATOK EAST AVE 3,04 TO 06,64,Simplified,1988,61 years 09 months,400000,4,44,409389.15590435715
2025-08-01,BUKIT BATOK,3 ROOM,280,BT BATOK EAST AVE 3,07 TO 09,64,Simplified,1988,61 years 08 months,415000,7,44,414634.5137027963
2025-07-01,BUKIT BATOK,3 ROOM,260,BT BATOK EAST AVE 4,04 TO 06,73,Model A,1985,59 years,418000,4,44,430963.1792977717
2025-08-01,BUKIT BATOK,3 ROOM,265,BT BATOK EAST AVE 4,04 TO 06,82,New Generation,1985,59 years 02 months,430000,4,44,457148.43977043993
2025-09-01,BUKIT BATOK,3 ROOM,260,BT BATOK EAST AVE 4,10 TO 12,73,Model A,1985,58 years 09 months,465000,10,44,428589.4503543466
2025-09-01,BUKIT BATOK,3 ROOM,260,BT BATOK EAST AVE 4,07 TO 09,73,Model A,1985,58 years 09 months,415000,7,44,431440.1944900572
2025-09-01,BUKIT BATOK,3 ROOM,265,BT BATOK EAST AVE 4,07 TO 09,82,New Generation,1985,59 years 01 month,427000,7,44,471211.24403817987
2025-07-01,BUKIT BATOK,3 ROOM,247,BT BATOK EAST AVE 5,04 TO 06,73,Model A,1985,58 years 09 months,430000,4,44,430963.1792977717
2025-07-01,BUKIT BATOK,3 ROOM,234,BT BATOK EAST AVE 5,04 TO 06,67,New Generation,1985,59 years 06 months,430000,4,44,415118.80478332617
2025-07-01,BUKIT BATOK,3 ROOM,249,BT BATOK EAST AVE 5,10 TO 12,73,Model A,1985,58 years 09 months,438800,10,44,428589.4503543466
2025-08-01,BUKIT BATOK,3 ROOM,242,BT BATOK EAST AVE 5,07 TO 09,69,New Generation,1985,59 years 04 months,427000,7,44,410313.68770912377
2025-09-01,BUKIT BATOK,3 ROOM,238,BT BATOK EAST AVE 5,04 TO 06,69,New Generation,1986,60 years 03 months,410000,4,44,410605.1339996306
2025-09-01,BUKIT BATOK,3 ROOM,244,BT BATOK EAST AVE 5,04 TO 06,67,New Generation,1985,59 years 01 month,398000,4,44,415118.80478332617
2025-09-01,BUKIT BATOK,3 ROOM,249,BT BATOK EAST AVE 5,04 TO 06,73,Model A,1985,58 years 06 months,435000,4,44,430963.1792977717
2025-07-01,BUKIT BATOK,3 ROOM,292A,BT BATOK EAST AVE 6,07 TO 09,68,Model A,2019,92 years 07 months,530888,7,44,497816.9553479262
2025-07-01,BUKIT BATOK,3 ROOM,292A,BT BATOK EAST AVE 6,10 TO 12,68,Model A,2019,92 years 07 months,540000,10,44,503646.93287294934
2025-07-01,BUKIT BATOK,3 ROOM,162,BT BATOK ST 11,01 TO 03,74,Model A,1985,58 years 08 months,435000,1,44,426665.0360014444
2025-07-01,BUKIT BATOK,3 ROOM,163,BT BATOK ST 11,01 TO 03,73,Model A,1985,58 years 06 months,423888,1,44,425284.3865759117
2025-08-01,BUKIT BATOK,3 ROOM,162,BT BATOK ST 11,07 TO 09,74,Model A,1985,58 years 07 months,463888,7,44,432195.3056073809
2025-08-01,BUKIT BATOK,3 ROOM,162,BT BATOK ST 11,01 TO 03,74,Model A,1985,58 years 07 months,425000,1,44,426665.0360014444
2025-08-01,BUKIT BATOK,3 ROOM,163,BT BATOK ST 11,04 TO 06,73,Model A,1985,58 years 05 months,435000,4,44,430963.1792977717
2025-08-01,BUKIT BATOK,3 ROOM,293D,BT BATOK ST 21,28 TO 30,68,Model A,2019,92 years 05 months,612000,28,44,565767.1900623987
2025-09-01,BUKIT BATOK,3 ROOM,217,BT BATOK ST 21,10 TO 12,67,New Generation,1984,58 years 04 months,410000,10,44,424834.9160840312
2025-07-01,BUKIT BATOK,3 ROOM,296B,BT BATOK ST 22,22 TO 24,68,Premium Apartment,2018,91 years 09 months,580000,22,44,569762.9541473289
2025-07-01,BUKIT BATOK,3 ROOM,377,BT BATOK ST 31,01 TO 03,67,Model A,2019,92 years 10 months,520000,1,44,477755.12167702673
2025-07-01,BUKIT BATOK,3 ROOM,307,BT BATOK ST 31,04 TO 06,68,New Generation,1985,59 years 02 months,430000,4,44,408995.43577661813
2025-08-01,BUKIT BATOK,3 ROOM,368,BT BATOK ST 31,04 TO 06,68,New Generation,1987,60 years 05 months,425000,4,44,408995.43577661813
2025-08-01,BUKIT BATOK,3 ROOM,375,BT BATOK ST 31,01 TO 03,64,Simplified,1988,61 years 06 months,420000,1,44,402335.9669549904
2025-09-01,BUKIT BATOK,3 ROOM,302,BT BATOK ST 31,01 TO 03,65,Simplified,1985,59 years 01 month,380000,1,44,410034.872641565
2025-07-01,BUKIT BATOK,3 ROOM,310,BT BATOK ST 32,01 TO 03,64,Simplified,1987,60 years 08 months,402000,1,44,402335.9669549904
2025-09-01,BUKIT BATOK,3 ROOM,312,BT BATOK ST 32,10 TO 12,68,New Generation,1985,58 years 11 months,423000,10,44,421508.1839822773
2025-09-01,BUKIT BATOK,3 ROOM,318,BT BATOK ST 32,07 TO 09,68,New Generation,1986,59 years 07 months,405000,7,44,406898.5065709529
2025-08-01,BUKIT BATOK,3 ROOM,321,BT BATOK ST 33,04 TO 06,68,New Generation,1986,59 years 07 months,410000,4,44,408995.43577661813
2025-09-01,BUKIT BATOK,3 ROOM,321,BT BATOK ST 33,10 TO 12,68,New Generation,1986,59 years 07 months,432000,10,44,421508.1839822773
2025-07-01,BUKIT BATOK,3 ROOM,346,BT BATOK ST 34,01 TO 03,73,Model A,1986,59 years 07 months,400000,1,44,425284.3865759117
2025-07-01,BUKIT BATOK,3 ROOM,339,BT BATOK ST 34,07 TO 09,73,Model A,1987,61 years 03 months,415000,7,44,431440.1944900572
2025-08-01,BUKIT BATOK,3 ROOM,339,BT BATOK ST 34,04 TO 06,73,Model A,1987,61 years 01 month,420000,4,44,430963.1792977717
2025-08-01,BUKIT BATOK,3 ROOM,341,BT BATOK ST 34,04 TO 06,73,Model A,1986,59 years 08 months,412000,4,44,430963.1792977717
2025-09-01,BUKIT BATOK,3 ROOM,345,BT BATOK ST 34,04 TO 06,73,Model A,1987,60 years 06 months,420000,4,44,430963.1792977717
2025-09-01,BUKIT BATOK,3 ROOM,341,BT BATOK ST 34,04 TO 06,73,Model A,1986,59 years 08 months,438000,4,44,430963.1792977717
2025-07-01,BUKIT BATOK,3 ROOM,534,BT BATOK ST 51,07 TO 09,60,Improved,1987,60 years 11 months,380000,7,44,383811.69210289756
2025-08-01,BUKIT BATOK,3 ROOM,528,BT BATOK ST 51,10 TO 12,69,Improved,1987,60 years 11 months,458000,10,44,418946.7468757967
2025-09-01,BUKIT BATOK,3 ROOM,528,BT BATOK ST 51,07 TO 09,60,Improved,1987,60 years 10 months,420000,7,44,383811.69210289756
2025-09-01,BUKIT BATOK,3 ROOM,533,BT BATOK ST 51,07 TO 09,69,Improved,1988,61 years 05 months,420000,7,44,411760.2184014634
2025-09-01,BUKIT BATOK,3 ROOM,528,BT BATOK ST 51,07 TO 09,60,Improved,1987,60 years 10 months,360000,7,44,383811.69210289756
2025-07-01,BUKIT BATOK,3 ROOM,504,BT BATOK ST 52,01 TO 03,69,Improved,1988,61 years 08 months,398000,1,44,401982.17852239765
2025-07-01,BUKIT BATOK,3 ROOM,506,BT BATOK ST 52,10 TO 12,69,Improved,1987,61 years 01 month,405000,10,44,418946.7468757967
2025-07-01,BUKIT BATOK,3 ROOM,523,BT BATOK ST 52,10 TO 12,60,Improved,1987,60 years 10 months,430000,10,44,389355.4144998152
2025-07-01,BUKIT BATOK,3 ROOM,540,BT BATOK ST 52,07 TO 09,73,Model A,1987,61 years 02 months,435000,7,44,431440.1944900572
2025-08-01,BUKIT BATOK,3 ROOM,505,BT BATOK ST 52,04 TO 06,60,Improved,1988,61 years 07 months,372000,4,44,379904.7092231478
2025-08-01,BUKIT BATOK,3 ROOM,523,BT BATOK ST 52,07 TO 09,69,Improved,1987,60 years 09 months,448000,7,44,411760.2184014634
2025-08-01,BUKIT BATOK,3 ROOM,505,BT BATOK ST 52,07 TO 09,69,Improved,1988,61 years 06 months,422000,7,44,411760.2184014634
2025-08-01,BUKIT BATOK,3 ROOM,506,BT BATOK ST 52,04 TO 06,69,Improved,1987,60 years 11 months,415000,4,44,407853.33460703015
2025-08-01,BUKIT BATOK,3 ROOM,523,BT BATOK ST 52,01 TO 03,60,Improved,1987,60 years 09 months,415000,1,44,373030.78503667173
2025-09-01,BUKIT BATOK,3 ROOM,507,BT BATOK ST 52,07 TO 09,69,Improved,1987,60 years 08 months,388000,7,44,411760.2184014634
2025-09-01,BUKIT BATOK,3 ROOM,420,BT BATOK WEST AVE 2,01 TO 03,68,New Generation,1988,61 years 08 months,375000,1,44,401937.84684320784
2025-08-01,BUKIT BATOK,3 ROOM,414,BT BATOK WEST AVE 4,07 TO 09,73,Model A,1987,61 years 01 month,420000,7,44,431440.1944900572
2025-09-01,BUKIT BATOK,3 ROOM,435B,BT BATOK WEST AVE 5,13 TO 15,68,Model A,2020,93 years 05 months,530000,13,44,522421.7902212278
2025-07-01,BUKIT BATOK,3 ROOM,146,BT BATOK WEST AVE 6,04 TO 06,68,New Generation,1984,58 years 02 months,410000,4,44,408995.43577661813
2025-07-01,BUKIT BATOK,3 ROOM,450A,BT BATOK WEST AVE 6,13 TO 15,67,Model A,2019,92 years 09 months,535000,13,44,523682.76315044187
2025-07-01,BUKIT BATOK,3 ROOM,148,BT BATOK WEST AVE 6,07 TO 09,68,New Generation,1984,58 years 02 months,405000,7,44,406898.5065709529
2025-07-01,BUKIT BATOK,3 ROOM,148,BT BATOK WEST AVE 6,01 TO 03,82,New Generation,1984,58 years 02 months,470000,1,44,458025.8264518012
2025-08-01,BUKIT BATOK,3 ROOM,109,BT BATOK WEST AVE 6,04 TO 06,59,Improved,1985,58 years 06 months,380000,4,44,384421.31941652484
2025-08-01,BUKIT BATOK,3 ROOM,450A,BT BATOK WEST AVE 6,01 TO 03,67,Model A,2019,92 years 08 months,470000,1,44,477755.12167702673
2025-08-01,BUKIT BATOK,3 ROOM,148,BT BATOK WEST AVE 6,01 TO 03,68,New Generation,1984,58 years,408000,1,44,401937.84684320784
2025-08-01,BUKIT BATOK,3 ROOM,451A,BT BATOK WEST AVE 6,10 TO 12,67,Model A,2019,92 years 07 months,510000,10,44,509754.8569484388
2025-08-01,BUKIT BATOK,3 ROOM,146,BT BATOK WEST AVE 6,04 TO 06,68,New Generation,1984,58 years,410000,4,44,408995.43577661813
2025-08-01,BUKIT BATOK,3 ROOM,194B,BT BATOK WEST AVE 6,04 TO 06,68,Premium Apartment,2017,90 years 11 months,540000,4,44,514335.6726846391
2025-08-01,BUKIT BATOK,3 ROOM,194B,BT BATOK WEST AVE 6,25 TO 27,68,Premium Apartment,2017,90 years 11 months,585000,25,44,578692.7248327595
2025-08-01,BUKIT BATOK,3 ROOM,451A,BT BATOK WEST AVE 6,10 TO 12,67,Model A,2019,92 years 07 months,528888,10,44,509754.8569484388
2025-09-01,BUKIT BATOK,3 ROOM,138,BT BATOK WEST AVE 6,04 TO 06,68,New Generation,1984,58 years,415000,4,44,408995.43577661813
2025-09-01,BUKIT BATOK,3 ROOM,146,BT BATOK WEST AVE 6,07 TO 09,68,New Generation,1984,58 years,420000,7,44,406898.5065709529
2025-09-01,BUKIT BATOK,3 ROOM,135,BT BATOK WEST AVE 6,04 TO 06,68,New Generation,1984,58 years 03 months,418000,4,44,408995.43577661813
2025-09-01,BUKIT BATOK,3 ROOM,129,BT BATOK WEST AVE 6,01 TO 03,73,Model A,1984,58 years 01 month,408000,1,44,425284.3865759117
2025-07-01,BUKIT BATOK,3 ROOM,438C,BT BATOK WEST AVE 8,10 TO 12,68,Model A,2020,93 years 08 months,505000,10,44,503646.93287294934
2025-08-01,BUKIT BATOK,3 ROOM,464B,BT BATOK WEST AVE 8,04 TO 06,68,Model A,2021,95 years,485000,4,44,492395.2612502387
2025-08-01,BUKIT BATOK,3 ROOM,167,BT BATOK WEST AVE 8,01 TO 03,74,Model A,1984,58 years 05 months,427000,1,44,426665.0360014444
2025-08-01,BUKIT BATOK,3 ROOM,180,BT BATOK WEST AVE 8,07 TO 09,82,New Generation,1984,58 years 03 months,445000,7,44,471211.24403817987
2025-08-01,BUKIT BATOK,3 ROOM,464B,BT BATOK WEST AVE 8,16 TO 18,68,Model A,2021,94 years 11 months,530000,16,44,542719.1247932607
2025-09-01,BUKIT BATOK,3 ROOM,441A,BT BATOK WEST AVE 8,04 TO 06,67,Model A,2019,92 years 06 months,518888,4,44,489891.3600826356
2025-07-01,BUKIT BATOK,3 ROOM,448C,BT BATOK WEST AVE 9,13 TO 15,68,Model A,2019,92 years 09 months,515888,13,44,522421.7902212278
2025-07-01,BUKIT BATOK,3 ROOM,460A,BT BATOK WEST AVE 9,04 TO 06,68,Model A,2020,93 years 11 months,480000,4,44,492395.2612502387
2025-07-01,BUKIT BATOK,3 ROOM,448A,BT BATOK WEST AVE 9,10 TO 12,68,Model A,2019,92 years 08 months,530000,10,44,503646.93287294934
2025-09-01,BUKIT BATOK,3 ROOM,460A,BT BATOK WEST AVE 9,10 TO 12,68,Model A,2020,93 years 09 months,540000,10,44,503646.93287294934
2025-09-01,BUKIT BATOK,3 ROOM,448B,BT BATOK WEST AVE 9,01 TO 03,68,Model A,2019,92 years 06 months,476000,1,44,482300.117371823
2025-07-01,BUKIT BATOK,4 ROOM,626,BT BATOK CTRL,16 TO 18,101,Model A,1997,71 years 01 month,690000,16,44,640661.594092012
2025-09-01,BUKIT BATOK,4 ROOM,228,BT BATOK CTRL,04 TO 06,93,New Generation,1985,58 years 08 months,540000,4,44,522621.23114571616
2025-08-01,BUKIT BATOK,4 ROOM,290D,BT BATOK EAST AVE 3,04 TO 06,103,Model A,1998,71 years 06 months,598888,4,44,569573.5963205799
2025-07-01,BUKIT BATOK,4 ROOM,266,BT BATOK EAST AVE 4,07 TO 09,104,Model A,1985,59 years 03 months,510000,7,44,583324.2008146605
2025-08-01,BUKIT BATOK,4 ROOM,269,BT BATOK EAST AVE 4,04 TO 06,84,Simplified,1986,60 years 02 months,450000,4,44,496385.2591734688
2025-09-01,BUKIT BATOK,4 ROOM,258,BT BATOK EAST AVE 4,04 TO 06,103,Model A,1985,58 years 06 months,535000,4,44,569573.5963205799
2025-08-01,BUKIT BATOK,4 ROOM,233,BT BATOK EAST AVE 5,04 TO 06,99,New Generation,1985,58 years 09 months,515000,4,44,525505.2208700711
2025-09-01,BUKIT BATOK,4 ROOM,241,BT BATOK EAST AVE 5,01 TO 03,99,New Generation,1985,59 years 01 month,530000,1,44,521178.59838812496
2025-07-01,BUKIT BATOK,4 ROOM,292C,BT BATOK EAST AVE 6,34 TO 36,92,Model A,2019,92 years 06 months,830000,34,44,766143.9853699547
2025-07-01,BUKIT BATOK,4 ROOM,292B,BT BATOK EAST AVE 6,01 TO 03,93,Model A,2019,92 years 06 months,615000,1,44,617795.8262493403
2025-08-01,BUKIT BATOK,4 ROOM,292A,BT BATOK EAST AVE 6,10 TO 12,93,Model A,2019,92 years 05 months,735888,10,44,672173.9433891984
2025-09-01,BUKIT BATOK,4 ROOM,292B,BT BATOK EAST AVE 6,10 TO 12,93,Model A,2019,92 years 04 months,710000,10,44,672173.9433891984
2025-09-01,BUKIT BATOK,4 ROOM,161,BT BATOK ST 11,07 TO 09,105,Model A,1984,57 years 10 months,596000,7,44,586633.3564979242
2025-07-01,BUKIT BATOK,4 ROOM,208,BT BATOK ST 21,13 TO 15,104,Model A,1983,57 years 02 months,620000,13,44,609961.7749844112
2025-08-01,BUKIT BATOK,4 ROOM,293A,BT BATOK ST 21,28 TO 30,93,Model A,2019,92 years 05 months,810000,28,44,749731.1487319921
2025-08-01,BUKIT BATOK,4 ROOM,209,BT BATOK ST 21,10 TO 12,104,Model A,1985,58 years 07 months,650000,10,44,589369.9375321716
2025-08-01,BUKIT BATOK,4 ROOM,293D,BT BATOK ST 21,16 TO 18,93,Model A,2019,92 years 05 months,769000,16,44,700081.0524862319
2025-09-01,BUKIT BATOK,4 ROOM,293C,BT BATOK ST 21,22 TO 24,92,Model A,2019,92 years 05 months,780000,22,44,689352.2415080804
2025-09-01,BUKIT BATOK,4 ROOM,211,BT BATOK ST 21,07 TO 09,108,Model A,1985,58 years 08 months,611888,7,44,588824.9061976569
2025-09-01,BUKIT BATOK,4 ROOM,293D,BT BATOK ST 21,31 TO 33,93,Model A,2019,92 years 05 months,800000,31,44,765927.31318123
2025-09-01,BUKIT BATOK,4 ROOM,204,BT BATOK ST 21,04 TO 06,104,Model A,1985,58 years 07 months,590000,4,44,573455.8144515512
2025-09-01,BUKIT BATOK,4 ROOM,209,BT BATOK ST 21,10 TO 12,116,Model A,1985,58 years 06 months,681888,10,44,654946.1977770402
2025-07-01,BUKIT BATOK,4 ROOM,296A,BT BATOK ST 22,16 TO 18,95,Premium Apartment,2018,91 years 09 months,815000,16,44,704877.3988490959
2025-08-01,BUKIT BATOK,4 ROOM,297,BT BATOK ST 22,04 TO 06,99,Model A,1997,71 years,650000,4,44,606779.0181299812
2025-08-01,BUKIT BATOK,4 ROOM,296C,BT BATOK ST 22,25 TO 27,92,Premium Apartment,2018,91 years 07 months,800000,25,44,758156.5731392952
2025-08-01,BUKIT BATOK,4 ROOM,296C,BT BATOK ST 22,07 TO 09,92,Premium Apartment,2018,91 years 07 months,745000,7,44,696425.0747709561
2025-08-01,BUKIT BATOK,4 ROOM,291D,BT BATOK ST 24,10 TO 12,103,Model A,1998,71 years 07 months,570000,10,44,586215.0010510351
2025-08-01,BUKIT BATOK,4 ROOM,291A,BT BATOK ST 24,04 TO 06,104,Model A,1997,71 years 04 months,588000,4,44,573455.8144515512
2025-07-01,BUKIT BATOK,4 ROOM,288E,BT BATOK ST 25,04 TO 06,101,Model A,1998,72 years 02 months,570000,4,44,597684.3367273737
2025-07-01,BUKIT BATOK,4 ROOM,288C,BT BATOK ST 25,04 TO 06,90,Model A2,1998,72 years 02 months,575000,4,44,543631.0041431478
2025-09-01,BUKIT BATOK,4 ROOM,288D,BT BATOK ST 25,10 TO 12,92,Model A2,1998,71 years 07 months,600000,10,44,566734.6719638738
2025-09-01,BUKIT BATOK,4 ROOM,289F,BT BATOK ST 25,01 TO 03,92,Model A2,1998,71 years 10 months,540000,1,44,542829.3548832008
2025-07-01,BUKIT BATOK,4 ROOM,358,BT BATOK ST 31,07 TO 09,84,Simplified,1986,60 years 04 months,480000,7,44,505419.1630289477
2025-08-01,BUKIT BATOK,4 ROOM,305,BT BATOK ST 31,07 TO 09,93,New Generation,1985,58 years 11 months,553500,7,44,548591.7935195867
2025-08-01,BUKIT BATOK,4 ROOM,370,BT BATOK ST 31,07 TO 09,84,Simplified,1985,59 years 03 months,540000,7,44,505419.1630289477
2025-07-01,BUKIT BATOK,4 ROOM,336,BT BATOK ST 32,07 TO 09,84,Simplified,1986,60 years 04 months,485000,7,44,505419.1630289477
2025-08-01,BUKIT BATOK,4 ROOM,318,BT BATOK ST 32,07 TO 09,98,New Generation,1986,59 years 09 months,535000,7,44,558740.6092532041
2025-09-01,BUKIT BATOK,4 ROOM,316,BT BATOK ST 32,01 TO 03,93,New Generation,1986,59 years 05 months,500000,1,44,515850.8054812622
2025-09-01,BUKIT BATOK,4 ROOM,311,BT BATOK ST 32,04 TO 06,84,Simplified,1988,61 years 04 months,470000,4,44,496385.2591734688
2025-09-01,BUKIT BATOK,4 ROOM,312,BT BATOK ST 32,04 TO 06,93,New Generation,1985,58 years 10 months,455000,4,44,522621.23114571616
2025-07-01,BUKIT BATOK,4 ROOM,331,BT BATOK ST 33,04 TO 06,84,Simplified,1986,60 years 05 months,495000,4,44,496385.2591734688
2025-07-01,BUKIT BATOK,4 ROOM,319,BT BATOK ST 33,07 TO 09,84,Simplified,1986,60 years 02 months,480000,7,44,505419.1630289477
2025-08-01,BUKIT BATOK,4 ROOM,325,BT BATOK ST 33,04 TO 06,84,Simplified,1986,60 years 04 months,475000,4,44,496385.2591734688
2025-09-01,BUKIT BATOK,4 ROOM,319,BT BATOK ST 33,04 TO 06,103,Model A,1986,60 years,508888,4,44,569573.5963205799
2025-08-01,BUKIT BATOK,4 ROOM,337,BT BATOK ST 34,01 TO 03,104,Model A,1986,60 years 03 months,540000,1,44,557447.3365863947
2025-08-01,BUKIT BATOK,4 ROOM,349,BT BATOK ST 34,07 TO 09,84,Simplified,1987,60 years 06 months,506000,7,44,505419.1630289477
2025-09-01,BUKIT BATOK,4 ROOM,337,BT BATOK ST 34,07 TO 09,104,Model A,1986,60 years 02 months,565000,7,44,583324.2008146605
2025-09-01,BUKIT BATOK,4 ROOM,343,BT BATOK ST 34,10 TO 12,103,Model A,1987,60 years 06 months,560000,10,44,586215.0010510351
2025-07-01,BUKIT BATOK,4 ROOM,463B,BT BATOK ST 41,16 TO 18,93,Model A,2021,95 years,682000,16,44,700081.0524862319
2025-08-01,BUKIT BATOK,4 ROOM,463B,BT BATOK ST 41,10 TO 12,93,Model A,2021,95 years,662500,10,44,672173.9433891984
2025-08-01,BUKIT BATOK,4 ROOM,463A,BT BATOK ST 41,07 TO 09,93,Model A,2021,95 years,678000,7,44,662529.3620071748
2025-09-01,BUKIT BATOK,4 ROOM,463A,BT BATOK ST 41,10 TO 12,93,Model A,2021,94 years 11 months,688000,10,44,672173.9433891984
2025-09-01,BUKIT BATOK,4 ROOM,463B,BT BATOK ST 41,04 TO 06,93,Model A,2021,94 years 10 months,618000,4,44,636901.1513921872
2025-08-01,BUKIT BATOK,4 ROOM,531,BT BATOK ST 51,07 TO 09,83,Simplified,1986,60 years 01 month,510000,7,44,513714.301170305
2025-07-01,BUKIT BATOK,4 ROOM,510,BT BATOK ST 52,07 TO 09,84,Simplified,1986,60 years 05 months,525000,7,44,505419.1630289477
2025-07-01,BUKIT BATOK,4 ROOM,508,BT BATOK ST 52,04 TO 06,84,Simplified,1987,60 years 10 months,518000,4,44,496385.2591734688
2025-07-01,BUKIT BATOK,4 ROOM,409,BT BATOK WEST AVE 4,01 TO 03,94,New Generation,1988,61 years 10 months,530888,1,44,514591.1767940457
2025-07-01,BUKIT BATOK,4 ROOM,408,BT BATOK WEST AVE 4,10 TO 12,94,New Generation,1988,61 years 10 months,540000,10,44,553376.3960323314
2025-09-01,BUKIT BATOK,4 ROOM,416,BT BATOK WEST AVE 4,07 TO 09,103,Model A,1987,61 years 02 months,560000,7,44,574987.8114551689
2025-07-01,BUKIT BATOK,4 ROOM,435C,BT BATOK WEST AVE 5,04 TO 06,93,Model A,2020,93 years 07 months,630000,4,44,636901.1513921872
2025-08-01,BUKIT BATOK,4 ROOM,384,BT BATOK WEST AVE 5,07 TO 09,90,Model A,2005,78 years 06 months,570000,7,44,584362.3066904782
2025-08-01,BUKIT BATOK,4 ROOM,384,BT BATOK WEST AVE 5,04 TO 06,92,Model A,2005,78 years 05 months,550000,4,44,641748.2528983488
2025-08-01,BUKIT BATOK,4 ROOM,384,BT BATOK WEST AVE 5,07 TO 09,90,Model A,2005,78 years 05 months,580000,7,44,584362.3066904782
2025-09-01,BUKIT BATOK,4 ROOM,384,BT BATOK WEST AVE 5,10 TO 12,90,Model A,2005,78 years 05 months,601888,10,44,593792.9731668759
2025-09-01,BUKIT BATOK,4 ROOM,393,BT BATOK WEST AVE 5,10 TO 12,92,Model A,2004,78 years 01 month,601088,10,44,664688.0278186719
2025-09-01,BUKIT BATOK,4 ROOM,435C,BT BATOK WEST AVE 5,01 TO 03,93,Model A,2020,93 years 05 months,610000,1,44,617795.8262493403
2025-07-01,BUKIT BATOK,4 ROOM,450B,BT BATOK WEST AVE 6,16 TO 18,93,Model A,2019,92 years 09 months,738000,16,44,700081.0524862319
2025-07-01,BUKIT BATOK,4 ROOM,451B,BT BATOK WEST AVE 6,19 TO 21,93,Model A,2019,92 years 09 months,715000,19,44,706534.5168802649
2025-07-01,BUKIT BATOK,4 ROOM,146,BT BATOK WEST AVE 6,07 TO 09,93,New Generation,1984,58 years 02 months,530000,7,44,548591.7935195867
2025-07-01,BUKIT BATOK,4 ROOM,194B,BT BATOK WEST AVE 6,22 TO 24,92,Premium Apartment,2017,91 years,798000,22,44,739178.4924288215
2025-07-01,BUKIT BATOK,4 ROOM,108,BT BATOK WEST AVE 6,04 TO 06,104,Model A,1985,58 years 10 months,575000,4,44,573455.8144515512
2025-07-01,BUKIT BATOK,4 ROOM,450C,BT BATOK WEST AVE 6,07 TO 09,93,Model A,2019,92 years 08 months,665000,7,44,662529.3620071748
2025-07-01,BUKIT BATOK,4 ROOM,186,BT BATOK WEST AVE 6,07 TO 09,105,Model A,1989,62 years 07 months,620000,7,44,586633.3564979242
2025-07-01,BUKIT BATOK,4 ROOM,135,BT BATOK WEST AVE 6,04 TO 06,93,New Generation,1984,58 years 05 months,506888,4,44,522621.23114571616
2025-07-01,BUKIT BATOK,4 ROOM,135,BT BATOK WEST AVE 6,04 TO 06,93,New Generation,1984,58 years 05 months,480000,4,44,522621.23114571616
2025-08-01,BUKIT BATOK,4 ROOM,194B,BT BATOK WEST AVE 6,01 TO 03,92,Premium Apartment,2017,91 years,650000,1,44,639308.8152542532
2025-08-01,BUKIT BATOK,4 ROOM,450C,BT BATOK WEST AVE 6,16 TO 18,93,Model A,2019,92 years 08 months,720888,16,44,700081.0524862319
2025-09-01,BUKIT BATOK,4 ROOM,186,BT BATOK WEST AVE 6,04 TO 06,103,Model A,1989,62 years 06 months,608000,4,44,569573.5963205799
2025-09-01,BUKIT BATOK,4 ROOM,453A,BT BATOK WEST AVE 6,16 TO 18,93,Model A,2019,92 years 07 months,720000,16,44,700081.0524862319
2025-09-01,BUKIT BATOK,4 ROOM,450C,BT BATOK WEST AVE 6,10 TO 12,93,Model A,2019,92 years 06 months,680000,10,44,672173.9433891984
2025-09-01,BUKIT BATOK,4 ROOM,118,BT BATOK WEST AVE 6,07 TO 09,103,Model A,1984,57 years 11 months,509888,7,44,574987.8114551689
2025-07-01,BUKIT BATOK,4 ROOM,461A,BT BATOK WEST AVE 8,07 TO 09,93,Model A,2019,93 years 03 months,675000,7,44,662529.3620071748
2025-07-01,BUKIT BATOK,4 ROOM,443A,BT BATOK WEST AVE 8,13 TO 15,92,Model A,2019,92 years 09 months,680000,13,44,677101.9007746731
2025-07-01,BUKIT BATOK,4 ROOM,441B,BT BATOK WEST AVE 8,07 TO 09,92,Model A,2019,92 years 09 months,693888,7,44,655555.2063104375
2025-07-01,BUKIT BATOK,4 ROOM,442B,BT BATOK WEST AVE 8,10 TO 12,92,Model A,2019,92 years 08 months,700000,10,44,664688.0278186719
2025-07-01,BUKIT BATOK,4 ROOM,439C,BT BATOK WEST AVE 8,13 TO 15,93,Model A,2020,93 years 07 months,705000,13,44,682406.4066978435
2025-07-01,BUKIT BATOK,4 ROOM,440B,BT BATOK WEST AVE 8,13 TO 15,92,Model A,2019,92 years 08 months,680000,13,44,677101.9007746731
2025-07-01,BUKIT BATOK,4 ROOM,464A,BT BATOK WEST AVE 8,07 TO 09,93,Model A,2021,95 years,632000,7,44,662529.3620071748
2025-07-01,BUKIT BATOK,4 ROOM,174,BT BATOK WEST AVE 8,01 TO 03,93,New Generation,1984,58 years 02 months,490000,1,44,515850.8054812622
2025-07-01,BUKIT BATOK,4 ROOM,461A,BT BATOK WEST AVE 8,10 TO 12,93,Model A,2019,93 years 02 months,680000,10,44,672173.9433891984
2025-07-01,BUKIT BATOK,4 ROOM,443B,BT BATOK WEST AVE 8,13 TO 15,92,Model A,2019,92 years 08 months,700000,13,44,677101.9007746731
2025-07-01,BUKIT BATOK,4 ROOM,439B,BT BATOK WEST AVE 8,10 TO 12,93,Model A,2020,93 years 07 months,670000,10,44,672173.9433891984
2025-07-01,BUKIT BATOK,4 ROOM,439B,BT BATOK WEST AVE 8,07 TO 09,93,Model A,2020,93 years 07 months,700000,7,44,662529.3620071748
2025-08-01,BUKIT BATOK,4 ROOM,439C,BT BATOK WEST AVE 8,10 TO 12,93,Model A,2020,93 years 07 months,690000,10,44,672173.9433891984
2025-08-01,BUKIT BATOK,4 ROOM,443A,BT BATOK WEST AVE 8,07 TO 09,92,Model A,2019,92 years 08 months,670000,7,44,655555.2063104375
2025-08-01,BUKIT BATOK,4 ROOM,445A,BT BATOK WEST AVE 8,19 TO 21,92,Model A,2019,92 years 06 months,730000,19,44,698646.9856389179
2025-08-01,BUKIT BATOK,4 ROOM,439B,BT BATOK WEST AVE 8,01 TO 03,93,Model A,2020,93 years 07 months,620000,1,44,617795.8262493403
2025-08-01,BUKIT BATOK,4 ROOM,165,BT BATOK WEST AVE 8,07 TO 09,104,Model A,1984,58 years 03 months,545888,7,44,583324.2008146605
2025-08-01,BUKIT BATOK,4 ROOM,176,BT BATOK WEST AVE 8,10 TO 12,103,Model A,1984,58 years 04 months,518888,10,44,586215.0010510351
2025-08-01,BUKIT BATOK,4 ROOM,176,BT BATOK WEST AVE 8,07 TO 09,104,Model A,1984,58 years 05 months,515000,7,44,583324.2008146605
2025-08-01,BUKIT BATOK,4 ROOM,443A,BT BATOK WEST AVE 8,04 TO 06,92,Model A,2019,92 years 07 months,636888,4,44,641748.2528983488
2025-08-01,BUKIT BATOK,4 ROOM,442A,BT BATOK WEST AVE 8,01 TO 03,92,Model A,2019,92 years 07 months,570000,1,44,621202.8393690247
2025-08-01,BUKIT BATOK,4 ROOM,464A,BT BATOK WEST AVE 8,07 TO 09,93,Model A,2021,94 years 11 months,650000,7,44,662529.3620071748
2025-08-01,BUKIT BATOK,4 ROOM,442A,BT BATOK WEST AVE 8,10 TO 12,92,Model A,2019,92 years 07 months,670000,10,44,664688.0278186719
2025-08-01,BUKIT BATOK,4 ROOM,165,BT BATOK WEST AVE 8,04 TO 06,104,Model A,1984,58 years 02 months,543888,4,44,573455.8144515512
2025-08-01,BUKIT BATOK,4 ROOM,464A,BT BATOK WEST AVE 8,01 TO 03,93,Model A,2021,94 years 11 months,640000,1,44,617795.8262493403
2025-08-01,BUKIT BATOK,4 ROOM,445A,BT BATOK WEST AVE 8,07 TO 09,92,Model A,2019,92 years 05 months,700888,7,44,655555.2063104375
2025-08-01,BUKIT BATOK,4 ROOM,464A,BT BATOK WEST AVE 8,04 TO 06,93,Model A,2021,94 years 11 months,630000,4,44,636901.1513921872
2025-08-01,BUKIT BATOK,4 ROOM,438A,BT BATOK WEST AVE 8,10 TO 12,93,Model A,2020,93 years 06 months,705000,10,44,672173.9433891984
2025-08-01,BUKIT BATOK,4 ROOM,464A,BT BATOK WEST AVE 8,07 TO 09,93,Model A,2021,94 years 11 months,695000,7,44,662529.3620071748
2025-08-01,BUKIT BATOK,4 ROOM,438B,BT BATOK WEST AVE 8,04 TO 06,93,Model A,2020,93 years 06 months,645000,4,44,636901.1513921872
2025-09-01,BUKIT BATOK,4 ROOM,439A,BT BATOK WEST AVE 8,13 TO 15,93,Model A,2020,93 years 06 months,688000,13,44,682406.4066978435
2025-09-01,BUKIT BATOK,4 ROOM,165,BT BATOK WEST AVE 8,07 TO 09,104,Model A,1984,58 years 02 months,555000,7,44,583324.2008146605
2025-09-01,BUKIT BATOK,4 ROOM,439A,BT BATOK WEST AVE 8,07 TO 09,93,Model A,2020,93 years 06 months,683000,7,44,662529.3620071748
2025-09-01,BUKIT BATOK,4 ROOM,441B,BT BATOK WEST AVE 8,10 TO 12,92,Model A,2019,92 years 07 months,685000,10,44,664688.0278186719
2025-09-01,BUKIT BATOK,4 ROOM,464B,BT BATOK WEST AVE 8,13 TO 15,93,Model A,2021,94 years 11 months,682000,13,44,682406.4066978435
2025-09-01,BUKIT BATOK,4 ROOM,461A,BT BATOK WEST AVE 8,16 TO 18,93,Model A,2019,93 years,695000,16,44,700081.0524862319
2025-09-01,BUKIT BATOK,4 ROOM,464A,BT BATOK WEST AVE 8,07 TO 09,93,Model A,2021,94 years 10 months,650000,7,44,662529.3620071748
2025-09-01,BUKIT BATOK,4 ROOM,464B,BT BATOK WEST AVE 8,01 TO 03,93,Model A,2021,94 years 10 months,622000,1,44,617795.8262493403
2025-09-01,BUKIT BATOK,4 ROOM,464B,BT BATOK WEST AVE 8,16 TO 18,93,Model A,2021,94 years 10 months,720000,16,44,700081.0524862319
2025-09-01,BUKIT BATOK,4 ROOM,441A,BT BATOK WEST AVE 8,10 TO 12,92,Model A,2019,92 years 07 months,680000,10,44,664688.0278186719
2025-09-01,BUKIT BATOK,4 ROOM,464A,BT BATOK WEST AVE 8,10 TO 12,93,Model A,2021,94 years 10 months,700000,10,44,672173.9433891984
2025-09-01,BUKIT BATOK,4 ROOM,443D,BT BATOK WEST AVE 8,13 TO 15,92,Model A,2019,92 years 06 months,703000,13,44,677101.9007746731
2025-09-01,BUKIT BATOK,4 ROOM,445A,BT BATOK WEST AVE 8,04 TO 06,92,Model A,2019,92 years 05 months,675000,4,44,641748.2528983488
2025-09-01,BUKIT BATOK,4 ROOM,438A,BT BATOK WEST AVE 8,07 TO 09,93,Model A,2020,93 years 05 months,690000,7,44,662529.3620071748
2025-07-01,BUKIT BATOK,4 ROOM,449B,BT BATOK WEST AVE 9,10 TO 12,93,Model A,2019,92 years 09 months,712000,10,44,672173.9433891984
2025-07-01,BUKIT BATOK,4 ROOM,449B,BT BATOK WEST AVE 9,01 TO 03,93,Model A,2019,92 years 08 months,600000,1,44,617795.8262493403
2025-08-01,BUKIT BATOK,4 ROOM,460C,BT BATOK WEST AVE 9,10 TO 12,93,Model A,2020,93 years 10 months,685000,10,44,672173.9433891984
2025-08-01,BUKIT BATOK,4 ROOM,449B,BT BATOK WEST AVE 9,10 TO 12,93,Model A,2019,92 years 08 months,688000,10,44,672173.9433891984
2025-09-01,BUKIT BATOK,4 ROOM,449B,BT BATOK WEST AVE 9,10 TO 12,93,Model A,2019,92 years 07 months,718000,10,44,672173.9433891984
2025-09-01,BUKIT BATOK,4 ROOM,460C,BT BATOK WEST AVE 9,04 TO 06,93,Model A,2020,93 years 09 months,645000,4,44,636901.1513921872
2025-09-01,BUKIT BATOK,4 ROOM,449A,BT BATOK WEST AVE 9,07 TO 09,93,Model A,2019,92 years 07 months,682888,7,44,662529.3620071748
2025-09-01,BUKIT BATOK,4 ROOM,448C,BT BATOK WEST AVE 9,16 TO 18,93,Model A,2019,92 years 06 months,715000,16,44,700081.0524862319
2025-09-01,BUKIT BATOK,4 ROOM,460D,BT BATOK WEST AVE 9,10 TO 12,93,Model A,2020,93 years 08 months,688000,10,44,672173.9433891984
2025-08-01,BUKIT BATOK,5 ROOM,626,BT BATOK CTRL,07 TO 09,119,Improved,1997,70 years 11 months,850000,7,44,739001.1970611635
2025-08-01,BUKIT BATOK,5 ROOM,621,BT BATOK CTRL,19 TO 21,110,Improved,2003,77 years 03 months,868000,19,44,772241.8453763503
2025-07-01,BUKIT BATOK,5 ROOM,243,BT BATOK EAST AVE 5,04 TO 06,121,Improved,1985,58 years 09 months,655000,4,44,670590.0204963777
2025-09-01,BUKIT BATOK,5 ROOM,292C,BT BATOK EAST AVE 6,34 TO 36,113,Improved,2019,92 years 05 months,972000,34,44,963574.1910513678
2025-09-01,BUKIT BATOK,5 ROOM,292C,BT BATOK EAST AVE 6,01 TO 03,113,Improved,2019,92 years 05 months,750000,1,44,745823.2241886143
2025-07-01,BUKIT BATOK,5 ROOM,203,BT BATOK ST 21,13 TO 15,149,Model A,1985,59 years,850000,13,44,823111.5487135157
2025-08-01,BUKIT BATOK,5 ROOM,293A,BT BATOK ST 21,01 TO 03,113,Improved,2019,92 years 06 months,800000,1,44,745823.2241886143
2025-08-01,BUKIT BATOK,5 ROOM,293A,BT BATOK ST 21,04 TO 06,113,Improved,2019,92 years 06 months,750000,4,44,795491.520045841
2025-08-01,BUKIT BATOK,5 ROOM,293A,BT BATOK ST 21,25 TO 27,113,Improved,2019,92 years 05 months,941800,25,44,912255.143681087
2025-08-01,BUKIT BATOK,5 ROOM,293C,BT BATOK ST 21,37 TO 39,113,Improved,2019,92 years 05 months,1006000,37,44,962716.9976564959
2025-09-01,BUKIT BATOK,5 ROOM,293B,BT BATOK ST 21,28 TO 30,113,Improved,2019,92 years 04 months,940000,28,44,930331.1901612139
2025-07-01,BUKIT BATOK,5 ROOM,296C,BT BATOK ST 22,28 TO 30,115,Premium Apartment,2018,91 years 09 months,1008888,28,44,946904.0703382752
2025-07-01,BUKIT BATOK,5 ROOM,296A,BT BATOK ST 22,07 TO 09,115,Premium Apartment,2018,91 years 08 months,908001,7,44,806338.6774763685
2025-07-01,BUKIT BATOK,5 ROOM,296C,BT BATOK ST 22,19 TO 21,115,Premium Apartment,2018,91 years 08 months,985000,19,44,912002.858324487
2025-07-01,BUKIT BATOK,5 ROOM,296C,BT BATOK ST 22,13 TO 15,115,Premium Apartment,2018,91 years 08 months,980000,13,44,837253.4048091965
2025-09-01,BUKIT BATOK,5 ROOM,296C,BT BATOK ST 22,16 TO 18,113,Premium Apartment,2018,91 years 07 months,965000,16,44,873486.3973480896
2025-09-01,BUKIT BATOK,5 ROOM,296A,BT BATOK ST 22,13 TO 15,113,Premium Apartment,2018,91 years 06 months,839888,13,44,861135.1376451324
2025-07-01,BUKIT BATOK,5 ROOM,290A,BT BATOK ST 24,19 TO 21,121,Improved,1998,71 years 08 months,730000,19,44,806248.5380860025
2025-07-01,BUKIT BATOK,5 ROOM,289A,BT BATOK ST 25,04 TO 06,122,Improved,1997,71 years 06 months,720000,4,44,667870.3508068586
2025-09-01,BUKIT BATOK,5 ROOM,331,BT BATOK ST 33,07 TO 09,122,Improved,1986,60 years 02 months,650000,7,44,678984.4426052296
2025-07-01,BUKIT BATOK,5 ROOM,348,BT BATOK ST 34,04 TO 06,122,Improved,1987,60 years 08 months,618000,4,44,667870.3508068586
2025-09-01,BUKIT BATOK,5 ROOM,348,BT BATOK ST 34,13 TO 15,122,Improved,1987,60 years 05 months,650000,13,44,764774.7345938624
2025-07-01,BUKIT BATOK,5 ROOM,463A,BT BATOK ST 41,01 TO 03,113,Improved,2021,95 years 01 month,780000,1,44,745823.2241886143
2025-08-01,BUKIT BATOK,5 ROOM,463B,BT BATOK ST 41,04 TO 06,113,Improved,2021,95 years,800000,4,44,795491.520045841
2025-08-01,BUKIT BATOK,5 ROOM,463B,BT BATOK ST 41,04 TO 06,113,Improved,2021,94 years 11 months,828000,4,44,795491.520045841
2025-08-01,BUKIT BATOK,5 ROOM,463B,BT BATOK ST 41,01 TO 03,113,Improved,2021,95 years,710000,1,44,745823.2241886143
2025-09-01,BUKIT BATOK,5 ROOM,463B,BT BATOK ST 41,01 TO 03,113,Improved,2021,94 years 11 months,710000,1,44,745823.2241886143
2025-09-01,BUKIT BATOK,5 ROOM,463A,BT BATOK ST 41,07 TO 09,113,Improved,2021,94 years 11 months,770000,7,44,805475.4032823268
2025-09-01,BUKIT BATOK,5 ROOM,463A,BT BATOK ST 41,01 TO 03,113,Improved,2021,94 years 11 months,739888,1,44,745823.2241886143
2025-09-01,BUKIT BATOK,5 ROOM,463A,BT BATOK ST 41,16 TO 18,113,Improved,2021,94 years 10 months,880000,16,44,859315.0085758874
2025-07-01,BUKIT BATOK,5 ROOM,531,BT BATOK ST 51,07 TO 09,122,Improved,1986,60 years 03 months,670888,7,44,678984.4426052296
2025-08-01,BUKIT BATOK,5 ROOM,532,BT BATOK ST 51,13 TO 15,122,Improved,1986,60 years 05 months,750000,13,44,764774.7345938624
2025-09-01,BUKIT BATOK,5 ROOM,514,BT BATOK ST 52,07 TO 09,122,Improved,1986,60 years 02 months,663000,7,44,678984.4426052296
2025-08-01,BUKIT PANJANG,2 ROOM,488,SEGAR RD,10 TO 12,47,Model A,2014,88 years 05 months,368000,10,44,371236.6548568646
2025-07-01,BUKIT BATOK,5 ROOM,437A,BT BATOK WEST AVE 5,04 TO 06,113,Improved,2020,93 years 07 months,790000,4,44,795491.520045841
2025-08-01,BUKIT BATOK,5 ROOM,387,BT BATOK WEST AVE 5,19 TO 21,118,Improved,2004,78 years 04 months,710000,19,44,802406.0119226845
2025-09-01,BUKIT BATOK,5 ROOM,437A,BT BATOK WEST AVE 5,01 TO 03,113,Improved,2020,93 years 06 months,733000,1,44,745823.2241886143
2025-09-01,BUKIT BATOK,5 ROOM,389,BT BATOK WEST AVE 5,10 TO 12,110,Improved,2005,78 years 05 months,650000,10,44,690152.2147528959
2025-07-01,BUKIT BATOK,5 ROOM,115,BT BATOK WEST AVE 6,25 TO 27,132,Model A,1985,58 years 09 months,818000,25,44,849761.9944100163
2025-07-01,BUKIT BATOK,5 ROOM,453A,BT BATOK WEST AVE 6,13 TO 15,115,Improved,2019,92 years 08 months,880000,13,44,787916.1051605266
2025-07-01,BUKIT BATOK,5 ROOM,453B,BT BATOK WEST AVE 6,10 TO 12,115,Improved,2019,92 years 08 months,836000,10,44,769962.8542556918
2025-07-01,BUKIT BATOK,5 ROOM,194B,BT BATOK WEST AVE 6,10 TO 12,115,Premium Apartment,2017,91 years,928000,10,44,815782.8347252137
2025-07-01,BUKIT BATOK,5 ROOM,450B,BT BATOK WEST AVE 6,07 TO 09,115,Improved,2019,92 years 08 months,830000,7,44,763950.4556782326
2025-07-01,BUKIT BATOK,5 ROOM,451B,BT BATOK WEST AVE 6,19 TO 21,115,Improved,2019,92 years 08 months,838000,19,44,826523.0986571976
2025-08-01,BUKIT BATOK,5 ROOM,111,BT BATOK WEST AVE 6,04 TO 06,132,Model A,1985,58 years 08 months,775000,4,44,725383.430953613
2025-08-01,BUKIT BATOK,5 ROOM,117,BT BATOK WEST AVE 6,16 TO 18,132,Model A,1985,58 years 06 months,775000,16,44,819250.8427840029
2025-08-01,BUKIT BATOK,5 ROOM,450C,BT BATOK WEST AVE 6,04 TO 06,113,Improved,2019,92 years 07 months,780000,4,44,795491.520045841
2025-08-01,BUKIT BATOK,5 ROOM,450C,BT BATOK WEST AVE 6,10 TO 12,113,Improved,2019,92 years 08 months,835000,10,44,827129.9683022808
2025-08-01,BUKIT BATOK,5 ROOM,450B,BT BATOK WEST AVE 6,13 TO 15,113,Improved,2019,92 years 07 months,860000,13,44,846524.5020763711
2025-09-01,BUKIT BATOK,5 ROOM,451B,BT BATOK WEST AVE 6,13 TO 15,113,Improved,2019,92 years 07 months,823888,13,44,846524.5020763711
2025-09-01,BUKIT BATOK,5 ROOM,101,BT BATOK WEST AVE 6,10 TO 12,150,Model A,1985,58 years 10 months,810000,10,44,822899.0362358206
2025-09-01,BUKIT BATOK,5 ROOM,451B,BT BATOK WEST AVE 6,10 TO 12,113,Improved,2019,92 years 07 months,825000,10,44,827129.9683022808
2025-09-01,BUKIT BATOK,5 ROOM,102,BT BATOK WEST AVE 6,10 TO 12,150,Model A,1985,58 years 10 months,800000,10,44,822899.0362358206
2025-07-01,BUKIT BATOK,5 ROOM,461C,BT BATOK WEST AVE 8,04 TO 06,121,3Gen,2019,93 years 03 months,840000,4,44,739056.7323148454
2025-07-01,BUKIT BATOK,5 ROOM,442A,BT BATOK WEST AVE 8,04 TO 06,112,Improved,2019,92 years 09 months,800000,4,44,796281.7060977655
2025-07-01,BUKIT BATOK,5 ROOM,443C,BT BATOK WEST AVE 8,04 TO 06,112,Improved,2019,92 years 09 months,750000,4,44,796281.7060977655
2025-07-01,BUKIT BATOK,5 ROOM,445A,BT BATOK WEST AVE 8,13 TO 15,112,Improved,2019,92 years 06 months,860000,13,44,834392.5281376096
2025-07-01,BUKIT BATOK,5 ROOM,440D,BT BATOK WEST AVE 8,10 TO 12,112,Improved,2019,92 years 08 months,840000,10,44,821749.1187604179
2025-07-01,BUKIT BATOK,5 ROOM,464A,BT BATOK WEST AVE 8,04 TO 06,113,Improved,2021,95 years,780000,4,44,795491.520045841
2025-07-01,BUKIT BATOK,5 ROOM,440C,BT BATOK WEST AVE 8,07 TO 09,112,Improved,2019,92 years 08 months,810000,7,44,795725.9071633071
2025-07-01,BUKIT BATOK,5 ROOM,446A,BT BATOK WEST AVE 8,04 TO 06,112,Improved,2019,92 years 06 months,820000,4,44,796281.7060977655
2025-07-01,BUKIT BATOK,5 ROOM,461B,BT BATOK WEST AVE 8,13 TO 15,114,Improved,2019,93 years 02 months,865000,13,44,814334.4876298014
2025-08-01,BUKIT BATOK,5 ROOM,446A,BT BATOK WEST AVE 8,10 TO 12,112,Improved,2019,92 years 05 months,825000,10,44,821749.1187604179
2025-08-01,BUKIT BATOK,5 ROOM,171,BT BATOK WEST AVE 8,01 TO 03,134,Model A,1985,58 years 08 months,720000,1,44,716877.0029186476
2025-08-01,BUKIT BATOK,5 ROOM,443C,BT BATOK WEST AVE 8,13 TO 15,112,Improved,2019,92 years 07 months,825000,13,44,834392.5281376096
2025-09-01,BUKIT BATOK,5 ROOM,439C,BT BATOK WEST AVE 8,07 TO 09,113,Improved,2020,93 years 06 months,765000,7,44,805475.4032823268
2025-09-01,BUKIT BATOK,5 ROOM,464A,BT BATOK WEST AVE 8,01 TO 03,113,Improved,2021,94 years 10 months,700000,1,44,745823.2241886143
2025-09-01,BUKIT BATOK,5 ROOM,464A,BT BATOK WEST AVE 8,01 TO 03,113,Improved,2021,94 years 10 months,710000,1,44,745823.2241886143
2025-09-01,BUKIT BATOK,5 ROOM,464A,BT BATOK WEST AVE 8,10 TO 12,113,Improved,2021,94 years 10 months,825000,10,44,827129.9683022808
2025-09-01,BUKIT BATOK,5 ROOM,464A,BT BATOK WEST AVE 8,16 TO 18,113,Improved,2021,94 years 10 months,888000,16,44,859315.0085758874
2025-09-01,BUKIT BATOK,5 ROOM,461A,BT BATOK WEST AVE 8,13 TO 15,114,Improved,2019,93 years,822888,13,44,814334.4876298014
2025-09-01,BUKIT BATOK,5 ROOM,461D,BT BATOK WEST AVE 8,01 TO 03,114,Improved,2019,93 years,758000,1,44,733411.7987689463
2025-09-01,BUKIT BATOK,5 ROOM,464A,BT BATOK WEST AVE 8,01 TO 03,113,Improved,2021,94 years 10 months,773000,1,44,745823.2241886143
2025-07-01,BUKIT BATOK,EXECUTIVE,125,BT BATOK CTRL,01 TO 03,150,Maisonette,1985,59 years 01 month,850000,1,44,837165.9931726054
2025-08-01,BUKIT BATOK,EXECUTIVE,121,BT BATOK CTRL,04 TO 06,155,Maisonette,1985,58 years 09 months,925000,4,44,890123.4148399701
2025-08-01,BUKIT BATOK,EXECUTIVE,627,BT BATOK CTRL,07 TO 09,140,Apartment,1997,71 years 01 month,955888,7,44,877632.4189232977
2025-09-01,BUKIT BATOK,EXECUTIVE,627,BT BATOK CTRL,13 TO 15,144,Apartment,1997,71 years,1018888,13,44,939474.8876268029
2025-09-01,BUKIT BATOK,EXECUTIVE,120,BT BATOK CTRL,04 TO 06,155,Maisonette,1985,58 years 08 months,936888,4,44,890123.4148399701
2025-08-01,BUKIT BATOK,EXECUTIVE,223,BT BATOK EAST AVE 3,04 TO 06,149,Maisonette,1985,58 years 11 months,830000,4,44,866426.0624797711
2025-08-01,BUKIT BATOK,EXECUTIVE,290C,BT BATOK EAST AVE 3,13 TO 15,141,Apartment,1997,71 years 03 months,850000,13,44,886742.1634831283
2025-09-01,BUKIT BATOK,EXECUTIVE,290C,BT BATOK EAST AVE 3,13 TO 15,141,Apartment,1997,71 years 03 months,936000,13,44,886742.1634831283
2025-09-01,BUKIT BATOK,EXECUTIVE,221,BT BATOK EAST AVE 3,07 TO 09,149,Maisonette,1985,58 years 09 months,855000,7,44,882171.2770723455
2025-07-01,BUKIT BATOK,EXECUTIVE,140,BT BATOK ST 11,10 TO 12,148,Apartment,1984,58 years 05 months,888000,10,44,906315.526480652
2025-07-01,BUKIT BATOK,EXECUTIVE,140,BT BATOK ST 11,10 TO 12,150,Maisonette,1984,58 years 05 months,940000,10,44,893648.9355156168
2025-08-01,BUKIT BATOK,EXECUTIVE,141,BT BATOK ST 11,10 TO 12,155,Maisonette,1984,58 years 04 months,880000,10,44,920631.8162544896
2025-09-01,BUKIT BATOK,EXECUTIVE,141,BT BATOK ST 11,13 TO 15,155,Maisonette,1984,58 years 03 months,988000,13,44,930303.3812434706
2025-08-01,BUKIT BATOK,EXECUTIVE,218,BT BATOK ST 21,01 TO 03,141,Apartment,1985,58 years 09 months,750000,1,44,828214.490454534
2025-09-01,BUKIT BATOK,EXECUTIVE,218,BT BATOK ST 21,01 TO 03,149,Maisonette,1985,58 years 08 months,790000,1,44,828779.1950177382
2025-07-01,BUKIT BATOK,EXECUTIVE,289A,BT BATOK ST 25,16 TO 18,144,Apartment,1997,71 years 06 months,1038000,16,44,941472.6645728365
2025-09-01,BUKIT BATOK,EXECUTIVE,366,BT BATOK ST 31,10 TO 12,146,Maisonette,1986,59 years 06 months,840000,10,44,881102.903109925
2025-07-01,BUKIT BATOK,EXECUTIVE,330,BT BATOK ST 33,04 TO 06,146,Maisonette,1986,60 years 02 months,890000,4,44,861992.2393098973
2025-09-01,BUKIT BATOK,EXECUTIVE,330,BT BATOK ST 33,10 TO 12,152,Maisonette,1986,60 years 01 month,888888,10,44,908002.8867228125
2025-09-01,BUKIT BATOK,EXECUTIVE,330,BT BATOK ST 33,16 TO 18,143,Apartment,1986,60 years 01 month,915000,16,44,920092.357396656
2025-09-01,BUKIT BATOK,EXECUTIVE,353,BT BATOK ST 34,01 TO 03,154,Maisonette,1986,59 years 08 months,840000,1,44,846521.2446251602
2025-07-01,BUKIT BATOK,EXECUTIVE,512,BT BATOK ST 52,04 TO 06,146,Maisonette,1987,60 years 10 months,765000,4,44,861992.2393098973
2025-07-01,BUKIT BATOK,EXECUTIVE,542,BT BATOK ST 52,07 TO 09,146,Maisonette,1986,60 years 05 months,850000,7,44,877167.8622156074
2025-08-01,BUKIT BATOK,EXECUTIVE,535,BT BATOK ST 52,01 TO 03,150,Apartment,1987,60 years 06 months,828000,1,44,857842.5440182752
2025-08-01,BUKIT BATOK,EXECUTIVE,512,BT BATOK ST 52,01 TO 03,146,Maisonette,1987,60 years 08 months,798888,1,44,827556.6999035681
2025-08-01,BUKIT BATOK,EXECUTIVE,405,BT BATOK WEST AVE 7,10 TO 12,150,Apartment,1993,66 years 08 months,839800,10,44,909279.1157583814
2025-08-01,BUKIT MERAH,1 ROOM,7,TELOK BLANGAH CRES,04 TO 06,31,Improved,1975,48 years 07 months,270000,4,44,267771.96798155695
2025-07-01,BUKIT MERAH,2 ROOM,32,JLN BT HO SWEE,01 TO 03,48,Standard,1971,44 years 07 months,356000,1,44,321153.4137561018
2025-08-01,BUKIT MERAH,2 ROOM,20,JLN KLINIK,01 TO 03,48,Standard,1971,44 years 05 months,290000,1,44,321153.4137561018
2025-07-01,BUKIT MERAH,2 ROOM,45,TELOK BLANGAH DR,10 TO 12,45,Improved,1976,49 years 06 months,381000,10,44,326055.6294269337
2025-07-01,BUKIT MERAH,3 ROOM,38,BEO CRES,04 TO 06,59,Standard,1971,44 years 07 months,380000,4,44,385331.3965524083
2025-07-01,BUKIT MERAH,3 ROOM,119,BT MERAH VIEW,07 TO 09,65,Improved,1983,56 years 07 months,440000,7,44,401836.1044505344
2025-07-01,BUKIT MERAH,3 ROOM,129,BT MERAH VIEW,19 TO 21,65,Improved,1973,47 years,445000,19,44,433940.7432803373
2025-07-01,BUKIT MERAH,3 ROOM,129,BT MERAH VIEW,04 TO 06,65,Improved,1973,47 years,405000,4,44,388814.7880844172
2025-08-01,BUKIT MERAH,3 ROOM,119,BT MERAH VIEW,07 TO 09,65,Improved,1983,56 years 06 months,430000,7,44,401836.1044505344
2025-07-01,BUKIT MERAH,3 ROOM,102,BT PURMEI RD,07 TO 09,73,Model A,1984,57 years 10 months,516000,7,44,572283.865608701
2025-07-01,BUKIT MERAH,3 ROOM,112,BT PURMEI RD,07 TO 09,76,Model A,1985,58 years 09 months,568000,7,44,557073.9692666454
2025-08-01,BUKIT MERAH,3 ROOM,110,BT PURMEI RD,10 TO 12,74,Model A,1984,58 years 02 months,548000,10,44,559995.1514594929
2025-08-01,BUKIT MERAH,3 ROOM,109,BT PURMEI RD,10 TO 12,74,Model A,1984,58 years,528000,10,44,559995.1514594929
2025-09-01,BUKIT MERAH,3 ROOM,13,CANTONMENT CL,28 TO 30,60,Model A,2003,76 years 05 months,738000,28,44,749389.4135089634
2025-07-01,BUKIT MERAH,3 ROOM,110A,DEPOT RD,07 TO 09,67,Model A,2017,91 years 04 months,638000,7,44,683462.5648705186
2025-09-01,BUKIT MERAH,3 ROOM,105A,DEPOT RD,07 TO 09,67,Model A,2017,91 years 03 months,680000,7,44,683462.5648705186
2025-09-01,BUKIT MERAH,3 ROOM,110A,DEPOT RD,19 TO 21,67,Model A,2017,91 years 02 months,700000,19,44,703541.2857907002
2025-07-01,BUKIT MERAH,3 ROOM,7,EVERTON PK,10 TO 12,84,New Generation,1980,54 years 05 months,628000,10,44,547035.214288857
2025-07-01,BUKIT MERAH,3 ROOM,6,EVERTON PK,01 TO 03,72,New Generation,1980,54 years 04 months,530000,1,44,443467.1921493378
2025-07-01,BUKIT MERAH,3 ROOM,7,EVERTON PK,10 TO 12,84,New Generation,1980,54 years 04 months,620000,10,44,547035.214288857
2025-08-01,BUKIT MERAH,3 ROOM,3,EVERTON PK,07 TO 09,82,New Generation,1980,54 years 03 months,650000,7,44,535839.5056692106
2025-09-01,BUKIT MERAH,3 ROOM,6,EVERTON PK,10 TO 12,72,New Generation,1980,54 years 02 months,610000,10,44,490947.15292379865
2025-07-01,BUKIT MERAH,3 ROOM,58,HAVELOCK RD,34 TO 36,69,Model A,2013,86 years 10 months,860000,34,44,789840.5461941028
2025-08-01,BUKIT MERAH,3 ROOM,58,HAVELOCK RD,10 TO 12,69,Model A,2013,86 years 09 months,790000,10,44,717197.0788855382
2025-09-01,BUKIT MERAH,3 ROOM,55,HAVELOCK RD,13 TO 15,69,Model A,2013,86 years 08 months,813600,13,44,724565.0302828057
2025-09-01,BUKIT MERAH,3 ROOM,22,HAVELOCK RD,01 TO 03,64,Standard,1969,42 years 11 months,388000,1,44,400115.1597608997
2025-07-01,BUKIT MERAH,3 ROOM,96B,HENDERSON RD,01 TO 03,68,Model A,2019,92 years 10 months,640000,1,44,668319.489388508
2025-09-01,BUKIT MERAH,3 ROOM,95A,HENDERSON RD,19 TO 21,68,Model A,2019,92 years 09 months,826000,19,44,751747.0915219317
2025-08-01,BUKIT MERAH,3 ROOM,78,INDUS RD,07 TO 09,65,Improved,1982,56 years 01 month,465000,7,44,401836.1044505344
2025-08-01,BUKIT MERAH,3 ROOM,8,JLN BT HO SWEE,01 TO 03,56,Standard,1971,44 years 11 months,360000,1,44,349139.34167240903
2025-07-01,BUKIT MERAH,3 ROOM,137,JLN BT MERAH,01 TO 03,59,Improved,1975,48 years 11 months,360000,1,44,370298.2791196945
2025-07-01,BUKIT MERAH,3 ROOM,136,JLN BT MERAH,01 TO 03,59,Improved,1975,48 years 10 months,320000,1,44,370298.2791196945
2025-07-01,BUKIT MERAH,3 ROOM,133,JLN BT MERAH,04 TO 06,68,Improved,1983,57 years 01 month,438888,4,44,417748.37661569566
2025-07-01,BUKIT MERAH,3 ROOM,141,JLN BT MERAH,10 TO 12,67,New Generation,1979,52 years 07 months,388000,10,44,447977.3607296433
2025-07-01,BUKIT MERAH,3 ROOM,137,JLN BT MERAH,07 TO 09,70,Improved,1975,48 years 10 months,405000,7,44,429476.1762454659
2025-08-01,BUKIT MERAH,3 ROOM,28,JLN BT MERAH,10 TO 12,60,Standard,1967,40 years 11 months,343888,10,44,382187.17111162865
2025-08-01,BUKIT MERAH,3 ROOM,107,JLN BT MERAH,07 TO 09,63,Standard,1970,43 years 05 months,372000,7,44,397871.6417154758
2025-08-01,BUKIT MERAH,3 ROOM,141,JLN BT MERAH,01 TO 03,67,New Generation,1979,52 years 05 months,360000,1,44,423406.28399955865
2025-09-01,BUKIT MERAH,3 ROOM,141,JLN BT MERAH,04 TO 06,67,New Generation,1979,52 years 05 months,382000,4,44,435490.1091053552
2025-09-01,BUKIT MERAH,3 ROOM,142,JLN BT MERAH,07 TO 09,67,New Generation,1979,52 years 04 months,430888,7,44,449755.1137594095
2025-09-01,BUKIT MERAH,3 ROOM,28,JLN BT MERAH,10 TO 12,60,Standard,1967,40 years 09 months,350000,10,44,382187.17111162865
2025-09-01,BUKIT MERAH,3 ROOM,28,JLN BT MERAH,07 TO 09,60,Standard,1967,40 years 09 months,330000,7,44,384874.3185142337
2025-09-01,BUKIT MERAH,3 ROOM,132,JLN BT MERAH,04 TO 06,59,Improved,1975,48 years 08 months,300000,4,44,370497.08230852085
2025-08-01,BUKIT MERAH,3 ROOM,28,JLN KLINIK,10 TO 12,58,Standard,1969,43 years,415000,10,44,362865.0591020797
2025-09-01,BUKIT MERAH,3 ROOM,30,JLN KLINIK,04 TO 06,58,Standard,1969,42 years 11 months,405000,4,44,368011.7332947643
2025-09-01,BUKIT MERAH,3 ROOM,26C,JLN MEMBINA,13 TO 15,60,Model A,2009,82 years 04 months,748888,13,44,694671.7636116865
2025-07-01,BUKIT MERAH,3 ROOM,37,JLN RUMAH TINGGI,01 TO 03,53,Standard,1969,43 years,318000,1,44,346388.54461602925
2025-07-01,BUKIT MERAH,3 ROOM,34,KIM CHENG ST,04 TO 06,88,Standard,1973,46 years 07 months,815000,4,44,772806.1742819377
2025-09-01,BUKIT MERAH,3 ROOM,41,KIM CHENG ST,01 TO 03,88,Standard,1973,46 years 05 months,680888,1,44,772022.849416642
2025-07-01,BUKIT MERAH,3 ROOM,127A,KIM TIAN RD,31 TO 33,62,Model A,2013,86 years 08 months,790000,31,44,767433.2719760574
2025-07-01,BUKIT MERAH,3 ROOM,127C,KIM TIAN RD,37 TO 39,62,Model A,2013,86 years 07 months,800000,37,44,780428.1080270273
2025-08-01,BUKIT MERAH,3 ROOM,127C,KIM TIAN RD,22 TO 24,62,Model A,2013,86 years 07 months,750000,22,44,733414.0578203185
2025-08-01,BUKIT MERAH,3 ROOM,127C,KIM TIAN RD,07 TO 09,62,Model A,2013,86 years 06 months,730000,7,44,710157.5902917113
2025-09-01,BUKIT MERAH,3 ROOM,86,REDHILL CL,04 TO 06,59,Improved,1973,46 years 05 months,418000,4,44,370497.08230852085
2025-07-01,BUKIT MERAH,3 ROOM,149,SILAT AVE,13 TO 15,67,New Generation,1982,56 years 06 months,430000,13,44,465955.54079857154
2025-09-01,BUKIT MERAH,3 ROOM,148,SILAT AVE,04 TO 06,67,New Generation,1982,56 years 02 months,458000,4,44,435490.1091053552
2025-07-01,BUKIT MERAH,3 ROOM,22,TELOK BLANGAH CRES,04 TO 06,70,Improved,1975,48 years 11 months,408000,4,44,415940.5785902253
2025-07-01,BUKIT MERAH,3 ROOM,16,TELOK BLANGAH CRES,04 TO 06,65,Improved,1975,48 years 10 months,338000,4,44,388814.7880844172
2025-07-01,BUKIT MERAH,3 ROOM,5,TELOK BLANGAH CRES,07 TO 09,66,Improved,1983,56 years 10 months,420000,7,44,405285.55707486806
2025-07-01,BUKIT MERAH,3 ROOM,20,TELOK BLANGAH CRES,01 TO 03,65,Improved,1975,48 years 09 months,365000,1,44,386296.8113719353
2025-08-01,BUKIT MERAH,3 ROOM,18,TELOK BLANGAH CRES,07 TO 09,76,Improved,1975,48 years 09 months,400000,7,44,444744.7840910947
2025-08-01,BUKIT MERAH,3 ROOM,15,TELOK BLANGAH CRES,13 TO 15,76,Improved,1975,48 years 09 months,500000,13,44,459033.03020825784
2025-08-01,BUKIT MERAH,3 ROOM,1,TELOK BLANGAH CRES,07 TO 09,74,Improved,1983,56 years 09 months,417000,7,44,439872.42179234704
2025-08-01,BUKIT MERAH,3 ROOM,6,TELOK BLANGAH CRES,07 TO 09,65,Improved,1975,48 years 05 months,350000,7,44,401836.1044505344
2025-08-01,BUKIT MERAH,3 ROOM,13,TELOK BLANGAH CRES,01 TO 03,65,Improved,1975,49 years 04 months,335000,1,44,386296.8113719353
2025-08-01,BUKIT MERAH,3 ROOM,16,TELOK BLANGAH CRES,07 TO 09,65,Improved,1975,48 years 08 months,435000,7,44,401836.1044505344
2025-09-01,BUKIT MERAH,3 ROOM,22,TELOK BLANGAH CRES,04 TO 06,59,Improved,1975,48 years 08 months,380000,4,44,370497.08230852085
2025-07-01,BUKIT MERAH,3 ROOM,64,TELOK BLANGAH DR,01 TO 03,82,New Generation,1978,52 years,490000,1,44,503913.67021346686
2025-07-01,BUKIT MERAH,3 ROOM,44,TELOK BLANGAH DR,07 TO 09,65,Improved,1976,49 years 06 months,430000,7,44,401836.1044505344
2025-07-01,BUKIT MERAH,3 ROOM,47,TELOK BLANGAH DR,01 TO 03,65,Improved,1976,49 years 06 months,400888,1,44,386296.8113719353
2025-07-01,BUKIT MERAH,3 ROOM,46,TELOK BLANGAH DR,01 TO 03,76,Improved,1976,49 years 06 months,410000,1,44,429298.42782066774
2025-08-01,BUKIT MERAH,3 ROOM,65,TELOK BLANGAH DR,04 TO 06,67,New Generation,1978,51 years 11 months,445000,4,44,435490.1091053552
2025-08-01,BUKIT MERAH,3 ROOM,55,TELOK BLANGAH DR,07 TO 09,88,New Generation,1978,51 years 06 months,472000,7,44,613252.7224480126
2025-09-01,BUKIT MERAH,3 ROOM,75,TELOK BLANGAH DR,01 TO 03,67,New Generation,1978,51 years 05 months,417000,1,44,423406.28399955865
2025-09-01,BUKIT MERAH,3 ROOM,64,TELOK BLANGAH DR,07 TO 09,67,New Generation,1978,51 years 11 months,473000,7,44,449755.1137594095
2025-09-01,BUKIT MERAH,3 ROOM,64,TELOK BLANGAH DR,10 TO 12,82,New Generation,1978,51 years 11 months,495000,10,44,531750.3207766261
2025-09-01,BUKIT MERAH,3 ROOM,44,TELOK BLANGAH DR,07 TO 09,65,Improved,1976,49 years 04 months,415000,7,44,401836.1044505344
2025-07-01,BUKIT MERAH,3 ROOM,60,TELOK BLANGAH HTS,07 TO 09,67,New Generation,1976,50 years 03 months,438000,7,44,449755.1137594095
2025-07-01,BUKIT MERAH,3 ROOM,70B,TELOK BLANGAH HTS,19 TO 21,68,Model A,2017,90 years 11 months,775000,19,44,751747.0915219317
2025-09-01,BUKIT MERAH,3 ROOM,63,TELOK BLANGAH HTS,07 TO 09,73,New Generation,1976,50 years 01 month,438000,7,44,460889.4451446559
2025-09-01,BUKIT MERAH,3 ROOM,63,TELOK BLANGAH HTS,10 TO 12,73,New Generation,1976,50 years,450000,10,44,463697.77827161393
2025-07-01,BUKIT MERAH,3 ROOM,43,TELOK BLANGAH RISE,10 TO 12,70,Improved,1976,49 years 10 months,420000,10,44,438837.42397323047
2025-07-01,BUKIT MERAH,3 ROOM,42,TELOK BLANGAH RISE,01 TO 03,59,Improved,1976,49 years 09 months,380000,1,44,370298.2791196945
2025-08-01,BUKIT MERAH,3 ROOM,42,TELOK BLANGAH RISE,13 TO 15,59,Improved,1976,49 years 09 months,388000,13,44,389667.871941828
2025-08-01,BUKIT MERAH,3 ROOM,42,TELOK BLANGAH RISE,01 TO 03,70,Improved,1976,49 years 09 months,383000,1,44,395997.72102756135
2025-09-01,BUKIT MERAH,3 ROOM,30,TELOK BLANGAH RISE,01 TO 03,59,Improved,1976,49 years 08 months,351000,1,44,370298.2791196945
2025-07-01,BUKIT MERAH,3 ROOM,90A,TELOK BLANGAH ST 31,25 TO 27,68,Model A,2018,92 years 06 months,777777,25,44,780552.1021966505
2025-07-01,BUKIT MERAH,3 ROOM,93A,TELOK BLANGAH ST 31,07 TO 09,68,Model A,2018,92 years 06 months,685999,7,44,715699.2846897545
2025-07-01,BUKIT MERAH,3 ROOM,91A,TELOK BLANGAH ST 31,19 TO 21,68,Model A,2018,92 years 06 months,770000,19,44,751747.0915219317
2025-07-01,BUKIT MERAH,3 ROOM,80C,TELOK BLANGAH ST 31,16 TO 18,68,Premium Apartment,2013,87 years 01 month,760000,16,44,749205.9393068673
2025-07-01,BUKIT MERAH,3 ROOM,93B,TELOK BLANGAH ST 31,01 TO 03,68,Model A,2018,92 years 05 months,635000,1,44,668319.489388508
2025-07-01,BUKIT MERAH,3 ROOM,91A,TELOK BLANGAH ST 31,28 TO 30,68,Model A,2018,92 years 05 months,770000,28,44,786484.3926041143
2025-08-01,BUKIT MERAH,3 ROOM,80C,TELOK BLANGAH ST 31,19 TO 21,68,Premium Apartment,2013,87 years,760000,19,44,753612.3491576131
2025-08-01,BUKIT MERAH,3 ROOM,91A,TELOK BLANGAH ST 31,04 TO 06,68,Model A,2018,92 years 04 months,685000,4,44,685679.1168634256
2025-09-01,BUKIT MERAH,3 ROOM,80B,TELOK BLANGAH ST 31,16 TO 18,67,Premium Apartment,2013,87 years,799000,16,44,732687.1942992518
2025-07-01,BUKIT MERAH,4 ROOM,10B,BOON TIONG RD,19 TO 21,87,Model A,2016,89 years 07 months,1190000,19,44,1039016.786422302
2025-07-01,BUKIT MERAH,4 ROOM,8A,BOON TIONG RD,16 TO 18,100,Model A,2005,79 years 04 months,1018500,16,44,929510.9195215611
2025-07-01,BUKIT MERAH,4 ROOM,10B,BOON TIONG RD,28 TO 30,87,Model A,2016,89 years 06 months,1190000,28,44,1065944.688187512
2025-08-01,BUKIT MERAH,4 ROOM,10B,BOON TIONG RD,25 TO 27,87,Model A,2016,89 years 06 months,1200000,25,44,1057140.2361774573
2025-08-01,BUKIT MERAH,4 ROOM,6B,BOON TIONG RD,19 TO 21,100,Model A,2005,79 years 02 months,1055000,19,44,922518.7743430128
2025-08-01,BUKIT MERAH,4 ROOM,10B,BOON TIONG RD,10 TO 12,87,Model A,2016,89 years 05 months,1070000,10,44,906898.9467974134
2025-08-01,BUKIT MERAH,4 ROOM,10B,BOON TIONG RD,22 TO 24,87,Model A,2016,89 years 05 months,1230000,22,44,1039981.6509374615
2025-08-01,BUKIT MERAH,4 ROOM,8B,BOON TIONG RD,01 TO 03,100,Model A,2005,79 years 02 months,938888,1,44,806037.4849522767
2025-08-01,BUKIT MERAH,4 ROOM,10A,BOON TIONG RD,04 TO 06,92,Model A,2016,89 years 05 months,1100000,4,44,881281.5819897034
2025-09-01,BUKIT MERAH,4 ROOM,10B,BOON TIONG RD,13 TO 15,87,Model A,2016,89 years 05 months,1180000,13,44,935985.823427488
2025-07-01,BUKIT MERAH,4 ROOM,120,BT MERAH VIEW,04 TO 06,88,Improved,1973,46 years 07 months,555000,4,44,553069.7390180313
2025-07-01,BUKIT MERAH,4 ROOM,115,BT PURMEI RD,07 TO 09,103,Model A,1985,58 years 10 months,660000,7,44,760280.4313190194
2025-07-01,BUKIT MERAH,4 ROOM,111,BT PURMEI RD,10 TO 12,104,Model A,1984,58 years 03 months,730000,10,44,761667.3498576527
2025-08-01,BUKIT MERAH,4 ROOM,110,BT PURMEI RD,01 TO 03,104,Model A,1984,58 years 02 months,630000,1,44,726272.3353297582
2025-09-01,BUKIT MERAH,4 ROOM,110,BT PURMEI RD,04 TO 06,104,Model A,1984,58 years,698888,4,44,720883.2947034484
2025-07-01,BUKIT MERAH,4 ROOM,12,CANTONMENT CL,16 TO 18,90,Model A,2003,76 years 07 months,990000,16,44,978247.8971204758
2025-07-01,BUKIT MERAH,4 ROOM,18,CANTONMENT CL,10 TO 12,90,Model A,2002,76 years 06 months,1025000,10,44,899382.2870954624
2025-07-01,BUKIT MERAH,4 ROOM,13,CANTONMENT CL,13 TO 15,90,Model A,2003,76 years 06 months,1010000,13,44,936946.3089776684
2025-08-01,BUKIT MERAH,4 ROOM,13,CANTONMENT CL,28 TO 30,75,Model A,2003,76 years 05 months,920000,28,44,922752.8747179802
2025-09-01,BUKIT MERAH,4 ROOM,11,CANTONMENT CL,10 TO 12,90,Model A,2002,76 years 03 months,1088000,10,44,899382.2870954624
2025-08-01,BUKIT MERAH,4 ROOM,5,DELTA AVE,07 TO 09,91,New Generation,1985,59 years 03 months,720000,7,44,635036.3651091702
2025-09-01,BUKIT MERAH,4 ROOM,4,DELTA AVE,16 TO 18,91,New Generation,1985,59 years,808000,16,44,680750.6536493462
2025-07-01,BUKIT MERAH,4 ROOM,105A,DEPOT RD,13 TO 15,92,Model A,2017,91 years 05 months,910000,13,44,970239.8727220257
2025-08-01,BUKIT MERAH,4 ROOM,110A,DEPOT RD,25 TO 27,92,Model A,2017,91 years 04 months,938888,25,44,1082148.6225938466
2025-08-01,BUKIT MERAH,4 ROOM,112B,DEPOT RD,10 TO 12,100,Model A,2006,79 years 07 months,860000,10,44,832460.1969671587
2025-08-01,BUKIT MERAH,4 ROOM,109B,DEPOT RD,04 TO 06,100,Model A,2006,79 years 07 months,728000,4,44,819433.983340306
2025-08-01,BUKIT MERAH,4 ROOM,110A,DEPOT RD,07 TO 09,92,Model A,2017,91 years 03 months,840000,7,44,900696.2308137564
2025-09-01,BUKIT MERAH,4 ROOM,105A,DEPOT RD,10 TO 12,92,Model A,2017,91 years 02 months,815000,10,44,925712.2886499522
2025-07-01,BUKIT MERAH,4 ROOM,55,HAVELOCK RD,13 TO 15,89,Model A,2013,86 years 11 months,1026000,13,44,937518.810972433
2025-08-01,BUKIT MERAH,4 ROOM,56,HAVELOCK RD,28 TO 30,94,Model A,2013,86 years 10 months,1070000,28,44,1057739.4128468488
2025-08-01,BUKIT MERAH,4 ROOM,57,HAVELOCK RD,07 TO 09,94,Model A,2013,86 years 09 months,1080000,7,44,941810.2194773458
2025-08-01,BUKIT MERAH,4 ROOM,58,HAVELOCK RD,07 TO 09,89,Model A,2013,86 years 09 months,978000,7,44,903099.7375042507
2025-07-01,BUKIT MERAH,4 ROOM,106,HENDERSON CRES,13 TO 15,81,Improved,1975,48 years 07 months,571000,13,44,575206.5865747529
2025-08-01,BUKIT MERAH,4 ROOM,104,HENDERSON CRES,07 TO 09,74,Standard,1970,44 years,497800,7,44,488329.0054209891
2025-08-01,BUKIT MERAH,4 ROOM,103,HENDERSON CRES,04 TO 06,74,Standard,1970,43 years 11 months,468000,4,44,486117.7358712332
2025-09-01,BUKIT MERAH,4 ROOM,102,HENDERSON CRES,10 TO 12,80,Standard,1970,43 years 11 months,500000,10,44,505649.9762184241
2025-08-01,BUKIT MERAH,4 ROOM,95A,HENDERSON RD,25 TO 27,83,Model A,2019,92 years 10 months,1058888,25,44,1005723.1947641481
2025-08-01,BUKIT MERAH,4 ROOM,95C,HENDERSON RD,19 TO 21,93,Model A,2019,92 years 10 months,1135000,19,44,997904.6387534657
2025-08-01,BUKIT MERAH,4 ROOM,95B,HENDERSON RD,19 TO 21,93,Model A,2019,92 years 09 months,1080000,19,44,997904.6387534657
2025-08-01,BUKIT MERAH,4 ROOM,95A,HENDERSON RD,16 TO 18,93,Model A,2019,92 years 09 months,1038000,16,44,983374.1491438606
2025-08-01,BUKIT MERAH,4 ROOM,95B,HENDERSON RD,07 TO 09,83,Model A,2019,92 years 09 months,915000,7,44,879255.9248773677
2025-09-01,BUKIT MERAH,4 ROOM,95A,HENDERSON RD,13 TO 15,83,Model A,2019,92 years 08 months,992888,13,44,929994.5759429478
2025-07-01,BUKIT MERAH,4 ROOM,50,HOY FATT RD,10 TO 12,84,Simplified,1987,60 years 06 months,650000,10,44,654165.5853530006
2025-08-01,BUKIT MERAH,4 ROOM,134,JLN BT MERAH,10 TO 12,105,Model A,1997,70 years 05 months,850000,10,44,767025.419737532
2025-07-01,BUKIT MERAH,4 ROOM,26D,JLN MEMBINA,10 TO 12,90,Model A,2009,82 years 07 months,970000,10,44,899382.2870954624
2025-07-01,BUKIT MERAH,4 ROOM,25B,JLN MEMBINA,16 TO 18,90,Model A,2009,82 years 06 months,1000888,16,44,978247.8971204758
2025-07-01,BUKIT MERAH,4 ROOM,20,JLN MEMBINA,22 TO 24,90,Model A,2003,77 years 02 months,1050000,22,44,967918.5788442008
2025-08-01,BUKIT MERAH,4 ROOM,27A,JLN MEMBINA,04 TO 06,90,Model A,2008,82 years 05 months,918000,4,44,898081.2587798844
2025-08-01,BUKIT MERAH,4 ROOM,27A,JLN MEMBINA,07 TO 09,85,Model A,2008,82 years 04 months,972888,7,44,897389.9993832621
2025-09-01,BUKIT MERAH,4 ROOM,118C,JLN MEMBINA,16 TO 18,85,Model A,2003,76 years 05 months,910000,16,44,966787.1084004012
2025-09-01,BUKIT MERAH,4 ROOM,26C,JLN MEMBINA,19 TO 21,90,Model A,2009,82 years 04 months,990000,19,44,971852.1166051781
2025-07-01,BUKIT MERAH,4 ROOM,40,JLN RUMAH TINGGI,13 TO 15,100,Model A,1997,70 years 11 months,857500,13,44,885555.1199327254
2025-08-01,BUKIT MERAH,4 ROOM,38,JLN RUMAH TINGGI,19 TO 21,100,Model A,1997,70 years 11 months,792888,19,44,922518.7743430128
2025-08-01,BUKIT MERAH,4 ROOM,121,KIM TIAN PL,10 TO 12,100,Model A,2001,74 years 06 months,872000,10,44,832460.1969671587
2025-07-01,BUKIT MERAH,4 ROOM,119C,KIM TIAN RD,07 TO 09,92,Model A,2003,77 years,888000,7,44,900696.2308137564
2025-07-01,BUKIT MERAH,4 ROOM,126C,KIM TIAN RD,22 TO 24,87,Model A,2013,86 years 08 months,1020000,22,44,1039981.6509374615
2025-07-01,BUKIT MERAH,4 ROOM,127C,KIM TIAN RD,25 TO 27,93,Model A,2013,86 years 08 months,975000,25,44,1024171.2877263852
2025-07-01,BUKIT MERAH,4 ROOM,127C,KIM TIAN RD,13 TO 15,93,Model A,2013,86 years 07 months,980000,13,44,978528.7130971451
2025-08-01,BUKIT MERAH,4 ROOM,119D,KIM TIAN RD,10 TO 12,92,Model A,2002,76 years 02 months,911888,10,44,925712.2886499522
2025-09-01,BUKIT MERAH,4 ROOM,119B,KIM TIAN RD,22 TO 24,92,Model A,2002,76 years 04 months,915000,22,44,1023012.1916356067
2025-09-01,BUKIT MERAH,4 ROOM,127C,KIM TIAN RD,31 TO 33,93,Model A,2013,86 years 05 months,1038888,31,44,1071258.853399672
2025-09-01,BUKIT MERAH,4 ROOM,119C,KIM TIAN RD,13 TO 15,92,Model A,2003,76 years 09 months,930000,13,44,970239.8727220257
2025-09-01,BUKIT MERAH,4 ROOM,128,KIM TIAN RD,04 TO 06,88,Improved,1975,48 years 04 months,560000,4,44,553069.7390180313
2025-09-01,BUKIT MERAH,4 ROOM,128,KIM TIAN RD,13 TO 15,88,Improved,1975,48 years 04 months,610000,13,44,606743.4886764084
2025-07-01,BUKIT MERAH,4 ROOM,52,LENGKOK BAHRU,01 TO 03,84,Simplified,1986,60 years 05 months,600000,1,44,616146.8679368844
2025-07-01,BUKIT MERAH,4 ROOM,48,LENGKOK BAHRU,10 TO 12,84,Simplified,1986,60 years,670000,10,44,654165.5853530006
2025-08-01,BUKIT MERAH,4 ROOM,46,LENGKOK BAHRU,04 TO 06,106,Model A,1984,57 years 11 months,685000,4,44,732482.2130653402
2025-08-01,BUKIT MERAH,4 ROOM,54,LENGKOK BAHRU,01 TO 03,84,Simplified,1986,60 years,680000,1,44,616146.8679368844
2025-07-01,BUKIT MERAH,4 ROOM,75C,REDHILL RD,04 TO 06,100,Model A,2007,80 years 07 months,960000,4,44,819433.983340306
2025-08-01,BUKIT MERAH,4 ROOM,76A,REDHILL RD,19 TO 21,100,Model A,2005,79 years 05 months,1030000,19,44,922518.7743430128
2025-07-01,BUKIT MERAH,4 ROOM,14A,TELOK BLANGAH CRES,01 TO 03,100,Model A,1999,73 years 03 months,699800,1,44,806037.4849522767
2025-08-01,BUKIT MERAH,4 ROOM,17,TELOK BLANGAH CRES,22 TO 24,100,Model A,2002,75 years 06 months,820000,22,44,902978.5678203101
2025-08-01,BUKIT MERAH,4 ROOM,23,TELOK BLANGAH CRES,07 TO 09,82,Improved,1975,48 years 09 months,533000,7,44,537023.7326200982
2025-08-01,BUKIT MERAH,4 ROOM,50,TELOK BLANGAH DR,01 TO 03,98,New Generation,1978,51 years 11 months,670000,1,44,633970.2569621536
2025-09-01,BUKIT MERAH,4 ROOM,50,TELOK BLANGAH DR,10 TO 12,98,New Generation,1978,51 years 11 months,635000,10,44,642334.9825030526
2025-07-01,BUKIT MERAH,4 ROOM,87,TELOK BLANGAH HTS,07 TO 09,90,Model A,2003,76 years 10 months,800000,7,44,896723.0855550818
2025-07-01,BUKIT MERAH,4 ROOM,87,TELOK BLANGAH HTS,16 TO 18,90,Model A,2003,76 years 09 months,820000,16,44,978247.8971204758
2025-08-01,BUKIT MERAH,4 ROOM,70C,TELOK BLANGAH HTS,13 TO 15,93,Model A,2017,90 years 10 months,970000,13,44,978528.7130971451
2025-08-01,BUKIT MERAH,4 ROOM,85,TELOK BLANGAH HTS,19 TO 21,90,Model A,2003,76 years 08 months,820000,19,44,971852.1166051781
2025-08-01,BUKIT MERAH,4 ROOM,58,TELOK BLANGAH HTS,10 TO 12,92,New Generation,1976,50 years 01 month,615000,10,44,650028.6792754083
2025-09-01,BUKIT MERAH,4 ROOM,70A,TELOK BLANGAH HTS,07 TO 09,93,Model A,2017,90 years 08 months,975000,7,44,933732.822027341
2025-09-01,BUKIT MERAH,4 ROOM,56,TELOK BLANGAH HTS,07 TO 09,91,New Generation,1976,50 years,540000,7,44,635036.3651091702
2025-07-01,BUKIT MERAH,4 ROOM,40,TELOK BLANGAH RISE,10 TO 12,82,Improved,1976,49 years 10 months,530000,10,44,536132.7623108609
2025-07-01,BUKIT MERAH,4 ROOM,92B,TELOK BLANGAH ST 31,04 TO 06,93,Model A,2018,92 years 06 months,900000,4,44,924183.734263005
2025-07-01,BUKIT MERAH,4 ROOM,93A,TELOK BLANGAH ST 31,04 TO 06,93,Model A,2018,92 years 05 months,848000,4,44,924183.734263005
2025-07-01,BUKIT MERAH,4 ROOM,91A,TELOK BLANGAH ST 31,19 TO 21,93,Model A,2018,92 years 05 months,990000,19,44,997904.6387534657
2025-07-01,BUKIT MERAH,4 ROOM,90A,TELOK BLANGAH ST 31,25 TO 27,93,Model A,2018,92 years 05 months,1050000,25,44,1024171.2877263852
2025-08-01,BUKIT MERAH,4 ROOM,93A,TELOK BLANGAH ST 31,19 TO 21,93,Model A,2018,92 years 05 months,1018000,19,44,997904.6387534657
2025-08-01,BUKIT MERAH,4 ROOM,93A,TELOK BLANGAH ST 31,10 TO 12,93,Model A,2018,92 years 05 months,940500,10,44,940694.4450893397
2025-08-01,BUKIT MERAH,4 ROOM,91A,TELOK BLANGAH ST 31,07 TO 09,93,Model A,2018,92 years 04 months,955888,7,44,933732.822027341
2025-08-01,BUKIT MERAH,4 ROOM,90A,TELOK BLANGAH ST 31,25 TO 27,93,Model A,2018,92 years 04 months,1120000,25,44,1024171.2877263852
2025-09-01,BUKIT MERAH,4 ROOM,92B,TELOK BLANGAH ST 31,10 TO 12,93,Model A,2018,92 years 04 months,976666,10,44,940694.4450893397
2025-09-01,BUKIT MERAH,4 ROOM,93B,TELOK BLANGAH ST 31,13 TO 15,93,Model A,2018,92 years 04 months,996888,13,44,978528.7130971451
2025-09-01,BUKIT MERAH,4 ROOM,93B,TELOK BLANGAH ST 31,25 TO 27,93,Model A,2018,92 years 04 months,1030000,25,44,1024171.2877263852
2025-09-01,BUKIT MERAH,4 ROOM,93A,TELOK BLANGAH ST 31,28 TO 30,93,Model A,2018,92 years 04 months,1088000,28,44,1046404.0065916394
2025-09-01,BUKIT MERAH,4 ROOM,90A,TELOK BLANGAH ST 31,25 TO 27,93,Model A,2018,92 years 03 months,1020888,25,44,1024171.2877263852
2025-07-01,BUKIT MERAH,4 ROOM,34,TELOK BLANGAH WAY,01 TO 03,82,Improved,1976,49 years 10 months,485000,1,44,521293.97940791317
2025-07-01,BUKIT MERAH,5 ROOM,2C,BOON TIONG RD,25 TO 27,115,Improved,2001,74 years 07 months,1340000,25,44,1190025.976166895
2025-07-01,BUKIT MERAH,5 ROOM,9A,BOON TIONG RD,19 TO 21,112,Improved,2016,89 years 06 months,1568000,19,44,1150708.0171650155
2025-08-01,BUKIT MERAH,5 ROOM,9A,BOON TIONG RD,25 TO 27,112,Improved,2016,89 years 05 months,1528000,25,44,1238660.8770106651
2025-08-01,BUKIT MERAH,5 ROOM,6B,BOON TIONG RD,16 TO 18,115,Improved,2005,79 years 02 months,1352000,16,44,1109221.964748559
2025-09-01,BUKIT MERAH,5 ROOM,9A,BOON TIONG RD,31 TO 33,112,Improved,2016,89 years 05 months,1580000,31,44,1306030.3986727055
2025-07-01,BUKIT MERAH,5 ROOM,17,CANTONMENT CL,13 TO 15,110,Improved,2003,76 years 06 months,1040000,13,44,1140876.3036471407
2025-07-01,BUKIT MERAH,5 ROOM,104B,DEPOT RD,10 TO 12,116,Improved,2000,74 years 01 month,900000,10,44,979200.7958042467
2025-09-01,BUKIT MERAH,5 ROOM,103B,DEPOT RD,16 TO 18,115,Improved,2002,75 years 09 months,850000,16,44,1109221.964748559
2025-09-01,BUKIT MERAH,5 ROOM,114,DEPOT RD,07 TO 09,117,Standard,1976,50 years 02 months,720000,7,44,764540.7836250876
2025-09-01,BUKIT MERAH,5 ROOM,113,DEPOT RD,13 TO 15,119,Standard,1976,50 years 02 months,710000,13,44,819909.4780161832
2025-09-01,BUKIT MERAH,5 ROOM,104A,DEPOT RD,04 TO 06,116,Improved,2000,73 years 10 months,810000,4,44,904314.2923241388
2025-09-01,BUKIT MERAH,5 ROOM,112B,DEPOT RD,19 TO 21,116,Improved,2006,79 years 05 months,906888,19,44,939014.6327289426
2025-08-01,BUKIT MERAH,5 ROOM,6,EVERTON PK,01 TO 03,136,Improved,1980,54 years 03 months,925000,1,44,910724.0047537567
2025-09-01,BUKIT MERAH,5 ROOM,4,EVERTON PK,10 TO 12,138,Improved,1980,54 years 03 months,1001000,10,44,1000349.5553673357
2025-08-01,BUKIT MERAH,5 ROOM,56,HAVELOCK RD,37 TO 39,114,Improved,2013,86 years 09 months,1415000,37,44,1310904.4915846451
2025-09-01,BUKIT MERAH,5 ROOM,95,HAVELOCK RD,07 TO 09,118,Improved,1983,56 years 11 months,1008888,7,44,915356.6148642639
2025-09-01,BUKIT MERAH,5 ROOM,95,HAVELOCK RD,22 TO 24,118,Improved,1983,56 years 11 months,1180000,22,44,1085989.5474478523
2025-09-01,BUKIT MERAH,5 ROOM,96A,HENDERSON RD,25 TO 27,113,Improved,2019,92 years 08 months,1400000,25,44,1263851.924727021
2025-08-01,BUKIT MERAH,5 ROOM,135,JLN BT MERAH,16 TO 18,120,Improved,1997,70 years 06 months,1040000,16,44,1032087.7531118358
2025-08-01,BUKIT MERAH,5 ROOM,12,JLN BT MERAH,10 TO 12,123,Improved,1996,70 years 03 months,1028000,10,44,1006330.0112336255
2025-07-01,BUKIT MERAH,5 ROOM,23,JLN MEMBINA,16 TO 18,110,Improved,2003,77 years 02 months,1160000,16,44,1105480.7627984372
2025-08-01,BUKIT MERAH,5 ROOM,19,JLN MEMBINA,19 TO 21,110,Improved,2003,77 years 02 months,1250000,19,44,1052573.6991334094
2025-09-01,BUKIT MERAH,5 ROOM,23,JLN MEMBINA,13 TO 15,110,Improved,2003,76 years 11 months,1188000,13,44,1140876.3036471407
2025-09-01,BUKIT MERAH,5 ROOM,27B,JLN MEMBINA,07 TO 09,110,Improved,2008,82 years 01 month,1138000,7,44,1111540.5149022918
2025-08-01,BUKIT MERAH,5 ROOM,36,JLN RUMAH TINGGI,01 TO 03,119,Improved,1999,72 years 08 months,818000,1,44,856728.9322611713
2025-08-01,BUKIT MERAH,5 ROOM,36,JLN RUMAH TINGGI,13 TO 15,123,Improved,1999,72 years 08 months,970000,13,44,1016188.0495490528
2025-08-01,BUKIT MERAH,5 ROOM,8,JLN RUMAH TINGGI,04 TO 06,136,Model A,1984,57 years 09 months,875000,4,44,1001360.4160901587
2025-07-01,BUKIT MERAH,5 ROOM,121A,KIM TIAN PL,25 TO 27,115,Improved,2001,74 years 08 months,1120000,25,44,1190025.976166895
2025-08-01,BUKIT MERAH,5 ROOM,8,KIM TIAN PL,01 TO 03,131,Model A,1984,57 years 11 months,1100000,1,44,940162.0129028428
2025-07-01,BUKIT MERAH,5 ROOM,119C,KIM TIAN RD,22 TO 24,110,Improved,2003,77 years,1140000,22,44,1089813.6039677614
2025-07-01,BUKIT MERAH,5 ROOM,131C,KIM TIAN RD,07 TO 09,110,Improved,2002,75 years 07 months,888000,7,44,1111540.5149022918
2025-08-01,BUKIT MERAH,5 ROOM,119B,KIM TIAN RD,25 TO 27,110,Improved,2002,76 years 04 months,1110000,25,44,1106881.192981313
2025-08-01,BUKIT MERAH,5 ROOM,131B,KIM TIAN RD,10 TO 12,110,Improved,2002,75 years 05 months,1176888,10,44,1166148.4524591186
2025-09-01,BUKIT MERAH,5 ROOM,119B,KIM TIAN RD,22 TO 24,110,Improved,2002,76 years 03 months,1090000,22,44,1089813.6039677614
2025-09-01,BUKIT MERAH,5 ROOM,122,KIM TIAN RD,07 TO 09,127,Improved,1995,68 years 11 months,1218000,7,44,971489.6261404039
2025-09-01,BUKIT MERAH,5 ROOM,119B,KIM TIAN RD,22 TO 24,110,Improved,2002,76 years 03 months,1025000,22,44,1089813.6039677614
2025-09-01,BUKIT MERAH,5 ROOM,87,REDHILL CL,10 TO 12,137,Model A,1995,68 years 04 months,1250000,10,44,1021584.5972657645
2025-08-01,BUKIT MERAH,5 ROOM,81,REDHILL LANE,10 TO 12,136,Model A,1996,70 years 04 months,1190000,10,44,1004325.2430832379
2025-07-01,BUKIT MERAH,5 ROOM,75B,REDHILL RD,19 TO 21,115,Improved,2005,79 years 06 months,1165000,19,44,1059886.646888625
2025-07-01,BUKIT MERAH,5 ROOM,74A,REDHILL RD,22 TO 24,115,Improved,2005,79 years 04 months,1146888,22,44,1156347.6979029167
2025-09-01,BUKIT MERAH,5 ROOM,76A,REDHILL RD,22 TO 24,115,Improved,2005,79 years 03 months,1188000,22,44,1156347.6979029167
2025-07-01,BUKIT MERAH,5 ROOM,109,SPOTTISWOODE PK RD,19 TO 21,123,Standard,1979,53 years 03 months,938000,19,44,874642.7690512193
2025-08-01,BUKIT MERAH,5 ROOM,106,SPOTTISWOODE PK RD,16 TO 18,122,Standard,1979,53 years 03 months,880000,16,44,883052.6644656816
2025-09-01,BUKIT MERAH,5 ROOM,17A,TELOK BLANGAH CRES,25 TO 27,119,Improved,2002,75 years 05 months,968000,25,44,1092991.8658169725
2025-07-01,BUKIT MERAH,5 ROOM,48,TELOK BLANGAH DR,04 TO 06,123,Standard,1976,50 years 05 months,720000,4,44,810929.2514947506
2025-08-01,BUKIT MERAH,5 ROOM,53,TELOK BLANGAH DR,13 TO 15,115,Standard,1978,51 years 05 months,768000,13,44,872247.2979366519
2025-09-01,BUKIT MERAH,5 ROOM,53,TELOK BLANGAH DR,13 TO 15,118,Standard,1978,51 years 05 months,790000,13,44,833141.1065885248
2025-08-01,BUKIT MERAH,5 ROOM,60,TELOK BLANGAH HTS,10 TO 12,134,Adjoined flat,1976,50 years 02 months,850000,10,44,826384.3032734598
2025-09-01,BUKIT MERAH,5 ROOM,87,TELOK BLANGAH HTS,13 TO 15,111,Improved,2003,76 years 07 months,980888,13,44,1120103.0003527345
2025-08-01,BUKIT MERAH,5 ROOM,87,ZION RD,10 TO 12,117,Improved,1974,47 years 11 months,1000000,10,44,928794.6842514004
2025-07-01,BUKIT PANJANG,2 ROOM,547C,SEGAR RD,07 TO 09,47,Model A,2015,89 years 01 month,355000,7,44,369745.99356699106
2025-07-01,BUKIT PANJANG,2 ROOM,547D,SEGAR RD,10 TO 12,47,Model A,2015,89 years,358000,10,44,371236.6548568646
2025-08-01,BUKIT PANJANG,2 ROOM,547C,SEGAR RD,13 TO 15,47,Model A,2015,89 years,390000,13,44,377551.9058062749
2025-08-01,BUKIT PANJANG,2 ROOM,547C,SEGAR RD,13 TO 15,47,Model A,2015,89 years,355000,13,44,377551.9058062749
2025-08-01,BUKIT PANJANG,2 ROOM,488,SEGAR RD,10 TO 12,47,Model A,2014,88 years 04 months,365000,10,44,371236.6548568646
2025-09-01,BUKIT PANJANG,2 ROOM,488,SEGAR RD,13 TO 15,47,Model A,2014,88 years 04 months,375000,13,44,377551.9058062749
2025-09-01,BUKIT PANJANG,2 ROOM,488,SEGAR RD,13 TO 15,47,Model A,2014,88 years 03 months,330000,13,44,377551.9058062749
2025-09-01,BUKIT PANJANG,2 ROOM,547D,SEGAR RD,16 TO 18,47,Model A,2015,88 years 11 months,370000,16,44,383677.2892075819
2025-07-01,BUKIT PANJANG,2 ROOM,633A,SENJA RD,16 TO 18,47,Model A,2013,87 years 05 months,388000,16,44,383677.2892075819
2025-07-01,BUKIT PANJANG,3 ROOM,251,BANGKIT RD,07 TO 09,73,Model A,1988,62 years 07 months,438000,7,44,441822.3900349153
2025-07-01,BUKIT PANJANG,3 ROOM,250,BANGKIT RD,01 TO 03,73,Model A,1988,62 years 05 months,420000,1,44,428676.9212056826
2025-07-01,BUKIT PANJANG,3 ROOM,454,FAJAR RD,10 TO 12,68,Model A,2015,89 years 06 months,518000,10,44,494161.1001262717
2025-07-01,BUKIT PANJANG,3 ROOM,123,PENDING RD,04 TO 06,73,Model A,1988,62 years 04 months,445000,4,44,441651.0385816439
2025-07-01,BUKIT PANJANG,3 ROOM,230,PENDING RD,01 TO 03,73,Model A,1988,62 years 06 months,400000,1,44,428676.9212056826
2025-07-01,BUKIT PANJANG,3 ROOM,116,PENDING RD,04 TO 06,73,Model A,1987,61 years 02 months,425000,4,44,441651.0385816439
2025-07-01,BUKIT PANJANG,3 ROOM,122,PENDING RD,04 TO 06,64,Simplified,1988,62 years 01 month,420000,4,44,419148.5931735352
2025-08-01,BUKIT PANJANG,3 ROOM,125,PENDING RD,04 TO 06,73,Model A,1987,61 years 02 months,410000,4,44,441651.0385816439
2025-08-01,BUKIT PANJANG,3 ROOM,229,PENDING RD,10 TO 12,73,Model A,1988,62 years 05 months,438800,10,44,447074.7440226713
2025-08-01,BUKIT PANJANG,3 ROOM,128,PENDING RD,10 TO 12,73,Model A,1988,61 years 10 months,460000,10,44,447074.7440226713
2025-09-01,BUKIT PANJANG,3 ROOM,232,PENDING RD,01 TO 03,73,Model A,1987,61 years 02 months,418000,1,44,428676.9212056826
2025-09-01,BUKIT PANJANG,3 ROOM,127,PENDING RD,04 TO 06,64,Simplified,1988,61 years 09 months,420000,4,44,419148.5931735352
2025-09-01,BUKIT PANJANG,3 ROOM,118,PENDING RD,10 TO 12,73,Model A,1988,61 years 08 months,460000,10,44,447074.7440226713
2025-09-01,BUKIT PANJANG,3 ROOM,113,PENDING RD,01 TO 03,73,Model A,1988,61 years 06 months,422000,1,44,428676.9212056826
2025-07-01,BUKIT PANJANG,3 ROOM,149,PETIR RD,04 TO 06,73,Model A,1988,62 years 04 months,450000,4,44,441651.0385816439
2025-07-01,BUKIT PANJANG,3 ROOM,220,PETIR RD,10 TO 12,73,Model A,1989,62 years 07 months,458000,10,44,447074.7440226713
2025-08-01,BUKIT PANJANG,3 ROOM,205,PETIR RD,10 TO 12,73,Model A,1988,62 years 03 months,465000,10,44,447074.7440226713
2025-08-01,BUKIT PANJANG,3 ROOM,142,PETIR RD,07 TO 09,73,Model A,1988,61 years 06 months,445000,7,44,441822.3900349153
2025-07-01,BUKIT PANJANG,3 ROOM,548B,SEGAR RD,01 TO 03,67,Model A,2015,89 years 05 months,460000,1,44,473785.02299088374
2025-07-01,BUKIT PANJANG,3 ROOM,550A,SEGAR RD,01 TO 03,67,Model A,2015,89 years 05 months,476000,1,44,473785.02299088374
2025-08-01,BUKIT PANJANG,3 ROOM,457,SEGAR RD,13 TO 15,68,Premium Apartment,2012,86 years 04 months,506888,13,44,519554.6548991508
2025-08-01,BUKIT PANJANG,3 ROOM,485,SEGAR RD,10 TO 12,67,Model A,2014,88 years 05 months,505000,10,44,499862.498946611
2025-08-01,BUKIT PANJANG,3 ROOM,487,SEGAR RD,07 TO 09,67,Model A,2014,88 years 04 months,475000,7,44,490945.71998198127
2025-09-01,BUKIT PANJANG,3 ROOM,547D,SEGAR RD,01 TO 03,67,Model A,2015,88 years 10 months,481000,1,44,473785.02299088374
2025-09-01,BUKIT PANJANG,3 ROOM,460,SEGAR RD,04 TO 06,68,Premium Apartment,2015,88 years 11 months,485000,4,44,500251.31221664086
2025-09-01,BUKIT PANJANG,3 ROOM,485,SEGAR RD,10 TO 12,67,Model A,2014,88 years 03 months,498000,10,44,499862.498946611
2025-09-01,BUKIT PANJANG,3 ROOM,550A,SEGAR RD,04 TO 06,67,Model A,2015,89 years 03 months,475000,4,44,484037.0788709463
2025-09-01,BUKIT PANJANG,3 ROOM,633A,SENJA RD,22 TO 24,67,Model A,2013,87 years 03 months,540000,22,44,539971.9738361405
2025-09-01,BUKIT PANJANG,3 ROOM,633D,SENJA RD,13 TO 15,67,Model A,2013,87 years 03 months,540888,13,44,511648.36508319917
2025-07-01,BUKIT PANJANG,4 ROOM,270,BANGKIT RD,07 TO 09,104,Model A,1988,62 years 04 months,490000,7,44,561650.7746356165
2025-07-01,BUKIT PANJANG,4 ROOM,257,BANGKIT RD,07 TO 09,103,Model A,1989,63 years,530000,7,44,563550.7958761855
2025-07-01,BUKIT PANJANG,4 ROOM,275,BANGKIT RD,01 TO 03,104,Model A,1988,61 years 06 months,495000,1,44,540184.5352886481
2025-07-01,BUKIT PANJANG,4 ROOM,274,BANGKIT RD,04 TO 06,84,Simplified,1987,61 years 04 months,473000,4,44,495490.4429756853
2025-07-01,BUKIT PANJANG,4 ROOM,257,BANGKIT RD,07 TO 09,104,Model A,1989,63 years,518000,7,44,561650.7746356165
2025-08-01,BUKIT PANJANG,4 ROOM,274,BANGKIT RD,07 TO 09,104,Model A,1987,61 years 04 months,543000,7,44,561650.7746356165
2025-08-01,BUKIT PANJANG,4 ROOM,275,BANGKIT RD,04 TO 06,104,Model A,1988,61 years 05 months,546000,4,44,556040.6917651843
2025-08-01,BUKIT PANJANG,4 ROOM,249,BANGKIT RD,07 TO 09,103,Model A,1989,62 years 06 months,550000,7,44,563550.7958761855
2025-09-01,BUKIT PANJANG,4 ROOM,277,BANGKIT RD,13 TO 15,106,Model A,1988,62 years 02 months,555000,13,44,596753.2891621181
2025-09-01,BUKIT PANJANG,4 ROOM,252,BANGKIT RD,10 TO 12,103,Model A,1989,62 years 09 months,555000,10,44,568918.8560102936
2025-09-01,BUKIT PANJANG,4 ROOM,274,BANGKIT RD,04 TO 06,104,Model A,1987,61 years 02 months,505000,4,44,556040.6917651843
2025-07-01,BUKIT PANJANG,4 ROOM,450,BT PANJANG RING RD,04 TO 06,101,Model A,1997,71 years 01 month,540000,4,44,601500.144668559
2025-08-01,BUKIT PANJANG,4 ROOM,447,BT PANJANG RING RD,04 TO 06,101,Model A,1997,70 years 11 months,510000,4,44,601500.144668559
2025-08-01,BUKIT PANJANG,4 ROOM,449,BT PANJANG RING RD,07 TO 09,101,Model A,1997,70 years 10 months,563000,7,44,617436.8950327935
2025-09-01,BUKIT PANJANG,4 ROOM,435,BT PANJANG RING RD,04 TO 06,84,Simplified,1988,62 years 03 months,470000,4,44,495490.4429756853
2025-09-01,BUKIT PANJANG,4 ROOM,236,BT PANJANG RING RD,01 TO 03,84,Simplified,1988,61 years 06 months,467000,1,44,490737.9856907403
2025-07-01,BUKIT PANJANG,4 ROOM,404,FAJAR RD,10 TO 12,104,Model A,1988,62 years 04 months,600000,10,44,565699.7260586182
2025-07-01,BUKIT PANJANG,4 ROOM,441,FAJAR RD,04 TO 06,104,Model A,1989,63 years 04 months,535888,4,44,556040.6917651843
2025-08-01,BUKIT PANJANG,4 ROOM,404,FAJAR RD,07 TO 09,107,Model A,1988,62 years 03 months,530000,7,44,565339.2037349114
2025-09-01,BUKIT PANJANG,4 ROOM,403,FAJAR RD,10 TO 12,84,Simplified,1988,61 years 11 months,518000,10,44,501065.06070654705
2025-07-01,BUKIT PANJANG,4 ROOM,170,GANGSA RD,04 TO 06,101,Model A,1997,71 years 06 months,665000,4,44,601500.144668559
2025-08-01,BUKIT PANJANG,4 ROOM,111,GANGSA RD,10 TO 12,83,Simplified,1987,61 years,490000,10,44,519471.2520477986
2025-07-01,BUKIT PANJANG,4 ROOM,504,JELAPANG RD,01 TO 03,104,Model A,1998,71 years 07 months,520000,1,44,540184.5352886481
2025-07-01,BUKIT PANJANG,4 ROOM,508,JELAPANG RD,13 TO 15,90,Model A2,1998,71 years 11 months,525000,13,44,576979.4529173687
2025-07-01,BUKIT PANJANG,4 ROOM,514,JELAPANG RD,04 TO 06,102,Model A,1998,72 years 02 months,510000,4,44,587691.0325619353
2025-07-01,BUKIT PANJANG,4 ROOM,531,JELAPANG RD,01 TO 03,103,Model A,1999,72 years 08 months,503000,1,44,537785.6214831012
2025-07-01,BUKIT PANJANG,4 ROOM,508,JELAPANG RD,01 TO 03,93,Model A2,1998,71 years 11 months,532888,1,44,552035.1576988719
2025-07-01,BUKIT PANJANG,4 ROOM,510,JELAPANG RD,13 TO 15,100,Model A2,1998,71 years 11 months,600000,13,44,583507.9648631866
2025-07-01,BUKIT PANJANG,4 ROOM,501,JELAPANG RD,13 TO 15,101,Model A,1998,71 years 09 months,570000,13,44,639273.6955687423
2025-08-01,BUKIT PANJANG,4 ROOM,510,JELAPANG RD,16 TO 18,91,Model A2,1998,71 years 11 months,558000,16,44,579799.2411978982
2025-08-01,BUKIT PANJANG,4 ROOM,522,JELAPANG RD,07 TO 09,102,Model A,1998,71 years 11 months,567000,7,44,590531.2169215204
2025-08-01,BUKIT PANJANG,4 ROOM,519,JELAPANG RD,10 TO 12,103,Model A,1998,72 years 03 months,580000,10,44,568918.8560102936
2025-09-01,BUKIT PANJANG,4 ROOM,517,JELAPANG RD,07 TO 09,103,Model A,1998,72 years 02 months,570000,7,44,563550.7958761855
2025-09-01,BUKIT PANJANG,4 ROOM,185,JELEBU RD,07 TO 09,94,Premium Apartment,2003,76 years 09 months,868000,7,44,601075.9446988662
2025-09-01,BUKIT PANJANG,4 ROOM,182,JELEBU RD,28 TO 30,90,Premium Apartment,2003,76 years 08 months,848000,28,44,680517.7278541087
2025-07-01,BUKIT PANJANG,4 ROOM,177,LOMPANG RD,04 TO 06,90,Model A,2001,75 years 06 months,640000,4,44,558476.5863545112
2025-07-01,BUKIT PANJANG,4 ROOM,177,LOMPANG RD,19 TO 21,90,Model A,2001,75 years 05 months,725000,19,44,615324.9863537207
2025-07-01,BUKIT PANJANG,4 ROOM,175,LOMPANG RD,13 TO 15,105,Model A,1997,71 years 05 months,740000,13,44,595904.3731086251
2025-09-01,BUKIT PANJANG,4 ROOM,178,LOMPANG RD,10 TO 12,90,Model A,2001,75 years 04 months,620000,10,44,571177.5250129333
2025-07-01,BUKIT PANJANG,4 ROOM,125,PENDING RD,07 TO 09,103,Model A,1987,61 years 03 months,590000,7,44,563550.7958761855
2025-08-01,BUKIT PANJANG,4 ROOM,120,PENDING RD,07 TO 09,84,Simplified,1988,61 years 06 months,532000,7,44,502882.59952862654
2025-08-01,BUKIT PANJANG,4 ROOM,116,PENDING RD,01 TO 03,103,Model A,1987,61 years 01 month,535000,1,44,537785.6214831012
2025-08-01,BUKIT PANJANG,4 ROOM,227,PENDING RD,01 TO 03,103,Model A,1989,62 years 06 months,540000,1,44,537785.6214831012
2025-08-01,BUKIT PANJANG,4 ROOM,221,PENDING RD,01 TO 03,103,Model A,1988,62 years 04 months,535000,1,44,537785.6214831012
2025-07-01,BUKIT PANJANG,4 ROOM,216,PETIR RD,10 TO 12,103,Model A,1989,62 years 09 months,565000,10,44,568918.8560102936
2025-07-01,BUKIT PANJANG,4 ROOM,137,PETIR RD,07 TO 09,103,Model A,1989,63 years 01 month,558000,7,44,563550.7958761855
2025-07-01,BUKIT PANJANG,4 ROOM,218,PETIR RD,10 TO 12,84,Simplified,1987,60 years 11 months,500000,10,44,501065.06070654705
2025-07-01,BUKIT PANJANG,4 ROOM,140,PETIR RD,04 TO 06,104,Model A,1988,62 years 04 months,508000,4,44,556040.6917651843
2025-07-01,BUKIT PANJANG,4 ROOM,137,PETIR RD,01 TO 03,103,Model A,1989,63 years,520000,1,44,537785.6214831012
2025-07-01,BUKIT PANJANG,4 ROOM,217,PETIR RD,04 TO 06,84,Simplified,1987,60 years 11 months,460000,4,44,495490.4429756853
2025-08-01,BUKIT PANJANG,4 ROOM,137,PETIR RD,10 TO 12,103,Model A,1989,63 years,530000,10,44,568918.8560102936
2025-08-01,BUKIT PANJANG,4 ROOM,217,PETIR RD,01 TO 03,84,Simplified,1987,60 years 10 months,460000,1,44,490737.9856907403
2025-08-01,BUKIT PANJANG,4 ROOM,150,PETIR RD,01 TO 03,103,Model A,1988,62 years,545000,1,44,537785.6214831012
2025-08-01,BUKIT PANJANG,4 ROOM,220,PETIR RD,01 TO 03,103,Model A,1989,62 years 06 months,525888,1,44,537785.6214831012
2025-09-01,BUKIT PANJANG,4 ROOM,143,PETIR RD,04 TO 06,103,Model A,1988,62 years 03 months,530000,4,44,560079.3401184933
2025-09-01,BUKIT PANJANG,4 ROOM,207,PETIR RD,07 TO 09,104,Model A,1988,61 years 08 months,550000,7,44,561650.7746356165
2025-09-01,BUKIT PANJANG,4 ROOM,203,PETIR RD,07 TO 09,104,Model A,1988,62 years 02 months,520000,7,44,561650.7746356165
2025-07-01,BUKIT PANJANG,4 ROOM,416,SAUJANA RD,04 TO 06,84,Simplified,1988,62 years 04 months,500000,4,44,495490.4429756853
2025-09-01,BUKIT PANJANG,4 ROOM,416,SAUJANA RD,10 TO 12,84,Simplified,1988,62 years 03 months,515000,10,44,501065.06070654705
2025-09-01,BUKIT PANJANG,4 ROOM,416,SAUJANA RD,04 TO 06,84,Simplified,1988,62 years 03 months,512000,4,44,495490.4429756853
2025-07-01,BUKIT PANJANG,4 ROOM,457,SEGAR RD,10 TO 12,93,Premium Apartment,2012,86 years 05 months,638888,10,44,619258.5083103142
2025-07-01,BUKIT PANJANG,4 ROOM,549B,SEGAR RD,13 TO 15,92,Model A,2015,89 years 06 months,658000,13,44,629329.3026951649
2025-07-01,BUKIT PANJANG,4 ROOM,465,SEGAR RD,13 TO 15,90,Premium Apartment,2002,76 years 01 month,555000,13,44,572608.4037025701
2025-07-01,BUKIT PANJANG,4 ROOM,456,SEGAR RD,13 TO 15,93,Premium Apartment,2012,86 years 05 months,675000,13,44,619236.9659533892
2025-07-01,BUKIT PANJANG,4 ROOM,550A,SEGAR RD,10 TO 12,92,Model A,2015,89 years 06 months,610000,10,44,616800.4759854387
2025-07-01,BUKIT PANJANG,4 ROOM,550B,SEGAR RD,16 TO 18,92,Model A,2015,89 years 06 months,625000,16,44,656076.5963445997
2025-07-01,BUKIT PANJANG,4 ROOM,465,SEGAR RD,04 TO 06,90,Premium Apartment,2002,76 years 01 month,520000,4,44,549182.6191078078
2025-07-01,BUKIT PANJANG,4 ROOM,547A,SEGAR RD,10 TO 12,92,Model A,2015,89 years 01 month,600000,10,44,616800.4759854387
2025-07-01,BUKIT PANJANG,4 ROOM,461,SEGAR RD,10 TO 12,93,Premium Apartment,2015,89 years 02 months,620000,10,44,619258.5083103142
2025-07-01,BUKIT PANJANG,4 ROOM,458,SEGAR RD,13 TO 15,93,Premium Apartment,2012,86 years 04 months,628000,13,44,619236.9659533892
2025-07-01,BUKIT PANJANG,4 ROOM,461,SEGAR RD,01 TO 03,93,Premium Apartment,2015,89 years 01 month,560000,1,44,571774.956589205
2025-07-01,BUKIT PANJANG,4 ROOM,460,SEGAR RD,04 TO 06,93,Premium Apartment,2015,89 years 01 month,600000,4,44,595775.5697525252
2025-07-01,BUKIT PANJANG,4 ROOM,465,SEGAR RD,07 TO 09,95,Premium Apartment,2002,76 years,535000,7,44,593018.0003910494
2025-07-01,BUKIT PANJANG,4 ROOM,485,SEGAR RD,07 TO 09,92,Model A,2014,88 years 05 months,585000,7,44,613425.9474508793
2025-07-01,BUKIT PANJANG,4 ROOM,456,SEGAR RD,10 TO 12,93,Premium Apartment,2012,86 years 04 months,610000,10,44,619258.5083103142
2025-08-01,BUKIT PANJANG,4 ROOM,460,SEGAR RD,10 TO 12,93,Premium Apartment,2015,89 years 01 month,628000,10,44,619258.5083103142
2025-08-01,BUKIT PANJANG,4 ROOM,550A,SEGAR RD,16 TO 18,92,Model A,2015,89 years 05 months,615000,16,44,656076.5963445997
2025-08-01,BUKIT PANJANG,4 ROOM,550A,SEGAR RD,10 TO 12,92,Model A,2015,89 years 05 months,620000,10,44,616800.4759854387
2025-08-01,BUKIT PANJANG,4 ROOM,461,SEGAR RD,10 TO 12,93,Premium Apartment,2015,89 years 01 month,640000,10,44,619258.5083103142
2025-08-01,BUKIT PANJANG,4 ROOM,485,SEGAR RD,01 TO 03,93,Model A,2014,88 years 04 months,568000,1,44,583146.2608580543
2025-08-01,BUKIT PANJANG,4 ROOM,485,SEGAR RD,04 TO 06,93,Model A,2014,88 years 04 months,570000,4,44,605464.6885841606
2025-08-01,BUKIT PANJANG,4 ROOM,486,SEGAR RD,04 TO 06,93,Model A,2014,88 years 04 months,605000,4,44,605464.6885841606
2025-08-01,BUKIT PANJANG,4 ROOM,484,SEGAR RD,04 TO 06,91,Premium Apartment,2002,76 years 03 months,510000,4,44,553532.6614045771
2025-08-01,BUKIT PANJANG,4 ROOM,477,SEGAR RD,07 TO 09,92,Premium Apartment,2003,76 years 05 months,535000,7,44,604290.3977308299
2025-08-01,BUKIT PANJANG,4 ROOM,461,SEGAR RD,13 TO 15,93,Premium Apartment,2015,89 years,670000,13,44,619236.9659533892
2025-08-01,BUKIT PANJANG,4 ROOM,472,SEGAR RD,04 TO 06,90,Premium Apartment,2002,75 years 11 months,488000,4,44,549182.6191078078
2025-09-01,BUKIT PANJANG,4 ROOM,455,SEGAR RD,10 TO 12,93,Premium Apartment,2012,86 years 02 months,645555,10,44,619258.5083103142
2025-09-01,BUKIT PANJANG,4 ROOM,546B,SEGAR RD,07 TO 09,92,Model A,2015,88 years 10 months,608888,7,44,613425.9474508793
2025-09-01,BUKIT PANJANG,4 ROOM,459,SEGAR RD,04 TO 06,93,Premium Apartment,2015,88 years 11 months,608000,4,44,595775.5697525252
2025-09-01,BUKIT PANJANG,4 ROOM,460,SEGAR RD,10 TO 12,93,Premium Apartment,2015,88 years 11 months,625000,10,44,619258.5083103142
2025-07-01,BUKIT PANJANG,4 ROOM,633D,SENJA RD,10 TO 12,93,Model A,2013,87 years 06 months,660000,10,44,625002.3687633435
2025-07-01,BUKIT PANJANG,4 ROOM,635A,SENJA RD,31 TO 33,93,Model A,2015,89 years 04 months,632888,31,44,701592.8086592887
2025-07-01,BUKIT PANJANG,4 ROOM,614,SENJA RD,07 TO 09,90,Model A,2002,75 years 10 months,570000,7,44,575581.5111155923
2025-07-01,BUKIT PANJANG,4 ROOM,634B,SENJA RD,22 TO 24,93,Model A,2015,89 years 04 months,685000,22,44,681643.5724172968
2025-07-01,BUKIT PANJANG,4 ROOM,635B,SENJA RD,07 TO 09,93,Model A,2015,89 years 03 months,625000,7,44,618060.2453994862
2025-07-01,BUKIT PANJANG,4 ROOM,635A,SENJA RD,25 TO 27,92,Model A,2015,89 years 03 months,676000,25,44,687010.9882415415
2025-07-01,BUKIT PANJANG,4 ROOM,633B,SENJA RD,19 TO 21,93,Model A,2013,87 years 05 months,683000,19,44,679704.8706777318
2025-08-01,BUKIT PANJANG,4 ROOM,629,SENJA RD,10 TO 12,90,Premium Apartment,2004,78 years 03 months,545000,10,44,559573.6367887675
2025-08-01,BUKIT PANJANG,4 ROOM,629,SENJA RD,16 TO 18,90,Premium Apartment,2004,78 years 03 months,602888,16,44,647120.0925553379
2025-08-01,BUKIT PANJANG,4 ROOM,629,SENJA RD,16 TO 18,93,Premium Apartment,2004,78 years 03 months,620000,16,44,648343.6229411878
2025-08-01,BUKIT PANJANG,4 ROOM,629,SENJA RD,16 TO 18,90,Premium Apartment,2004,78 years 03 months,590000,16,44,647120.0925553379
2025-08-01,BUKIT PANJANG,4 ROOM,635A,SENJA RD,25 TO 27,92,Model A,2015,89 years 02 months,688000,25,44,687010.9882415415
2025-08-01,BUKIT PANJANG,4 ROOM,635B,SENJA RD,13 TO 15,93,Model A,2015,89 years 02 months,656888,13,44,639197.3733688531
2025-08-01,BUKIT PANJANG,4 ROOM,627,SENJA RD,07 TO 09,93,Premium Apartment,2004,78 years 02 months,640888,7,44,607647.593627101
2025-08-01,BUKIT PANJANG,4 ROOM,618,SENJA RD,16 TO 18,85,Model A2,2002,75 years 09 months,565000,16,44,570160.72924728
2025-09-01,BUKIT PANJANG,4 ROOM,633B,SENJA RD,22 TO 24,93,Model A,2013,87 years 04 months,688000,22,44,681643.5724172968
2025-09-01,BUKIT PANJANG,4 ROOM,633B,SENJA RD,25 TO 27,93,Model A,2013,87 years 03 months,715000,25,44,688857.170369303
2025-09-01,BUKIT PANJANG,4 ROOM,635B,SENJA RD,25 TO 27,93,Model A,2015,89 years 01 month,668000,25,44,688857.170369303
2025-09-01,BUKIT PANJANG,4 ROOM,635A,SENJA RD,13 TO 15,93,Model A,2015,89 years 01 month,655000,13,44,639197.3733688531
2025-09-01,BUKIT PANJANG,4 ROOM,636C,SENJA RD,10 TO 12,92,Model A,2015,89 years 02 months,670000,10,44,616800.4759854387
2025-09-01,BUKIT PANJANG,4 ROOM,629,SENJA RD,16 TO 18,93,Premium Apartment,2004,78 years 02 months,600000,16,44,648343.6229411878
2025-09-01,BUKIT PANJANG,4 ROOM,629,SENJA RD,07 TO 09,90,Premium Apartment,2004,78 years 01 month,588888,7,44,558251.9555650462
2025-09-01,BUKIT PANJANG,4 ROOM,631,SENJA RD,04 TO 06,95,Premium Apartment,2004,78 years 01 month,590000,4,44,591322.8385723485
2025-09-01,BUKIT PANJANG,4 ROOM,625,SENJA RD,16 TO 18,90,Premium Apartment,2004,78 years 02 months,588888,16,44,647120.0925553379
2025-09-01,BUKIT PANJANG,4 ROOM,626,SENJA RD,13 TO 15,93,Premium Apartment,2005,78 years 06 months,600000,13,44,619236.9659533892
2025-09-01,BUKIT PANJANG,4 ROOM,635B,SENJA RD,19 TO 21,93,Model A,2015,89 years 01 month,683000,19,44,679704.8706777318
2025-07-01,BUKIT PANJANG,5 ROOM,248,BANGKIT RD,13 TO 15,122,Improved,1988,62 years 03 months,660000,13,44,778617.0004651808
2025-09-01,BUKIT PANJANG,5 ROOM,253,BANGKIT RD,10 TO 12,122,Improved,1988,62 years 02 months,760000,10,44,735392.8808589975
2025-07-01,BUKIT PANJANG,5 ROOM,241,BT PANJANG RING RD,10 TO 12,122,Improved,1988,62 years 02 months,690000,10,44,735392.8808589975
2025-07-01,BUKIT PANJANG,5 ROOM,429,BT PANJANG RING RD,16 TO 18,133,Improved,1989,62 years 10 months,688000,16,44,802990.5621423789
2025-07-01,BUKIT PANJANG,5 ROOM,609,BT PANJANG RING RD,04 TO 06,110,Improved,2001,75 years 06 months,708000,4,44,626487.832488403
2025-07-01,BUKIT PANJANG,5 ROOM,615,BT PANJANG RING RD,10 TO 12,111,Improved,2002,75 years 10 months,720000,10,44,653967.1963904876
2025-07-01,BUKIT PANJANG,5 ROOM,429,BT PANJANG RING RD,10 TO 12,122,Improved,1989,62 years 10 months,720000,10,44,735392.8808589975
2025-08-01,BUKIT PANJANG,5 ROOM,447,BT PANJANG RING RD,04 TO 06,120,Improved,1997,70 years 11 months,665000,4,44,679078.128485881
2025-08-01,BUKIT PANJANG,5 ROOM,611,BT PANJANG RING RD,04 TO 06,110,Improved,2002,75 years 09 months,669988,4,44,626487.832488403
2025-08-01,BUKIT PANJANG,5 ROOM,535,BT PANJANG RING RD,07 TO 09,122,Improved,1999,72 years 10 months,740000,7,44,685201.41473986
2025-08-01,BUKIT PANJANG,5 ROOM,535,BT PANJANG RING RD,04 TO 06,122,Improved,1999,72 years 09 months,702000,4,44,676016.4075302065
2025-09-01,BUKIT PANJANG,5 ROOM,537,BT PANJANG RING RD,16 TO 18,122,Improved,1999,72 years 10 months,763000,16,44,798975.3967709872
2025-09-01,BUKIT PANJANG,5 ROOM,611,BT PANJANG RING RD,04 TO 06,110,Improved,2002,75 years 09 months,660000,4,44,626487.832488403
2025-09-01,BUKIT PANJANG,5 ROOM,611,BT PANJANG RING RD,07 TO 09,110,Improved,2002,75 years 09 months,725000,7,44,646610.3874919603
2025-09-01,BUKIT PANJANG,5 ROOM,615,BT PANJANG RING RD,10 TO 12,111,Improved,2002,75 years 09 months,680000,10,44,653967.1963904876
2025-07-01,BUKIT PANJANG,5 ROOM,451,FAJAR RD,01 TO 03,119,Improved,1997,71 years,608000,1,44,667258.1256653366
2025-07-01,BUKIT PANJANG,5 ROOM,439,FAJAR RD,07 TO 09,121,Improved,1989,63 years 03 months,680000,7,44,704073.0688042024
2025-08-01,BUKIT PANJANG,5 ROOM,443C,FAJAR RD,16 TO 18,113,Improved,2016,90 years 05 months,793000,16,44,793690.1825271274
2025-08-01,BUKIT PANJANG,5 ROOM,438,FAJAR RD,07 TO 09,121,Improved,1989,63 years 04 months,698000,7,44,704073.0688042024
2025-08-01,BUKIT PANJANG,5 ROOM,420,FAJAR RD,10 TO 12,128,Improved,1989,62 years 11 months,725000,10,44,746220.9946195555
2025-09-01,BUKIT PANJANG,5 ROOM,423,FAJAR RD,10 TO 12,122,Improved,1989,62 years 05 months,680000,10,44,735392.8808589975
2025-09-01,BUKIT PANJANG,5 ROOM,443C,FAJAR RD,13 TO 15,113,Improved,2016,90 years 03 months,785000,13,44,783316.9065549434
2025-09-01,BUKIT PANJANG,5 ROOM,442D,FAJAR RD,10 TO 12,113,Improved,2016,90 years 03 months,770000,10,44,761823.0699373037
2025-07-01,BUKIT PANJANG,5 ROOM,152,GANGSA RD,10 TO 12,121,Improved,1998,72 years 05 months,780000,10,44,766630.0276864875
2025-07-01,BUKIT PANJANG,5 ROOM,154,GANGSA RD,25 TO 27,121,Improved,1998,72 years 05 months,780000,25,44,875608.0662779195
2025-07-01,BUKIT PANJANG,5 ROOM,172,GANGSA RD,10 TO 12,121,Improved,1997,71 years 06 months,940000,10,44,766630.0276864875
2025-07-01,BUKIT PANJANG,5 ROOM,164,GANGSA RD,16 TO 18,120,Improved,1998,71 years 10 months,888888,16,44,818432.1860943037
2025-09-01,BUKIT PANJANG,5 ROOM,165,GANGSA RD,19 TO 21,122,Improved,1998,71 years 08 months,918000,19,44,831405.7364818716
2025-07-01,BUKIT PANJANG,5 ROOM,536,JELAPANG RD,16 TO 18,120,Improved,1999,72 years 11 months,850000,16,44,818432.1860943037
2025-08-01,BUKIT PANJANG,5 ROOM,516,JELAPANG RD,04 TO 06,121,Improved,1998,72 years 01 month,605000,4,44,697967.918093835
2025-08-01,BUKIT PANJANG,5 ROOM,501,JELAPANG RD,16 TO 18,124,Improved,1998,71 years 09 months,788888,16,44,794974.4737645799
2025-09-01,BUKIT PANJANG,5 ROOM,534,JELAPANG RD,19 TO 21,121,Improved,1999,72 years 09 months,815000,19,44,825753.5693740112
2025-09-01,BUKIT PANJANG,5 ROOM,507,JELAPANG RD,10 TO 12,123,Improved,1998,71 years 08 months,710000,10,44,739779.1434842627
2025-08-01,BUKIT PANJANG,5 ROOM,185,JELEBU RD,01 TO 03,112,Premium Apartment,2003,76 years 09 months,880000,1,44,707277.5695613155
2025-07-01,BUKIT PANJANG,5 ROOM,177,LOMPANG RD,07 TO 09,110,Improved,2001,75 years 06 months,785000,7,44,646610.3874919603
2025-07-01,BUKIT PANJANG,5 ROOM,179,LOMPANG RD,04 TO 06,110,Improved,2001,75 years 05 months,780000,4,44,626487.832488403
2025-08-01,BUKIT PANJANG,5 ROOM,179,LOMPANG RD,19 TO 21,110,Improved,2001,75 years 04 months,880000,19,44,727813.9306216714
2025-09-01,BUKIT PANJANG,5 ROOM,178,LOMPANG RD,22 TO 24,110,Improved,2001,75 years 04 months,870000,22,44,741221.5384917455
2025-07-01,BUKIT PANJANG,5 ROOM,547B,SEGAR RD,10 TO 12,112,Improved,2015,89 years 01 month,732000,10,44,747843.7485117515
2025-07-01,BUKIT PANJANG,5 ROOM,465,SEGAR RD,13 TO 15,110,Premium Apartment,2002,76 years,618000,13,44,624728.8220214606
2025-07-01,BUKIT PANJANG,5 ROOM,550B,SEGAR RD,10 TO 12,113,Improved,2015,89 years 05 months,745000,10,44,761823.0699373037
2025-07-01,BUKIT PANJANG,5 ROOM,549B,SEGAR RD,04 TO 06,113,Improved,2015,89 years 05 months,695000,4,44,733719.0319673257
2025-07-01,BUKIT PANJANG,5 ROOM,549B,SEGAR RD,13 TO 15,113,Improved,2015,89 years 05 months,736888,13,44,783316.9065549434
2025-08-01,BUKIT PANJANG,5 ROOM,547A,SEGAR RD,01 TO 03,112,Improved,2015,88 years 11 months,720000,1,44,697213.068193911
2025-08-01,BUKIT PANJANG,5 ROOM,546A,SEGAR RD,04 TO 06,112,Improved,2015,88 years 11 months,720000,4,44,713597.130073865
2025-08-01,BUKIT PANJANG,5 ROOM,549B,SEGAR RD,10 TO 12,113,Improved,2015,89 years 04 months,750888,10,44,761823.0699373037
2025-08-01,BUKIT PANJANG,5 ROOM,549B,SEGAR RD,13 TO 15,113,Improved,2015,89 years 04 months,742000,13,44,783316.9065549434
2025-09-01,BUKIT PANJANG,5 ROOM,549B,SEGAR RD,16 TO 18,113,Improved,2015,89 years 03 months,763888,16,44,793690.1825271274
2025-09-01,BUKIT PANJANG,5 ROOM,468,SEGAR RD,10 TO 12,115,Premium Apartment,2002,75 years 10 months,613000,10,44,727278.3721435193
2025-07-01,BUKIT PANJANG,5 ROOM,650,SENJA LINK,16 TO 18,111,Premium Apartment,2001,75 years 03 months,690000,16,44,666604.2266483514
2025-07-01,BUKIT PANJANG,5 ROOM,630,SENJA RD,16 TO 18,110,Premium Apartment,2004,78 years 04 months,730000,16,44,664946.175235193
2025-07-01,BUKIT PANJANG,5 ROOM,606,SENJA RD,13 TO 15,120,Improved,1999,72 years 10 months,836888,13,44,799823.1338286052
2025-07-01,BUKIT PANJANG,5 ROOM,654,SENJA RD,13 TO 15,111,Premium Apartment,2001,75 years 04 months,630000,13,44,642558.0427453535
2025-07-01,BUKIT PANJANG,5 ROOM,629,SENJA RD,25 TO 27,110,Premium Apartment,2004,78 years 03 months,735000,25,44,747331.3536550356
2025-07-01,BUKIT PANJANG,5 ROOM,608,SENJA RD,07 TO 09,110,Improved,2001,75 years 05 months,770000,7,44,646610.3874919603
2025-07-01,BUKIT PANJANG,5 ROOM,635B,SENJA RD,22 TO 24,112,Improved,2015,89 years 03 months,838000,22,44,827548.7441805287
2025-08-01,BUKIT PANJANG,5 ROOM,629,SENJA RD,04 TO 06,110,Premium Apartment,2004,78 years 02 months,650000,4,44,600599.9764658968
2025-08-01,BUKIT PANJANG,5 ROOM,610,SENJA RD,07 TO 09,110,Improved,2002,75 years 08 months,698888,7,44,646610.3874919603
2025-08-01,BUKIT PANJANG,5 ROOM,621,SENJA RD,01 TO 03,110,Improved,2001,75 years 04 months,615000,1,44,606042.3316277205
2025-08-01,BUKIT PANJANG,5 ROOM,623,SENJA RD,07 TO 09,110,Improved,2001,75 years 04 months,698000,7,44,646610.3874919603
2025-09-01,BUKIT PANJANG,5 ROOM,603,SENJA RD,16 TO 18,121,Improved,1999,72 years 10 months,878000,16,44,802151.3150417833
2025-09-01,BUKIT PANJANG,5 ROOM,625,SENJA RD,16 TO 18,110,Premium Apartment,2004,78 years 03 months,670000,16,44,664946.175235193
2025-09-01,BUKIT PANJANG,5 ROOM,635A,SENJA RD,25 TO 27,112,Improved,2015,89 years 02 months,858000,25,44,859434.4861618298
2025-09-01,BUKIT PANJANG,5 ROOM,635A,SENJA RD,16 TO 18,112,Improved,2015,89 years 01 month,800000,16,44,789736.7667073266
2025-07-01,BUKIT PANJANG,EXECUTIVE,254,BANGKIT RD,07 TO 09,146,Maisonette,1988,61 years 09 months,945000,7,44,894309.4148916887
2025-07-01,BUKIT PANJANG,EXECUTIVE,254,BANGKIT RD,04 TO 06,146,Maisonette,1988,61 years 10 months,855000,4,44,875389.8430726114
2025-07-01,BUKIT PANJANG,EXECUTIVE,617,BT PANJANG RING RD,07 TO 09,130,Apartment,2001,75 years 04 months,875000,7,44,860390.8421225145
2025-07-01,BUKIT PANJANG,EXECUTIVE,135,CASHEW RD,04 TO 06,146,Maisonette,1988,62 years 01 month,800000,4,44,875389.8430726114
2025-07-01,BUKIT PANJANG,EXECUTIVE,452,FAJAR RD,07 TO 09,142,Apartment,1997,70 years 10 months,799999,7,44,914279.8567973429
2025-08-01,BUKIT PANJANG,EXECUTIVE,422,FAJAR RD,10 TO 12,155,Maisonette,1988,62 years 05 months,930000,10,44,931579.0432316436
2025-08-01,BUKIT PANJANG,EXECUTIVE,422,FAJAR RD,10 TO 12,146,Maisonette,1988,62 years 04 months,920000,10,44,912556.5479403937
2025-09-01,BUKIT PANJANG,EXECUTIVE,422,FAJAR RD,04 TO 06,146,Maisonette,1988,62 years 03 months,845000,4,44,875389.8430726114
2025-07-01,BUKIT PANJANG,EXECUTIVE,107,GANGSA RD,04 TO 06,144,Apartment,1987,61 years 03 months,865000,4,44,872668.4409877572
2025-08-01,BUKIT PANJANG,EXECUTIVE,147,GANGSA RD,01 TO 03,142,Apartment,1988,62 years,800000,1,44,847195.8446516282
2025-08-01,BUKIT PANJANG,EXECUTIVE,155,GANGSA RD,16 TO 18,140,Apartment,1998,72 years 03 months,935000,16,44,931059.3879310804
2025-09-01,BUKIT PANJANG,EXECUTIVE,155,GANGSA RD,10 TO 12,140,Apartment,1998,72 years 03 months,965000,10,44,935286.6016043394
2025-08-01,BUKIT PANJANG,EXECUTIVE,543,JELAPANG RD,10 TO 12,142,Maisonette,1999,73 years,1050000,10,44,938770.8729498357
2025-08-01,BUKIT PANJANG,EXECUTIVE,544,JELAPANG RD,07 TO 09,140,Apartment,1999,72 years 11 months,950000,7,44,903005.762370367
2025-09-01,BUKIT PANJANG,EXECUTIVE,503,JELAPANG RD,07 TO 09,145,Maisonette,1998,71 years 07 months,855000,7,44,900383.2293378395
2025-08-01,BUKIT PANJANG,EXECUTIVE,183,JELEBU RD,10 TO 12,126,Premium Apartment,2003,76 years 10 months,1030000,10,44,763289.0743113771
2025-08-01,BUKIT PANJANG,EXECUTIVE,183,JELEBU RD,22 TO 24,126,Premium Apartment,2003,76 years 09 months,1080000,22,44,849218.5671032664
2025-07-01,BUKIT PANJANG,EXECUTIVE,180,LOMPANG RD,22 TO 24,131,Apartment,2002,75 years 07 months,1060000,22,44,939092.752528627
2025-09-01,BUKIT PANJANG,EXECUTIVE,180,LOMPANG RD,07 TO 09,131,Apartment,2002,75 years 05 months,1060000,7,44,862091.9813861933
2025-07-01,BUKIT PANJANG,EXECUTIVE,228,PENDING RD,10 TO 12,144,Apartment,1988,61 years 07 months,840000,10,44,937298.6041413125
2025-09-01,BUKIT PANJANG,EXECUTIVE,138,PETIR RD,01 TO 03,146,Maisonette,1989,62 years 07 months,865000,1,44,864077.0329214963
2025-07-01,BUKIT TIMAH,3 ROOM,8,EMPRESS RD,10 TO 12,65,Improved,1976,49 years 09 months,438000,10,44,470425.4155107615
2025-08-01,BUKIT TIMAH,3 ROOM,8,EMPRESS RD,10 TO 12,65,Improved,1976,49 years 09 months,460000,10,44,470425.4155107615
2025-09-01,BUKIT TIMAH,3 ROOM,4,QUEEN'S RD,10 TO 12,63,Improved,1974,47 years 07 months,488000,10,44,477085.05807773885
2025-09-01,BUKIT TIMAH,3 ROOM,4,QUEEN'S RD,10 TO 12,73,Improved,1974,47 years 07 months,495000,10,44,510648.29614706076
2025-09-01,BUKIT TIMAH,4 ROOM,6,FARRER RD,01 TO 03,91,Improved,1974,47 years 08 months,620000,1,44,593685.9791944455
2025-08-01,BUKIT TIMAH,4 ROOM,3,QUEEN'S RD,10 TO 12,91,Improved,1974,47 years 09 months,638000,10,44,614662.4716521124
2025-09-01,BUKIT TIMAH,4 ROOM,2,QUEEN'S RD,07 TO 09,89,Improved,1974,47 years 07 months,660000,7,44,586168.989039031
2025-09-01,BUKIT TIMAH,4 ROOM,3,QUEEN'S RD,10 TO 12,91,Improved,1974,47 years 07 months,670000,10,44,614662.4716521124
2025-07-01,BUKIT TIMAH,4 ROOM,16,TOH YI DR,07 TO 09,104,Model A,1988,62 years 05 months,953000,7,44,890391.7797541243
2025-07-01,BUKIT TIMAH,5 ROOM,11,TOH YI DR,01 TO 03,122,Improved,1989,63 years,1020000,1,44,1024365.358221455
2025-07-01,BUKIT TIMAH,5 ROOM,11,TOH YI DR,10 TO 12,122,Improved,1989,62 years 11 months,1190000,10,44,1137692.8761037977
2025-07-01,BUKIT TIMAH,5 ROOM,17,TOH YI DR,07 TO 09,128,Improved,1988,62 years,1220000,7,44,1059492.7871200205
2025-08-01,BUKIT TIMAH,5 ROOM,14,TOH YI DR,07 TO 09,122,Improved,1988,62 years 01 month,1178888,7,44,1116292.8533693508
2025-08-01,BUKIT TIMAH,5 ROOM,17,TOH YI DR,10 TO 12,122,Improved,1988,62 years,1270000,10,44,1137692.8761037977
2025-08-01,BUKIT TIMAH,EXECUTIVE,2,TOH YI DR,10 TO 12,150,Maisonette,1988,62 years,1455000,10,44,1366927.8481825409
2025-09-01,BUKIT TIMAH,EXECUTIVE,15,TOH YI DR,01 TO 03,146,Maisonette,1988,61 years 11 months,1340000,1,44,1256395.4576029002
2025-08-01,CENTRAL AREA,2 ROOM,8,JLN KUKOH,10 TO 12,54,Improved,1971,44 years 10 months,320000,10,44,359965.28486683266
2025-09-01,CENTRAL AREA,2 ROOM,9,JLN KUKOH,07 TO 09,54,Improved,1982,55 years 05 months,320000,7,44,364047.7765591291
2025-09-01,CENTRAL AREA,2 ROOM,32,NEW MKT RD,07 TO 09,52,Standard,1983,56 years 06 months,395000,7,44,376829.09063737886
2025-08-01,CENTRAL AREA,2 ROOM,9,SELEGIE RD,04 TO 06,45,Standard,1974,47 years 05 months,370000,4,44,347505.3735443453
2025-08-01,CENTRAL AREA,3 ROOM,28,KELANTAN RD,10 TO 12,65,Improved,1977,51 years 04 months,453000,10,44,485161.8412171657
2025-07-01,CENTRAL AREA,3 ROOM,271,QUEEN ST,19 TO 21,60,Improved,1979,52 years 09 months,563000,19,44,507292.3109510893
2025-08-01,CENTRAL AREA,3 ROOM,9,SELEGIE RD,10 TO 12,58,Standard,1974,47 years 05 months,420000,10,44,437503.16081789316
2025-09-01,CENTRAL AREA,3 ROOM,9,SELEGIE RD,01 TO 03,56,Standard,1974,47 years 05 months,410000,1,44,393061.2145325133
2025-09-01,CENTRAL AREA,3 ROOM,9,SELEGIE RD,10 TO 12,58,Standard,1974,47 years 05 months,436000,10,44,437503.16081789316
2025-07-01,CENTRAL AREA,3 ROOM,335A,SMITH ST,04 TO 06,60,Improved,1984,57 years 08 months,503000,4,44,459705.39112455247
2025-07-01,CENTRAL AREA,3 ROOM,5,TG PAGAR PLAZA,19 TO 21,59,Improved,1977,50 years 08 months,589000,19,44,496444.86065390625
2025-07-01,CENTRAL AREA,3 ROOM,4,TG PAGAR PLAZA,04 TO 06,59,Improved,1977,50 years 07 months,500000,4,44,442914.5396032789
2025-07-01,CENTRAL AREA,3 ROOM,3,TG PAGAR PLAZA,07 TO 09,59,Improved,1977,50 years 07 months,535000,7,44,468467.11811548343
2025-07-01,CENTRAL AREA,3 ROOM,5,TG PAGAR PLAZA,19 TO 21,59,Improved,1977,50 years 07 months,588000,19,44,496444.86065390625
2025-08-01,CENTRAL AREA,3 ROOM,2,TG PAGAR PLAZA,13 TO 15,59,Improved,1977,50 years 08 months,485000,13,44,509298.95043862663
2025-09-01,CENTRAL AREA,3 ROOM,1,TG PAGAR PLAZA,07 TO 09,59,Improved,1977,50 years 05 months,500000,7,44,468467.11811548343
2025-09-01,CENTRAL AREA,3 ROOM,2,TG PAGAR PLAZA,04 TO 06,70,Improved,1977,50 years 06 months,610000,4,44,508029.8231293551
2025-07-01,CENTRAL AREA,3 ROOM,34,UPP CROSS ST,04 TO 06,65,Improved,1975,48 years 11 months,448000,4,44,456051.34993168304
2025-08-01,CENTRAL AREA,3 ROOM,538,UPP CROSS ST,13 TO 15,60,Improved,1978,52 years 02 months,580000,13,44,516796.32421220175
2025-08-01,CENTRAL AREA,3 ROOM,637,VEERASAMY RD,04 TO 06,73,Model A,1985,58 years 10 months,558000,4,44,520695.9164864479
2025-08-01,CENTRAL AREA,3 ROOM,636,VEERASAMY RD,07 TO 09,90,Model A,1985,58 years 10 months,632000,7,44,650874.2921552372
2025-09-01,CENTRAL AREA,4 ROOM,233,BAIN ST,10 TO 12,82,Improved,1980,53 years 08 months,828000,10,44,681204.5058026271
2025-09-01,CENTRAL AREA,4 ROOM,662,BUFFALO RD,10 TO 12,91,Improved,1982,55 years 09 months,575000,10,44,608299.3709129188
2025-07-01,CENTRAL AREA,4 ROOM,1B,CANTONMENT RD,19 TO 21,95,Type S1,2011,84 years 07 months,1380000,19,44,1349544.7279465073
2025-07-01,CENTRAL AREA,4 ROOM,1C,CANTONMENT RD,16 TO 18,93,Type S1,2011,84 years 07 months,1346800,16,44,1313286.97635411
2025-07-01,CENTRAL AREA,4 ROOM,1B,CANTONMENT RD,34 TO 36,95,Type S1,2011,84 years 06 months,1420000,34,44,1372542.0122839
2025-07-01,CENTRAL AREA,4 ROOM,1E,CANTONMENT RD,31 TO 33,93,Type S1,2011,84 years 06 months,1368000,31,44,1363696.1803281852
2025-08-01,CENTRAL AREA,4 ROOM,1C,CANTONMENT RD,04 TO 06,96,Type S1,2011,84 years 06 months,1240000,4,44,1196462.8319903028
2025-08-01,CENTRAL AREA,4 ROOM,1G,CANTONMENT RD,16 TO 18,93,Type S1,2011,84 years 05 months,1310000,16,44,1313286.97635411
2025-08-01,CENTRAL AREA,4 ROOM,1C,CANTONMENT RD,28 TO 30,94,Type S1,2011,84 years 05 months,1390000,28,44,1356110.0215965128
2025-08-01,CENTRAL AREA,4 ROOM,1A,CANTONMENT RD,37 TO 39,93,Type S1,2011,84 years 06 months,1380000,37,44,1385355.1490486136
2025-08-01,CENTRAL AREA,4 ROOM,1D,CANTONMENT RD,40 TO 42,93,Type S1,2011,84 years 05 months,1425000,40,44,1388202.7917328628
2025-08-01,CENTRAL AREA,4 ROOM,1A,CANTONMENT RD,34 TO 36,93,Type S1,2011,84 years 05 months,1360000,34,44,1372286.4781053904
2025-09-01,CENTRAL AREA,4 ROOM,1B,CANTONMENT RD,22 TO 24,93,Type S1,2011,84 years 05 months,1450000,22,44,1346976.1779024648
2025-09-01,CENTRAL AREA,4 ROOM,1G,CANTONMENT RD,31 TO 33,93,Type S1,2011,84 years 05 months,1395000,31,44,1363696.1803281852
2025-09-01,CENTRAL AREA,4 ROOM,1C,CANTONMENT RD,22 TO 24,93,Type S1,2011,84 years 04 months,1370000,22,44,1346976.1779024648
2025-09-01,CENTRAL AREA,4 ROOM,1E,CANTONMENT RD,46 TO 48,93,Type S1,2011,84 years 04 months,1490000,46,44,1400896.333267728
2025-09-01,CENTRAL AREA,4 ROOM,1D,CANTONMENT RD,22 TO 24,96,Type S1,2011,84 years 05 months,1300000,22,44,1351365.3621866794
2025-08-01,CENTRAL AREA,4 ROOM,53,CHIN SWEE RD,07 TO 09,77,Improved,1974,47 years 11 months,548000,7,44,642842.9158817878
2025-08-01,CENTRAL AREA,4 ROOM,671B,KLANG LANE,10 TO 12,75,Model A,2003,76 years 07 months,680000,10,44,666545.6557779029
2025-09-01,CENTRAL AREA,4 ROOM,672B,KLANG LANE,01 TO 03,85,Model A,2002,75 years 11 months,660000,1,44,692742.7486984011
2025-09-01,CENTRAL AREA,4 ROOM,642,ROWELL RD,10 TO 12,109,Model A,1984,57 years 04 months,800000,10,44,751679.0637755033
2025-07-01,CENTRAL AREA,4 ROOM,7,TG PAGAR PLAZA,13 TO 15,83,Improved,1980,53 years 10 months,808000,13,44,729418.3482548008
2025-08-01,CENTRAL AREA,4 ROOM,8,TG PAGAR PLAZA,04 TO 06,83,Improved,1980,53 years 09 months,778000,4,44,702357.9129225793
2025-07-01,CENTRAL AREA,5 ROOM,1G,CANTONMENT RD,43 TO 45,105,Type S2,2011,84 years 07 months,1580000,43,44,1524230.160810256
2025-07-01,CENTRAL AREA,5 ROOM,1A,CANTONMENT RD,31 TO 33,106,Type S2,2011,84 years 06 months,1548000,31,44,1512421.0121186804
2025-08-01,CENTRAL AREA,5 ROOM,1G,CANTONMENT RD,49 TO 51,105,Type S2,2011,84 years 05 months,1600000,49,44,1525365.1948102561
2025-09-01,CENTRAL AREA,5 ROOM,1A,CANTONMENT RD,40 TO 42,107,Type S2,2011,84 years 04 months,1590000,40,44,1522697.2759325115
2025-09-01,CENTRAL AREA,5 ROOM,672A,KLANG LANE,13 TO 15,105,Improved,2002,75 years 10 months,828000,13,44,842514.1178224703
2025-09-01,CENTRAL AREA,5 ROOM,672B,KLANG LANE,10 TO 12,105,Improved,2002,75 years 10 months,788000,10,44,833978.8716617092
2025-09-01,CENTRAL AREA,5 ROOM,642,ROWELL RD,25 TO 27,137,Model A,1984,57 years 04 months,1090000,25,44,944914.8310074972
2025-09-01,CHOA CHU KANG,2 ROOM,807A,CHOA CHU KANG AVE 1,10 TO 12,47,Model A,2017,90 years 08 months,360000,10,44,358495.251512248
2025-08-01,CHOA CHU KANG,2 ROOM,166A,TECK WHYE CRES,19 TO 21,47,Model A,2015,88 years 06 months,400000,19,44,383606.09803842683
2025-07-01,CHOA CHU KANG,3 ROOM,807A,CHOA CHU KANG AVE 1,01 TO 03,67,Model A,2017,90 years 10 months,460000,1,44,477213.9806430043
2025-07-01,CHOA CHU KANG,3 ROOM,807A,CHOA CHU KANG AVE 1,10 TO 12,67,Model A,2017,90 years 09 months,508000,10,44,497395.6174474947
2025-08-01,CHOA CHU KANG,3 ROOM,818A,CHOA CHU KANG AVE 1,16 TO 18,67,Model A,2017,91 years 02 months,530000,16,44,526035.705856332
2025-09-01,CHOA CHU KANG,3 ROOM,809B,CHOA CHU KANG AVE 1,10 TO 12,67,Model A,2017,90 years 08 months,510000,10,44,497395.6174474947
2025-09-01,CHOA CHU KANG,3 ROOM,807A,CHOA CHU KANG AVE 1,13 TO 15,67,Model A,2017,90 years 08 months,508888,13,44,511038.2533250103
2025-07-01,CHOA CHU KANG,3 ROOM,490B,CHOA CHU KANG AVE 5,13 TO 15,68,Model A,2016,89 years 11 months,480000,13,44,509637.9137303367
2025-07-01,CHOA CHU KANG,3 ROOM,476D,CHOA CHU KANG AVE 5,04 TO 06,67,Model A,2013,87 years,492888,4,44,482421.8922501612
2025-08-01,CHOA CHU KANG,3 ROOM,490C,CHOA CHU KANG AVE 5,04 TO 06,68,Model A,2016,89 years 10 months,500088,4,44,490422.57160132943
2025-08-01,CHOA CHU KANG,3 ROOM,490C,CHOA CHU KANG AVE 5,10 TO 12,68,Model A,2016,89 years 10 months,502888,10,44,498519.3697972743
2025-09-01,CHOA CHU KANG,3 ROOM,490C,CHOA CHU KANG AVE 5,04 TO 06,68,Model A,2016,89 years 09 months,500888,4,44,490422.57160132943
2025-09-01,CHOA CHU KANG,3 ROOM,490C,CHOA CHU KANG AVE 5,07 TO 09,68,Model A,2016,89 years 09 months,518000,7,44,496455.246210735
2025-07-01,CHOA CHU KANG,3 ROOM,811A,CHOA CHU KANG AVE 7,04 TO 06,68,Model A,2017,91 years 05 months,480000,4,44,490422.57160132943
2025-07-01,CHOA CHU KANG,3 ROOM,571,CHOA CHU KANG ST 52,04 TO 06,67,Model A,2015,88 years 06 months,480000,4,44,482421.8922501612
2025-07-01,CHOA CHU KANG,3 ROOM,571,CHOA CHU KANG ST 52,07 TO 09,67,Model A,2015,88 years 06 months,516000,7,44,488436.1066470192
2025-08-01,CHOA CHU KANG,3 ROOM,571,CHOA CHU KANG ST 52,04 TO 06,67,Model A,2015,88 years 05 months,470000,4,44,482421.8922501612
2025-07-01,CHOA CHU KANG,3 ROOM,802C,KEAT HONG CL,13 TO 15,67,Model A,2018,91 years 07 months,490000,13,44,511038.2533250103
2025-08-01,CHOA CHU KANG,3 ROOM,801B,KEAT HONG CL,04 TO 06,67,Model A,2018,91 years 06 months,485000,4,44,482421.8922501612
2025-09-01,CHOA CHU KANG,3 ROOM,801B,KEAT HONG CL,07 TO 09,67,Model A,2018,91 years 05 months,495000,7,44,488436.1066470192
2025-07-01,CHOA CHU KANG,3 ROOM,1,TECK WHYE AVE,07 TO 09,74,Model A,1984,58 years 04 months,415000,7,44,430836.2928846658
2025-07-01,CHOA CHU KANG,3 ROOM,5,TECK WHYE AVE,01 TO 03,74,Model A,1984,57 years 08 months,408000,1,44,430753.4889607062
2025-08-01,CHOA CHU KANG,3 ROOM,4,TECK WHYE AVE,10 TO 12,74,Model A,1984,58 years,425000,10,44,434405.64017440536
2025-08-01,CHOA CHU KANG,3 ROOM,1,TECK WHYE AVE,10 TO 12,74,Model A,1984,58 years 03 months,435000,10,44,434405.64017440536
2025-08-01,CHOA CHU KANG,3 ROOM,2,TECK WHYE AVE,10 TO 12,74,Model A,1984,58 years 03 months,420000,10,44,434405.64017440536
2025-07-01,CHOA CHU KANG,3 ROOM,105,TECK WHYE LANE,01 TO 03,73,Model A,1989,63 years 03 months,428000,1,44,429206.9975806441
2025-08-01,CHOA CHU KANG,3 ROOM,106,TECK WHYE LANE,04 TO 06,73,Model A,1989,63 years 02 months,435000,4,44,432073.43600730924
2025-09-01,CHOA CHU KANG,3 ROOM,111,TECK WHYE LANE,10 TO 12,73,Model A,1989,63 years 01 month,423888,10,44,432581.472956952
2025-09-01,CHOA CHU KANG,3 ROOM,26,TECK WHYE LANE,10 TO 12,74,New Generation,1979,52 years 06 months,398000,10,44,404737.8908345763
2025-07-01,CHOA CHU KANG,4 ROOM,808B,CHOA CHU KANG AVE 1,13 TO 15,92,Model A,2017,90 years 10 months,528000,13,44,623080.2460318443
2025-07-01,CHOA CHU KANG,4 ROOM,807B,CHOA CHU KANG AVE 1,16 TO 18,92,Model A,2017,90 years 10 months,625000,16,44,639202.0999218381
2025-07-01,CHOA CHU KANG,4 ROOM,807B,CHOA CHU KANG AVE 1,13 TO 15,92,Model A,2017,90 years 10 months,623500,13,44,623080.2460318443
2025-07-01,CHOA CHU KANG,4 ROOM,807B,CHOA CHU KANG AVE 1,04 TO 06,92,Model A,2017,90 years 09 months,589500,4,44,587139.831084222
2025-07-01,CHOA CHU KANG,4 ROOM,808A,CHOA CHU KANG AVE 1,16 TO 18,92,Model A,2017,90 years 09 months,623000,16,44,639202.0999218381
2025-08-01,CHOA CHU KANG,4 ROOM,807C,CHOA CHU KANG AVE 1,04 TO 06,92,Model A,2017,90 years 08 months,590000,4,44,587139.831084222
2025-08-01,CHOA CHU KANG,4 ROOM,809A,CHOA CHU KANG AVE 1,07 TO 09,92,Model A,2017,90 years 08 months,602888,7,44,603708.4405494063
2025-08-01,CHOA CHU KANG,4 ROOM,202,CHOA CHU KANG AVE 1,07 TO 09,104,Model A,1989,63 years 04 months,570001,7,44,559109.0764928625
2025-09-01,CHOA CHU KANG,4 ROOM,818C,CHOA CHU KANG AVE 1,04 TO 06,92,Model A,2017,91 years,619000,4,44,587139.831084222
2025-07-01,CHOA CHU KANG,4 ROOM,296A,CHOA CHU KANG AVE 2,07 TO 09,100,Premium Apartment,1999,73 years 01 month,555000,7,44,571656.7551450501
2025-07-01,CHOA CHU KANG,4 ROOM,249,CHOA CHU KANG AVE 2,07 TO 09,104,Model A,1993,66 years 11 months,545000,7,44,559109.0764928625
2025-07-01,CHOA CHU KANG,4 ROOM,296,CHOA CHU KANG AVE 2,07 TO 09,101,Premium Apartment,1999,73 years,550000,7,44,566210.6032959864
2025-08-01,CHOA CHU KANG,4 ROOM,297B,CHOA CHU KANG AVE 2,07 TO 09,103,Premium Apartment,1999,73 years,550000,7,44,558648.39677804
2025-08-01,CHOA CHU KANG,4 ROOM,294,CHOA CHU KANG AVE 2,01 TO 03,104,Model A,1990,63 years 10 months,545000,1,44,526846.895234574
2025-09-01,CHOA CHU KANG,4 ROOM,249,CHOA CHU KANG AVE 2,01 TO 03,104,Model A,1993,66 years 10 months,520000,1,44,526846.895234574
2025-09-01,CHOA CHU KANG,4 ROOM,296B,CHOA CHU KANG AVE 2,10 TO 12,100,Premium Apartment,1999,72 years 10 months,550000,10,44,584991.951908227
2025-07-01,CHOA CHU KANG,4 ROOM,285,CHOA CHU KANG AVE 3,01 TO 03,104,Model A,1993,67 years,558000,1,44,526846.895234574
2025-07-01,CHOA CHU KANG,4 ROOM,284,CHOA CHU KANG AVE 3,13 TO 15,104,Model A,1990,64 years 01 month,580000,13,44,573593.6219823658
2025-07-01,CHOA CHU KANG,4 ROOM,473,CHOA CHU KANG AVE 3,13 TO 15,101,Model A,1999,72 years 10 months,570000,13,44,576563.0049446132
2025-07-01,CHOA CHU KANG,4 ROOM,471,CHOA CHU KANG AVE 3,16 TO 18,101,Model A,1999,72 years 07 months,570000,16,44,605895.0359798719
2025-07-01,CHOA CHU KANG,4 ROOM,291,CHOA CHU KANG AVE 3,10 TO 12,104,Model A,1993,66 years 11 months,548888,10,44,566472.0124454376
2025-07-01,CHOA CHU KANG,4 ROOM,406,CHOA CHU KANG AVE 3,13 TO 15,104,Model A,1993,66 years 11 months,570000,13,44,573593.6219823658
2025-07-01,CHOA CHU KANG,4 ROOM,469,CHOA CHU KANG AVE 3,10 TO 12,100,Model A,1999,72 years 09 months,550000,10,44,569600.409954039
2025-08-01,CHOA CHU KANG,4 ROOM,293,CHOA CHU KANG AVE 3,10 TO 12,104,Model A,1993,66 years 11 months,572300,10,44,566472.0124454376
2025-08-01,CHOA CHU KANG,4 ROOM,281,CHOA CHU KANG AVE 3,07 TO 09,104,Model A,1992,66 years,585000,7,44,559109.0764928625
2025-08-01,CHOA CHU KANG,4 ROOM,284,CHOA CHU KANG AVE 3,04 TO 06,104,Model A,1990,64 years,568000,4,44,554399.6663795068
2025-08-01,CHOA CHU KANG,4 ROOM,293,CHOA CHU KANG AVE 3,01 TO 03,112,Model A,1993,66 years 11 months,558000,1,44,565432.2782017916
2025-08-01,CHOA CHU KANG,4 ROOM,289,CHOA CHU KANG AVE 3,07 TO 09,104,Model A,1993,66 years 11 months,538000,7,44,559109.0764928625
2025-08-01,CHOA CHU KANG,4 ROOM,408,CHOA CHU KANG AVE 3,10 TO 12,105,Model A,1993,66 years 11 months,615000,10,44,571054.5988909682
2025-08-01,CHOA CHU KANG,4 ROOM,284,CHOA CHU KANG AVE 3,13 TO 15,104,Model A,1990,63 years 11 months,598888,13,44,573593.6219823658
2025-08-01,CHOA CHU KANG,4 ROOM,406,CHOA CHU KANG AVE 3,07 TO 09,104,Model A,1993,66 years 10 months,560000,7,44,559109.0764928625
2025-09-01,CHOA CHU KANG,4 ROOM,280,CHOA CHU KANG AVE 3,07 TO 09,104,Model A,1992,65 years 11 months,550000,7,44,559109.0764928625
2025-09-01,CHOA CHU KANG,4 ROOM,404,CHOA CHU KANG AVE 3,04 TO 06,104,Model A,1993,66 years 09 months,550000,4,44,554399.6663795068
2025-07-01,CHOA CHU KANG,4 ROOM,442,CHOA CHU KANG AVE 4,13 TO 15,90,Model A2,1997,70 years 09 months,516888,13,44,542672.1146760803
2025-07-01,CHOA CHU KANG,4 ROOM,423,CHOA CHU KANG AVE 4,10 TO 12,104,Model A,1992,66 years,555000,10,44,566472.0124454376
2025-08-01,CHOA CHU KANG,4 ROOM,435,CHOA CHU KANG AVE 4,04 TO 06,104,Model A,1993,66 years 10 months,562000,4,44,554399.6663795068
2025-08-01,CHOA CHU KANG,4 ROOM,440,CHOA CHU KANG AVE 4,07 TO 09,104,Model A,1993,66 years 11 months,550000,7,44,559109.0764928625
2025-08-01,CHOA CHU KANG,4 ROOM,445,CHOA CHU KANG AVE 4,01 TO 03,101,Model A,1997,70 years 07 months,510000,1,44,533045.0317403435
2025-08-01,CHOA CHU KANG,4 ROOM,430,CHOA CHU KANG AVE 4,07 TO 09,104,Model A,1993,66 years 10 months,580000,7,44,559109.0764928625
2025-08-01,CHOA CHU KANG,4 ROOM,450,CHOA CHU KANG AVE 4,01 TO 03,104,Premium Apartment,2000,73 years 06 months,480000,1,44,541001.9049626284
2025-08-01,CHOA CHU KANG,4 ROOM,462,CHOA CHU KANG AVE 4,16 TO 18,103,Premium Apartment,2000,73 years 07 months,550000,16,44,570951.592436279
2025-09-01,CHOA CHU KANG,4 ROOM,425,CHOA CHU KANG AVE 4,01 TO 03,104,Model A,1992,65 years 11 months,560000,1,44,526846.895234574
2025-09-01,CHOA CHU KANG,4 ROOM,425,CHOA CHU KANG AVE 4,07 TO 09,104,Model A,1992,65 years 10 months,558000,7,44,559109.0764928625
2025-09-01,CHOA CHU KANG,4 ROOM,455,CHOA CHU KANG AVE 4,07 TO 09,103,Premium Apartment,2000,73 years 07 months,560000,7,44,558648.39677804
2025-09-01,CHOA CHU KANG,4 ROOM,452,CHOA CHU KANG AVE 4,01 TO 03,103,Premium Apartment,2000,73 years 05 months,481000,1,44,540790.8827682612
2025-07-01,CHOA CHU KANG,4 ROOM,484A,CHOA CHU KANG AVE 5,04 TO 06,92,Model A2,1999,72 years 10 months,483000,4,44,517547.8388260043
2025-07-01,CHOA CHU KANG,4 ROOM,489B,CHOA CHU KANG AVE 5,04 TO 06,93,Model A,2016,90 years,580000,4,44,590619.59807079
2025-07-01,CHOA CHU KANG,4 ROOM,488B,CHOA CHU KANG AVE 5,07 TO 09,93,Model A,2016,90 years,605888,7,44,607856.1684396764
2025-07-01,CHOA CHU KANG,4 ROOM,484D,CHOA CHU KANG AVE 5,07 TO 09,101,Model A,1999,72 years 09 months,530000,7,44,564581.573646447
2025-07-01,CHOA CHU KANG,4 ROOM,484D,CHOA CHU KANG AVE 5,13 TO 15,101,Model A,1999,72 years 09 months,545000,13,44,576563.0049446132
2025-07-01,CHOA CHU KANG,4 ROOM,488A,CHOA CHU KANG AVE 5,07 TO 09,93,Model A,2016,89 years 11 months,575000,7,44,607856.1684396764
2025-07-01,CHOA CHU KANG,4 ROOM,476B,CHOA CHU KANG AVE 5,13 TO 15,92,Model A,2013,87 years,575000,13,44,623080.2460318443
2025-07-01,CHOA CHU KANG,4 ROOM,488D,CHOA CHU KANG AVE 5,07 TO 09,93,Model A,2016,89 years 11 months,613000,7,44,607856.1684396764
2025-08-01,CHOA CHU KANG,4 ROOM,487A,CHOA CHU KANG AVE 5,10 TO 12,93,Model A,2016,89 years 10 months,605000,10,44,613071.7429558161
2025-08-01,CHOA CHU KANG,4 ROOM,484A,CHOA CHU KANG AVE 5,13 TO 15,92,Model A2,1999,72 years 09 months,530000,13,44,542346.7365706549
2025-08-01,CHOA CHU KANG,4 ROOM,489D,CHOA CHU KANG AVE 5,07 TO 09,93,Model A,2016,89 years 10 months,580000,7,44,607856.1684396764
2025-09-01,CHOA CHU KANG,4 ROOM,484A,CHOA CHU KANG AVE 5,16 TO 18,90,Model A2,1999,72 years 07 months,515000,16,44,553537.5692683267
2025-09-01,CHOA CHU KANG,4 ROOM,490C,CHOA CHU KANG AVE 5,01 TO 03,93,Model A,2016,89 years 09 months,530000,1,44,571847.1760312079
2025-09-01,CHOA CHU KANG,4 ROOM,489C,CHOA CHU KANG AVE 5,01 TO 03,93,Model A,2016,89 years 09 months,550000,1,44,571847.1760312079
2025-09-01,CHOA CHU KANG,4 ROOM,484B,CHOA CHU KANG AVE 5,04 TO 06,100,Model A,1999,72 years 07 months,520000,4,44,558343.9667057
2025-09-01,CHOA CHU KANG,4 ROOM,489A,CHOA CHU KANG AVE 5,10 TO 12,93,Model A,2016,89 years 09 months,620000,10,44,613071.7429558161
2025-07-01,CHOA CHU KANG,4 ROOM,815A,CHOA CHU KANG AVE 7,10 TO 12,93,Model A,2017,90 years 09 months,645000,10,44,613071.7429558161
2025-07-01,CHOA CHU KANG,4 ROOM,811A,CHOA CHU KANG AVE 7,07 TO 09,93,Model A,2017,91 years 04 months,618000,7,44,607856.1684396764
2025-07-01,CHOA CHU KANG,4 ROOM,812B,CHOA CHU KANG AVE 7,01 TO 03,93,Model A,2017,91 years 05 months,575000,1,44,571847.1760312079
2025-08-01,CHOA CHU KANG,4 ROOM,812A,CHOA CHU KANG AVE 7,16 TO 18,93,Model A,2017,91 years 03 months,655000,16,44,642995.3330243333
2025-08-01,CHOA CHU KANG,4 ROOM,815A,CHOA CHU KANG AVE 7,16 TO 18,93,Model A,2017,90 years 07 months,675000,16,44,642995.3330243333
2025-09-01,CHOA CHU KANG,4 ROOM,815A,CHOA CHU KANG AVE 7,16 TO 18,93,Model A,2017,90 years 07 months,648888,16,44,642995.3330243333
2025-09-01,CHOA CHU KANG,4 ROOM,811A,CHOA CHU KANG AVE 7,13 TO 15,93,Model A,2017,91 years 03 months,625000,13,44,624363.0636687017
2025-09-01,CHOA CHU KANG,4 ROOM,815B,CHOA CHU KANG AVE 7,07 TO 09,93,Model A,2017,90 years 06 months,600000,7,44,607856.1684396764
2025-09-01,CHOA CHU KANG,4 ROOM,810A,CHOA CHU KANG AVE 7,04 TO 06,93,Model A,2017,91 years 02 months,562000,4,44,590619.59807079
2025-07-01,CHOA CHU KANG,4 ROOM,685C,CHOA CHU KANG CRES,01 TO 03,86,Model A2,2002,76 years 04 months,510000,1,44,512615.7672361904
2025-07-01,CHOA CHU KANG,4 ROOM,667,CHOA CHU KANG CRES,13 TO 15,102,Model A,1999,73 years,558000,13,44,573381.0122407277
2025-07-01,CHOA CHU KANG,4 ROOM,667,CHOA CHU KANG CRES,16 TO 18,102,Model A,1999,73 years,560000,16,44,603586.2036427851
2025-07-01,CHOA CHU KANG,4 ROOM,692A,CHOA CHU KANG CRES,04 TO 06,90,Model A,2003,76 years 08 months,500000,4,44,528782.293975748
2025-07-01,CHOA CHU KANG,4 ROOM,684A,CHOA CHU KANG CRES,04 TO 06,90,Model A,2002,76 years 04 months,500888,4,44,528782.293975748
2025-07-01,CHOA CHU KANG,4 ROOM,672A,CHOA CHU KANG CRES,07 TO 09,105,Premium Apartment,2000,73 years 08 months,570000,7,44,570771.6057326177
2025-07-01,CHOA CHU KANG,4 ROOM,692A,CHOA CHU KANG CRES,01 TO 03,91,Model A,2003,76 years 08 months,510000,1,44,525146.2416196679
2025-07-01,CHOA CHU KANG,4 ROOM,685C,CHOA CHU KANG CRES,10 TO 12,85,Model A2,2002,76 years 03 months,505000,10,44,533990.7984604965
2025-07-01,CHOA CHU KANG,4 ROOM,681,CHOA CHU KANG CRES,04 TO 06,106,Premium Apartment,1999,73 years 03 months,525000,4,44,570281.7501658604
2025-08-01,CHOA CHU KANG,4 ROOM,685C,CHOA CHU KANG CRES,10 TO 12,85,Model A2,2002,76 years 03 months,526000,10,44,533990.7984604965
2025-08-01,CHOA CHU KANG,4 ROOM,686B,CHOA CHU KANG CRES,13 TO 15,90,Model A,2002,76 years 03 months,530000,13,44,546567.7794281357
2025-08-01,CHOA CHU KANG,4 ROOM,678,CHOA CHU KANG CRES,04 TO 06,105,Premium Apartment,1999,73 years 03 months,548000,4,44,562197.1004754154
2025-09-01,CHOA CHU KANG,4 ROOM,682,CHOA CHU KANG CRES,10 TO 12,105,Premium Apartment,1999,73 years 02 months,568000,10,44,574684.0020488026
2025-09-01,CHOA CHU KANG,4 ROOM,690A,CHOA CHU KANG CRES,01 TO 03,90,Model A,2003,76 years 09 months,508000,1,44,520969.1545899573
2025-09-01,CHOA CHU KANG,4 ROOM,692B,CHOA CHU KANG CRES,16 TO 18,91,Model A,2003,76 years 05 months,530000,16,44,560162.4563962396
2025-09-01,CHOA CHU KANG,4 ROOM,691A,CHOA CHU KANG CRES,19 TO 21,91,Model A,2003,76 years 08 months,552000,19,44,561931.604555022
2025-09-01,CHOA CHU KANG,4 ROOM,686C,CHOA CHU KANG CRES,07 TO 09,85,Model A2,2002,76 years 02 months,475000,7,44,526702.6498966811
2025-09-01,CHOA CHU KANG,4 ROOM,676,CHOA CHU KANG CRES,01 TO 03,104,Premium Apartment,1999,73 years 03 months,523000,1,44,541001.9049626284
2025-09-01,CHOA CHU KANG,4 ROOM,670A,CHOA CHU KANG CRES,10 TO 12,104,Premium Apartment,1999,73 years 03 months,553000,10,44,560883.1241887005
2025-09-01,CHOA CHU KANG,4 ROOM,685C,CHOA CHU KANG CRES,16 TO 18,85,Model A2,2002,76 years 01 month,508000,16,44,547704.9108090539
2025-07-01,CHOA CHU KANG,4 ROOM,206,CHOA CHU KANG CTRL,01 TO 03,104,Model A,1989,62 years 09 months,498000,1,44,526846.895234574
2025-07-01,CHOA CHU KANG,4 ROOM,210,CHOA CHU KANG CTRL,01 TO 03,104,Model A,1990,63 years 08 months,550000,1,44,526846.895234574
2025-08-01,CHOA CHU KANG,4 ROOM,228,CHOA CHU KANG CTRL,10 TO 12,104,Model A,1989,62 years 10 months,545000,10,44,566472.0124454376
2025-08-01,CHOA CHU KANG,4 ROOM,234,CHOA CHU KANG CTRL,04 TO 06,104,Model A,1989,62 years 08 months,506000,4,44,554399.6663795068
2025-08-01,CHOA CHU KANG,4 ROOM,236,CHOA CHU KANG CTRL,01 TO 03,104,Model A,1989,62 years 08 months,500000,1,44,526846.895234574
2025-08-01,CHOA CHU KANG,4 ROOM,352,CHOA CHU KANG CTRL,10 TO 12,104,Model A,1993,66 years 10 months,618888,10,44,566472.0124454376
2025-08-01,CHOA CHU KANG,4 ROOM,218,CHOA CHU KANG CTRL,07 TO 09,105,Model A,1990,63 years 06 months,590000,7,44,561384.8690526909
2025-07-01,CHOA CHU KANG,4 ROOM,687A,CHOA CHU KANG DR,16 TO 18,90,Model A,2002,76 years,535000,16,44,559001.3541255326
2025-08-01,CHOA CHU KANG,4 ROOM,688A,CHOA CHU KANG DR,01 TO 03,90,Model A,2002,75 years 07 months,490000,1,44,520969.1545899573
2025-08-01,CHOA CHU KANG,4 ROOM,687B,CHOA CHU KANG DR,01 TO 03,90,Model A,2002,75 years 10 months,498000,1,44,520969.1545899573
2025-07-01,CHOA CHU KANG,4 ROOM,763,CHOA CHU KANG NTH 5,01 TO 03,105,Model A,1996,70 years 01 month,530000,1,44,528710.4880850771
2025-08-01,CHOA CHU KANG,4 ROOM,788,CHOA CHU KANG NTH 6,04 TO 06,111,Model A,1997,70 years 06 months,618000,4,44,560059.806280674
2025-09-01,CHOA CHU KANG,4 ROOM,631,CHOA CHU KANG NTH 6,04 TO 06,113,Premium Apartment,1998,71 years 05 months,690000,4,44,607793.8976399857
2025-09-01,CHOA CHU KANG,4 ROOM,631,CHOA CHU KANG NTH 6,10 TO 12,113,Premium Apartment,1998,71 years 04 months,670000,10,44,621681.850283907
2025-09-01,CHOA CHU KANG,4 ROOM,631,CHOA CHU KANG NTH 6,01 TO 03,113,Premium Apartment,1998,71 years 04 months,590000,1,44,590399.4449841349
2025-07-01,CHOA CHU KANG,4 ROOM,517,CHOA CHU KANG ST 51,01 TO 03,104,Model A,1995,69 years 02 months,550000,1,44,526846.895234574
2025-08-01,CHOA CHU KANG,4 ROOM,517,CHOA CHU KANG ST 51,10 TO 12,107,Model A,1995,69 years 02 months,570000,10,44,568444.6468074295
2025-08-01,CHOA CHU KANG,4 ROOM,504,CHOA CHU KANG ST 51,04 TO 06,108,Model A,1995,68 years 07 months,548000,4,44,553906.9269824624
2025-09-01,CHOA CHU KANG,4 ROOM,504,CHOA CHU KANG ST 51,10 TO 12,117,Model A,1995,68 years 05 months,600000,10,44,612660.7214246037
2025-09-01,CHOA CHU KANG,4 ROOM,569,CHOA CHU KANG ST 52,10 TO 12,106,Model A,1995,68 years 10 months,575000,10,44,569644.8462313425
2025-08-01,CHOA CHU KANG,4 ROOM,708,CHOA CHU KANG ST 53,04 TO 06,114,Model A,1995,68 years 09 months,538000,4,44,556273.428257201
2025-07-01,CHOA CHU KANG,4 ROOM,767,CHOA CHU KANG ST 54,10 TO 12,104,Model A,1996,70 years 04 months,595000,10,44,566472.0124454376
2025-07-01,CHOA CHU KANG,4 ROOM,610,CHOA CHU KANG ST 62,07 TO 09,108,Model A,1996,69 years 10 months,580000,7,44,562374.4330070409
2025-07-01,CHOA CHU KANG,4 ROOM,620,CHOA CHU KANG ST 62,07 TO 09,108,Model A,1996,70 years,588000,7,44,562374.4330070409
2025-08-01,CHOA CHU KANG,4 ROOM,609,CHOA CHU KANG ST 62,04 TO 06,107,Model A,1996,69 years 08 months,598888,4,44,557441.9416381976
2025-09-01,CHOA CHU KANG,4 ROOM,615,CHOA CHU KANG ST 62,04 TO 06,108,Model A,1996,69 years 10 months,528000,4,44,553906.9269824624
2025-09-01,CHOA CHU KANG,4 ROOM,614,CHOA CHU KANG ST 62,04 TO 06,107,Model A,1996,69 years 09 months,595000,4,44,557441.9416381976
2025-08-01,CHOA CHU KANG,4 ROOM,639,CHOA CHU KANG ST 64,10 TO 12,100,Premium Apartment,1998,71 years 06 months,690000,10,44,584991.951908227
2025-07-01,CHOA CHU KANG,4 ROOM,162,JLN TECK WHYE,01 TO 03,101,Model A,1998,71 years 08 months,545000,1,44,533045.0317403435
2025-07-01,CHOA CHU KANG,4 ROOM,150,JLN TECK WHYE,07 TO 09,100,Model A,1998,71 years 07 months,580000,7,44,564874.0408854722
2025-07-01,CHOA CHU KANG,4 ROOM,152,JLN TECK WHYE,01 TO 03,101,Model A,1998,71 years 07 months,550000,1,44,533045.0317403435
2025-08-01,CHOA CHU KANG,4 ROOM,157,JLN TECK WHYE,01 TO 03,91,Model A2,1998,71 years 06 months,485000,1,44,514234.07404863246
2025-08-01,CHOA CHU KANG,4 ROOM,160,JLN TECK WHYE,16 TO 18,101,Model A,1998,71 years 06 months,588000,16,44,605895.0359798719
2025-09-01,CHOA CHU KANG,4 ROOM,150,JLN TECK WHYE,10 TO 12,100,Model A,1998,71 years 04 months,575000,10,44,569600.409954039
2025-07-01,CHOA CHU KANG,4 ROOM,802C,KEAT HONG CL,01 TO 03,92,Model A,2018,91 years 07 months,545000,1,44,567738.2502563612
2025-07-01,CHOA CHU KANG,4 ROOM,803A,KEAT HONG CL,01 TO 03,93,Model A,2017,90 years 10 months,520000,1,44,571847.1760312079
2025-07-01,CHOA CHU KANG,4 ROOM,803C,KEAT HONG CL,04 TO 06,93,Model A,2017,90 years 10 months,585000,4,44,590619.59807079
2025-07-01,CHOA CHU KANG,4 ROOM,804B,KEAT HONG CL,04 TO 06,93,Model A,2017,90 years 11 months,585000,4,44,590619.59807079
2025-08-01,CHOA CHU KANG,4 ROOM,805D,KEAT HONG CL,16 TO 18,93,Model A,2017,90 years 10 months,625000,16,44,642995.3330243333
2025-08-01,CHOA CHU KANG,4 ROOM,802C,KEAT HONG CL,07 TO 09,92,Model A,2018,91 years 07 months,600000,7,44,603708.4405494063
2025-08-01,CHOA CHU KANG,4 ROOM,803B,KEAT HONG CL,07 TO 09,93,Model A,2017,90 years 09 months,610000,7,44,607856.1684396764
2025-09-01,CHOA CHU KANG,4 ROOM,802B,KEAT HONG CL,04 TO 06,92,Model A,2018,91 years 06 months,585000,4,44,587139.831084222
2025-09-01,CHOA CHU KANG,4 ROOM,805A,KEAT HONG CL,04 TO 06,93,Model A,2017,90 years 09 months,570000,4,44,590619.59807079
2025-07-01,CHOA CHU KANG,4 ROOM,817C,KEAT HONG LINK,13 TO 15,92,Model A,2017,91 years 03 months,648000,13,44,623080.2460318443
2025-08-01,CHOA CHU KANG,4 ROOM,816A,KEAT HONG LINK,19 TO 21,92,Model A,2017,91 years 01 month,675000,19,44,639419.0016132853
2025-07-01,CHOA CHU KANG,4 ROOM,1,TECK WHYE AVE,07 TO 09,104,Model A,1984,58 years 04 months,504000,7,44,559109.0764928625
2025-07-01,CHOA CHU KANG,4 ROOM,115,TECK WHYE LANE,01 TO 03,103,Model A,1989,62 years 10 months,500000,1,44,523012.50681746483
2025-08-01,CHOA CHU KANG,4 ROOM,20,TECK WHYE LANE,07 TO 09,92,New Generation,1981,55 years 01 month,452000,7,44,485060.0546055235
2025-08-01,CHOA CHU KANG,4 ROOM,141,TECK WHYE LANE,04 TO 06,103,Model A,1989,62 years 11 months,500000,4,44,549566.3906847894
2025-08-01,CHOA CHU KANG,4 ROOM,17,TECK WHYE LANE,07 TO 09,95,New Generation,1981,55 years 01 month,475000,7,44,496622.94571835647
2025-07-01,CHOA CHU KANG,5 ROOM,818C,CHOA CHU KANG AVE 1,10 TO 12,112,Improved,2017,91 years 03 months,745000,10,44,721280.3524901057
2025-07-01,CHOA CHU KANG,5 ROOM,808C,CHOA CHU KANG AVE 1,01 TO 03,112,Improved,2017,90 years 09 months,678000,1,44,663745.2900661739
2025-07-01,CHOA CHU KANG,5 ROOM,808D,CHOA CHU KANG AVE 1,13 TO 15,112,Improved,2017,90 years 10 months,692000,13,44,731452.5796747712
2025-07-01,CHOA CHU KANG,5 ROOM,808C,CHOA CHU KANG AVE 1,01 TO 03,112,Improved,2017,90 years 09 months,660000,1,44,663745.2900661739
2025-07-01,CHOA CHU KANG,5 ROOM,809A,CHOA CHU KANG AVE 1,07 TO 09,112,Improved,2017,90 years 09 months,712000,7,44,705811.8972711385
2025-09-01,CHOA CHU KANG,5 ROOM,131,CHOA CHU KANG AVE 1,13 TO 15,134,Model A,1993,66 years 09 months,720000,13,44,720046.7940731447
2025-09-01,CHOA CHU KANG,5 ROOM,808B,CHOA CHU KANG AVE 1,10 TO 12,112,Improved,2017,90 years 07 months,690000,10,44,721280.3524901057
2025-09-01,CHOA CHU KANG,5 ROOM,808A,CHOA CHU KANG AVE 1,04 TO 06,112,Improved,2017,90 years 07 months,678000,4,44,696725.4820409378
2025-07-01,CHOA CHU KANG,5 ROOM,296E,CHOA CHU KANG AVE 2,07 TO 09,122,Premium Apartment,1999,73 years 01 month,670000,7,44,639258.5666382262
2025-07-01,CHOA CHU KANG,5 ROOM,252,CHOA CHU KANG AVE 2,04 TO 06,122,Improved,1994,68 years 05 months,638000,4,44,652172.6558407673
2025-07-01,CHOA CHU KANG,5 ROOM,276,CHOA CHU KANG AVE 2,04 TO 06,122,Improved,1993,66 years 11 months,660000,4,44,652172.6558407673
2025-08-01,CHOA CHU KANG,5 ROOM,277,CHOA CHU KANG AVE 2,10 TO 12,122,Improved,1993,66 years 10 months,740000,10,44,687932.6674587528
2025-08-01,CHOA CHU KANG,5 ROOM,297,CHOA CHU KANG AVE 2,13 TO 15,122,Premium Apartment,1999,72 years 11 months,685000,13,44,673874.0403439635
2025-08-01,CHOA CHU KANG,5 ROOM,254,CHOA CHU KANG AVE 2,01 TO 03,124,Improved,1994,68 years 04 months,625000,1,44,650553.4768880723
2025-09-01,CHOA CHU KANG,5 ROOM,250,CHOA CHU KANG AVE 2,13 TO 15,125,Improved,1993,66 years 10 months,718000,13,44,691784.771733025
2025-09-01,CHOA CHU KANG,5 ROOM,277,CHOA CHU KANG AVE 2,13 TO 15,123,Improved,1993,66 years 10 months,697000,13,44,693221.363993722
2025-09-01,CHOA CHU KANG,5 ROOM,296E,CHOA CHU KANG AVE 2,07 TO 09,123,Premium Apartment,1999,72 years 10 months,570000,7,44,642807.71746788
2025-08-01,CHOA CHU KANG,5 ROOM,471,CHOA CHU KANG AVE 3,10 TO 12,121,Improved,1999,72 years 07 months,667888,10,44,691489.4518859311
2025-08-01,CHOA CHU KANG,5 ROOM,469,CHOA CHU KANG AVE 3,07 TO 09,120,Improved,1999,72 years 08 months,640000,7,44,669577.5562928013
2025-08-01,CHOA CHU KANG,5 ROOM,474,CHOA CHU KANG AVE 3,04 TO 06,120,Improved,1999,72 years 08 months,626000,4,44,649955.3173274966
2025-07-01,CHOA CHU KANG,5 ROOM,452,CHOA CHU KANG AVE 4,04 TO 06,123,Premium Apartment,2000,73 years 08 months,600888,4,44,635519.1265953091
2025-07-01,CHOA CHU KANG,5 ROOM,417,CHOA CHU KANG AVE 4,04 TO 06,124,Improved,1993,66 years 11 months,638888,4,44,661274.2845203533
2025-07-01,CHOA CHU KANG,5 ROOM,453,CHOA CHU KANG AVE 4,04 TO 06,123,Premium Apartment,2000,73 years 08 months,605000,4,44,635519.1265953091
2025-07-01,CHOA CHU KANG,5 ROOM,435,CHOA CHU KANG AVE 4,10 TO 12,134,Model A,1993,66 years 11 months,683000,10,44,726889.8465556608
2025-08-01,CHOA CHU KANG,5 ROOM,427,CHOA CHU KANG AVE 4,07 TO 09,132,Model A,1992,65 years 11 months,660000,7,44,696038.2307798765
2025-07-01,CHOA CHU KANG,5 ROOM,487C,CHOA CHU KANG AVE 5,13 TO 15,113,Improved,2016,89 years 11 months,707888,13,44,732023.3021847786
2025-09-01,CHOA CHU KANG,5 ROOM,485D,CHOA CHU KANG AVE 5,01 TO 03,116,Improved,1999,72 years 09 months,600000,1,44,640938.462483668
2025-09-01,CHOA CHU KANG,5 ROOM,488C,CHOA CHU KANG AVE 5,07 TO 09,113,Improved,2016,89 years 09 months,708888,7,44,700748.8665293069
2025-07-01,CHOA CHU KANG,5 ROOM,815B,CHOA CHU KANG AVE 7,10 TO 12,113,Improved,2017,90 years 08 months,755000,10,44,720464.3963020437
2025-08-01,CHOA CHU KANG,5 ROOM,815C,CHOA CHU KANG AVE 7,13 TO 15,113,Improved,2017,90 years 07 months,785000,13,44,732023.3021847786
2025-08-01,CHOA CHU KANG,5 ROOM,812B,CHOA CHU KANG AVE 7,13 TO 15,113,Improved,2017,91 years 03 months,718888,13,44,732023.3021847786
2025-09-01,CHOA CHU KANG,5 ROOM,812B,CHOA CHU KANG AVE 7,16 TO 18,113,Improved,2017,91 years 03 months,706000,16,44,742664.5220091094
2025-09-01,CHOA CHU KANG,5 ROOM,810A,CHOA CHU KANG AVE 7,07 TO 09,113,Improved,2017,91 years 03 months,700000,7,44,700748.8665293069
2025-09-01,CHOA CHU KANG,5 ROOM,815B,CHOA CHU KANG AVE 7,16 TO 18,113,Improved,2017,90 years 06 months,788000,16,44,742664.5220091094
2025-07-01,CHOA CHU KANG,5 ROOM,691B,CHOA CHU KANG CRES,16 TO 18,110,Improved,2003,76 years 11 months,586000,16,44,614356.6419855582
2025-07-01,CHOA CHU KANG,5 ROOM,666,CHOA CHU KANG CRES,01 TO 03,124,Improved,1999,73 years,640000,1,44,650553.4768880723
2025-07-01,CHOA CHU KANG,5 ROOM,683A,CHOA CHU KANG CRES,07 TO 09,110,Improved,2002,76 years 01 month,573000,7,44,588852.632596392
2025-07-01,CHOA CHU KANG,5 ROOM,657,CHOA CHU KANG CRES,07 TO 09,121,Premium Apartment,1999,72 years 10 months,620000,7,44,646170.9713530943
2025-07-01,CHOA CHU KANG,5 ROOM,686A,CHOA CHU KANG CRES,13 TO 15,110,Improved,2002,76 years 03 months,588000,13,44,602917.833908894
2025-07-01,CHOA CHU KANG,5 ROOM,684A,CHOA CHU KANG CRES,13 TO 15,110,Improved,2002,76 years 02 months,605000,13,44,602917.833908894
2025-08-01,CHOA CHU KANG,5 ROOM,691A,CHOA CHU KANG CRES,13 TO 15,110,Improved,2003,76 years 10 months,600000,13,44,602917.833908894
2025-08-01,CHOA CHU KANG,5 ROOM,683B,CHOA CHU KANG CRES,10 TO 12,110,Improved,2002,76 years 01 month,612000,10,44,597539.6362731338
2025-08-01,CHOA CHU KANG,5 ROOM,691A,CHOA CHU KANG CRES,10 TO 12,110,Improved,2003,76 years 10 months,587000,10,44,597539.6362731338
2025-08-01,CHOA CHU KANG,5 ROOM,692B,CHOA CHU KANG CRES,19 TO 21,110,Improved,2003,76 years 07 months,618000,19,44,628350.8595320552
2025-08-01,CHOA CHU KANG,5 ROOM,683A,CHOA CHU KANG CRES,04 TO 06,110,Improved,2002,75 years 11 months,550000,4,44,582188.7714808818
2025-08-01,CHOA CHU KANG,5 ROOM,692A,CHOA CHU KANG CRES,22 TO 24,110,Improved,2003,76 years 06 months,605000,22,44,650253.1159034681
2025-08-01,CHOA CHU KANG,5 ROOM,657,CHOA CHU KANG CRES,01 TO 03,121,Premium Apartment,1999,72 years 09 months,610000,1,44,641952.547672998
2025-08-01,CHOA CHU KANG,5 ROOM,685B,CHOA CHU KANG CRES,07 TO 09,110,Improved,2002,76 years 01 month,575000,7,44,588852.632596392
2025-08-01,CHOA CHU KANG,5 ROOM,690A,CHOA CHU KANG CRES,10 TO 12,110,Improved,2003,76 years 09 months,614000,10,44,597539.6362731338
2025-08-01,CHOA CHU KANG,5 ROOM,675,CHOA CHU KANG CRES,07 TO 09,124,Premium Apartment,1999,73 years 02 months,665000,7,44,649866.0745217401
2025-09-01,CHOA CHU KANG,5 ROOM,685A,CHOA CHU KANG CRES,10 TO 12,110,Improved,2002,76 years 01 month,600000,10,44,597539.6362731338
2025-09-01,CHOA CHU KANG,5 ROOM,664,CHOA CHU KANG CRES,19 TO 21,124,Improved,1999,72 years 09 months,700000,19,44,710890.3408530005
2025-09-01,CHOA CHU KANG,5 ROOM,664,CHOA CHU KANG CRES,01 TO 03,124,Improved,1999,72 years 09 months,615000,1,44,650553.4768880723
2025-09-01,CHOA CHU KANG,5 ROOM,691A,CHOA CHU KANG CRES,19 TO 21,110,Improved,2003,76 years 08 months,608000,19,44,628350.8595320552
2025-09-01,CHOA CHU KANG,5 ROOM,664,CHOA CHU KANG CRES,07 TO 09,124,Improved,1999,72 years 09 months,648000,7,44,673866.8487924576
2025-07-01,CHOA CHU KANG,5 ROOM,353,CHOA CHU KANG CTRL,07 TO 09,123,Improved,1993,66 years 11 months,700000,7,44,674180.2897944446
2025-08-01,CHOA CHU KANG,5 ROOM,212,CHOA CHU KANG CTRL,07 TO 09,122,Improved,1989,62 years 11 months,630000,7,44,669024.9977790372
2025-09-01,CHOA CHU KANG,5 ROOM,213,CHOA CHU KANG CTRL,07 TO 09,122,Improved,1989,62 years 07 months,655000,7,44,669024.9977790372
2025-07-01,CHOA CHU KANG,5 ROOM,688A,CHOA CHU KANG DR,04 TO 06,110,Improved,2002,75 years 09 months,560000,4,44,582188.7714808818
2025-07-01,CHOA CHU KANG,5 ROOM,687C,CHOA CHU KANG DR,19 TO 21,110,Improved,2003,76 years 09 months,588000,19,44,628350.8595320552
2025-07-01,CHOA CHU KANG,5 ROOM,687D,CHOA CHU KANG DR,16 TO 18,110,Improved,2003,76 years 10 months,600000,16,44,614356.6419855582
2025-08-01,CHOA CHU KANG,5 ROOM,687B,CHOA CHU KANG DR,13 TO 15,110,Improved,2002,75 years 11 months,600888,13,44,602917.833908894
2025-09-01,CHOA CHU KANG,5 ROOM,687B,CHOA CHU KANG DR,16 TO 18,110,Improved,2002,75 years 10 months,588000,16,44,614356.6419855582
2025-09-01,CHOA CHU KANG,5 ROOM,687D,CHOA CHU KANG DR,04 TO 06,110,Improved,2003,76 years 08 months,565000,4,44,582188.7714808818
2025-09-01,CHOA CHU KANG,5 ROOM,687C,CHOA CHU KANG DR,13 TO 15,110,Improved,2003,76 years 06 months,590000,13,44,602917.833908894
2025-09-01,CHOA CHU KANG,5 ROOM,785,CHOA CHU KANG DR,16 TO 18,129,Improved,1997,70 years 05 months,750000,16,44,709289.8519740565
2025-09-01,CHOA CHU KANG,5 ROOM,688A,CHOA CHU KANG DR,04 TO 06,110,Improved,2002,75 years 07 months,548000,4,44,582188.7714808818
2025-07-01,CHOA CHU KANG,5 ROOM,762,CHOA CHU KANG NTH 5,10 TO 12,121,Improved,1996,70 years 01 month,705000,10,44,691489.4518859311
2025-09-01,CHOA CHU KANG,5 ROOM,633,CHOA CHU KANG NTH 6,13 TO 15,127,Premium Apartment,1998,71 years 05 months,782888,13,44,709634.3411983537
2025-09-01,CHOA CHU KANG,5 ROOM,632,CHOA CHU KANG NTH 6,16 TO 18,127,Premium Apartment,1998,71 years 04 months,800000,16,44,725141.9363063788
2025-08-01,CHOA CHU KANG,5 ROOM,619,CHOA CHU KANG NTH 7,10 TO 12,135,Model A,1996,69 years 09 months,725000,10,44,715168.7923889277
2025-07-01,CHOA CHU KANG,5 ROOM,510,CHOA CHU KANG ST 51,07 TO 09,131,Model A,1995,68 years 08 months,745000,7,44,695264.3248121986
2025-08-01,CHOA CHU KANG,5 ROOM,501,CHOA CHU KANG ST 51,10 TO 12,127,Improved,1995,68 years 07 months,640000,10,44,695426.5862872702
2025-09-01,CHOA CHU KANG,5 ROOM,502,CHOA CHU KANG ST 51,01 TO 03,128,Improved,1995,68 years 06 months,620000,1,44,650093.2788697875
2025-09-01,CHOA CHU KANG,5 ROOM,514,CHOA CHU KANG ST 51,10 TO 12,130,Improved,1995,69 years 01 month,654500,10,44,701565.778009802
2025-09-01,CHOA CHU KANG,5 ROOM,513,CHOA CHU KANG ST 51,07 TO 09,133,Model A,1995,69 years,680000,7,44,696814.6651737766
2025-07-01,CHOA CHU KANG,5 ROOM,544,CHOA CHU KANG ST 52,10 TO 12,124,Improved,1995,69 years 02 months,695000,10,44,688704.6588546647
2025-07-01,CHOA CHU KANG,5 ROOM,540,CHOA CHU KANG ST 52,10 TO 12,124,Improved,1994,67 years 09 months,725000,10,44,688704.6588546647
2025-09-01,CHOA CHU KANG,5 ROOM,546,CHOA CHU KANG ST 52,10 TO 12,132,Model A,1995,68 years 05 months,680000,10,44,719073.8735048554
2025-07-01,CHOA CHU KANG,5 ROOM,625,CHOA CHU KANG ST 62,07 TO 09,121,Improved,1997,70 years 11 months,730000,7,44,671519.716307712
2025-07-01,CHOA CHU KANG,5 ROOM,610,CHOA CHU KANG ST 62,07 TO 09,135,Model A,1996,69 years 09 months,735000,7,44,699610.176297126
2025-07-01,CHOA CHU KANG,5 ROOM,626,CHOA CHU KANG ST 62,10 TO 12,121,Improved,1997,70 years 10 months,720000,10,44,691489.4518859311
2025-08-01,CHOA CHU KANG,5 ROOM,607,CHOA CHU KANG ST 62,10 TO 12,134,Model A,1996,69 years 09 months,780000,10,44,726889.8465556608
2025-09-01,CHOA CHU KANG,5 ROOM,607,CHOA CHU KANG ST 62,04 TO 06,132,Model A,1996,69 years 07 months,743000,4,44,684135.5063053445
2025-08-01,CHOA CHU KANG,5 ROOM,155,JLN TECK WHYE,10 TO 12,121,Improved,1997,71 years 05 months,740000,10,44,691489.4518859311
2025-07-01,CHOA CHU KANG,5 ROOM,801A,KEAT HONG CL,04 TO 06,113,Improved,2018,91 years 08 months,690000,4,44,694385.0306508514
2025-07-01,CHOA CHU KANG,5 ROOM,803D,KEAT HONG CL,04 TO 06,113,Improved,2017,90 years 10 months,680000,4,44,694385.0306508514
2025-08-01,CHOA CHU KANG,5 ROOM,805D,KEAT HONG CL,04 TO 06,113,Improved,2017,90 years 09 months,685000,4,44,694385.0306508514
2025-09-01,CHOA CHU KANG,5 ROOM,802B,KEAT HONG CL,04 TO 06,113,Improved,2018,91 years 05 months,690000,4,44,694385.0306508514
2025-09-01,CHOA CHU KANG,5 ROOM,802A,KEAT HONG CL,13 TO 15,113,Improved,2018,91 years 05 months,716000,13,44,732023.3021847786
2025-09-01,CHOA CHU KANG,5 ROOM,805D,KEAT HONG CL,01 TO 03,113,Improved,2017,90 years 09 months,663000,1,44,659686.8923330628
2025-07-01,CHOA CHU KANG,5 ROOM,816B,KEAT HONG LINK,16 TO 18,112,Improved,2017,91 years 03 months,760000,16,44,738264.3006592208
2025-07-01,CHOA CHU KANG,5 ROOM,816B,KEAT HONG LINK,16 TO 18,112,Improved,2017,91 years 02 months,768000,16,44,738264.3006592208
2025-08-01,CHOA CHU KANG,5 ROOM,817B,KEAT HONG LINK,07 TO 09,112,Improved,2017,91 years 01 month,733888,7,44,705811.8972711385
2025-09-01,CHOA CHU KANG,5 ROOM,817B,KEAT HONG LINK,10 TO 12,112,Improved,2017,91 years,760000,10,44,721280.3524901057
2025-09-01,CHOA CHU KANG,5 ROOM,816B,KEAT HONG LINK,13 TO 15,112,Improved,2017,91 years,768888,13,44,731452.5796747712
2025-07-01,CHOA CHU KANG,5 ROOM,117,TECK WHYE LANE,04 TO 06,121,Improved,1989,62 years 08 months,620000,4,44,651399.8986066658
2025-07-01,CHOA CHU KANG,5 ROOM,117,TECK WHYE LANE,07 TO 09,121,Improved,1989,62 years 07 months,628888,7,44,671519.716307712
2025-08-01,CHOA CHU KANG,5 ROOM,14,TECK WHYE LANE,22 TO 24,119,Improved,1979,52 years 06 months,595000,22,44,699931.2399495738
2025-08-01,CHOA CHU KANG,5 ROOM,123,TECK WHYE LANE,07 TO 09,121,Improved,1989,62 years 10 months,620000,7,44,671519.716307712
2025-08-01,CHOA CHU KANG,5 ROOM,14,TECK WHYE LANE,16 TO 18,119,Improved,1979,52 years 05 months,580000,16,44,682862.626361925
2025-09-01,CHOA CHU KANG,5 ROOM,14,TECK WHYE LANE,04 TO 06,119,Improved,1979,52 years 05 months,530000,4,44,649596.7906129914
2025-09-01,CHOA CHU KANG,5 ROOM,14,TECK WHYE LANE,16 TO 18,119,Improved,1979,52 years 05 months,550000,16,44,682862.626361925
2025-09-01,CHOA CHU KANG,5 ROOM,13,TECK WHYE LANE,22 TO 24,119,Improved,1979,52 years 04 months,643888,22,44,699931.2399495738
2025-07-01,CHOA CHU KANG,EXECUTIVE,204,CHOA CHU KANG AVE 1,07 TO 09,142,Apartment,1989,63 years 02 months,840000,7,44,831441.2101932042
2025-07-01,CHOA CHU KANG,EXECUTIVE,204,CHOA CHU KANG AVE 1,10 TO 12,142,Apartment,1989,63 years 01 month,773000,10,44,834995.779984332
2025-09-01,CHOA CHU KANG,EXECUTIVE,274,CHOA CHU KANG AVE 2,01 TO 03,145,Apartment,1993,66 years 11 months,800000,1,44,785747.6608066178
2025-09-01,CHOA CHU KANG,EXECUTIVE,271,CHOA CHU KANG AVE 2,07 TO 09,148,Apartment,1993,66 years 11 months,750000,7,44,834919.6912291051
2025-09-01,CHOA CHU KANG,EXECUTIVE,275,CHOA CHU KANG AVE 2,07 TO 09,147,Apartment,1993,66 years 10 months,858000,7,44,836318.9642260704
2025-07-01,CHOA CHU KANG,EXECUTIVE,292,CHOA CHU KANG AVE 3,01 TO 03,146,Maisonette,1993,66 years 11 months,850000,1,44,828088.9847588943
2025-08-01,CHOA CHU KANG,EXECUTIVE,282,CHOA CHU KANG AVE 3,01 TO 03,152,Maisonette,1992,66 years,840000,1,44,836030.2115784091
2025-09-01,CHOA CHU KANG,EXECUTIVE,282,CHOA CHU KANG AVE 3,13 TO 15,144,Apartment,1992,65 years 10 months,865000,13,44,854538.5079271129
2025-07-01,CHOA CHU KANG,EXECUTIVE,458,CHOA CHU KANG AVE 4,01 TO 03,142,Premium Apartment,2000,73 years 08 months,730000,1,44,751384.9558665195
2025-08-01,CHOA CHU KANG,EXECUTIVE,453,CHOA CHU KANG AVE 4,13 TO 15,142,Premium Apartment,2000,73 years 06 months,758000,13,44,794652.0706128333
2025-08-01,CHOA CHU KANG,EXECUTIVE,448,CHOA CHU KANG AVE 4,07 TO 09,141,Apartment,1997,70 years 08 months,780000,7,44,799909.4714635748
2025-07-01,CHOA CHU KANG,EXECUTIVE,690B,CHOA CHU KANG CRES,16 TO 18,125,Apartment,2003,76 years 10 months,755000,16,44,784969.8278599554
2025-07-01,CHOA CHU KANG,EXECUTIVE,680,CHOA CHU KANG CRES,07 TO 09,144,Premium Apartment,1999,73 years 04 months,760000,7,44,771614.3624436974
2025-07-01,CHOA CHU KANG,EXECUTIVE,656,CHOA CHU KANG CRES,16 TO 18,141,Premium Apartment,1999,72 years 10 months,815000,16,44,826261.2146070531
2025-07-01,CHOA CHU KANG,EXECUTIVE,214,CHOA CHU KANG CTRL,07 TO 09,147,Maisonette,1990,63 years 09 months,915000,7,44,855536.579896663
2025-09-01,CHOA CHU KANG,EXECUTIVE,208,CHOA CHU KANG CTRL,04 TO 06,149,Maisonette,1989,62 years 11 months,860800,4,44,851600.7078348778
2025-09-01,CHOA CHU KANG,EXECUTIVE,341,CHOA CHU KANG LOOP,01 TO 03,142,Apartment,1993,66 years 10 months,863000,1,44,779985.1276667528
2025-08-01,CHOA CHU KANG,EXECUTIVE,764,CHOA CHU KANG NTH 5,04 TO 06,144,Maisonette,1996,70 years,830000,4,44,848851.4513887423
2025-09-01,CHOA CHU KANG,EXECUTIVE,637,CHOA CHU KANG NTH 6,13 TO 15,143,Premium Maisonette,1998,71 years 05 months,858000,13,44,825160.1503158476
2025-07-01,CHOA CHU KANG,EXECUTIVE,530,CHOA CHU KANG ST 51,07 TO 09,143,Apartment,1995,68 years 09 months,775888,7,44,850141.6022226275
2025-07-01,CHOA CHU KANG,EXECUTIVE,601,CHOA CHU KANG ST 62,07 TO 09,146,Maisonette,1996,69 years 07 months,900888,7,44,861014.6364272342
2025-07-01,CHOA CHU KANG,EXECUTIVE,164,JLN TECK WHYE,10 TO 12,141,Apartment,1998,71 years 09 months,820000,10,44,817511.7030820702
2025-07-01,CHOA CHU KANG,EXECUTIVE,120,TECK WHYE LANE,04 TO 06,146,Maisonette,1989,62 years 11 months,855000,4,44,857042.3249674251
2025-07-01,CHOA CHU KANG,EXECUTIVE,108,TECK WHYE LANE,04 TO 06,146,Maisonette,1989,62 years 09 months,842800,4,44,857042.3249674251
2025-08-01,CHOA CHU KANG,EXECUTIVE,120,TECK WHYE LANE,04 TO 06,146,Maisonette,1989,62 years 10 months,790000,4,44,857042.3249674251
2025-09-01,CHOA CHU KANG,EXECUTIVE,109,TECK WHYE LANE,01 TO 03,146,Maisonette,1989,62 years 07 months,798000,1,44,828088.9847588943
2025-09-01,CHOA CHU KANG,EXECUTIVE,133,TECK WHYE LANE,04 TO 06,144,Apartment,1993,66 years 09 months,815000,4,44,817567.4061472808
2025-07-01,CLEMENTI,2 ROOM,423,CLEMENTI AVE 1,25 TO 27,49,Model A,2013,87 years 02 months,475000,25,44,461378.5456941759
2025-07-01,CLEMENTI,2 ROOM,423,CLEMENTI AVE 1,07 TO 09,49,Model A,2013,87 years 02 months,423000,7,44,426975.6517493916
2025-08-01,CLEMENTI,2 ROOM,418,CLEMENTI AVE 1,01 TO 03,50,Model A,2013,87 years 02 months,400000,1,44,419721.57485057524
2025-09-01,CLEMENTI,2 ROOM,418,CLEMENTI AVE 1,25 TO 27,49,Model A,2013,87 years 01 month,478000,25,44,461378.5456941759
2025-07-01,CLEMENTI,3 ROOM,424,CLEMENTI AVE 1,10 TO 12,75,Model A,2013,87 years 02 months,735000,10,44,568474.888329135
2025-08-01,CLEMENTI,3 ROOM,424,CLEMENTI AVE 1,07 TO 09,73,Model A,2013,87 years 02 months,740188,7,44,559301.2459236983
2025-07-01,CLEMENTI,3 ROOM,362,CLEMENTI AVE 2,10 TO 12,67,New Generation,1978,51 years 06 months,425000,10,44,425408.6270913877
2025-07-01,CLEMENTI,3 ROOM,331,CLEMENTI AVE 2,01 TO 03,82,New Generation,1978,52 years,500000,1,44,469578.990348167
2025-08-01,CLEMENTI,3 ROOM,331,CLEMENTI AVE 2,04 TO 06,67,New Generation,1978,52 years,450000,4,44,418690.5250791197
2025-08-01,CLEMENTI,3 ROOM,354,CLEMENTI AVE 2,01 TO 03,82,New Generation,1979,53 years 02 months,470000,1,44,469578.990348167
2025-08-01,CLEMENTI,3 ROOM,365,CLEMENTI AVE 2,04 TO 06,67,New Generation,1978,51 years 05 months,415000,4,44,418690.5250791197
2025-09-01,CLEMENTI,3 ROOM,331,CLEMENTI AVE 2,07 TO 09,67,New Generation,1978,51 years 11 months,425000,7,44,424397.72979968623
2025-09-01,CLEMENTI,3 ROOM,351,CLEMENTI AVE 2,04 TO 06,67,New Generation,1978,52 years,410000,4,44,418690.5250791197
2025-09-01,CLEMENTI,3 ROOM,365,CLEMENTI AVE 2,04 TO 06,67,New Generation,1978,51 years 04 months,425888,4,44,418690.5250791197
2025-07-01,CLEMENTI,3 ROOM,427,CLEMENTI AVE 3,10 TO 12,67,New Generation,1978,51 years 11 months,472000,10,44,425408.6270913877
2025-07-01,CLEMENTI,3 ROOM,450,CLEMENTI AVE 3,04 TO 06,68,New Generation,1980,53 years 11 months,442000,4,44,414527.56639717566
2025-07-01,CLEMENTI,3 ROOM,429,CLEMENTI AVE 3,10 TO 12,81,New Generation,1978,51 years 10 months,590000,10,44,467333.47751982266
2025-07-01,CLEMENTI,3 ROOM,431,CLEMENTI AVE 3,04 TO 06,82,New Generation,1979,53 years 03 months,535000,4,44,463663.3985906557
2025-08-01,CLEMENTI,3 ROOM,426,CLEMENTI AVE 3,07 TO 09,67,New Generation,1978,51 years 10 months,440000,7,44,424397.72979968623
2025-08-01,CLEMENTI,3 ROOM,450,CLEMENTI AVE 3,04 TO 06,68,New Generation,1980,53 years 10 months,451888,4,44,414527.56639717566
2025-09-01,CLEMENTI,3 ROOM,428,CLEMENTI AVE 3,01 TO 03,67,New Generation,1978,51 years 08 months,423000,1,44,397712.30725278385
2025-07-01,CLEMENTI,3 ROOM,309,CLEMENTI AVE 4,07 TO 09,67,New Generation,1980,53 years 07 months,418000,7,44,424397.72979968623
2025-07-01,CLEMENTI,3 ROOM,311B,CLEMENTI AVE 4,25 TO 27,60,DBSS,2014,88 years 06 months,690000,25,44,651593.7971198518
2025-07-01,CLEMENTI,3 ROOM,371,CLEMENTI AVE 4,07 TO 09,68,New Generation,1981,55 years 02 months,430000,7,44,421551.1606056012
2025-07-01,CLEMENTI,3 ROOM,306,CLEMENTI AVE 4,04 TO 06,82,New Generation,1979,52 years 09 months,482500,4,44,463663.3985906557
2025-08-01,CLEMENTI,3 ROOM,374,CLEMENTI AVE 4,07 TO 09,68,New Generation,1981,55 years,450000,7,44,421551.1606056012
2025-08-01,CLEMENTI,3 ROOM,305,CLEMENTI AVE 4,10 TO 12,67,New Generation,1979,52 years 07 months,445000,10,44,425408.6270913877
2025-08-01,CLEMENTI,3 ROOM,375,CLEMENTI AVE 4,01 TO 03,81,New Generation,1980,54 years 02 months,545000,1,44,468965.51277791115
2025-08-01,CLEMENTI,3 ROOM,312B,CLEMENTI AVE 4,22 TO 24,69,Model A,2017,91 years,710000,22,44,726365.3830083864
2025-08-01,CLEMENTI,3 ROOM,305,CLEMENTI AVE 4,04 TO 06,67,New Generation,1979,52 years 07 months,425000,4,44,418690.5250791197
2025-08-01,CLEMENTI,3 ROOM,307,CLEMENTI AVE 4,10 TO 12,67,New Generation,1979,53 years 03 months,460000,10,44,425408.6270913877
2025-09-01,CLEMENTI,3 ROOM,312A,CLEMENTI AVE 4,07 TO 09,69,Model A,2017,91 years 01 month,675000,7,44,641569.4094133618
2025-09-01,CLEMENTI,3 ROOM,312B,CLEMENTI AVE 4,19 TO 21,69,Model A,2017,91 years,700000,19,44,715152.8309182974
2025-09-01,CLEMENTI,3 ROOM,374,CLEMENTI AVE 4,07 TO 09,68,New Generation,1981,55 years,480000,7,44,421551.1606056012
2025-09-01,CLEMENTI,3 ROOM,309,CLEMENTI AVE 4,01 TO 03,67,New Generation,1980,53 years 04 months,408000,1,44,397712.30725278385
2025-07-01,CLEMENTI,3 ROOM,345,CLEMENTI AVE 5,10 TO 12,67,New Generation,1979,52 years 09 months,448000,10,44,425408.6270913877
2025-07-01,CLEMENTI,3 ROOM,377,CLEMENTI AVE 5,04 TO 06,67,New Generation,1980,54 years 04 months,421178,4,44,418690.5250791197
2025-07-01,CLEMENTI,3 ROOM,346,CLEMENTI AVE 5,01 TO 03,67,New Generation,1979,52 years 08 months,395000,1,44,397712.30725278385
2025-08-01,CLEMENTI,3 ROOM,379,CLEMENTI AVE 5,04 TO 06,67,New Generation,1980,54 years 02 months,390000,4,44,418690.5250791197
2025-08-01,CLEMENTI,3 ROOM,345,CLEMENTI AVE 5,07 TO 09,67,New Generation,1979,52 years 07 months,450000,7,44,424397.72979968623
2025-08-01,CLEMENTI,3 ROOM,327,CLEMENTI AVE 5,04 TO 06,67,New Generation,1978,52 years,468000,4,44,418690.5250791197
2025-09-01,CLEMENTI,3 ROOM,339,CLEMENTI AVE 5,10 TO 12,67,New Generation,1979,53 years 03 months,431000,10,44,425408.6270913877
2025-09-01,CLEMENTI,3 ROOM,326,CLEMENTI AVE 5,04 TO 06,67,New Generation,1978,52 years,453000,4,44,418690.5250791197
2025-09-01,CLEMENTI,3 ROOM,343,CLEMENTI AVE 5,04 TO 06,67,New Generation,1979,53 years 03 months,400000,4,44,418690.5250791197
2025-09-01,CLEMENTI,3 ROOM,327,CLEMENTI AVE 5,10 TO 12,67,New Generation,1978,51 years 11 months,470000,10,44,425408.6270913877
2025-07-01,CLEMENTI,3 ROOM,602,CLEMENTI WEST ST 1,04 TO 06,67,New Generation,1979,53 years 05 months,395000,4,44,418690.5250791197
2025-07-01,CLEMENTI,3 ROOM,611,CLEMENTI WEST ST 1,07 TO 09,74,Model A,1983,57 years 04 months,420000,7,44,500424.7583047394
2025-07-01,CLEMENTI,3 ROOM,611,CLEMENTI WEST ST 1,07 TO 09,77,Model A,1983,57 years 03 months,458000,7,44,526615.3752984767
2025-07-01,CLEMENTI,3 ROOM,610,CLEMENTI WEST ST 1,10 TO 12,74,Model A,1983,57 years 01 month,455000,10,44,542452.4935539666
2025-08-01,CLEMENTI,3 ROOM,607,CLEMENTI WEST ST 1,07 TO 09,67,New Generation,1979,53 years 04 months,405000,7,44,424397.72979968623
2025-09-01,CLEMENTI,3 ROOM,602,CLEMENTI WEST ST 1,07 TO 09,67,New Generation,1979,53 years 03 months,438000,7,44,424397.72979968623
2025-09-01,CLEMENTI,3 ROOM,612,CLEMENTI WEST ST 1,04 TO 06,77,Model A,1983,57 years 04 months,418888,4,44,498722.1390727697
2025-09-01,CLEMENTI,3 ROOM,602,CLEMENTI WEST ST 1,04 TO 06,67,New Generation,1979,53 years 03 months,380000,4,44,418690.5250791197
2025-09-01,CLEMENTI,3 ROOM,611,CLEMENTI WEST ST 1,01 TO 03,77,Model A,1983,57 years 02 months,419000,1,44,505873.76834724494
2025-09-01,CLEMENTI,3 ROOM,612,CLEMENTI WEST ST 1,10 TO 12,77,Model A,1983,57 years 03 months,435000,10,44,571461.3418856065
2025-07-01,CLEMENTI,3 ROOM,729,CLEMENTI WEST ST 2,10 TO 12,68,New Generation,1983,57 years 04 months,400000,10,44,426494.78862105904
2025-07-01,CLEMENTI,3 ROOM,713,CLEMENTI WEST ST 2,07 TO 09,67,New Generation,1985,59 years 01 month,399000,7,44,424397.72979968623
2025-07-01,CLEMENTI,3 ROOM,710,CLEMENTI WEST ST 2,07 TO 09,68,New Generation,1984,57 years 10 months,405000,7,44,421551.1606056012
2025-07-01,CLEMENTI,3 ROOM,711,CLEMENTI WEST ST 2,07 TO 09,67,New Generation,1980,54 years 05 months,380000,7,44,424397.72979968623
2025-07-01,CLEMENTI,3 ROOM,706,CLEMENTI WEST ST 2,07 TO 09,68,New Generation,1980,54 years 01 month,414000,7,44,421551.1606056012
2025-07-01,CLEMENTI,3 ROOM,705,CLEMENTI WEST ST 2,10 TO 12,67,New Generation,1980,54 years 01 month,379888,10,44,425408.6270913877
2025-07-01,CLEMENTI,3 ROOM,728,CLEMENTI WEST ST 2,04 TO 06,82,New Generation,1980,54 years 01 month,460000,4,44,463663.3985906557
2025-08-01,CLEMENTI,3 ROOM,714,CLEMENTI WEST ST 2,04 TO 06,67,New Generation,1980,54 years 03 months,380000,4,44,418690.5250791197
2025-08-01,CLEMENTI,3 ROOM,728,CLEMENTI WEST ST 2,01 TO 03,68,New Generation,1980,54 years 01 month,388000,1,44,400277.1269020557
2025-08-01,CLEMENTI,3 ROOM,728,CLEMENTI WEST ST 2,07 TO 09,68,New Generation,1980,54 years,395000,7,44,421551.1606056012
2025-09-01,CLEMENTI,3 ROOM,731,CLEMENTI WEST ST 2,07 TO 09,68,New Generation,1980,53 years 10 months,388000,7,44,421551.1606056012
2025-09-01,CLEMENTI,3 ROOM,729,CLEMENTI WEST ST 2,10 TO 12,68,New Generation,1983,57 years 02 months,398000,10,44,426494.78862105904
2025-09-01,CLEMENTI,3 ROOM,729,CLEMENTI WEST ST 2,04 TO 06,68,New Generation,1983,57 years 02 months,390000,4,44,414527.56639717566
2025-09-01,CLEMENTI,3 ROOM,730,CLEMENTI WEST ST 2,10 TO 12,68,New Generation,1980,53 years 11 months,408000,10,44,426494.78862105904
2025-09-01,CLEMENTI,3 ROOM,711,CLEMENTI WEST ST 2,10 TO 12,67,New Generation,1980,54 years 02 months,400000,10,44,425408.6270913877
2025-09-01,CLEMENTI,3 ROOM,728,CLEMENTI WEST ST 2,07 TO 09,68,New Generation,1980,54 years,400000,7,44,421551.1606056012
2025-07-01,CLEMENTI,3 ROOM,510,WEST COAST DR,10 TO 12,67,New Generation,1978,51 years 06 months,395000,10,44,425408.6270913877
2025-07-01,CLEMENTI,3 ROOM,510,WEST COAST DR,01 TO 03,67,New Generation,1978,51 years 06 months,380100,1,44,397712.30725278385
2025-08-01,CLEMENTI,3 ROOM,508,WEST COAST DR,10 TO 12,67,New Generation,1978,52 years 01 month,417000,10,44,425408.6270913877
2025-07-01,CLEMENTI,3 ROOM,703,WEST COAST RD,10 TO 12,67,New Generation,1980,54 years 03 months,403000,10,44,425408.6270913877
2025-07-01,CLEMENTI,3 ROOM,704,WEST COAST RD,07 TO 09,67,New Generation,1980,54 years 02 months,398000,7,44,424397.72979968623
2025-08-01,CLEMENTI,3 ROOM,701,WEST COAST RD,10 TO 12,67,New Generation,1980,54 years,400888,10,44,425408.6270913877
2025-08-01,CLEMENTI,3 ROOM,704,WEST COAST RD,07 TO 09,67,New Generation,1980,54 years 01 month,388888,7,44,424397.72979968623
2025-08-01,CLEMENTI,3 ROOM,702,WEST COAST RD,10 TO 12,67,New Generation,1980,54 years 01 month,398000,10,44,425408.6270913877
2025-09-01,CLEMENTI,3 ROOM,704,WEST COAST RD,01 TO 03,67,New Generation,1980,54 years 01 month,355888,1,44,397712.30725278385
2025-09-01,CLEMENTI,3 ROOM,704,WEST COAST RD,10 TO 12,82,New Generation,1980,54 years,482000,10,44,461946.0296137535
2025-09-01,CLEMENTI,3 ROOM,703,WEST COAST RD,01 TO 03,67,New Generation,1980,54 years 01 month,373000,1,44,397712.30725278385
2025-09-01,CLEMENTI,3 ROOM,701,WEST COAST RD,07 TO 09,82,New Generation,1980,53 years 11 months,500000,7,44,469141.50143824035
2025-09-01,CLEMENTI,3 ROOM,703,WEST COAST RD,10 TO 12,67,New Generation,1980,54 years,395000,10,44,425408.6270913877
2025-08-01,CLEMENTI,4 ROOM,421,CLEMENTI AVE 1,10 TO 12,91,Model A,2013,87 years 02 months,942888,10,44,854522.3306249039
2025-08-01,CLEMENTI,4 ROOM,421,CLEMENTI AVE 1,22 TO 24,100,Model A,2013,87 years 01 month,970000,22,44,939592.316344008
2025-09-01,CLEMENTI,4 ROOM,417,CLEMENTI AVE 1,19 TO 21,100,Model A,2013,87 years 01 month,955888,19,44,937625.1768277856
2025-09-01,CLEMENTI,4 ROOM,420,CLEMENTI AVE 1,04 TO 06,96,Model A,2013,87 years 01 month,915000,4,44,857432.3966306738
2025-09-01,CLEMENTI,4 ROOM,418,CLEMENTI AVE 1,19 TO 21,99,Model A,2013,87 years 01 month,965000,19,44,939903.9916506212
2025-09-01,CLEMENTI,4 ROOM,424,CLEMENTI AVE 1,04 TO 06,96,Model A,2013,87 years,920000,4,44,857432.3966306738
2025-09-01,CLEMENTI,4 ROOM,417,CLEMENTI AVE 1,04 TO 06,96,Model A,2013,87 years,908000,4,44,857432.3966306738
2025-07-01,CLEMENTI,4 ROOM,363,CLEMENTI AVE 2,10 TO 12,90,New Generation,1978,51 years 07 months,580000,10,44,588626.3645351597
2025-07-01,CLEMENTI,4 ROOM,330,CLEMENTI AVE 2,07 TO 09,92,New Generation,1978,52 years,648000,7,44,590193.1565308388
2025-08-01,CLEMENTI,4 ROOM,358,CLEMENTI AVE 2,04 TO 06,92,New Generation,1978,51 years 05 months,610000,4,44,568264.4326409902
2025-09-01,CLEMENTI,4 ROOM,364,CLEMENTI AVE 2,04 TO 06,90,New Generation,1978,51 years 04 months,646000,4,44,565568.8048643017
2025-09-01,CLEMENTI,4 ROOM,365,CLEMENTI AVE 2,10 TO 12,90,New Generation,1978,51 years 04 months,615000,10,44,588626.3645351597
2025-07-01,CLEMENTI,4 ROOM,440A,CLEMENTI AVE 3,25 TO 27,87,Model A,2018,92 years 02 months,1000000,25,44,1018252.5616853092
2025-07-01,CLEMENTI,4 ROOM,440A,CLEMENTI AVE 3,07 TO 09,87,Model A,2018,92 years 02 months,1050000,7,44,840195.7701621942
2025-07-01,CLEMENTI,4 ROOM,445B,CLEMENTI AVE 3,34 TO 36,93,Model A,2021,94 years 11 months,1280000,34,44,1075516.2106949254
2025-07-01,CLEMENTI,4 ROOM,445A,CLEMENTI AVE 3,22 TO 24,93,Model A,2021,94 years 11 months,1206888,22,44,1012180.9796002989
2025-07-01,CLEMENTI,4 ROOM,427,CLEMENTI AVE 3,04 TO 06,91,New Generation,1978,51 years 10 months,622000,4,44,552090.0515085075
2025-07-01,CLEMENTI,4 ROOM,440B,CLEMENTI AVE 3,37 TO 39,94,Model A,2018,92 years 01 month,1150000,37,44,1070941.5456101962
2025-07-01,CLEMENTI,4 ROOM,445A,CLEMENTI AVE 3,16 TO 18,93,Model A,2021,94 years 11 months,1188888,16,44,994468.9047046452
2025-07-01,CLEMENTI,4 ROOM,445A,CLEMENTI AVE 3,16 TO 18,93,Model A,2021,94 years 11 months,1200088,16,44,994468.9047046452
2025-07-01,CLEMENTI,4 ROOM,445B,CLEMENTI AVE 3,04 TO 06,93,Model A,2021,94 years 11 months,1048000,4,44,857372.1417449175
2025-08-01,CLEMENTI,4 ROOM,445A,CLEMENTI AVE 3,07 TO 09,93,Model A,2021,94 years 11 months,1065000,7,44,916898.532165213
2025-08-01,CLEMENTI,4 ROOM,440A,CLEMENTI AVE 3,07 TO 09,87,Model A,2018,92 years 01 month,1000000,7,44,840195.7701621942
2025-08-01,CLEMENTI,4 ROOM,445A,CLEMENTI AVE 3,28 TO 30,93,Model A,2021,94 years 10 months,1215000,28,44,1081371.0819442694
2025-08-01,CLEMENTI,4 ROOM,445B,CLEMENTI AVE 3,22 TO 24,93,Model A,2021,94 years 10 months,1250000,22,44,1012180.9796002989
2025-08-01,CLEMENTI,4 ROOM,445B,CLEMENTI AVE 3,37 TO 39,93,Model A,2021,94 years 10 months,1200000,37,44,1071400.1498193408
2025-08-01,CLEMENTI,4 ROOM,445B,CLEMENTI AVE 3,25 TO 27,93,Model A,2021,94 years 10 months,1225000,25,44,1053323.1639528524
2025-08-01,CLEMENTI,4 ROOM,445B,CLEMENTI AVE 3,37 TO 39,93,Model A,2021,94 years 10 months,1230000,37,44,1071400.1498193408
2025-08-01,CLEMENTI,4 ROOM,445A,CLEMENTI AVE 3,04 TO 06,93,Model A,2021,94 years 10 months,987000,4,44,857372.1417449175
2025-09-01,CLEMENTI,4 ROOM,445A,CLEMENTI AVE 3,19 TO 21,93,Model A,2021,94 years 10 months,1190888,19,44,986978.9229371027
2025-09-01,CLEMENTI,4 ROOM,445A,CLEMENTI AVE 3,37 TO 39,93,Model A,2021,94 years 10 months,1260000,37,44,1071400.1498193408
2025-09-01,CLEMENTI,4 ROOM,445A,CLEMENTI AVE 3,04 TO 06,93,Model A,2021,94 years 10 months,1038000,4,44,857372.1417449175
2025-09-01,CLEMENTI,4 ROOM,445B,CLEMENTI AVE 3,22 TO 24,93,Model A,2021,94 years 10 months,1250000,22,44,1012180.9796002989
2025-09-01,CLEMENTI,4 ROOM,445B,CLEMENTI AVE 3,22 TO 24,93,Model A,2021,94 years 09 months,1160000,22,44,1012180.9796002989
2025-09-01,CLEMENTI,4 ROOM,445B,CLEMENTI AVE 3,31 TO 33,93,Model A,2021,94 years 09 months,1206888.88,31,44,1069981.478332422
2025-09-01,CLEMENTI,4 ROOM,445B,CLEMENTI AVE 3,25 TO 27,93,Model A,2021,94 years 09 months,1280880,25,44,1053323.1639528524
2025-07-01,CLEMENTI,4 ROOM,312C,CLEMENTI AVE 4,34 TO 36,93,Model A,2017,91 years 02 months,1115000,34,44,1075516.2106949254
2025-07-01,CLEMENTI,4 ROOM,311C,CLEMENTI AVE 4,13 TO 15,82,DBSS,2014,88 years 06 months,950000,13,44,889697.9808406307
2025-07-01,CLEMENTI,4 ROOM,315,CLEMENTI AVE 4,01 TO 03,91,New Generation,1979,52 years 10 months,590000,1,44,535264.657445842
2025-07-01,CLEMENTI,4 ROOM,311B,CLEMENTI AVE 4,25 TO 27,82,DBSS,2014,88 years 05 months,980888,25,44,973953.83565815
2025-08-01,CLEMENTI,4 ROOM,311C,CLEMENTI AVE 4,28 TO 30,80,DBSS,2014,88 years 05 months,1010000,28,44,968494.1558563189
2025-08-01,CLEMENTI,4 ROOM,311A,CLEMENTI AVE 4,16 TO 18,80,DBSS,2014,88 years 05 months,955000,16,44,901565.8654175857
2025-08-01,CLEMENTI,4 ROOM,318,CLEMENTI AVE 4,04 TO 06,91,New Generation,1979,52 years 10 months,651888,4,44,552090.0515085075
2025-08-01,CLEMENTI,4 ROOM,311B,CLEMENTI AVE 4,37 TO 39,80,DBSS,2014,88 years 05 months,1020000,37,44,984168.4520038894
2025-08-01,CLEMENTI,4 ROOM,302,CLEMENTI AVE 4,13 TO 15,92,New Generation,1979,52 years 07 months,618000,13,44,622572.6187868582
2025-09-01,CLEMENTI,4 ROOM,311B,CLEMENTI AVE 4,16 TO 18,80,DBSS,2014,88 years 04 months,948888,16,44,901565.8654175857
2025-09-01,CLEMENTI,4 ROOM,309,CLEMENTI AVE 4,04 TO 06,92,New Generation,1980,53 years 04 months,628888,4,44,568264.4326409902
2025-07-01,CLEMENTI,4 ROOM,345,CLEMENTI AVE 5,07 TO 09,92,New Generation,1979,52 years 10 months,635000,7,44,590193.1565308388
2025-08-01,CLEMENTI,4 ROOM,347,CLEMENTI AVE 5,10 TO 12,92,New Generation,1979,52 years 06 months,600000,10,44,606630.5050195992
2025-08-01,CLEMENTI,4 ROOM,381,CLEMENTI AVE 5,07 TO 09,94,New Generation,1981,55 years 01 month,600000,7,44,590488.2744586102
2025-09-01,CLEMENTI,4 ROOM,377,CLEMENTI AVE 5,04 TO 06,91,New Generation,1980,54 years 02 months,556000,4,44,552090.0515085075
2025-09-01,CLEMENTI,4 ROOM,346,CLEMENTI AVE 5,10 TO 12,92,New Generation,1979,52 years 06 months,609000,10,44,606630.5050195992
2025-07-01,CLEMENTI,4 ROOM,208B,CLEMENTI AVE 6,04 TO 06,93,Model A,2017,91 years 04 months,920000,4,44,857372.1417449175
2025-07-01,CLEMENTI,4 ROOM,208B,CLEMENTI AVE 6,28 TO 30,93,Model A,2017,91 years 04 months,1048000,28,44,1081371.0819442694
2025-07-01,CLEMENTI,4 ROOM,208A,CLEMENTI AVE 6,10 TO 12,93,Model A,2017,91 years 03 months,980000,10,44,940604.0099242395
2025-08-01,CLEMENTI,4 ROOM,208A,CLEMENTI AVE 6,07 TO 09,93,Model A,2017,91 years 03 months,945000,7,44,916898.532165213
2025-09-01,CLEMENTI,4 ROOM,208A,CLEMENTI AVE 6,28 TO 30,93,Model A,2017,91 years 02 months,1065000,28,44,1081371.0819442694
2025-08-01,CLEMENTI,4 ROOM,113,CLEMENTI ST 13,07 TO 09,104,Model A,1984,58 years 03 months,783000,7,44,790637.4290870818
2025-09-01,CLEMENTI,4 ROOM,113,CLEMENTI ST 13,10 TO 12,104,Model A,1984,58 years 01 month,760000,10,44,801870.878332604
2025-07-01,CLEMENTI,4 ROOM,610,CLEMENTI WEST ST 1,01 TO 03,104,Model A,1983,57 years 02 months,530000,1,44,743576.5722905879
2025-07-01,CLEMENTI,4 ROOM,601,CLEMENTI WEST ST 1,04 TO 06,92,New Generation,1979,53 years 05 months,575000,4,44,568264.4326409902
2025-08-01,CLEMENTI,4 ROOM,610,CLEMENTI WEST ST 1,10 TO 12,104,Model A,1983,57 years,525000,10,44,801870.878332604
2025-07-01,CLEMENTI,4 ROOM,716,CLEMENTI WEST ST 2,04 TO 06,91,New Generation,1981,55 years 03 months,510000,4,44,552090.0515085075
2025-08-01,CLEMENTI,4 ROOM,707,CLEMENTI WEST ST 2,07 TO 09,91,New Generation,1980,54 years,550000,7,44,595459.594338385
2025-08-01,CLEMENTI,4 ROOM,715,CLEMENTI WEST ST 2,04 TO 06,91,New Generation,1981,55 years 02 months,506000,4,44,552090.0515085075
2025-08-01,CLEMENTI,4 ROOM,716,CLEMENTI WEST ST 2,07 TO 09,91,New Generation,1981,55 years 02 months,543000,7,44,595459.594338385
2025-08-01,CLEMENTI,4 ROOM,712,CLEMENTI WEST ST 2,01 TO 03,91,New Generation,1980,53 years 10 months,490000,1,44,535264.657445842
2025-08-01,CLEMENTI,4 ROOM,716,CLEMENTI WEST ST 2,04 TO 06,91,New Generation,1981,55 years 01 month,535000,4,44,552090.0515085075
2025-08-01,CLEMENTI,4 ROOM,711,CLEMENTI WEST ST 2,10 TO 12,92,New Generation,1980,54 years 03 months,518000,10,44,606630.5050195992
2025-07-01,CLEMENTI,4 ROOM,510,WEST COAST DR,10 TO 12,83,New Generation,1978,51 years 07 months,463000,10,44,580415.6003721638
2025-07-01,CLEMENTI,4 ROOM,509,WEST COAST DR,13 TO 15,92,New Generation,1978,51 years 06 months,510000,13,44,622572.6187868582
2025-09-01,CLEMENTI,4 ROOM,512,WEST COAST DR,04 TO 06,92,New Generation,1978,51 years 05 months,501688,4,44,568264.4326409902
2025-09-01,CLEMENTI,4 ROOM,511,WEST COAST DR,10 TO 12,91,New Generation,1978,51 years 05 months,515000,10,44,576474.5387052041
2025-09-01,CLEMENTI,4 ROOM,511,WEST COAST DR,01 TO 03,91,New Generation,1978,51 years 05 months,480000,1,44,535264.657445842
2025-07-01,CLEMENTI,5 ROOM,416,CLEMENTI AVE 1,40 TO 42,118,Improved,2013,87 years 02 months,1228000,40,44,1200804.8818868978
2025-08-01,CLEMENTI,5 ROOM,416,CLEMENTI AVE 1,16 TO 18,117,Improved,2013,87 years 01 month,960000,16,44,900174.9323525794
2025-09-01,CLEMENTI,5 ROOM,425,CLEMENTI AVE 1,04 TO 06,113,Improved,2013,87 years 01 month,1050000,4,44,1070560.7358650663
2025-07-01,CLEMENTI,5 ROOM,357,CLEMENTI AVE 2,22 TO 24,117,Standard,1978,51 years 09 months,860000,22,44,822785.6942919306
2025-08-01,CLEMENTI,5 ROOM,357,CLEMENTI AVE 2,22 TO 24,117,Standard,1978,51 years 07 months,845000,22,44,822785.6942919306
2025-08-01,CLEMENTI,5 ROOM,336,CLEMENTI AVE 2,16 TO 18,119,Improved,1978,52 years 03 months,793000,16,44,883506.4295115116
2025-09-01,CLEMENTI,5 ROOM,356,CLEMENTI AVE 2,07 TO 09,117,Standard,1978,51 years 07 months,800000,7,44,765211.1582276132
2025-09-01,CLEMENTI,5 ROOM,356,CLEMENTI AVE 2,22 TO 24,117,Standard,1978,51 years 06 months,830000,22,44,822785.6942919306
2025-08-01,CLEMENTI,5 ROOM,445A,CLEMENTI AVE 3,16 TO 18,113,Improved,2021,94 years 11 months,1388000,16,44,1116519.1471066433
2025-08-01,CLEMENTI,5 ROOM,445B,CLEMENTI AVE 3,22 TO 24,113,Improved,2021,94 years 10 months,1329000,22,44,1137894.6186841594
2025-08-01,CLEMENTI,5 ROOM,445B,CLEMENTI AVE 3,25 TO 27,113,Improved,2021,94 years 10 months,1458888,25,44,1222053.4800355628
2025-09-01,CLEMENTI,5 ROOM,459,CLEMENTI AVE 3,16 TO 18,110,Improved,2002,76 years 04 months,1025000,16,44,1003939.166240735
2025-09-01,CLEMENTI,5 ROOM,445B,CLEMENTI AVE 3,10 TO 12,113,Improved,2021,94 years 10 months,1205000,10,44,1127137.6399071792
2025-08-01,CLEMENTI,5 ROOM,311C,CLEMENTI AVE 4,04 TO 06,105,DBSS,2014,88 years 04 months,1150000,4,44,996004.5492599703
2025-08-01,CLEMENTI,5 ROOM,311B,CLEMENTI AVE 4,16 TO 18,105,DBSS,2014,88 years 04 months,1275000,16,44,1073676.5317252174
2025-09-01,CLEMENTI,5 ROOM,103,CLEMENTI ST 14,07 TO 09,121,Improved,1984,58 years 03 months,835000,7,44,828947.9556540132
2025-08-01,CLEMENTI,5 ROOM,605,CLEMENTI WEST ST 1,04 TO 06,119,Improved,1979,53 years 03 months,630000,4,44,751291.7115291306
2025-08-01,CLEMENTI,5 ROOM,613,CLEMENTI WEST ST 1,10 TO 12,133,Model A,1984,57 years 09 months,800000,10,44,869111.492701608
2025-07-01,CLEMENTI,EXECUTIVE,363,CLEMENTI AVE 2,04 TO 06,163,Adjoined flat,1978,51 years 06 months,1148000,4,44,990855.1876840994
2025-07-01,CLEMENTI,EXECUTIVE,115,CLEMENTI ST 13,01 TO 03,149,Maisonette,1985,58 years 08 months,1010000,1,44,991836.4826097983
2025-07-01,CLEMENTI,EXECUTIVE,115,CLEMENTI ST 13,01 TO 03,146,Maisonette,1985,58 years 08 months,980000,1,44,996081.1386044751
2025-08-01,CLEMENTI,EXECUTIVE,115,CLEMENTI ST 13,04 TO 06,147,Maisonette,1985,58 years 06 months,1130000,4,44,1041504.8636651185
2025-07-01,GEYLANG,2 ROOM,109,ALJUNIED CRES,04 TO 06,45,Improved,1986,59 years 06 months,323000,4,44,322452.2246773724
2025-07-01,GEYLANG,2 ROOM,72,CIRCUIT RD,04 TO 06,42,Standard,1969,42 years 07 months,298000,4,44,291117.50348299125
2025-07-01,GEYLANG,2 ROOM,39,CIRCUIT RD,10 TO 12,45,Standard,1971,44 years 07 months,295000,10,44,305187.64956005063
2025-09-01,GEYLANG,2 ROOM,44,CIRCUIT RD,01 TO 03,42,Standard,1971,44 years 05 months,290000,1,44,289768.3811007223
2025-09-01,GEYLANG,2 ROOM,70,CIRCUIT RD,01 TO 03,45,Standard,1969,42 years 04 months,295000,1,44,300893.6763581266
2025-07-01,GEYLANG,3 ROOM,99,ALJUNIED CRES,10 TO 12,82,New Generation,1978,51 years 06 months,488000,10,44,541510.0122840614
2025-08-01,GEYLANG,3 ROOM,95,ALJUNIED CRES,04 TO 06,65,Improved,1975,49 years 01 month,400000,4,44,383485.51896332356
2025-08-01,GEYLANG,3 ROOM,95,ALJUNIED CRES,10 TO 12,65,Improved,1975,49 years,420000,10,44,399431.89932353597
2025-08-01,GEYLANG,3 ROOM,112,ALJUNIED CRES,01 TO 03,67,New Generation,1980,54 years,456800,1,44,427563.05990633206
2025-09-01,GEYLANG,3 ROOM,106,ALJUNIED CRES,04 TO 06,67,New Generation,1979,52 years 04 months,460000,4,44,440696.71633292234
2025-07-01,GEYLANG,3 ROOM,32,BALAM RD,01 TO 03,57,Standard,1973,47 years,343000,1,44,333644.1218996505
2025-08-01,GEYLANG,3 ROOM,21,BALAM RD,04 TO 06,60.3,Standard,1967,40 years 05 months,340000,4,44,334211.83108401566
2025-08-01,GEYLANG,3 ROOM,21,BALAM RD,04 TO 06,60.3,Standard,1967,40 years 05 months,315000,4,44,334211.83108401566
2025-08-01,GEYLANG,3 ROOM,21,BALAM RD,07 TO 09,60.3,Standard,1967,40 years 05 months,360000,7,44,343968.43522338656
2025-08-01,GEYLANG,3 ROOM,23,BALAM RD,07 TO 09,60.3,Standard,1967,40 years 05 months,323800,7,44,343968.43522338656
2025-09-01,GEYLANG,3 ROOM,20,BALAM RD,10 TO 12,60.3,Standard,1967,40 years 04 months,346000,10,44,350233.31856788846
2025-09-01,GEYLANG,3 ROOM,23,BALAM RD,01 TO 03,60.3,Standard,1967,40 years 04 months,290000,1,44,323697.33406612714
2025-09-01,GEYLANG,3 ROOM,19,BALAM RD,10 TO 12,60.3,Standard,1967,40 years 04 months,320000,10,44,350233.31856788846
2025-07-01,GEYLANG,3 ROOM,34,CASSIA CRES,01 TO 03,68,New Generation,1981,55 years 01 month,502000,1,44,446462.51651427837
2025-08-01,GEYLANG,3 ROOM,52,CASSIA CRES,13 TO 15,62,Model A,2018,91 years 05 months,695000,13,44,658741.6092146649
2025-09-01,GEYLANG,3 ROOM,54,CASSIA CRES,13 TO 15,67,New Generation,1983,56 years 11 months,530000,13,44,469823.9526487207
2025-09-01,GEYLANG,3 ROOM,52,CASSIA CRES,13 TO 15,62,Model A,2018,91 years 04 months,690000,13,44,658741.6092146649
2025-07-01,GEYLANG,3 ROOM,47,CIRCUIT RD,07 TO 09,56,Standard,1969,42 years 07 months,325000,7,44,338011.8402432789
2025-07-01,GEYLANG,3 ROOM,35,CIRCUIT RD,13 TO 15,63.1,Standard,1971,44 years 07 months,366000,13,44,372245.9505225522
2025-07-01,GEYLANG,3 ROOM,45,CIRCUIT RD,07 TO 09,52,Standard,1971,44 years 07 months,310000,7,44,336077.49973768403
2025-07-01,GEYLANG,3 ROOM,82B,CIRCUIT RD,01 TO 03,68,Model A,2020,93 years 11 months,638000,1,44,653384.7539722013
2025-07-01,GEYLANG,3 ROOM,72,CIRCUIT RD,07 TO 09,56,Standard,1969,42 years 06 months,354000,7,44,338011.8402432789
2025-07-01,GEYLANG,3 ROOM,38,CIRCUIT RD,10 TO 12,60,Standard,1971,44 years 06 months,350000,10,44,355182.65584091056
2025-07-01,GEYLANG,3 ROOM,49,CIRCUIT RD,04 TO 06,56,Standard,1969,42 years 06 months,318000,4,44,339214.0315194955
2025-07-01,GEYLANG,3 ROOM,18D,CIRCUIT RD,16 TO 18,67,Model A,2016,90 years 04 months,738000,16,44,687147.32431727
2025-08-01,GEYLANG,3 ROOM,62,CIRCUIT RD,04 TO 06,56,Standard,1967,40 years 06 months,325000,4,44,339214.0315194955
2025-08-01,GEYLANG,3 ROOM,82B,CIRCUIT RD,19 TO 21,68,Model A,2020,93 years 09 months,838000,19,44,764029.0255478774
2025-08-01,GEYLANG,3 ROOM,52,CIRCUIT RD,01 TO 03,56,Standard,1969,42 years 06 months,299000,1,44,332455.7040706732
2025-08-01,GEYLANG,3 ROOM,58,CIRCUIT RD,01 TO 03,56,Standard,1969,42 years 05 months,320000,1,44,332455.7040706732
2025-08-01,GEYLANG,3 ROOM,60,CIRCUIT RD,07 TO 09,56,Standard,1969,42 years 05 months,325000,7,44,338011.8402432789
2025-08-01,GEYLANG,3 ROOM,85,CIRCUIT RD,01 TO 03,60,Improved,1970,43 years 05 months,315000,1,44,363494.0323419167
2025-09-01,GEYLANG,3 ROOM,48,CIRCUIT RD,01 TO 03,59,Standard,1969,42 years 05 months,337000,1,44,340028.5474748922
2025-09-01,GEYLANG,3 ROOM,82A,CIRCUIT RD,07 TO 09,68,Model A,2020,93 years 09 months,780000,7,44,712825.8170165227
2025-09-01,GEYLANG,3 ROOM,43,CIRCUIT RD,07 TO 09,52,Standard,1971,44 years 05 months,350000,7,44,336077.49973768403
2025-09-01,GEYLANG,3 ROOM,65,CIRCUIT RD,07 TO 09,59,Standard,1967,40 years 05 months,330000,7,44,351607.31589065236
2025-09-01,GEYLANG,3 ROOM,61,CIRCUIT RD,01 TO 03,59,Standard,1969,42 years 05 months,305000,1,44,340028.5474748922
2025-09-01,GEYLANG,3 ROOM,40,CIRCUIT RD,01 TO 03,66,Standard,1971,44 years 05 months,370000,1,44,371616.1165148991
2025-09-01,GEYLANG,3 ROOM,37,CIRCUIT RD,04 TO 06,59,Standard,1972,46 years 03 months,358888,4,44,343547.2298673105
2025-09-01,GEYLANG,3 ROOM,40,CIRCUIT RD,04 TO 06,57,Standard,1971,44 years 05 months,340000,4,44,339318.2876035768
2025-09-01,GEYLANG,3 ROOM,60,CIRCUIT RD,07 TO 09,56,Standard,1969,42 years 04 months,315000,7,44,338011.8402432789
2025-09-01,GEYLANG,3 ROOM,66,CIRCUIT RD,10 TO 12,56,Standard,1967,40 years 04 months,350000,10,44,342469.6300942563
2025-09-01,GEYLANG,3 ROOM,59,CIRCUIT RD,07 TO 09,60,Standard,1969,42 years 04 months,340000,7,44,349461.0116938653
2025-09-01,GEYLANG,3 ROOM,65,CIRCUIT RD,01 TO 03,59,Standard,1967,40 years 04 months,340000,1,44,340028.5474748922
2025-09-01,GEYLANG,3 ROOM,18D,CIRCUIT RD,13 TO 15,67,Model A,2016,90 years 02 months,748000,13,44,660017.4974391037
2025-09-01,GEYLANG,3 ROOM,62,CIRCUIT RD,07 TO 09,56,Standard,1967,40 years 04 months,335000,7,44,338011.8402432789
2025-07-01,GEYLANG,3 ROOM,34,EUNOS CRES,10 TO 12,60,Model A,2006,80 years 05 months,660000,10,44,645119.3675099902
2025-08-01,GEYLANG,3 ROOM,24,EUNOS CRES,07 TO 09,59,Improved,1977,50 years 10 months,360888,7,44,379169.6479332538
2025-08-01,GEYLANG,3 ROOM,31,EUNOS CRES,10 TO 12,60,Model A,2007,80 years 05 months,702000,10,44,645119.3675099902
2025-08-01,GEYLANG,3 ROOM,17,EUNOS CRES,01 TO 03,59,Improved,1977,50 years 09 months,350000,1,44,370431.46542182873
2025-09-01,GEYLANG,3 ROOM,25,EUNOS CRES,10 TO 12,59,Improved,1977,50 years 09 months,388000,10,44,375373.5865531762
2025-09-01,GEYLANG,3 ROOM,19,EUNOS CRES,04 TO 06,65,Improved,1977,50 years 08 months,374000,4,44,383485.51896332356
2025-09-01,GEYLANG,3 ROOM,16,EUNOS CRES,04 TO 06,70,Improved,1977,50 years 08 months,390000,4,44,432986.7697834598
2025-09-01,GEYLANG,3 ROOM,19,EUNOS CRES,04 TO 06,65,Improved,1977,50 years 08 months,375000,4,44,383485.51896332356
2025-07-01,GEYLANG,3 ROOM,124,GEYLANG EAST AVE 1,04 TO 06,74,Model A,1983,57 years 04 months,496888,4,44,558764.2721824952
2025-07-01,GEYLANG,3 ROOM,126,GEYLANG EAST AVE 1,04 TO 06,74,Model A,1983,57 years 05 months,510000,4,44,558764.2721824952
2025-08-01,GEYLANG,3 ROOM,125,GEYLANG EAST AVE 1,07 TO 09,74,Model A,1984,57 years 08 months,510000,7,44,568582.1511780315
2025-08-01,GEYLANG,3 ROOM,1,HAIG RD,04 TO 06,68,Improved,1982,56 years 04 months,456000,4,44,432536.2203909451
2025-07-01,GEYLANG,3 ROOM,97,JLN DUA,07 TO 09,56,Standard,1969,42 years 07 months,350000,7,44,338011.8402432789
2025-08-01,GEYLANG,3 ROOM,97,JLN DUA,04 TO 06,56,Standard,1969,42 years 05 months,370000,4,44,339214.0315194955
2025-08-01,GEYLANG,3 ROOM,4,JOO CHIAT RD,16 TO 18,74,Model A,1985,59 years 05 months,630000,16,44,662796.6306223368
2025-08-01,GEYLANG,3 ROOM,3,JOO CHIAT RD,16 TO 18,75,Model A,1985,59 years 05 months,615000,16,44,658128.6603758397
2025-08-01,GEYLANG,3 ROOM,95,OLD AIRPORT RD,07 TO 09,56,Standard,1969,42 years 06 months,340000,7,44,338011.8402432789
2025-08-01,GEYLANG,3 ROOM,99,OLD AIRPORT RD,01 TO 03,56,Standard,1969,42 years 06 months,335000,1,44,332455.7040706732
2025-07-01,GEYLANG,3 ROOM,91,PAYA LEBAR WAY,04 TO 06,58,Improved,1972,46 years 02 months,350000,4,44,338698.2314969846
2025-08-01,GEYLANG,3 ROOM,93,PAYA LEBAR WAY,07 TO 09,67,Improved,1972,46 years 01 month,402000,7,44,410832.7061762221
2025-08-01,GEYLANG,3 ROOM,10,PINE CL,10 TO 12,68,New Generation,1981,55 years,540000,10,44,483461.52077294857
2025-07-01,GEYLANG,3 ROOM,41,SIMS DR,04 TO 06,66,Improved,1981,54 years 08 months,368000,4,44,381166.86188567517
2025-07-01,GEYLANG,3 ROOM,45,SIMS DR,07 TO 09,65,Improved,1977,50 years 09 months,385888,7,44,394516.8054568655
2025-09-01,GEYLANG,3 ROOM,41,SIMS DR,01 TO 03,76,Improved,1981,54 years 06 months,385000,1,44,434534.73149175977
2025-08-01,GEYLANG,3 ROOM,53,SIMS PL,04 TO 06,65,Improved,1981,54 years 06 months,390000,4,44,383485.51896332356
2025-07-01,GEYLANG,3 ROOM,328,UBI AVE 1,01 TO 03,64,Simplified,1985,59 years 03 months,420000,1,44,446500.38537374174
2025-08-01,GEYLANG,3 ROOM,302,UBI AVE 1,04 TO 06,64,Simplified,2000,73 years 09 months,485000,4,44,452058.12507435953
2025-09-01,GEYLANG,3 ROOM,301,UBI AVE 1,01 TO 03,63,Simplified,2000,73 years 09 months,480000,1,44,445259.5892444937
2025-07-01,GEYLANG,4 ROOM,107,ALJUNIED CRES,01 TO 03,91,New Generation,1981,54 years 09 months,580000,1,44,564363.3016155033
2025-08-01,GEYLANG,4 ROOM,102,ALJUNIED CRES,04 TO 06,92,New Generation,1978,51 years 05 months,600000,4,44,592919.4274112377
2025-09-01,GEYLANG,4 ROOM,104,ALJUNIED CRES,07 TO 09,92,New Generation,1978,51 years 05 months,580000,7,44,597763.9512171579
2025-09-01,GEYLANG,4 ROOM,101,ALJUNIED CRES,07 TO 09,92,New Generation,1978,51 years 04 months,618000,7,44,597763.9512171579
2025-09-01,GEYLANG,4 ROOM,29,BALAM RD,19 TO 21,106,Model A,1997,70 years 11 months,870000,19,44,896471.951006732
2025-07-01,GEYLANG,4 ROOM,28,CASSIA CRES,10 TO 12,101,Model A,1998,71 years 11 months,940000,10,44,845654.0225773306
2025-09-01,GEYLANG,4 ROOM,32,CASSIA CRES,10 TO 12,93,New Generation,1981,54 years 10 months,685000,10,44,618765.2614353703
2025-09-01,GEYLANG,4 ROOM,32,CASSIA CRES,07 TO 09,92,New Generation,1981,54 years 10 months,638000,7,44,597763.9512171579
2025-09-01,GEYLANG,4 ROOM,54,CASSIA CRES,04 TO 06,101,New Generation,1983,56 years 10 months,650000,4,44,620838.9644420317
2025-07-01,GEYLANG,4 ROOM,83A,CIRCUIT RD,10 TO 12,96,Model A,2020,93 years 11 months,1008888,10,44,967633.459821307
2025-07-01,GEYLANG,4 ROOM,82B,CIRCUIT RD,16 TO 18,93,Model A,2020,93 years 11 months,1050000,16,44,1000066.8263315867
2025-07-01,GEYLANG,4 ROOM,18D,CIRCUIT RD,10 TO 12,93,Model A,2016,90 years 04 months,968000,10,44,968815.7649869074
2025-07-01,GEYLANG,4 ROOM,18C,CIRCUIT RD,16 TO 18,93,Model A,2016,90 years 04 months,1010000,16,44,1000066.8263315867
2025-07-01,GEYLANG,4 ROOM,17A,CIRCUIT RD,13 TO 15,93,Model A,2016,90 years 04 months,1018888,13,44,991446.5864826359
2025-07-01,GEYLANG,4 ROOM,82A,CIRCUIT RD,16 TO 18,93,Model A,2020,93 years 10 months,1088000,16,44,1000066.8263315867
2025-07-01,GEYLANG,4 ROOM,82B,CIRCUIT RD,10 TO 12,93,Model A,2020,93 years 11 months,1000000,10,44,968815.7649869074
2025-07-01,GEYLANG,4 ROOM,83B,CIRCUIT RD,16 TO 18,93,Model A,2020,93 years 10 months,1065000,16,44,1000066.8263315867
2025-07-01,GEYLANG,4 ROOM,82B,CIRCUIT RD,16 TO 18,93,Model A,2020,93 years 10 months,1042000,16,44,1000066.8263315867
2025-07-01,GEYLANG,4 ROOM,83A,CIRCUIT RD,13 TO 15,96,Model A,2020,93 years 10 months,1070000,13,44,967281.0743338197
2025-08-01,GEYLANG,4 ROOM,82B,CIRCUIT RD,16 TO 18,93,Model A,2020,93 years 10 months,1035000,16,44,1000066.8263315867
2025-08-01,GEYLANG,4 ROOM,83B,CIRCUIT RD,10 TO 12,93,Model A,2020,93 years 10 months,1050000,10,44,968815.7649869074
2025-08-01,GEYLANG,4 ROOM,18D,CIRCUIT RD,07 TO 09,93,Model A,2016,90 years 03 months,990000,7,44,963037.1948127245
2025-08-01,GEYLANG,4 ROOM,82B,CIRCUIT RD,04 TO 06,93,Model A,2020,93 years 09 months,1020000,4,44,931363.1530345102
2025-08-01,GEYLANG,4 ROOM,66,CIRCUIT RD,04 TO 06,101,Adjoined flat,1967,40 years 05 months,639000,4,44,771992.2802797967
2025-09-01,GEYLANG,4 ROOM,17B,CIRCUIT RD,13 TO 15,93,Model A,2016,90 years 03 months,988888,13,44,991446.5864826359
2025-09-01,GEYLANG,4 ROOM,83B,CIRCUIT RD,01 TO 03,96,Model A,2020,93 years 08 months,875000,1,44,904121.0596504195
2025-09-01,GEYLANG,4 ROOM,82A,CIRCUIT RD,13 TO 15,93,Model A,2020,93 years 09 months,1059000,13,44,991446.5864826359
2025-09-01,GEYLANG,4 ROOM,17A,CIRCUIT RD,16 TO 18,93,Model A,2016,90 years 03 months,1008000,16,44,1000066.8263315867
2025-09-01,GEYLANG,4 ROOM,17A,CIRCUIT RD,13 TO 15,93,Model A,2016,90 years 03 months,1012888,13,44,991446.5864826359
2025-09-01,GEYLANG,4 ROOM,83A,CIRCUIT RD,10 TO 12,96,Model A,2020,93 years 08 months,1085000,10,44,967633.459821307
2025-09-01,GEYLANG,4 ROOM,17A,CIRCUIT RD,07 TO 09,93,Model A,2016,90 years 02 months,990000,7,44,963037.1948127245
2025-09-01,GEYLANG,4 ROOM,17A,CIRCUIT RD,01 TO 03,93,Model A,2016,90 years 02 months,868000,1,44,912290.8912964079
2025-07-01,GEYLANG,4 ROOM,58,DAKOTA CRES,04 TO 06,102,Model A,1984,58 years 05 months,852000,4,44,798822.0197198677
2025-07-01,GEYLANG,4 ROOM,10,EUNOS CRES,04 TO 06,92,New Generation,1978,52 years 01 month,575000,4,44,592919.4274112377
2025-08-01,GEYLANG,4 ROOM,9,EUNOS CRES,07 TO 09,91,New Generation,1978,52 years,620000,7,44,577022.5869560206
2025-08-01,GEYLANG,4 ROOM,35,EUNOS CRES,16 TO 18,85,Model A,2006,80 years 04 months,905000,16,44,909731.5710107699
2025-08-01,GEYLANG,4 ROOM,9,EUNOS CRES,13 TO 15,91,New Generation,1978,51 years 11 months,620000,13,44,630637.8116612823
2025-09-01,GEYLANG,4 ROOM,11,EUNOS CRES,13 TO 15,91,New Generation,1977,50 years 09 months,630000,13,44,630637.8116612823
2025-09-01,GEYLANG,4 ROOM,31,EUNOS CRES,16 TO 18,90,Model A,2007,80 years 05 months,970000,16,44,944275.5898403989
2025-09-01,GEYLANG,4 ROOM,11,EUNOS CRES,13 TO 15,91,New Generation,1977,50 years 08 months,628000,13,44,630637.8116612823
2025-09-01,GEYLANG,4 ROOM,10,EUNOS CRES,07 TO 09,91,New Generation,1978,51 years 10 months,638000,7,44,577022.5869560206
2025-09-01,GEYLANG,4 ROOM,9,EUNOS CRES,04 TO 06,91,New Generation,1978,51 years 10 months,620000,4,44,560637.2210999992
2025-09-01,GEYLANG,4 ROOM,417,EUNOS RD 5,10 TO 12,107,Model A,1984,58 years 02 months,850000,10,44,794229.3385904501
2025-07-01,GEYLANG,4 ROOM,125,GEYLANG EAST AVE 1,01 TO 03,112,Model A,1984,57 years 08 months,800000,1,44,743417.3121991123
2025-08-01,GEYLANG,4 ROOM,2A,GEYLANG SERAI,04 TO 06,93,Model A,2011,85 years 04 months,868000,4,44,931363.1530345102
2025-07-01,GEYLANG,4 ROOM,11,HAIG RD,04 TO 06,92,New Generation,1976,50 years 01 month,615000,4,44,592919.4274112377
2025-07-01,GEYLANG,4 ROOM,5,HAIG RD,04 TO 06,92,New Generation,1976,50 years,590000,4,44,592919.4274112377
2025-07-01,GEYLANG,4 ROOM,39,JLN TIGA,01 TO 03,93,Model A,2005,78 years 09 months,915000,1,44,912290.8912964079
2025-07-01,GEYLANG,4 ROOM,122,PAYA LEBAR WAY,10 TO 12,91,New Generation,1980,54 years 02 months,558000,10,44,591753.5111205693
2025-07-01,GEYLANG,4 ROOM,3,PINE CL,10 TO 12,95,Model A,2000,74 years,910000,10,44,959138.9132058108
2025-08-01,GEYLANG,4 ROOM,11,PINE CL,04 TO 06,86,Model A,2000,73 years 10 months,870000,4,44,845835.1039066
2025-09-01,GEYLANG,4 ROOM,9,PINE CL,10 TO 12,102,Model A,1997,71 years 03 months,975000,10,44,843902.2821739012
2025-09-01,GEYLANG,4 ROOM,92,PIPIT RD,04 TO 06,102,Model A,1997,70 years 08 months,700000,4,44,798822.0197198677
2025-08-01,GEYLANG,4 ROOM,44,SIMS DR,07 TO 09,88,Improved,1975,49 years,453888,7,44,532761.968788799
2025-09-01,GEYLANG,4 ROOM,44,SIMS DR,13 TO 15,88,Improved,1975,48 years 11 months,500000,13,44,550073.625979807
2025-07-01,GEYLANG,4 ROOM,349,UBI AVE 1,04 TO 06,104,Model A,1986,59 years 07 months,620000,4,44,728888.3368107028
2025-07-01,GEYLANG,4 ROOM,314,UBI AVE 1,07 TO 09,104,Model A,1985,59 years 03 months,650000,7,44,775083.1828596166
2025-07-01,GEYLANG,4 ROOM,329,UBI AVE 1,04 TO 06,84,Simplified,1985,59 years 05 months,570000,4,44,554317.5421620401
2025-07-01,GEYLANG,4 ROOM,336,UBI AVE 1,07 TO 09,83,Simplified,1986,59 years 07 months,535000,7,44,573890.8749432756
2025-07-01,GEYLANG,4 ROOM,327,UBI AVE 1,10 TO 12,84,Simplified,1985,59 years 03 months,535000,10,44,575318.3219395741
2025-07-01,GEYLANG,4 ROOM,349,UBI AVE 1,01 TO 03,84,Simplified,1986,59 years 07 months,548000,1,44,545216.8602187898
2025-08-01,GEYLANG,4 ROOM,319,UBI AVE 1,10 TO 12,90,Simplified,1985,58 years 11 months,600000,10,44,606862.4303059769
2025-08-01,GEYLANG,4 ROOM,320,UBI AVE 1,10 TO 12,90,Simplified,1985,58 years 10 months,558000,10,44,606862.4303059769
2025-08-01,GEYLANG,4 ROOM,348,UBI AVE 1,01 TO 03,104,Model A,1986,59 years 09 months,580000,1,44,747565.8648110108
2025-08-01,GEYLANG,4 ROOM,314,UBI AVE 1,07 TO 09,84,Simplified,1985,59 years 01 month,590000,7,44,571728.3600755287
2025-08-01,GEYLANG,4 ROOM,344,UBI AVE 1,04 TO 06,84,Simplified,1985,59 years,560000,4,44,554317.5421620401
2025-08-01,GEYLANG,4 ROOM,338,UBI AVE 1,04 TO 06,84,Simplified,1986,59 years 07 months,548000,4,44,554317.5421620401
2025-08-01,GEYLANG,4 ROOM,347,UBI AVE 1,01 TO 03,84,Simplified,1986,59 years 09 months,618000,1,44,545216.8602187898
2025-09-01,GEYLANG,4 ROOM,311,UBI AVE 1,01 TO 03,84,Simplified,1985,59 years 03 months,585000,1,44,545216.8602187898
2025-09-01,GEYLANG,4 ROOM,341,UBI AVE 1,01 TO 03,104,Model A,1985,59 years 01 month,600000,1,44,747565.8648110108
2025-09-01,GEYLANG,4 ROOM,344,UBI AVE 1,01 TO 03,84,Simplified,1985,59 years,545000,1,44,545216.8602187898
2025-09-01,GEYLANG,4 ROOM,320,UBI AVE 1,04 TO 06,90,Simplified,1985,58 years 09 months,555000,4,44,578152.243430919
2025-09-01,GEYLANG,4 ROOM,347,UBI AVE 1,07 TO 09,84,Simplified,1986,59 years 08 months,545000,7,44,571728.3600755287
2025-09-01,GEYLANG,4 ROOM,341,UBI AVE 1,07 TO 09,104,Model A,1985,59 years,645000,7,44,775083.1828596166
2025-09-01,GEYLANG,4 ROOM,301,UBI AVE 1,01 TO 03,83,Simplified,2000,73 years 08 months,638000,1,44,546582.1309372779
2025-07-01,GEYLANG,5 ROOM,105,ALJUNIED CRES,04 TO 06,121,Improved,1979,52 years 07 months,818000,4,44,796041.8372123878
2025-09-01,GEYLANG,5 ROOM,110,ALJUNIED CRES,07 TO 09,121,Improved,1980,53 years 11 months,818000,7,44,819576.957918528
2025-09-01,GEYLANG,5 ROOM,105,ALJUNIED CRES,07 TO 09,121,Improved,1979,52 years 04 months,770000,7,44,819576.957918528
2025-09-01,GEYLANG,5 ROOM,28,BALAM RD,13 TO 15,127,Improved,1997,70 years 10 months,985000,13,44,911901.5066490971
2025-09-01,GEYLANG,5 ROOM,29,BALAM RD,01 TO 03,127,Improved,1997,70 years 10 months,788888,1,44,782831.7706342291
2025-08-01,GEYLANG,5 ROOM,15,EUNOS CRES,04 TO 06,117,Standard,1977,50 years 09 months,748000,4,44,706300.8403661362
2025-09-01,GEYLANG,5 ROOM,23,EUNOS CRES,07 TO 09,117,Standard,1977,50 years 09 months,695000,7,44,711263.3887900804
2025-07-01,GEYLANG,5 ROOM,413,EUNOS RD 5,01 TO 03,122,Improved,1992,66 years 02 months,740000,1,44,768168.3360973297
2025-07-01,GEYLANG,5 ROOM,417,EUNOS RD 5,01 TO 03,142,Model A-Maisonette,1984,58 years 03 months,943000,1,44,947671.6620406008
2025-08-01,GEYLANG,5 ROOM,415,EUNOS RD 5,10 TO 12,140,Model A-Maisonette,1984,58 years 02 months,958888,10,44,990984.5093651322
2025-09-01,GEYLANG,5 ROOM,413,EUNOS RD 5,01 TO 03,145,Model A,1992,66 years,1058888,1,44,849832.9740490385
2025-07-01,GEYLANG,5 ROOM,6,HAIG RD,16 TO 18,115,Improved,1976,50 years 01 month,775000,16,44,942228.7167724903
2025-07-01,GEYLANG,5 ROOM,4,HAIG RD,10 TO 12,150,Adjoined flat,1976,50 years 01 month,950000,10,44,946404.0743263346
2025-09-01,GEYLANG,5 ROOM,6,HAIG RD,04 TO 06,118,Improved,1976,49 years 10 months,780000,4,44,799692.4864741944
2025-09-01,GEYLANG,5 ROOM,45,JLN TIGA,04 TO 06,110,Improved,2005,78 years 09 months,990000,4,44,964602.4084193766
2025-08-01,GEYLANG,5 ROOM,7,PINE CL,04 TO 06,113,Improved,2000,74 years,1150000,4,44,898143.2566259804
2025-08-01,GEYLANG,5 ROOM,7,PINE CL,01 TO 03,113,Improved,2000,73 years 10 months,1080000,1,44,859461.2636705086
2025-09-01,GEYLANG,5 ROOM,5,PINE CL,10 TO 12,111,Improved,2000,73 years 09 months,1300000,10,44,1073024.3051512428
2025-08-01,GEYLANG,5 ROOM,40,SIMS DR,07 TO 09,122,Improved,1990,63 years 10 months,755000,7,44,811558.8939341819
2025-07-01,GEYLANG,5 ROOM,340,UBI AVE 1,04 TO 06,121,Improved,1986,59 years 07 months,701500,4,44,796041.8372123878
2025-07-01,GEYLANG,5 ROOM,336,UBI AVE 1,01 TO 03,122,Improved,1986,59 years 07 months,648888,1,44,768168.3360973297
2025-08-01,GEYLANG,5 ROOM,330,UBI AVE 1,04 TO 06,122,Improved,1985,59 years 05 months,705000,4,44,784451.4024341861
2025-09-01,GEYLANG,5 ROOM,330,UBI AVE 1,04 TO 06,122,Improved,1985,59 years 03 months,635000,4,44,784451.4024341861
2025-09-01,GEYLANG,5 ROOM,352,UBI AVE 1,10 TO 12,122,Improved,1989,62 years 05 months,720000,10,44,897460.3436354145
2025-07-01,GEYLANG,EXECUTIVE,130,GEYLANG EAST AVE 1,13 TO 15,148,Apartment,1987,60 years 11 months,1150000,13,44,1109446.7217676213
2025-07-01,GEYLANG,EXECUTIVE,132,GEYLANG EAST AVE 1,10 TO 12,146,Maisonette,1987,60 years 10 months,1150000,10,44,1046798.2558310165
2025-07-01,GEYLANG,EXECUTIVE,132,GEYLANG EAST AVE 1,01 TO 03,144,Apartment,1987,60 years 10 months,988000,1,44,949864.0080554474
2025-08-01,GEYLANG,EXECUTIVE,333,UBI AVE 1,04 TO 06,146,Maisonette,1986,59 years 09 months,938000,4,44,1016039.9976097887
2025-07-01,HOUGANG,2 ROOM,986A,BUANGKOK CRES,04 TO 06,47,Model A,2012,85 years 11 months,375000,4,44,373365.6357118176
2025-08-01,HOUGANG,2 ROOM,986B,BUANGKOK CRES,13 TO 15,47,Model A,2012,85 years 09 months,372000,13,44,380139.11798592977
2025-08-01,HOUGANG,2 ROOM,998A,BUANGKOK CRES,10 TO 12,47,Model A,2019,93 years 04 months,378000,10,44,378432.32986198505
2025-09-01,HOUGANG,2 ROOM,995B,BUANGKOK CRES,04 TO 06,47,Model A,2019,93 years 01 month,365000,4,44,373365.6357118176
2025-07-01,HOUGANG,2 ROOM,994B,BUANGKOK LINK,13 TO 15,38,2-room,2021,94 years 07 months,355000,13,44,361913.9326655823
2025-07-01,HOUGANG,2 ROOM,991A,BUANGKOK LINK,07 TO 09,47,Model A,2019,93 years,368000,7,44,377648.55571707827
2025-07-01,HOUGANG,2 ROOM,994B,BUANGKOK LINK,10 TO 12,47,2-room,2021,94 years 06 months,380888,10,44,375573.4800698139
2025-07-01,HOUGANG,2 ROOM,993B,BUANGKOK LINK,07 TO 09,47,2-room,2021,94 years 06 months,389000,7,44,375926.9597173613
2025-07-01,HOUGANG,2 ROOM,992A,BUANGKOK LINK,01 TO 03,47,Model A,2019,92 years 11 months,360000,1,44,363481.7984730421
2025-08-01,HOUGANG,2 ROOM,992B,BUANGKOK LINK,13 TO 15,38,2-room,2019,92 years 11 months,375888,13,44,361913.9326655823
2025-08-01,HOUGANG,2 ROOM,994A,BUANGKOK LINK,04 TO 06,47,2-room,2021,94 years 06 months,375000,4,44,374721.33965665905
2025-08-01,HOUGANG,2 ROOM,994A,BUANGKOK LINK,10 TO 12,38,2-room,2021,94 years 06 months,370000,10,44,358477.467490407
2025-08-01,HOUGANG,2 ROOM,993B,BUANGKOK LINK,07 TO 09,38,2-room,2021,94 years 06 months,365000,7,44,351640.1851272387
2025-09-01,HOUGANG,2 ROOM,993B,BUANGKOK LINK,07 TO 09,47,2-room,2021,94 years 05 months,391000,7,44,375926.9597173613
2025-09-01,HOUGANG,2 ROOM,991A,BUANGKOK LINK,07 TO 09,47,Model A,2019,92 years 10 months,380000,7,44,377648.55571707827
2025-09-01,HOUGANG,2 ROOM,991B,BUANGKOK LINK,13 TO 15,47,Model A,2019,92 years 09 months,400000,13,44,380139.11798592977
2025-09-01,HOUGANG,2 ROOM,991A,BUANGKOK LINK,01 TO 03,47,Model A,2019,92 years 09 months,385000,1,44,363481.7984730421
2025-07-01,HOUGANG,3 ROOM,995A,BUANGKOK CRES,10 TO 12,68,Model A,2019,93 years 03 months,550000,10,44,513165.5890564504
2025-07-01,HOUGANG,3 ROOM,998B,BUANGKOK CRES,04 TO 06,68,Model A,2019,93 years 05 months,538000,4,44,504635.6143884958
2025-08-01,HOUGANG,3 ROOM,995B,BUANGKOK CRES,13 TO 15,68,Model A,2019,93 years 02 months,530000,13,44,538986.1914302075
2025-09-01,HOUGANG,3 ROOM,995A,BUANGKOK CRES,07 TO 09,68,Model A,2019,93 years,545000,7,44,509773.83399249194
2025-08-01,HOUGANG,3 ROOM,987B,BUANGKOK GREEN,10 TO 12,68,Model A,2015,88 years 07 months,520000,10,44,513165.5890564504
2025-07-01,HOUGANG,3 ROOM,993A,BUANGKOK LINK,10 TO 12,69,Model A,2021,94 years 07 months,550000,10,44,523953.0552405275
2025-07-01,HOUGANG,3 ROOM,993A,BUANGKOK LINK,10 TO 12,69,Model A,2021,94 years 07 months,513000,10,44,523953.0552405275
2025-07-01,HOUGANG,3 ROOM,993B,BUANGKOK LINK,16 TO 18,69,Model A,2021,94 years 07 months,525000,16,44,553798.0050115663
2025-07-01,HOUGANG,3 ROOM,991A,BUANGKOK LINK,07 TO 09,68,Model A,2019,92 years 11 months,518000,7,44,509773.83399249194
2025-09-01,HOUGANG,3 ROOM,991B,BUANGKOK LINK,13 TO 15,68,Model A,2019,92 years 10 months,525000,13,44,538986.1914302075
2025-09-01,HOUGANG,3 ROOM,992A,BUANGKOK LINK,10 TO 12,68,Model A,2019,92 years 10 months,530000,10,44,513165.5890564504
2025-09-01,HOUGANG,3 ROOM,993A,BUANGKOK LINK,01 TO 03,69,Model A,2021,94 years 04 months,432888,1,44,506191.3648238654
2025-07-01,HOUGANG,3 ROOM,113,HOUGANG AVE 1,01 TO 03,79,New Generation,1982,55 years 07 months,460000,1,44,451329.8610761864
2025-07-01,HOUGANG,3 ROOM,126,HOUGANG AVE 1,10 TO 12,67,New Generation,1983,56 years 08 months,465000,10,44,432952.7471623609
2025-07-01,HOUGANG,3 ROOM,119,HOUGANG AVE 1,10 TO 12,67,New Generation,1981,55 years 02 months,460000,10,44,432952.7471623609
2025-08-01,HOUGANG,3 ROOM,113,HOUGANG AVE 1,04 TO 06,66,New Generation,1982,55 years 06 months,475000,4,44,425511.2384597639
2025-08-01,HOUGANG,3 ROOM,174B,HOUGANG AVE 1,10 TO 12,66,Model A,2014,87 years 06 months,510000,10,44,509038.8668118181
2025-08-01,HOUGANG,3 ROOM,115,HOUGANG AVE 1,10 TO 12,67,New Generation,1981,55 years 01 month,460000,10,44,432952.7471623609
2025-08-01,HOUGANG,3 ROOM,115,HOUGANG AVE 1,10 TO 12,67,New Generation,1981,55 years 02 months,425000,10,44,432952.7471623609
2025-08-01,HOUGANG,3 ROOM,125,HOUGANG AVE 1,01 TO 03,67,New Generation,1981,55 years,450000,1,44,415143.66206295195
2025-08-01,HOUGANG,3 ROOM,125,HOUGANG AVE 1,10 TO 12,67,New Generation,1981,55 years,480000,10,44,432952.7471623609
2025-08-01,HOUGANG,3 ROOM,109,HOUGANG AVE 1,01 TO 03,70,New Generation,1983,56 years 07 months,423000,1,44,417123.1852457954
2025-08-01,HOUGANG,3 ROOM,112,HOUGANG AVE 1,07 TO 09,67,New Generation,1981,55 years 04 months,458000,7,44,431564.2506494053
2025-08-01,HOUGANG,3 ROOM,109,HOUGANG AVE 1,04 TO 06,67,New Generation,1983,56 years 07 months,460000,4,44,426989.62296318746
2025-09-01,HOUGANG,3 ROOM,102,HOUGANG AVE 1,04 TO 06,77,Model A,1984,57 years 05 months,458000,4,44,463027.8960188613
2025-09-01,HOUGANG,3 ROOM,114,HOUGANG AVE 1,01 TO 03,68,New Generation,1982,55 years 06 months,427500,1,44,416201.9560847282
2025-09-01,HOUGANG,3 ROOM,116,HOUGANG AVE 1,10 TO 12,82,New Generation,1981,55 years 01 month,482000,10,44,475627.78666657634
2025-07-01,HOUGANG,3 ROOM,415,HOUGANG AVE 10,10 TO 12,67,New Generation,1985,59 years 03 months,455000,10,44,432952.7471623609
2025-07-01,HOUGANG,3 ROOM,511,HOUGANG AVE 10,10 TO 12,64,Simplified,1986,59 years 10 months,470000,10,44,434986.8420452671
2025-08-01,HOUGANG,3 ROOM,403,HOUGANG AVE 10,01 TO 03,67,New Generation,1985,59 years 03 months,435000,1,44,415143.66206295195
2025-09-01,HOUGANG,3 ROOM,410,HOUGANG AVE 10,01 TO 03,67,New Generation,1985,59 years,435000,1,44,415143.66206295195
2025-07-01,HOUGANG,3 ROOM,703,HOUGANG AVE 2,10 TO 12,67,New Generation,1986,59 years 11 months,480000,10,44,432952.7471623609
2025-07-01,HOUGANG,3 ROOM,2,HOUGANG AVE 3,13 TO 15,59,Improved,1975,49 years 01 month,365000,13,44,406816.7616538988
2025-07-01,HOUGANG,3 ROOM,6,HOUGANG AVE 3,01 TO 03,59,Improved,1975,49 years 01 month,310000,1,44,372185.1601028975
2025-07-01,HOUGANG,3 ROOM,17,HOUGANG AVE 3,07 TO 09,73,New Generation,1978,51 years 11 months,410000,7,44,434568.7041925451
2025-07-01,HOUGANG,3 ROOM,24,HOUGANG AVE 3,07 TO 09,67,New Generation,1978,51 years 11 months,398000,7,44,431564.2506494053
2025-07-01,HOUGANG,3 ROOM,19,HOUGANG AVE 3,01 TO 03,73,New Generation,1978,51 years 10 months,410000,1,44,420390.8422786986
2025-08-01,HOUGANG,3 ROOM,23,HOUGANG AVE 3,10 TO 12,73,New Generation,1978,51 years 10 months,430000,10,44,436181.16974802676
2025-08-01,HOUGANG,3 ROOM,2,HOUGANG AVE 3,04 TO 06,59,Improved,1975,49 years,360000,4,44,391350.86998956033
2025-08-01,HOUGANG,3 ROOM,19,HOUGANG AVE 3,04 TO 06,88,New Generation,1978,51 years 10 months,488000,4,44,499326.52373101976
2025-08-01,HOUGANG,3 ROOM,23,HOUGANG AVE 3,01 TO 03,73,New Generation,1978,51 years 10 months,415000,1,44,420390.8422786986
2025-08-01,HOUGANG,3 ROOM,24,HOUGANG AVE 3,04 TO 06,67,New Generation,1978,51 years 10 months,445000,4,44,426989.62296318746
2025-08-01,HOUGANG,3 ROOM,252,HOUGANG AVE 3,04 TO 06,67,New Generation,1985,58 years 05 months,455000,4,44,426989.62296318746
2025-08-01,HOUGANG,3 ROOM,247,HOUGANG AVE 3,10 TO 12,67,New Generation,1984,57 years 10 months,468000,10,44,432952.7471623609
2025-09-01,HOUGANG,3 ROOM,2,HOUGANG AVE 3,01 TO 03,59,Improved,1975,48 years 10 months,340000,1,44,372185.1601028975
2025-09-01,HOUGANG,3 ROOM,2,HOUGANG AVE 3,04 TO 06,59,Improved,1975,48 years 10 months,350000,4,44,391350.86998956033
2025-09-01,HOUGANG,3 ROOM,661,HOUGANG AVE 4,01 TO 03,74,Model A,1987,60 years 07 months,470000,1,44,451609.55945622374
2025-07-01,HOUGANG,3 ROOM,318,HOUGANG AVE 5,01 TO 03,72,New Generation,1982,56 years 06 months,400000,1,44,421053.5800883654
2025-07-01,HOUGANG,3 ROOM,307,HOUGANG AVE 5,04 TO 06,82,New Generation,1983,56 years 06 months,480888,4,44,472817.76400927536
2025-07-01,HOUGANG,3 ROOM,327,HOUGANG AVE 5,07 TO 09,67,New Generation,1983,56 years 08 months,475888,7,44,431564.2506494053
2025-08-01,HOUGANG,3 ROOM,309,HOUGANG AVE 5,07 TO 09,67,New Generation,1982,56 years 03 months,450000,7,44,431564.2506494053
2025-08-01,HOUGANG,3 ROOM,327,HOUGANG AVE 5,04 TO 06,67,New Generation,1983,56 years 07 months,420000,4,44,426989.62296318746
2025-08-01,HOUGANG,3 ROOM,327,HOUGANG AVE 5,04 TO 06,82,New Generation,1983,56 years 07 months,490000,4,44,472817.76400927536
2025-08-01,HOUGANG,3 ROOM,323,HOUGANG AVE 5,01 TO 03,67,New Generation,1982,56 years 03 months,420000,1,44,415143.66206295195
2025-08-01,HOUGANG,3 ROOM,308,HOUGANG AVE 5,04 TO 06,67,New Generation,1983,57 years 03 months,438000,4,44,426989.62296318746
2025-09-01,HOUGANG,3 ROOM,309,HOUGANG AVE 5,01 TO 03,82,New Generation,1982,56 years 02 months,430000,1,44,470905.32490141946
2025-09-01,HOUGANG,3 ROOM,313,HOUGANG AVE 5,04 TO 06,59,Improved,1993,66 years 08 months,430000,4,44,391350.86998956033
2025-09-01,HOUGANG,3 ROOM,308,HOUGANG AVE 5,10 TO 12,67,New Generation,1983,57 years 02 months,450000,10,44,432952.7471623609
2025-07-01,HOUGANG,3 ROOM,528,HOUGANG AVE 6,01 TO 03,74,Model A,1987,61 years 04 months,455000,1,44,451609.55945622374
2025-09-01,HOUGANG,3 ROOM,356,HOUGANG AVE 7,01 TO 03,67,New Generation,1984,58 years 05 months,420000,1,44,415143.66206295195
2025-07-01,HOUGANG,3 ROOM,684,HOUGANG AVE 8,01 TO 03,64,Simplified,1989,63 years,420000,1,44,420798.62442632276
2025-07-01,HOUGANG,3 ROOM,632,HOUGANG AVE 8,01 TO 03,64,Simplified,1986,60 years,440888,1,44,420798.62442632276
2025-07-01,HOUGANG,3 ROOM,681,HOUGANG AVE 8,01 TO 03,64,Simplified,1989,63 years 02 months,415000,1,44,420798.62442632276
2025-07-01,HOUGANG,3 ROOM,660,HOUGANG AVE 8,07 TO 09,74,Model A,1987,60 years 11 months,460000,7,44,464684.7473808767
2025-07-01,HOUGANG,3 ROOM,632,HOUGANG AVE 8,01 TO 03,64,Simplified,1986,59 years 11 months,435000,1,44,420798.62442632276
2025-07-01,HOUGANG,3 ROOM,626,HOUGANG AVE 8,01 TO 03,70,Simplified,1986,60 years 04 months,435000,1,44,443707.8011861371
2025-08-01,HOUGANG,3 ROOM,631,HOUGANG AVE 8,10 TO 12,60,Improved,1985,59 years 01 month,412000,10,44,407899.6862177144
2025-08-01,HOUGANG,3 ROOM,671,HOUGANG AVE 8,10 TO 12,74,Model A,1987,61 years 04 months,468000,10,44,466030.5359982166
2025-09-01,HOUGANG,4 ROOM,994B,BUANGKOK LINK,07 TO 09,93,Model A,2021,94 years 05 months,655000,7,44,663488.2957444744
2025-08-01,HOUGANG,3 ROOM,674,HOUGANG AVE 8,10 TO 12,64,Simplified,1987,60 years 06 months,460000,10,44,434986.8420452671
2025-08-01,HOUGANG,3 ROOM,658,HOUGANG AVE 8,04 TO 06,74,Model A,1987,60 years 09 months,490000,4,44,463083.3245168201
2025-08-01,HOUGANG,3 ROOM,678,HOUGANG AVE 8,07 TO 09,64,Simplified,1988,62 years 03 months,460000,7,44,438910.9984439865
2025-09-01,HOUGANG,3 ROOM,501,HOUGANG AVE 8,04 TO 06,64,Simplified,1986,59 years 09 months,440000,4,44,426064.1685352093
2025-09-01,HOUGANG,3 ROOM,644,HOUGANG AVE 8,07 TO 09,69,Improved,1987,60 years 05 months,470000,7,44,438709.1695298864
2025-09-01,HOUGANG,3 ROOM,684,HOUGANG AVE 8,04 TO 06,64,Simplified,1989,62 years 09 months,438888,4,44,426064.1685352093
2025-09-01,HOUGANG,3 ROOM,619,HOUGANG AVE 8,07 TO 09,69,Improved,1985,59 years,468000,7,44,438709.1695298864
2025-09-01,HOUGANG,3 ROOM,645,HOUGANG AVE 8,10 TO 12,60,Improved,1987,60 years 04 months,400000,10,44,407899.6862177144
2025-09-01,HOUGANG,3 ROOM,154,HOUGANG ST 11,04 TO 06,67,New Generation,1984,58 years 04 months,460000,4,44,426989.62296318746
2025-09-01,HOUGANG,3 ROOM,211,HOUGANG ST 21,04 TO 06,81,New Generation,1985,59 years,570000,4,44,471292.8072936491
2025-08-01,HOUGANG,3 ROOM,240,HOUGANG ST 22,01 TO 03,74,Model A,1984,58 years 02 months,455000,1,44,451609.55945622374
2025-07-01,HOUGANG,3 ROOM,688,HOUGANG ST 61,04 TO 06,74,Model A,1987,60 years 09 months,433888,4,44,463083.3245168201
2025-07-01,HOUGANG,3 ROOM,689,HOUGANG ST 61,07 TO 09,74,Model A,1987,61 years 02 months,480000,7,44,464684.7473808767
2025-07-01,HOUGANG,3 ROOM,695,HOUGANG ST 61,10 TO 12,74,Model A,1987,61 years 03 months,475000,10,44,466030.5359982166
2025-07-01,HOUGANG,3 ROOM,696,HOUGANG ST 61,07 TO 09,74,Model A,1987,61 years 03 months,468000,7,44,464684.7473808767
2025-07-01,HOUGANG,3 ROOM,475D,UPP SERANGOON CRES,04 TO 06,67,DBSS,2014,88 years 05 months,592000,4,44,566580.3353778927
2025-07-01,HOUGANG,3 ROOM,470B,UPP SERANGOON CRES,07 TO 09,67,Model A,2015,88 years 10 months,542000,7,44,510473.79093210556
2025-09-01,HOUGANG,3 ROOM,473B,UPP SERANGOON CRES,07 TO 09,68,Model A,2017,90 years 10 months,560000,7,44,509773.83399249194
2025-09-01,HOUGANG,3 ROOM,475C,UPP SERANGOON CRES,04 TO 06,67,DBSS,2014,88 years 03 months,550000,4,44,566580.3353778927
2025-08-01,HOUGANG,3 ROOM,476A,UPP SERANGOON VIEW,19 TO 21,67,Premium Apartment,2016,89 years 08 months,610000,19,44,596476.6075485162
2025-09-01,HOUGANG,3 ROOM,476A,UPP SERANGOON VIEW,04 TO 06,68,Premium Apartment,2016,89 years 07 months,575000,4,44,526979.870371638
2025-09-01,HOUGANG,3 ROOM,476A,UPP SERANGOON VIEW,01 TO 03,68,Premium Apartment,2016,89 years 06 months,518000,1,44,520374.84867918707
2025-07-01,HOUGANG,4 ROOM,996B,BUANGKOK CRES,10 TO 12,93,Model A,2019,93 years 03 months,675000,10,44,674115.0402883284
2025-07-01,HOUGANG,4 ROOM,978D,BUANGKOK CRES,01 TO 03,90,Model A,2003,77 years 01 month,550000,1,44,566287.2880860454
2025-07-01,HOUGANG,4 ROOM,998A,BUANGKOK CRES,16 TO 18,94,Model A,2019,93 years 06 months,700000,16,44,707354.9975568904
2025-07-01,HOUGANG,4 ROOM,980C,BUANGKOK CRES,01 TO 03,85,Model A2,2003,76 years 10 months,530000,1,44,538766.8836963237
2025-07-01,HOUGANG,4 ROOM,996B,BUANGKOK CRES,10 TO 12,93,Model A,2019,93 years 02 months,685000,10,44,674115.0402883284
2025-07-01,HOUGANG,4 ROOM,978C,BUANGKOK CRES,13 TO 15,90,Model A,2003,77 years 01 month,580000,13,44,599508.4728084739
2025-07-01,HOUGANG,4 ROOM,997B,BUANGKOK CRES,13 TO 15,93,Model A,2018,92 years 04 months,666000,13,44,680115.7622585676
2025-07-01,HOUGANG,4 ROOM,997A,BUANGKOK CRES,07 TO 09,93,Model A,2018,92 years 04 months,635000,7,44,663488.2957444744
2025-08-01,HOUGANG,4 ROOM,996B,BUANGKOK CRES,07 TO 09,92,Model A,2019,93 years 02 months,639800,7,44,692101.901051245
2025-08-01,HOUGANG,4 ROOM,996C,BUANGKOK CRES,07 TO 09,92,Model A,2019,93 years 02 months,660000,7,44,692101.901051245
2025-08-01,HOUGANG,4 ROOM,996B,BUANGKOK CRES,10 TO 12,92,Model A,2019,93 years 01 month,680888,10,44,703241.2560974216
2025-08-01,HOUGANG,4 ROOM,981B,BUANGKOK CRES,13 TO 15,90,Model A,2003,76 years 10 months,595000,13,44,599508.4728084739
2025-08-01,HOUGANG,4 ROOM,998A,BUANGKOK CRES,10 TO 12,93,Model A,2019,93 years 04 months,699000,10,44,674115.0402883284
2025-08-01,HOUGANG,4 ROOM,998B,BUANGKOK CRES,10 TO 12,94,Model A,2019,93 years 04 months,692888,10,44,679088.4514685571
2025-08-01,HOUGANG,4 ROOM,996A,BUANGKOK CRES,13 TO 15,92,Model A,2019,93 years 01 month,662000,13,44,696137.9864753472
2025-09-01,HOUGANG,4 ROOM,985A,BUANGKOK CRES,07 TO 09,85,Model A2,2004,77 years 07 months,578888,7,44,566768.018076713
2025-09-01,HOUGANG,4 ROOM,998A,BUANGKOK CRES,01 TO 03,94,Model A,2019,93 years 04 months,630000,1,44,642098.1381148389
2025-09-01,HOUGANG,4 ROOM,996B,BUANGKOK CRES,10 TO 12,93,Model A,2019,93 years,680000,10,44,674115.0402883284
2025-09-01,HOUGANG,4 ROOM,997C,BUANGKOK CRES,13 TO 15,93,Model A,2018,92 years 02 months,658000,13,44,680115.7622585676
2025-09-01,HOUGANG,4 ROOM,996C,BUANGKOK CRES,01 TO 03,93,Model A,2019,93 years 02 months,608000,1,44,634102.3588231409
2025-09-01,HOUGANG,4 ROOM,997A,BUANGKOK CRES,13 TO 15,93,Model A,2018,92 years 02 months,690888,13,44,680115.7622585676
2025-09-01,HOUGANG,4 ROOM,996C,BUANGKOK CRES,10 TO 12,93,Model A,2019,93 years,668000,10,44,674115.0402883284
2025-07-01,HOUGANG,4 ROOM,988A,BUANGKOK GREEN,04 TO 06,93,Model A,2015,88 years 08 months,650888,4,44,645269.8169972489
2025-07-01,HOUGANG,4 ROOM,988B,BUANGKOK GREEN,07 TO 09,93,Model A,2015,88 years 08 months,626000,7,44,663488.2957444744
2025-08-01,HOUGANG,4 ROOM,987A,BUANGKOK GREEN,10 TO 12,93,Model A,2015,88 years 06 months,660000,10,44,674115.0402883284
2025-08-01,HOUGANG,4 ROOM,987C,BUANGKOK GREEN,04 TO 06,93,Model A,2015,88 years 06 months,622000,4,44,645269.8169972489
2025-08-01,HOUGANG,4 ROOM,987C,BUANGKOK GREEN,07 TO 09,92,Model A,2015,88 years 06 months,630000,7,44,692101.901051245
2025-09-01,HOUGANG,4 ROOM,987A,BUANGKOK GREEN,16 TO 18,93,Model A,2015,88 years 05 months,678888,16,44,708173.0038626435
2025-07-01,HOUGANG,4 ROOM,994B,BUANGKOK LINK,04 TO 06,93,Model A,2021,94 years 07 months,655000,4,44,645269.8169972489
2025-07-01,HOUGANG,4 ROOM,994A,BUANGKOK LINK,04 TO 06,93,Model A,2021,94 years 07 months,640000,4,44,645269.8169972489
2025-07-01,HOUGANG,4 ROOM,991B,BUANGKOK LINK,01 TO 03,93,Model A,2019,93 years,620000,1,44,634102.3588231409
2025-07-01,HOUGANG,4 ROOM,994B,BUANGKOK LINK,04 TO 06,93,Model A,2021,94 years 07 months,688000,4,44,645269.8169972489
2025-07-01,HOUGANG,4 ROOM,984C,BUANGKOK LINK,13 TO 15,90,Model A,2004,77 years 09 months,550000,13,44,599508.4728084739
2025-07-01,HOUGANG,4 ROOM,994C,BUANGKOK LINK,13 TO 15,93,Model A,2021,94 years 07 months,675000,13,44,680115.7622585676
2025-07-01,HOUGANG,4 ROOM,994B,BUANGKOK LINK,10 TO 12,93,Model A,2021,94 years 07 months,660000,10,44,674115.0402883284
2025-07-01,HOUGANG,4 ROOM,992B,BUANGKOK LINK,01 TO 03,93,Model A,2019,93 years,615000,1,44,634102.3588231409
2025-07-01,HOUGANG,4 ROOM,991B,BUANGKOK LINK,04 TO 06,93,Model A,2019,92 years 11 months,650000,4,44,645269.8169972489
2025-07-01,HOUGANG,4 ROOM,994C,BUANGKOK LINK,10 TO 12,93,Model A,2021,94 years 06 months,638888,10,44,674115.0402883284
2025-07-01,HOUGANG,4 ROOM,991B,BUANGKOK LINK,01 TO 03,93,Model A,2019,92 years 11 months,628000,1,44,634102.3588231409
2025-07-01,HOUGANG,4 ROOM,993A,BUANGKOK LINK,10 TO 12,93,Model A,2021,94 years 06 months,693888,10,44,674115.0402883284
2025-07-01,HOUGANG,4 ROOM,994C,BUANGKOK LINK,16 TO 18,93,Model A,2021,94 years 06 months,700000,16,44,708173.0038626435
2025-07-01,HOUGANG,4 ROOM,994C,BUANGKOK LINK,10 TO 12,93,Model A,2021,94 years 06 months,675000,10,44,674115.0402883284
2025-08-01,HOUGANG,4 ROOM,994C,BUANGKOK LINK,04 TO 06,93,Model A,2021,94 years 06 months,658000,4,44,645269.8169972489
2025-08-01,HOUGANG,4 ROOM,994C,BUANGKOK LINK,04 TO 06,93,Model A,2021,94 years 06 months,626000,4,44,645269.8169972489
2025-08-01,HOUGANG,4 ROOM,991B,BUANGKOK LINK,07 TO 09,93,Model A,2019,92 years 10 months,645000,7,44,663488.2957444744
2025-08-01,HOUGANG,4 ROOM,994C,BUANGKOK LINK,01 TO 03,93,Model A,2021,94 years 06 months,610000,1,44,634102.3588231409
2025-08-01,HOUGANG,4 ROOM,994B,BUANGKOK LINK,13 TO 15,93,Model A,2021,94 years 05 months,685000,13,44,680115.7622585676
2025-09-01,HOUGANG,4 ROOM,992B,BUANGKOK LINK,10 TO 12,93,Model A,2019,92 years 10 months,650000,10,44,674115.0402883284
2025-09-01,HOUGANG,4 ROOM,984A,BUANGKOK LINK,07 TO 09,85,Model A2,2004,77 years 07 months,560000,7,44,566768.018076713
2025-09-01,HOUGANG,4 ROOM,992A,BUANGKOK LINK,10 TO 12,93,Model A,2019,92 years 10 months,650000,10,44,674115.0402883284
2025-09-01,HOUGANG,4 ROOM,993A,BUANGKOK LINK,10 TO 12,93,Model A,2021,94 years 04 months,665000,10,44,674115.0402883284
2025-09-01,HOUGANG,4 ROOM,992B,BUANGKOK LINK,10 TO 12,93,Model A,2019,92 years 09 months,649000,10,44,674115.0402883284
2025-09-01,HOUGANG,4 ROOM,992A,BUANGKOK LINK,07 TO 09,93,Model A,2019,92 years 09 months,640000,7,44,663488.2957444744
2025-09-01,HOUGANG,4 ROOM,994B,BUANGKOK LINK,07 TO 09,93,Model A,2021,94 years 04 months,640000,7,44,663488.2957444744
2025-07-01,HOUGANG,4 ROOM,170,HOUGANG AVE 1,01 TO 03,101,Model A,1998,71 years 06 months,600000,1,44,598358.1193369586
2025-08-01,HOUGANG,4 ROOM,238,HOUGANG AVE 1,10 TO 12,110,Model A,1984,58 years 01 month,758888,10,44,680566.0990818726
2025-09-01,HOUGANG,4 ROOM,168,HOUGANG AVE 1,10 TO 12,100,Model A,1997,71 years 04 months,680000,10,44,659019.0692482882
2025-09-01,HOUGANG,4 ROOM,167,HOUGANG AVE 1,10 TO 12,101,Model A,1997,71 years 01 month,641888,10,44,649096.9849135465
2025-09-01,HOUGANG,4 ROOM,123,HOUGANG AVE 1,10 TO 12,91,New Generation,1981,55 years,570000,10,44,560764.8245798836
2025-09-01,HOUGANG,4 ROOM,116,HOUGANG AVE 1,01 TO 03,91,New Generation,1981,55 years,498888,1,44,536053.6507196678
2025-07-01,HOUGANG,4 ROOM,421,HOUGANG AVE 10,13 TO 15,113,Model A,1989,63 years 01 month,745000,13,44,697566.3594007875
2025-07-01,HOUGANG,4 ROOM,516,HOUGANG AVE 10,10 TO 12,84,Simplified,1986,60 years 01 month,580000,10,44,538299.7797448026
2025-07-01,HOUGANG,4 ROOM,512,HOUGANG AVE 10,07 TO 09,84,Simplified,1987,60 years 10 months,550000,7,44,537874.5619734703
2025-07-01,HOUGANG,4 ROOM,453,HOUGANG AVE 10,04 TO 06,104,Model A,1992,66 years 03 months,650000,4,44,622711.7069979388
2025-08-01,HOUGANG,4 ROOM,456,HOUGANG AVE 10,13 TO 15,104,Model A,1992,66 years 02 months,678000,13,44,659125.6154306774
2025-08-01,HOUGANG,4 ROOM,511,HOUGANG AVE 10,04 TO 06,84,Simplified,1986,59 years 09 months,576000,4,44,527690.4630804833
2025-09-01,HOUGANG,4 ROOM,404,HOUGANG AVE 10,04 TO 06,93,New Generation,1985,58 years 10 months,575000,4,44,553202.9222995844
2025-09-01,HOUGANG,4 ROOM,451,HOUGANG AVE 10,04 TO 06,113,Model A,1990,63 years 08 months,715000,4,44,660048.5986920748
2025-09-01,HOUGANG,4 ROOM,405,HOUGANG AVE 10,07 TO 09,104,New Generation,1985,59 years 03 months,688000,7,44,610607.7757353074
2025-09-01,HOUGANG,4 ROOM,406,HOUGANG AVE 10,01 TO 03,91,New Generation,1985,59 years 03 months,605000,1,44,536053.6507196678
2025-09-01,HOUGANG,4 ROOM,447,HOUGANG AVE 10,04 TO 06,109,Model A,1990,63 years 07 months,620000,4,44,627134.0759845237
2025-07-01,HOUGANG,4 ROOM,704,HOUGANG AVE 2,04 TO 06,93,New Generation,1985,59 years 05 months,570000,4,44,553202.9222995844
2025-07-01,HOUGANG,4 ROOM,709,HOUGANG AVE 2,07 TO 09,91,New Generation,1985,59 years,588000,7,44,570083.6658781612
2025-08-01,HOUGANG,4 ROOM,706,HOUGANG AVE 2,01 TO 03,91,New Generation,1985,59 years 04 months,526000,1,44,536053.6507196678
2025-08-01,HOUGANG,4 ROOM,708,HOUGANG AVE 2,01 TO 03,99,New Generation,1985,59 years,540000,1,44,556592.0278002179
2025-09-01,HOUGANG,4 ROOM,709,HOUGANG AVE 2,01 TO 03,91,New Generation,1985,58 years 10 months,558888,1,44,536053.6507196678
2025-07-01,HOUGANG,4 ROOM,18,HOUGANG AVE 3,04 TO 06,92,New Generation,1978,52 years,500000,4,44,544596.7966738464
2025-08-01,HOUGANG,4 ROOM,253,HOUGANG AVE 3,13 TO 15,93,New Generation,1984,58 years 03 months,520000,13,44,579768.9543206309
2025-08-01,HOUGANG,4 ROOM,15,HOUGANG AVE 3,10 TO 12,82,Improved,1975,49 years 03 months,462000,10,44,528123.7248304301
2025-09-01,HOUGANG,4 ROOM,15,HOUGANG AVE 3,13 TO 15,82,Improved,1975,49 years 03 months,475800,13,44,544821.139118462
2025-09-01,HOUGANG,4 ROOM,21,HOUGANG AVE 3,01 TO 03,98,New Generation,1978,51 years 09 months,505000,1,44,554592.2996606573
2025-09-01,HOUGANG,4 ROOM,22,HOUGANG AVE 3,07 TO 09,98,New Generation,1978,51 years 09 months,485000,7,44,585959.4139875212
2025-09-01,HOUGANG,4 ROOM,19,HOUGANG AVE 3,01 TO 03,98,New Generation,1978,51 years 08 months,495000,1,44,554592.2996606573
2025-09-01,HOUGANG,4 ROOM,253,HOUGANG AVE 3,04 TO 06,104,New Generation,1984,58 years 01 month,580000,4,44,569826.11236015
2025-08-01,HOUGANG,4 ROOM,662,HOUGANG AVE 4,10 TO 12,103,Model A,1987,61 years 01 month,655888,10,44,652398.5636446676
2025-08-01,HOUGANG,4 ROOM,603,HOUGANG AVE 4,07 TO 09,84,Simplified,1985,59 years 03 months,560000,7,44,537874.5619734703
2025-08-01,HOUGANG,4 ROOM,608,HOUGANG AVE 4,04 TO 06,104,Model A,1985,59 years,560000,4,44,622711.7069979388
2025-08-01,HOUGANG,4 ROOM,919,HOUGANG AVE 4,07 TO 09,100,Model A,1998,72 years,630000,7,44,634118.4134612024
2025-09-01,HOUGANG,4 ROOM,602,HOUGANG AVE 4,07 TO 09,104,Model A,1985,59 years,630000,7,44,630421.2705872246
2025-09-01,HOUGANG,4 ROOM,666,HOUGANG AVE 4,01 TO 03,111,Model A,1988,61 years 08 months,633000,1,44,615258.5948420877
2025-09-01,HOUGANG,4 ROOM,662,HOUGANG AVE 4,07 TO 09,104,Model A,1987,61 years,615000,7,44,630421.2705872246
2025-07-01,HOUGANG,4 ROOM,319,HOUGANG AVE 5,04 TO 06,97,New Generation,1983,57 years,598000,4,44,553184.7020303623
2025-08-01,HOUGANG,4 ROOM,363,HOUGANG AVE 5,01 TO 03,109,Model A,1992,66 years 02 months,620000,1,44,610482.2632138709
2025-08-01,HOUGANG,4 ROOM,314,HOUGANG AVE 5,04 TO 06,94,New Generation,1993,66 years 09 months,540000,4,44,559359.0927401776
2025-08-01,HOUGANG,4 ROOM,314,HOUGANG AVE 5,01 TO 03,94,New Generation,1993,66 years 09 months,565000,1,44,554673.8563173283
2025-08-01,HOUGANG,4 ROOM,332,HOUGANG AVE 5,04 TO 06,104,Model A,1983,56 years 10 months,598000,4,44,622711.7069979388
2025-09-01,HOUGANG,4 ROOM,321,HOUGANG AVE 5,07 TO 09,93,New Generation,1983,56 years 05 months,548000,7,44,572612.7184820876
2025-09-01,HOUGANG,4 ROOM,308,HOUGANG AVE 5,10 TO 12,93,New Generation,1983,57 years 01 month,578000,10,44,570522.0813980248
2025-07-01,HOUGANG,4 ROOM,520,HOUGANG AVE 6,01 TO 03,85,Simplified,1987,60 years 09 months,600000,1,44,536705.7778851436
2025-07-01,HOUGANG,4 ROOM,525,HOUGANG AVE 6,01 TO 03,108,Model A,1987,61 years 06 months,620000,1,44,609759.308576707
2025-07-01,HOUGANG,4 ROOM,527,HOUGANG AVE 6,13 TO 15,84,Simplified,1987,61 years 05 months,592000,13,44,542018.7392749547
2025-07-01,HOUGANG,4 ROOM,524,HOUGANG AVE 6,01 TO 03,105,Model A,1987,60 years 09 months,608000,1,44,612110.6553094294
2025-07-01,HOUGANG,4 ROOM,423,HOUGANG AVE 6,07 TO 09,94,New Generation,1989,63 years 05 months,662888,7,44,574200.2266349369
2025-08-01,HOUGANG,4 ROOM,424,HOUGANG AVE 6,07 TO 09,106,Model A,1989,63 years 06 months,678000,7,44,642832.4106394628
2025-09-01,HOUGANG,4 ROOM,529,HOUGANG AVE 6,07 TO 09,105,Model A,1987,60 years 10 months,665000,7,44,645644.1337926373
2025-09-01,HOUGANG,4 ROOM,524,HOUGANG AVE 6,01 TO 03,108,Model A,1987,60 years 06 months,663000,1,44,609759.308576707
2025-07-01,HOUGANG,4 ROOM,352,HOUGANG AVE 7,07 TO 09,96,New Generation,1986,59 years 08 months,600000,7,44,574212.689053241
2025-07-01,HOUGANG,4 ROOM,635,HOUGANG AVE 8,04 TO 06,89,Simplified,1987,61 years 03 months,535000,4,44,549689.2174872361
2025-07-01,HOUGANG,4 ROOM,648,HOUGANG AVE 8,01 TO 03,84,Simplified,1987,61 years 04 months,505000,1,44,517478.5283964568
2025-07-01,HOUGANG,4 ROOM,648,HOUGANG AVE 8,10 TO 12,105,Model A,1987,61 years 04 months,674888,10,44,660464.769089329
2025-07-01,HOUGANG,4 ROOM,678,HOUGANG AVE 8,04 TO 06,84,Simplified,1988,62 years 04 months,528000,4,44,527690.4630804833
2025-07-01,HOUGANG,4 ROOM,627,HOUGANG AVE 8,04 TO 06,84,Simplified,1986,60 years,490000,4,44,527690.4630804833
2025-07-01,HOUGANG,4 ROOM,648,HOUGANG AVE 8,07 TO 09,84,Simplified,1987,61 years 03 months,500000,7,44,537874.5619734703
2025-07-01,HOUGANG,4 ROOM,419,HOUGANG AVE 8,10 TO 12,103,Model A,1989,63 years,688000,10,44,652398.5636446676
2025-07-01,HOUGANG,4 ROOM,417,HOUGANG AVE 8,07 TO 09,105,Model A,1989,63 years 01 month,640000,7,44,645644.1337926373
2025-07-01,HOUGANG,4 ROOM,624,HOUGANG AVE 8,10 TO 12,84,Simplified,1986,60 years 02 months,530000,10,44,538299.7797448026
2025-08-01,HOUGANG,4 ROOM,436,HOUGANG AVE 8,07 TO 09,123,Model A,1990,64 years 05 months,660000,7,44,709509.1494453886
2025-08-01,HOUGANG,4 ROOM,630,HOUGANG AVE 8,01 TO 03,84,Simplified,1986,60 years 05 months,500000,1,44,517478.5283964568
2025-08-01,HOUGANG,4 ROOM,435,HOUGANG AVE 8,01 TO 03,107,Model A,1991,64 years 10 months,590000,1,44,609842.4871784205
2025-08-01,HOUGANG,4 ROOM,636,HOUGANG AVE 8,10 TO 12,84,Simplified,1987,61 years 05 months,535000,10,44,538299.7797448026
2025-08-01,HOUGANG,4 ROOM,671,HOUGANG AVE 8,01 TO 03,104,Model A,1987,61 years 04 months,550000,1,44,601958.8001752677
2025-08-01,HOUGANG,4 ROOM,418,HOUGANG AVE 8,01 TO 03,110,Model A,1989,62 years 08 months,625000,1,44,613242.2299062527
2025-08-01,HOUGANG,4 ROOM,648,HOUGANG AVE 8,07 TO 09,84,Simplified,1987,61 years 02 months,542000,7,44,537874.5619734703
2025-08-01,HOUGANG,4 ROOM,504,HOUGANG AVE 8,01 TO 03,84,Simplified,1987,61 years,518000,1,44,517478.5283964568
2025-08-01,HOUGANG,4 ROOM,444,HOUGANG AVE 8,07 TO 09,105,Model A,1991,64 years 11 months,665000,7,44,645644.1337926373
2025-08-01,HOUGANG,4 ROOM,684,HOUGANG AVE 8,01 TO 03,85,Simplified,1989,62 years 10 months,533000,1,44,536705.7778851436
2025-09-01,HOUGANG,4 ROOM,419,HOUGANG AVE 8,04 TO 06,113,Model A,1989,62 years 11 months,640000,4,44,660048.5986920748
2025-09-01,HOUGANG,4 ROOM,678,HOUGANG AVE 8,01 TO 03,84,Simplified,1988,62 years 03 months,542000,1,44,517478.5283964568
2025-09-01,HOUGANG,4 ROOM,613,HOUGANG AVE 8,07 TO 09,84,Simplified,1986,59 years 10 months,513000,7,44,537874.5619734703
2025-09-01,HOUGANG,4 ROOM,445,HOUGANG AVE 8,01 TO 03,105,Model A,1990,63 years 07 months,610000,1,44,612110.6553094294
2025-09-01,HOUGANG,4 ROOM,503,HOUGANG AVE 8,07 TO 09,103,Model A,1987,60 years 09 months,670000,7,44,631621.4585560482
2025-09-01,HOUGANG,4 ROOM,670,HOUGANG AVE 8,04 TO 06,103,Model A,1988,61 years 08 months,595000,4,44,617972.9773318599
2025-07-01,HOUGANG,4 ROOM,916,HOUGANG AVE 9,13 TO 15,100,Model A,1998,72 years,643888,13,44,656551.0793859877
2025-08-01,HOUGANG,4 ROOM,924,HOUGANG AVE 9,01 TO 03,100,Model A,1998,72 years 02 months,580000,1,44,599923.2834519193
2025-09-01,HOUGANG,4 ROOM,933A,HOUGANG AVE 9,01 TO 03,93,Model A,2017,91 years 02 months,685000,1,44,634102.3588231409
2025-09-01,HOUGANG,4 ROOM,953,HOUGANG AVE 9,01 TO 03,101,Model A,1999,72 years 07 months,593333,1,44,598358.1193369586
2025-07-01,HOUGANG,4 ROOM,158,HOUGANG ST 11,07 TO 09,103,Model A,1997,71 years 06 months,716000,7,44,631621.4585560482
2025-08-01,HOUGANG,4 ROOM,161,HOUGANG ST 11,07 TO 09,101,Model A,1997,71 years 04 months,720000,7,44,628586.7098278989
2025-08-01,HOUGANG,4 ROOM,158,HOUGANG ST 11,04 TO 06,101,Model A,1997,71 years 04 months,739000,4,44,616894.0238408832
2025-07-01,HOUGANG,4 ROOM,372,HOUGANG ST 31,13 TO 15,101,Model A,1999,73 years 04 months,706000,13,44,654883.3394238802
2025-07-01,HOUGANG,4 ROOM,376C,HOUGANG ST 32,07 TO 09,92,Model A,2016,89 years 08 months,695888,7,44,692101.901051245
2025-09-01,HOUGANG,4 ROOM,376A,HOUGANG ST 32,07 TO 09,92,Model A,2016,89 years 06 months,710000,7,44,692101.901051245
2025-07-01,HOUGANG,4 ROOM,565,HOUGANG ST 51,07 TO 09,104,Model A,1992,66 years 04 months,600000,7,44,630421.2705872246
2025-07-01,HOUGANG,4 ROOM,567,HOUGANG ST 51,13 TO 15,100,Model A,1997,70 years 11 months,600000,13,44,656551.0793859877
2025-07-01,HOUGANG,4 ROOM,565,HOUGANG ST 51,04 TO 06,104,Model A,1992,66 years 03 months,625000,4,44,622711.7069979388
2025-07-01,HOUGANG,4 ROOM,572,HOUGANG ST 51,01 TO 03,101,Model A,1997,70 years 07 months,568000,1,44,598358.1193369586
2025-08-01,HOUGANG,4 ROOM,547,HOUGANG ST 51,04 TO 06,103,Model A,1992,66 years 03 months,635000,4,44,617972.9773318599
2025-08-01,HOUGANG,4 ROOM,574,HOUGANG ST 51,10 TO 12,100,Model A,1997,70 years 09 months,649000,10,44,659019.0692482882
2025-09-01,HOUGANG,4 ROOM,570,HOUGANG ST 51,01 TO 03,100,Model A,1997,70 years 09 months,575000,1,44,599923.2834519193
2025-09-01,HOUGANG,4 ROOM,567,HOUGANG ST 51,10 TO 12,100,Model A,1997,70 years 08 months,586000,10,44,659019.0692482882
2025-08-01,HOUGANG,4 ROOM,535,HOUGANG ST 52,04 TO 06,114,Model A,1992,66 years 01 month,628000,4,44,667225.6002391523
2025-07-01,HOUGANG,4 ROOM,685,HOUGANG ST 61,04 TO 06,89,Simplified,1986,60 years 03 months,547000,4,44,549689.2174872361
2025-07-01,HOUGANG,4 ROOM,697,HOUGANG ST 61,10 TO 12,84,Simplified,1987,60 years 11 months,560000,10,44,538299.7797448026
2025-07-01,HOUGANG,4 ROOM,970,HOUGANG ST 91,04 TO 06,101,Model A,1999,73 years 06 months,630088,4,44,616894.0238408832
2025-07-01,HOUGANG,4 ROOM,925,HOUGANG ST 91,10 TO 12,100,Model A,1998,72 years 03 months,618000,10,44,659019.0692482882
2025-07-01,HOUGANG,4 ROOM,911,HOUGANG ST 91,07 TO 09,90,Model A2,1998,71 years 08 months,540000,7,44,573877.8897659755
2025-08-01,HOUGANG,4 ROOM,930,HOUGANG ST 91,10 TO 12,101,Model A,1998,72 years,628888,10,44,649096.9849135465
2025-08-01,HOUGANG,4 ROOM,970,HOUGANG ST 91,10 TO 12,101,Model A,1999,73 years 06 months,618888,10,44,649096.9849135465
2025-08-01,HOUGANG,4 ROOM,927,HOUGANG ST 91,07 TO 09,100,Model A,1998,72 years 05 months,625000,7,44,634118.4134612024
2025-08-01,HOUGANG,4 ROOM,929,HOUGANG ST 91,13 TO 15,100,Model A,1998,71 years 11 months,630000,13,44,656551.0793859877
2025-08-01,HOUGANG,4 ROOM,969,HOUGANG ST 91,10 TO 12,94,Model A2,1999,73 years 04 months,605000,10,44,581824.1500217711
2025-09-01,HOUGANG,4 ROOM,912,HOUGANG ST 91,07 TO 09,100,Model A,1997,71 years 02 months,590000,7,44,634118.4134612024
2025-07-01,HOUGANG,4 ROOM,944,HOUGANG ST 92,10 TO 12,102,Model A,1998,72 years 03 months,640000,10,44,650658.891209453
2025-08-01,HOUGANG,4 ROOM,942,HOUGANG ST 92,01 TO 03,102,Model A,1998,72 years 01 month,565000,1,44,600156.0652541688
2025-08-01,HOUGANG,4 ROOM,942,HOUGANG ST 92,04 TO 06,101,Model A,1998,72 years 01 month,575000,4,44,616894.0238408832
2025-07-01,HOUGANG,4 ROOM,135,LOR AH SOO,01 TO 03,104,Model A,1985,58 years 11 months,570000,1,44,601958.8001752677
2025-07-01,HOUGANG,4 ROOM,139,LOR AH SOO,04 TO 06,103,Model A,1984,58 years 04 months,608000,4,44,617972.9773318599
2025-08-01,HOUGANG,4 ROOM,135,LOR AH SOO,10 TO 12,106,Model A,1985,58 years 09 months,635000,10,44,656049.3408847186
2025-09-01,HOUGANG,4 ROOM,135,LOR AH SOO,13 TO 15,106,Model A,1985,58 years 08 months,663000,13,44,662595.7918990187
2025-09-01,HOUGANG,4 ROOM,137,LOR AH SOO,01 TO 03,104,Model A,1985,58 years 07 months,580000,1,44,601958.8001752677
2025-09-01,HOUGANG,4 ROOM,129,LOR AH SOO,07 TO 09,105,Model A,1985,58 years 10 months,628888,7,44,645644.1337926373
2025-09-01,HOUGANG,4 ROOM,138,LOR AH SOO,07 TO 09,103,Model A,1984,58 years 01 month,590000,7,44,631621.4585560482
2025-07-01,HOUGANG,4 ROOM,470C,UPP SERANGOON CRES,01 TO 03,92,Model A,2015,88 years 11 months,610000,1,44,656033.4478214721
2025-07-01,HOUGANG,4 ROOM,475A,UPP SERANGOON CRES,13 TO 15,92,DBSS,2014,88 years 04 months,792000,13,44,792799.4643837407
2025-07-01,HOUGANG,4 ROOM,470A,UPP SERANGOON CRES,07 TO 09,93,Model A,2015,88 years 10 months,693000,7,44,663488.2957444744
2025-07-01,HOUGANG,4 ROOM,470A,UPP SERANGOON CRES,07 TO 09,92,Model A,2015,88 years 10 months,700000,7,44,692101.901051245
2025-08-01,HOUGANG,4 ROOM,475B,UPP SERANGOON CRES,16 TO 18,92,DBSS,2014,88 years 03 months,818000,16,44,798713.8872229294
2025-08-01,HOUGANG,4 ROOM,473C,UPP SERANGOON CRES,13 TO 15,93,Model A,2017,90 years 10 months,678000,13,44,680115.7622585676
2025-08-01,HOUGANG,4 ROOM,470B,UPP SERANGOON CRES,13 TO 15,92,Model A,2015,89 years,725888,13,44,696137.9864753472
2025-09-01,HOUGANG,4 ROOM,475B,UPP SERANGOON CRES,04 TO 06,92,DBSS,2014,88 years 02 months,738000,4,44,769610.3807354381
2025-09-01,HOUGANG,4 ROOM,471A,UPP SERANGOON CRES,13 TO 15,92,Model A,2015,88 years 08 months,675000,13,44,696137.9864753472
2025-09-01,HOUGANG,4 ROOM,470B,UPP SERANGOON CRES,07 TO 09,92,Model A,2015,88 years 08 months,680000,7,44,692101.901051245
2025-09-01,HOUGANG,4 ROOM,473A,UPP SERANGOON CRES,13 TO 15,93,Model A,2017,90 years 09 months,728000,13,44,680115.7622585676
2025-07-01,HOUGANG,4 ROOM,365B,UPP SERANGOON RD,16 TO 18,92,Model A,2018,91 years 08 months,840000,16,44,711861.1138079145
2025-08-01,HOUGANG,4 ROOM,465,UPP SERANGOON RD,01 TO 03,104,Model A,1992,66 years 02 months,585000,1,44,601958.8001752677
2025-09-01,HOUGANG,4 ROOM,365B,UPP SERANGOON RD,13 TO 15,92,Model A,2018,91 years 05 months,830000,13,44,696137.9864753472
2025-09-01,HOUGANG,4 ROOM,365C,UPP SERANGOON RD,13 TO 15,92,Model A,2018,91 years 05 months,852888,13,44,696137.9864753472
2025-07-01,HOUGANG,4 ROOM,476C,UPP SERANGOON VIEW,16 TO 18,92,Premium Apartment,2016,89 years 08 months,758000,16,44,717541.3930394698
2025-07-01,HOUGANG,4 ROOM,477A,UPP SERANGOON VIEW,16 TO 18,92,Premium Apartment,2016,89 years 08 months,765000,16,44,717541.3930394698
2025-08-01,HOUGANG,4 ROOM,477B,UPP SERANGOON VIEW,16 TO 18,95,Premium Apartment,2016,89 years 07 months,813888,16,44,700040.5866262536
2025-09-01,HOUGANG,4 ROOM,476B,UPP SERANGOON VIEW,13 TO 15,92,Premium Apartment,2016,89 years 07 months,770000,13,44,727394.1071190333
2025-09-01,HOUGANG,4 ROOM,476C,UPP SERANGOON VIEW,13 TO 15,95,Premium Apartment,2016,89 years 06 months,802000,13,44,712124.1206735274
2025-07-01,HOUGANG,5 ROOM,978C,BUANGKOK CRES,13 TO 15,110,Improved,2003,77 years 01 month,670000,13,44,679996.131051151
2025-07-01,HOUGANG,5 ROOM,979A,BUANGKOK CRES,13 TO 15,110,Improved,2003,77 years,660000,13,44,679996.131051151
2025-07-01,HOUGANG,5 ROOM,997C,BUANGKOK CRES,10 TO 12,120,3Gen,2018,92 years 04 months,775000,10,44,785296.196318215
2025-08-01,HOUGANG,5 ROOM,985B,BUANGKOK CRES,04 TO 06,110,Improved,2004,77 years 08 months,625000,4,44,654559.2421701392
2025-08-01,HOUGANG,5 ROOM,981A,BUANGKOK CRES,10 TO 12,110,Improved,2003,76 years 10 months,715000,10,44,679925.9730621174
2025-08-01,HOUGANG,5 ROOM,997B,BUANGKOK CRES,10 TO 12,113,Improved,2018,92 years 04 months,818000,10,44,802895.8009080199
2025-09-01,HOUGANG,5 ROOM,981A,BUANGKOK CRES,04 TO 06,110,Improved,2003,76 years 09 months,635000,4,44,654559.2421701392
2025-09-01,HOUGANG,5 ROOM,997C,BUANGKOK CRES,07 TO 09,113,Improved,2018,92 years 02 months,803888,7,44,794228.6056142759
2025-09-01,HOUGANG,5 ROOM,997C,BUANGKOK CRES,04 TO 06,113,Improved,2018,92 years 02 months,770000,4,44,787832.4048513612
2025-09-01,HOUGANG,5 ROOM,997A,BUANGKOK CRES,07 TO 09,120,3Gen,2018,92 years 02 months,760020,7,44,754614.2582211964
2025-08-01,HOUGANG,5 ROOM,984B,BUANGKOK LINK,13 TO 15,110,Improved,2004,77 years 08 months,678000,13,44,679996.131051151
2025-08-01,HOUGANG,5 ROOM,984B,BUANGKOK LINK,07 TO 09,110,Improved,2004,77 years 08 months,637500,7,44,668433.1859413721
2025-08-01,HOUGANG,5 ROOM,172,HOUGANG AVE 1,07 TO 09,121,Improved,1997,71 years 05 months,770000,7,44,758006.7273367106
2025-08-01,HOUGANG,5 ROOM,173,HOUGANG AVE 1,04 TO 06,122,Improved,1997,71 years 05 months,700000,4,44,743731.6655892517
2025-08-01,HOUGANG,5 ROOM,171,HOUGANG AVE 1,07 TO 09,122,Improved,1998,71 years 05 months,768000,7,44,760676.7590364385
2025-07-01,HOUGANG,5 ROOM,416,HOUGANG AVE 10,07 TO 09,120,Improved,1985,59 years 03 months,690000,7,44,775471.2364736173
2025-07-01,HOUGANG,5 ROOM,461,HOUGANG AVE 10,10 TO 12,124,Improved,1992,66 years 03 months,918888,10,44,765938.4388144652
2025-08-01,HOUGANG,5 ROOM,416,HOUGANG AVE 10,01 TO 03,120,Improved,1985,59 years 03 months,640000,1,44,691540.4650559381
2025-09-01,HOUGANG,5 ROOM,462,HOUGANG AVE 10,04 TO 06,133,Model A,1992,65 years 11 months,915000,4,44,742382.6574205005
2025-08-01,HOUGANG,5 ROOM,707,HOUGANG AVE 2,10 TO 12,121,Improved,1986,60 years 03 months,720800,10,44,753596.1067992036
2025-08-01,HOUGANG,5 ROOM,707,HOUGANG AVE 2,07 TO 09,121,Improved,1986,60 years 03 months,730000,7,44,758006.7273367106
2025-08-01,HOUGANG,5 ROOM,249,HOUGANG AVE 3,01 TO 03,121,Improved,1985,58 years 06 months,670000,1,44,688050.2247350813
2025-07-01,HOUGANG,5 ROOM,607,HOUGANG AVE 4,04 TO 06,122,Improved,1986,60 years,688000,4,44,743731.6655892517
2025-07-01,HOUGANG,5 ROOM,320,HOUGANG AVE 5,07 TO 09,121,Improved,1983,57 years 03 months,725000,7,44,758006.7273367106
2025-07-01,HOUGANG,5 ROOM,306,HOUGANG AVE 5,10 TO 12,131,Model A,1983,56 years 09 months,778888,10,44,775374.272257867
2025-07-01,HOUGANG,5 ROOM,302,HOUGANG AVE 5,10 TO 12,131,Model A,1983,57 years 04 months,800000,10,44,775374.272257867
2025-07-01,HOUGANG,5 ROOM,302,HOUGANG AVE 5,04 TO 06,133,Model A,1983,57 years 04 months,768000,4,44,742382.6574205005
2025-08-01,HOUGANG,5 ROOM,302,HOUGANG AVE 5,01 TO 03,135,Model A,1983,57 years 02 months,758000,1,44,722179.6610278849
2025-08-01,HOUGANG,5 ROOM,310,HOUGANG AVE 5,10 TO 12,121,Improved,1984,57 years 06 months,698000,10,44,753596.1067992036
2025-08-01,HOUGANG,5 ROOM,302,HOUGANG AVE 5,01 TO 03,134,Model A,1983,57 years 02 months,695000,1,44,722359.8408135083
2025-07-01,HOUGANG,5 ROOM,526,HOUGANG AVE 6,13 TO 15,121,Improved,1988,61 years 09 months,780000,13,44,791108.6727536748
2025-09-01,HOUGANG,5 ROOM,532,HOUGANG AVE 6,01 TO 03,121,Improved,1987,61 years 02 months,640000,1,44,688050.2247350813
2025-09-01,HOUGANG,5 ROOM,339,HOUGANG AVE 7,01 TO 03,121,Improved,1985,59 years 02 months,638000,1,44,688050.2247350813
2025-07-01,HOUGANG,5 ROOM,616,HOUGANG AVE 8,01 TO 03,121,Improved,1986,60 years 02 months,745000,1,44,688050.2247350813
2025-07-01,HOUGANG,5 ROOM,657,HOUGANG AVE 8,10 TO 12,120,Improved,1987,61 years 04 months,748888,10,44,772683.6342394152
2025-07-01,HOUGANG,5 ROOM,653,HOUGANG AVE 8,04 TO 06,120,Improved,1987,61 years 05 months,690000,4,44,752107.9755633642
2025-07-01,HOUGANG,5 ROOM,610,HOUGANG AVE 8,04 TO 06,122,Improved,1986,60 years 01 month,702000,4,44,743731.6655892517
2025-07-01,HOUGANG,5 ROOM,419,HOUGANG AVE 8,10 TO 12,123,Improved,1989,63 years,730000,10,44,764120.6368933087
2025-08-01,HOUGANG,5 ROOM,649,HOUGANG AVE 8,04 TO 06,120,Improved,1987,61 years 02 months,716888,4,44,752107.9755633642
2025-09-01,HOUGANG,5 ROOM,467,HOUGANG AVE 8,01 TO 03,122,Improved,1992,66 years 02 months,765000,1,44,698263.4726402245
2025-09-01,HOUGANG,5 ROOM,540,HOUGANG AVE 8,04 TO 06,121,Improved,1989,63 years 04 months,630000,4,44,744536.6916377161
2025-09-01,HOUGANG,5 ROOM,610,HOUGANG AVE 8,13 TO 15,122,Improved,1986,59 years 11 months,825000,13,44,790631.2056377785
2025-09-01,HOUGANG,5 ROOM,434,HOUGANG AVE 8,01 TO 03,121,Improved,1989,62 years 09 months,775000,1,44,688050.2247350813
2025-09-01,HOUGANG,5 ROOM,627,HOUGANG AVE 8,13 TO 15,122,Improved,1986,59 years 10 months,838888,13,44,790631.2056377785
2025-09-01,HOUGANG,5 ROOM,540,HOUGANG AVE 8,01 TO 03,121,Improved,1989,63 years 02 months,708000,1,44,688050.2247350813
2025-07-01,HOUGANG,5 ROOM,966,HOUGANG AVE 9,01 TO 03,116,Improved,1999,73 years 02 months,660000,1,44,700429.728820651
2025-07-01,HOUGANG,5 ROOM,965,HOUGANG AVE 9,07 TO 09,121,Improved,1999,73 years 03 months,780000,7,44,758006.7273367106
2025-08-01,HOUGANG,5 ROOM,923,HOUGANG AVE 9,04 TO 06,120,Improved,1998,71 years 07 months,725000,4,44,752107.9755633642
2025-09-01,HOUGANG,5 ROOM,966,HOUGANG AVE 9,07 TO 09,115,Improved,1999,73 years,680000,7,44,771861.8446677923
2025-09-01,HOUGANG,5 ROOM,916,HOUGANG AVE 9,01 TO 03,120,Improved,1998,71 years 11 months,735000,1,44,691540.4650559381
2025-09-01,HOUGANG,5 ROOM,923,HOUGANG AVE 9,10 TO 12,120,Improved,1998,71 years 05 months,770000,10,44,772683.6342394152
2025-07-01,HOUGANG,5 ROOM,837,HOUGANG CTRL,04 TO 06,117,Improved,1997,70 years 11 months,842000,4,44,759594.9748757058
2025-09-01,HOUGANG,5 ROOM,835,HOUGANG CTRL,01 TO 03,122,Improved,1992,66 years 02 months,805000,1,44,698263.4726402245
2025-09-01,HOUGANG,5 ROOM,160,HOUGANG ST 11,01 TO 03,122,Improved,1997,71 years 03 months,770000,1,44,698263.4726402245
2025-09-01,HOUGANG,5 ROOM,233,HOUGANG ST 21,01 TO 03,139,Model A-Maisonette,1984,57 years 07 months,1000000,1,44,925981.4334659121
2025-09-01,HOUGANG,5 ROOM,231,HOUGANG ST 21,10 TO 12,142,Model A-Maisonette,1984,58 years,1028000,10,44,991904.3675485745
2025-09-01,HOUGANG,5 ROOM,373,HOUGANG ST 31,16 TO 18,122,Improved,2000,73 years 04 months,922000,16,44,804505.3785107096
2025-09-01,HOUGANG,5 ROOM,373,HOUGANG ST 31,16 TO 18,123,Improved,2000,73 years 04 months,935000,16,44,805052.1276655598
2025-09-01,HOUGANG,5 ROOM,573,HOUGANG ST 51,07 TO 09,117,Improved,1997,70 years 10 months,745000,7,44,769709.2728907652
2025-07-01,HOUGANG,5 ROOM,699A,HOUGANG ST 52,10 TO 12,121,Improved,1999,72 years 08 months,820000,10,44,753596.1067992036
2025-07-01,HOUGANG,5 ROOM,686,HOUGANG ST 61,10 TO 12,121,Improved,1987,61 years 01 month,790000,10,44,753596.1067992036
2025-07-01,HOUGANG,5 ROOM,956,HOUGANG ST 91,04 TO 06,115,Improved,1999,72 years 11 months,760000,4,44,758047.2269572032
2025-07-01,HOUGANG,5 ROOM,958,HOUGANG ST 91,10 TO 12,115,Improved,1999,72 years 11 months,742888,10,44,771533.0114689403
2025-08-01,HOUGANG,5 ROOM,957,HOUGANG ST 91,04 TO 06,115,Improved,1999,72 years 10 months,700000,4,44,758047.2269572032
2025-08-01,HOUGANG,5 ROOM,927,HOUGANG ST 91,13 TO 15,120,Improved,1998,72 years 04 months,808000,13,44,806279.84749223
2025-08-01,HOUGANG,5 ROOM,958,HOUGANG ST 91,13 TO 15,116,Improved,1999,72 years 09 months,775000,13,44,832949.473335238
2025-08-01,HOUGANG,5 ROOM,957,HOUGANG ST 91,04 TO 06,115,Improved,1999,72 years 09 months,720000,4,44,758047.2269572032
2025-09-01,HOUGANG,5 ROOM,913,HOUGANG ST 91,13 TO 15,121,Improved,1997,71 years 03 months,810000,13,44,791108.6727536748
2025-09-01,HOUGANG,5 ROOM,930,HOUGANG ST 91,10 TO 12,120,Improved,1998,71 years 10 months,790000,10,44,772683.6342394152
2025-08-01,HOUGANG,5 ROOM,946,HOUGANG ST 92,04 TO 06,121,Improved,1998,72 years 02 months,771000,4,44,744536.6916377161
2025-09-01,HOUGANG,5 ROOM,938,HOUGANG ST 92,04 TO 06,122,Improved,1998,71 years 05 months,770000,4,44,743731.6655892517
2025-07-01,HOUGANG,5 ROOM,140,LOR AH SOO,04 TO 06,131,Model A,1984,58 years 06 months,670000,4,44,741405.7051852614
2025-08-01,HOUGANG,5 ROOM,475A,UPP SERANGOON CRES,10 TO 12,112,DBSS,2014,88 years 04 months,980000,10,44,935413.9354589682
2025-08-01,HOUGANG,5 ROOM,470C,UPP SERANGOON CRES,13 TO 15,112,Improved,2015,88 years 10 months,869000,13,44,824156.768927735
2025-08-01,HOUGANG,5 ROOM,471B,UPP SERANGOON CRES,10 TO 12,112,Improved,2015,88 years 09 months,862000,10,44,797032.1227168181
2025-07-01,HOUGANG,EXECUTIVE,508,HOUGANG AVE 10,04 TO 06,146,Maisonette,1987,61 years,1010000,4,44,997465.2904108006
2025-08-01,HOUGANG,EXECUTIVE,508,HOUGANG AVE 10,04 TO 06,153,Maisonette,1987,61 years,1026000,4,44,1009974.6258706253
2025-08-01,HOUGANG,EXECUTIVE,449,HOUGANG AVE 10,04 TO 06,148,Maisonette,1991,64 years 06 months,1000000,4,44,997658.9491437512
2025-08-01,HOUGANG,EXECUTIVE,455,HOUGANG AVE 10,07 TO 09,146,Maisonette,1992,66 years 02 months,1050000,7,44,999124.968687695
2025-09-01,HOUGANG,EXECUTIVE,455,HOUGANG AVE 10,10 TO 12,146,Maisonette,1992,66 years 01 month,1070000,10,44,1002592.620423686
2025-08-01,HOUGANG,EXECUTIVE,712,HOUGANG AVE 2,01 TO 03,148,Maisonette,1986,59 years 10 months,900000,1,44,943706.4516802651
2025-07-01,HOUGANG,EXECUTIVE,577,HOUGANG AVE 4,04 TO 06,140,Apartment,1997,71 years 04 months,885000,4,44,895569.4865327801
2025-07-01,HOUGANG,EXECUTIVE,533,HOUGANG AVE 6,10 TO 12,145,Maisonette,1988,61 years 10 months,1030000,10,44,1003791.3375126441
2025-07-01,HOUGANG,EXECUTIVE,522,HOUGANG AVE 6,04 TO 06,145,Maisonette,1987,61 years 01 month,1008000,4,44,996298.6413373702
2025-09-01,HOUGANG,EXECUTIVE,429,HOUGANG AVE 6,01 TO 03,146,Maisonette,1989,62 years 10 months,1030000,1,44,965230.6445158191
2025-08-01,HOUGANG,EXECUTIVE,357,HOUGANG AVE 7,10 TO 12,150,Maisonette,1985,58 years 07 months,1100000,10,44,1040603.3890141459
2025-08-01,HOUGANG,EXECUTIVE,357,HOUGANG AVE 7,07 TO 09,150,Maisonette,1985,58 years 07 months,958000,7,44,1025998.5274234782
2025-07-01,HOUGANG,EXECUTIVE,633,HOUGANG AVE 8,04 TO 06,148,Maisonette,1987,61 years 01 month,980000,4,44,997658.9491437512
2025-07-01,HOUGANG,EXECUTIVE,646,HOUGANG AVE 8,01 TO 03,151,Maisonette,1987,60 years 07 months,990000,1,44,956025.2203983797
2025-07-01,HOUGANG,EXECUTIVE,615,HOUGANG AVE 8,01 TO 03,149,Maisonette,1986,60 years 02 months,888888,1,44,947287.2124950906
2025-08-01,HOUGANG,EXECUTIVE,628,HOUGANG AVE 8,07 TO 09,148,Maisonette,1986,60 years 01 month,994000,7,44,1000105.1555764063
2025-09-01,HOUGANG,EXECUTIVE,446,HOUGANG AVE 8,10 TO 12,148,Maisonette,1991,64 years 10 months,1100000,10,44,1003842.5261508924
2025-09-01,HOUGANG,EXECUTIVE,960,HOUGANG AVE 9,04 TO 06,137,Apartment,1999,72 years 11 months,850000,4,44,836113.3956375498
2025-09-01,HOUGANG,EXECUTIVE,374,HOUGANG ST 31,04 TO 06,144,Apartment,2000,73 years 04 months,1095000,4,44,937647.0247894975
2025-07-01,HOUGANG,EXECUTIVE,559,HOUGANG ST 51,10 TO 12,143,Apartment,1992,66 years 03 months,1010000,10,44,984053.7890311381
2025-07-01,HOUGANG,EXECUTIVE,974,HOUGANG ST 91,07 TO 09,137,Apartment,1999,73 years 08 months,860000,7,44,861281.133878475
2025-09-01,HOUGANG,EXECUTIVE,972,HOUGANG ST 91,01 TO 03,137,Apartment,1999,73 years 02 months,815000,1,44,837650.7215959582
2025-09-01,HOUGANG,EXECUTIVE,128,LOR AH SOO,01 TO 03,151,Maisonette,1984,57 years 10 months,930000,1,44,956025.2203983797
2025-09-01,HOUGANG,EXECUTIVE,128,LOR AH SOO,10 TO 12,151,Maisonette,1984,57 years 10 months,950000,10,44,1032091.5942730772
2025-07-01,JURONG EAST,2 ROOM,371,JURONG EAST ST 32,07 TO 09,44,Model A,2014,87 years 08 months,347000,7,44,348870.9057274565
2025-09-01,JURONG EAST,2 ROOM,371,JURONG EAST ST 32,04 TO 06,44,Model A,2014,87 years 05 months,344000,4,44,347493.8333517743
2025-09-01,JURONG EAST,2 ROOM,372,JURONG EAST ST 32,07 TO 09,44,Model A,2014,87 years 05 months,350000,7,44,348870.9057274565
2025-09-01,JURONG EAST,2 ROOM,23,TEBAN GDNS RD,22 TO 24,47,Model A,2013,87 years,370000,22,44,392650.36165266746
2025-07-01,JURONG EAST,3 ROOM,339,JURONG EAST AVE 1,13 TO 15,74,Model A,1983,56 years 11 months,445000,13,44,471399.50866575487
2025-09-01,JURONG EAST,3 ROOM,341,JURONG EAST AVE 1,04 TO 06,74,Model A,1983,56 years 08 months,432000,4,44,428164.3529474279
2025-07-01,JURONG EAST,3 ROOM,102,JURONG EAST ST 13,07 TO 09,68,New Generation,1982,55 years 10 months,443000,7,44,409829.37752494856
2025-08-01,JURONG EAST,3 ROOM,110,JURONG EAST ST 13,13 TO 15,68,New Generation,1982,55 years 07 months,455000,13,44,428883.8608869144
2025-07-01,JURONG EAST,3 ROOM,206,JURONG EAST ST 21,07 TO 09,67,New Generation,1982,56 years 05 months,408888,7,44,414749.52669524035
2025-07-01,JURONG EAST,3 ROOM,210,JURONG EAST ST 21,07 TO 09,67,New Generation,1983,57 years,434000,7,44,414749.52669524035
2025-07-01,JURONG EAST,3 ROOM,211,JURONG EAST ST 21,04 TO 06,67,New Generation,1983,56 years 10 months,415000,4,44,415899.6829603669
2025-07-01,JURONG EAST,3 ROOM,221,JURONG EAST ST 21,01 TO 03,67,New Generation,1984,58 years 01 month,418000,1,44,401404.20035334886
2025-07-01,JURONG EAST,3 ROOM,232,JURONG EAST ST 21,01 TO 03,82,New Generation,1982,55 years 07 months,475000,1,44,453336.36218676576
2025-07-01,JURONG EAST,3 ROOM,232,JURONG EAST ST 21,01 TO 03,82,New Generation,1982,55 years 07 months,480000,1,44,453336.36218676576
2025-07-01,JURONG EAST,3 ROOM,207,JURONG EAST ST 21,01 TO 03,67,New Generation,1983,56 years 09 months,397000,1,44,401404.20035334886
2025-07-01,JURONG EAST,3 ROOM,203,JURONG EAST ST 21,04 TO 06,67,New Generation,1984,57 years 10 months,410000,4,44,415899.6829603669
2025-08-01,JURONG EAST,3 ROOM,210,JURONG EAST ST 21,07 TO 09,67,New Generation,1983,56 years 10 months,430000,7,44,414749.52669524035
2025-08-01,JURONG EAST,3 ROOM,225A,JURONG EAST ST 21,10 TO 12,67,New Generation,1984,58 years 04 months,430000,10,44,419033.5465097329
2025-09-01,JURONG EAST,3 ROOM,210,JURONG EAST ST 21,04 TO 06,67,New Generation,1983,56 years 10 months,408888,4,44,415899.6829603669
2025-09-01,JURONG EAST,3 ROOM,210,JURONG EAST ST 21,07 TO 09,67,New Generation,1983,56 years 10 months,393000,7,44,414749.52669524035
2025-09-01,JURONG EAST,3 ROOM,233,JURONG EAST ST 21,07 TO 09,67,New Generation,1982,55 years 06 months,430000,7,44,414749.52669524035
2025-09-01,JURONG EAST,3 ROOM,231,JURONG EAST ST 21,10 TO 12,67,New Generation,1981,54 years 09 months,411000,10,44,419033.5465097329
2025-07-01,JURONG EAST,3 ROOM,241,JURONG EAST ST 24,07 TO 09,68,New Generation,1983,56 years 08 months,435000,7,44,409829.37752494856
2025-07-01,JURONG EAST,3 ROOM,264,JURONG EAST ST 24,01 TO 03,84,New Generation,1983,56 years 10 months,452000,1,44,452469.58203128324
2025-07-01,JURONG EAST,3 ROOM,253,JURONG EAST ST 24,04 TO 06,83,New Generation,1985,59 years,463000,4,44,460313.4437609457
2025-07-01,JURONG EAST,3 ROOM,250,JURONG EAST ST 24,04 TO 06,67,New Generation,1986,59 years 11 months,415000,4,44,415899.6829603669
2025-08-01,JURONG EAST,3 ROOM,241,JURONG EAST ST 24,04 TO 06,68,New Generation,1983,56 years 07 months,420000,4,44,414727.2547069227
2025-08-01,JURONG EAST,3 ROOM,247,JURONG EAST ST 24,01 TO 03,68,New Generation,1983,56 years 11 months,380000,1,44,401725.65640572587
2025-09-01,JURONG EAST,3 ROOM,257,JURONG EAST ST 24,04 TO 06,67,New Generation,1983,56 years 04 months,425000,4,44,415899.6829603669
2025-09-01,JURONG EAST,3 ROOM,249,JURONG EAST ST 24,01 TO 03,67,New Generation,1983,56 years 04 months,410000,1,44,401404.20035334886
2025-09-01,JURONG EAST,3 ROOM,248,JURONG EAST ST 24,10 TO 12,67,New Generation,1983,56 years 06 months,392000,10,44,419033.5465097329
2025-07-01,JURONG EAST,3 ROOM,308,JURONG EAST ST 32,01 TO 03,75,Model A,1984,57 years 09 months,415000,1,44,429188.98860599665
2025-07-01,JURONG EAST,3 ROOM,371,JURONG EAST ST 32,10 TO 12,64,Model A,2014,87 years 07 months,498000,10,44,492328.1368453241
2025-07-01,JURONG EAST,3 ROOM,303,JURONG EAST ST 32,04 TO 06,67,New Generation,1983,57 years 01 month,385000,4,44,415899.6829603669
2025-08-01,JURONG EAST,3 ROOM,371,JURONG EAST ST 32,01 TO 03,64,Model A,2014,87 years 06 months,450000,1,44,470435.5322657683
2025-08-01,JURONG EAST,3 ROOM,371,JURONG EAST ST 32,13 TO 15,64,Model A,2014,87 years 06 months,500000,13,44,499671.058087017
2025-08-01,JURONG EAST,3 ROOM,308,JURONG EAST ST 32,07 TO 09,74,Model A,1984,57 years 08 months,390000,7,44,426507.43879068515
2025-09-01,JURONG EAST,3 ROOM,315,JURONG EAST ST 32,01 TO 03,74,Model A,1984,57 years 09 months,392000,1,44,422030.6059374022
2025-09-01,JURONG EAST,3 ROOM,304,JURONG EAST ST 32,07 TO 09,67,New Generation,1983,57 years 01 month,405000,7,44,414749.52669524035
2025-09-01,JURONG EAST,3 ROOM,306,JURONG EAST ST 32,10 TO 12,82,New Generation,1983,57 years,445000,10,44,470581.5786054198
2025-07-01,JURONG EAST,3 ROOM,410,PANDAN GDNS,07 TO 09,72,Improved,1979,52 years 11 months,420000,7,44,359048.68571726937
2025-08-01,JURONG EAST,3 ROOM,411,PANDAN GDNS,04 TO 06,86,Improved,1979,52 years 10 months,438000,4,44,463213.72970588563
2025-08-01,JURONG EAST,3 ROOM,416,PANDAN GDNS,01 TO 03,74,Improved,1982,55 years 09 months,345000,1,44,362267.79489746556
2025-09-01,JURONG EAST,3 ROOM,411,PANDAN GDNS,04 TO 06,72,Improved,1979,52 years 09 months,382000,4,44,361293.7015270075
2025-09-01,JURONG EAST,3 ROOM,415,PANDAN GDNS,04 TO 06,74,Improved,1982,55 years 07 months,370000,4,44,357812.07813582144
2025-07-01,JURONG EAST,3 ROOM,48,TEBAN GDNS RD,04 TO 06,68,New Generation,1985,59 years 05 months,380000,4,44,414727.2547069227
2025-07-01,JURONG EAST,3 ROOM,20,TEBAN GDNS RD,13 TO 15,72,Model A,2013,87 years 03 months,485000,13,44,504808.2501013616
2025-07-01,JURONG EAST,3 ROOM,33,TEBAN GDNS RD,10 TO 12,77,Improved,1977,51 years,375000,10,44,366080.11583803396
2025-07-01,JURONG EAST,3 ROOM,57,TEBAN GDNS RD,13 TO 15,67,Model A,2016,90 years 05 months,480000,13,44,515229.23833868565
2025-08-01,JURONG EAST,3 ROOM,47,TEBAN GDNS RD,04 TO 06,68,New Generation,1985,59 years 01 month,375000,4,44,414727.2547069227
2025-08-01,JURONG EAST,3 ROOM,44,TEBAN GDNS RD,01 TO 03,68,New Generation,1985,59 years 04 months,368000,1,44,401725.65640572587
2025-08-01,JURONG EAST,3 ROOM,33,TEBAN GDNS RD,04 TO 06,74,Improved,1977,50 years 10 months,358000,4,44,357812.07813582144
2025-08-01,JURONG EAST,3 ROOM,33,TEBAN GDNS RD,10 TO 12,74,Improved,1977,50 years 10 months,382000,10,44,364738.6621902168
2025-09-01,JURONG EAST,3 ROOM,57,TEBAN GDNS RD,10 TO 12,67,Model A,2016,90 years 03 months,470000,10,44,503899.34344482346
2025-09-01,JURONG EAST,3 ROOM,20,TEBAN GDNS RD,07 TO 09,72,Model A,2013,87 years,480000,7,44,471765.5875400941
2025-09-01,JURONG EAST,3 ROOM,23,TEBAN GDNS RD,34 TO 36,72,Model A,2013,87 years,512500,34,44,522208.42413712264
2025-07-01,JURONG EAST,4 ROOM,332,JURONG EAST AVE 1,10 TO 12,106,Model A,1985,59 years 03 months,553000,10,44,571359.8500589695
2025-08-01,JURONG EAST,4 ROOM,108,JURONG EAST ST 13,01 TO 03,101,New Generation,1982,56 years 02 months,552000,1,44,506289.6530951753
2025-07-01,JURONG EAST,4 ROOM,288D,JURONG EAST ST 21,13 TO 15,104,Model A,2000,73 years 11 months,688000,13,44,578354.9442642342
2025-07-01,JURONG EAST,4 ROOM,208,JURONG EAST ST 21,04 TO 06,95,New Generation,1982,56 years 05 months,542888,4,44,514306.1341978048
2025-07-01,JURONG EAST,4 ROOM,218,JURONG EAST ST 21,07 TO 09,91,New Generation,1984,58 years 04 months,530000,7,44,538502.5386248967
2025-08-01,JURONG EAST,4 ROOM,231,JURONG EAST ST 21,01 TO 03,91,New Generation,1981,54 years 10 months,488000,1,44,512546.3028481292
2025-09-01,JURONG EAST,4 ROOM,208,JURONG EAST ST 21,01 TO 03,95,New Generation,1982,56 years 04 months,510000,1,44,509329.1080438151
2025-09-01,JURONG EAST,4 ROOM,228,JURONG EAST ST 21,04 TO 06,87,Simplified,1987,61 years 02 months,490000,4,44,522881.2236886209
2025-09-01,JURONG EAST,4 ROOM,211,JURONG EAST ST 21,01 TO 03,97,New Generation,1983,56 years 07 months,500000,1,44,499920.86425542424
2025-07-01,JURONG EAST,4 ROOM,248,JURONG EAST ST 24,10 TO 12,94,New Generation,1983,56 years 08 months,552000,10,44,534330.4757782929
2025-08-01,JURONG EAST,4 ROOM,264,JURONG EAST ST 24,10 TO 12,95,New Generation,1983,56 years 09 months,498000,10,44,534040.7572349366
2025-08-01,JURONG EAST,4 ROOM,251,JURONG EAST ST 24,04 TO 06,90,New Generation,1982,55 years 11 months,500000,4,44,524734.2765003629
2025-08-01,JURONG EAST,4 ROOM,257,JURONG EAST ST 24,01 TO 03,111,New Generation,1983,56 years 06 months,487888,1,44,524022.18879929214
2025-08-01,JURONG EAST,4 ROOM,245,JURONG EAST ST 24,04 TO 06,92,New Generation,1982,56 years,520000,4,44,520405.5451164228
2025-09-01,JURONG EAST,4 ROOM,244,JURONG EAST ST 24,10 TO 12,99,New Generation,1983,56 years 07 months,556888,10,44,525336.2822132924
2025-07-01,JURONG EAST,4 ROOM,324,JURONG EAST ST 31,07 TO 09,104,Model A,1984,58 years 04 months,546000,7,44,559994.7795159987
2025-08-01,JURONG EAST,4 ROOM,319,JURONG EAST ST 31,07 TO 09,104,Model A,1984,57 years 11 months,550000,7,44,559994.7795159987
2025-07-01,JURONG EAST,4 ROOM,316,JURONG EAST ST 32,10 TO 12,105,Model A,1984,58 years 02 months,608000,10,44,572025.2660584024
2025-07-01,JURONG EAST,4 ROOM,314,JURONG EAST ST 32,04 TO 06,104,Model A,1984,58 years 01 month,550000,4,44,555810.8056688878
2025-08-01,JURONG EAST,4 ROOM,316,JURONG EAST ST 32,01 TO 03,104,Model A,1984,58 years,518888,1,44,538123.2095917315
2025-08-01,JURONG EAST,4 ROOM,402,PANDAN GDNS,07 TO 09,97,New Generation,1978,52 years 04 months,488000,7,44,509770.585948345
2025-07-01,JURONG EAST,4 ROOM,20,TEBAN GDNS RD,19 TO 21,92,Model A,2013,87 years 03 months,640000,19,44,654737.8139990711
2025-07-01,JURONG EAST,4 ROOM,56,TEBAN GDNS RD,10 TO 12,92,Model A,2016,90 years 05 months,585000,10,44,617647.546488371
2025-07-01,JURONG EAST,4 ROOM,20,TEBAN GDNS RD,01 TO 03,92,Model A,2013,87 years 02 months,550000,1,44,584182.7408752288
2025-08-01,JURONG EAST,4 ROOM,21,TEBAN GDNS RD,34 TO 36,87,Model A,2013,87 years 02 months,670000,34,44,639406.5220859252
2025-08-01,JURONG EAST,4 ROOM,53,TEBAN GDNS RD,13 TO 15,83,Simplified,1986,60 years 05 months,525000,13,44,542354.7823517463
2025-08-01,JURONG EAST,4 ROOM,30,TEBAN GDNS RD,07 TO 09,99,New Generation,1981,54 years 11 months,455000,7,44,513400.8477554477
2025-08-01,JURONG EAST,4 ROOM,22,TEBAN GDNS RD,10 TO 12,92,Model A,2013,87 years 01 month,610000,10,44,617647.546488371
2025-09-01,JURONG EAST,4 ROOM,23,TEBAN GDNS RD,25 TO 27,87,Model A,2013,87 years 01 month,650000,25,44,616808.5443901628
2025-07-01,JURONG EAST,4 ROOM,279,TOH GUAN RD,16 TO 18,100,Model A,1998,72 years 06 months,658888,16,44,642420.8304530821
2025-07-01,JURONG EAST,4 ROOM,272,TOH GUAN RD,04 TO 06,100,Model A,1999,72 years 10 months,636888,4,44,587163.7950911603
2025-07-01,JURONG EAST,4 ROOM,275,TOH GUAN RD,04 TO 06,90,Model A2,1998,72 years 02 months,575000,4,44,531591.2371103832
2025-08-01,JURONG EAST,4 ROOM,280,TOH GUAN RD,01 TO 03,90,Model A2,1998,72 years 02 months,512000,1,44,528209.0810903427
2025-08-01,JURONG EAST,4 ROOM,268,TOH GUAN RD,01 TO 03,101,Model A,1999,72 years 06 months,590000,1,44,571284.4167301026
2025-08-01,JURONG EAST,4 ROOM,275,TOH GUAN RD,07 TO 09,90,Model A2,1998,72 years 01 month,595000,7,44,548086.9172302338
2025-09-01,JURONG EAST,4 ROOM,268,TOH GUAN RD,07 TO 09,101,Model A,1999,72 years 06 months,648000,7,44,605347.5359126042
2025-09-01,JURONG EAST,4 ROOM,270,TOH GUAN RD,19 TO 21,100,Model A,1999,72 years 06 months,695000,19,44,654150.8628158853
2025-09-01,JURONG EAST,4 ROOM,275,TOH GUAN RD,04 TO 06,90,Model A2,1998,72 years,515000,4,44,531591.2371103832
2025-09-01,JURONG EAST,5 ROOM,340,JURONG EAST AVE 1,04 TO 06,140,Model A-Maisonette,1984,57 years 11 months,828000,4,44,798250.3356794248
2025-09-01,JURONG EAST,5 ROOM,332,JURONG EAST AVE 1,07 TO 09,135,Model A,1985,59 years 01 month,672000,7,44,696418.2837032398
2025-07-01,JURONG EAST,5 ROOM,228,JURONG EAST ST 21,10 TO 12,122,Improved,1987,61 years 05 months,725000,10,44,725348.3592561764
2025-07-01,JURONG EAST,5 ROOM,226,JURONG EAST ST 21,19 TO 21,120,Improved,1982,56 years 06 months,755000,19,44,790665.133374595
2025-07-01,JURONG EAST,5 ROOM,212,JURONG EAST ST 21,16 TO 18,120,Improved,1982,56 years 06 months,720000,16,44,753121.6738260213
2025-07-01,JURONG EAST,5 ROOM,240,JURONG EAST ST 21,01 TO 03,121,Improved,1982,55 years 08 months,635000,1,44,642910.4199690876
2025-08-01,JURONG EAST,5 ROOM,223A,JURONG EAST ST 21,01 TO 03,135,Model A,1993,66 years 11 months,720000,1,44,662589.3465950387
2025-09-01,JURONG EAST,5 ROOM,204,JURONG EAST ST 21,04 TO 06,123,Improved,1983,56 years 07 months,738000,4,44,703398.9099862137
2025-08-01,JURONG EAST,5 ROOM,258,JURONG EAST ST 24,04 TO 06,121,Improved,1983,56 years 07 months,628000,4,44,679025.2535856754
2025-08-01,JURONG EAST,5 ROOM,260,JURONG EAST ST 24,10 TO 12,121,Improved,1983,56 years 07 months,605000,10,44,733400.2298193409
2025-09-01,JURONG EAST,5 ROOM,258,JURONG EAST ST 24,04 TO 06,121,Improved,1983,56 years 06 months,645000,4,44,679025.2535856754
2025-07-01,JURONG EAST,5 ROOM,322,JURONG EAST ST 31,01 TO 03,121,Improved,1985,59 years 03 months,611000,1,44,642910.4199690876
2025-08-01,JURONG EAST,5 ROOM,324,JURONG EAST ST 31,10 TO 12,133,Model A,1984,58 years 02 months,685000,10,44,715329.3155394199
2025-07-01,JURONG EAST,5 ROOM,311,JURONG EAST ST 32,07 TO 09,134,Model A,1984,57 years 10 months,638000,7,44,699567.1897152438
2025-09-01,JURONG EAST,5 ROOM,405,PANDAN GDNS,10 TO 12,117,Standard,1979,53 years 01 month,605000,10,44,638823.309577519
2025-09-01,JURONG EAST,5 ROOM,406,PANDAN GDNS,01 TO 03,104,Standard,1979,52 years 07 months,465000,1,44,513368.82746136846
2025-07-01,JURONG EAST,5 ROOM,63,TEBAN GDNS RD,25 TO 27,115,Improved,2003,76 years 11 months,720000,25,44,769974.9007945964
2025-08-01,JURONG EAST,5 ROOM,267,TOH GUAN RD,07 TO 09,121,Improved,1998,72 years 02 months,785000,7,44,681913.9290594731
2025-08-01,JURONG EAST,5 ROOM,265,TOH GUAN RD,16 TO 18,121,Improved,1998,72 years 03 months,820000,16,44,752758.4564380529
2025-08-01,JURONG EAST,5 ROOM,265,TOH GUAN RD,04 TO 06,121,Improved,1998,72 years 03 months,800000,4,44,679025.2535856754
2025-09-01,JURONG EAST,5 ROOM,279,TOH GUAN RD,13 TO 15,120,Improved,1998,72 years 04 months,818000,13,44,732561.7396021051
2025-09-01,JURONG EAST,5 ROOM,284,TOH GUAN RD,01 TO 03,120,Improved,1998,72 years 03 months,645000,1,44,643602.7842825146
2025-09-01,JURONG EAST,5 ROOM,285D,TOH GUAN RD,01 TO 03,121,Improved,1998,72 years 03 months,720000,1,44,642910.4199690876
2025-09-01,JURONG EAST,5 ROOM,270,TOH GUAN RD,10 TO 12,121,Improved,1999,72 years 06 months,780000,10,44,733400.2298193409
2025-07-01,JURONG EAST,EXECUTIVE,107,JURONG EAST ST 13,10 TO 12,173,Apartment,1993,66 years 11 months,999000,10,44,1039937.7384700035
2025-07-01,JURONG EAST,EXECUTIVE,287C,JURONG EAST ST 21,04 TO 06,144,Apartment,1998,72 years 03 months,990000,4,44,907042.3914180646
2025-07-01,JURONG EAST,EXECUTIVE,287A,JURONG EAST ST 21,07 TO 09,144,Apartment,1998,72 years 04 months,962000,7,44,978389.0302264167
2025-07-01,JURONG EAST,EXECUTIVE,287B,JURONG EAST ST 21,07 TO 09,144,Apartment,1998,72 years 03 months,1020000,7,44,978389.0302264167
2025-08-01,JURONG EAST,EXECUTIVE,287A,JURONG EAST ST 21,10 TO 12,144,Apartment,1998,72 years 02 months,1030000,10,44,1002823.2695411758
2025-09-01,JURONG EAST,EXECUTIVE,287D,JURONG EAST ST 21,01 TO 03,145,Maisonette,1998,71 years 09 months,990000,1,44,871363.1241571188
2025-08-01,JURONG EAST,EXECUTIVE,322A,JURONG EAST ST 31,07 TO 09,147,Maisonette,1985,58 years 10 months,844888,7,44,882034.8526990368
2025-09-01,JURONG EAST,EXECUTIVE,325,JURONG EAST ST 31,04 TO 06,149,Maisonette,1985,58 years 09 months,808000,4,44,858156.2716587296
2025-09-01,JURONG EAST,EXECUTIVE,327,JURONG EAST ST 31,07 TO 09,149,Maisonette,1985,58 years 08 months,866000,7,44,874776.6200840522
2025-07-01,JURONG EAST,EXECUTIVE,51,TEBAN GDNS RD,10 TO 12,146,Maisonette,1986,60 years,768888,10,44,940030.917238459
2025-08-01,JURONG EAST,EXECUTIVE,45,TEBAN GDNS RD,01 TO 03,152,Maisonette,1986,59 years 11 months,800000,1,44,846726.6922979056
2025-09-01,JURONG EAST,EXECUTIVE,285A,TOH GUAN RD,07 TO 09,144,Apartment,1998,72 years 04 months,1100000,7,44,978389.0302264167
2025-09-01,JURONG EAST,EXECUTIVE,286C,TOH GUAN RD,07 TO 09,144,Apartment,1998,72 years 04 months,1060000,7,44,978389.0302264167
2025-09-01,JURONG WEST,2 ROOM,180A,BOON LAY DR,13 TO 15,47,Model A,2014,87 years 08 months,345000,13,44,360057.1933744111
2025-08-01,JURONG WEST,2 ROOM,150A,CORPORATION DR,10 TO 12,47,Model A,2019,92 years 10 months,360000,10,44,359674.0680414139
2025-08-01,JURONG WEST,2 ROOM,150A,CORPORATION DR,07 TO 09,47,Model A,2019,92 years 10 months,365000,7,44,349668.62691550027
2025-09-01,JURONG WEST,2 ROOM,140D,CORPORATION DR,07 TO 09,38,Model A,2019,92 years 09 months,360000,7,44,341076.36232757766
2025-07-01,JURONG WEST,2 ROOM,560A,JURONG WEST ST 42,10 TO 12,47,Model A,2018,91 years 08 months,382000,10,44,359674.0680414139
2025-09-01,JURONG WEST,2 ROOM,560A,JURONG WEST ST 42,16 TO 18,47,Model A,2018,91 years 05 months,383000,16,44,360868.31966023054
2025-07-01,JURONG WEST,2 ROOM,990C,JURONG WEST ST 93,10 TO 12,46,Premium Apartment,2008,82 years 01 month,330000,10,44,345668.55183078366
2025-07-01,JURONG WEST,3 ROOM,185,BOON LAY AVE,01 TO 03,59,Improved,1975,49 years 04 months,310000,1,44,325589.4775876364
2025-07-01,JURONG WEST,3 ROOM,185,BOON LAY AVE,10 TO 12,59,Improved,1975,49 years 03 months,330000,10,44,334926.21954114526
2025-07-01,JURONG WEST,3 ROOM,185,BOON LAY AVE,10 TO 12,59,Improved,1975,49 years 03 months,340000,10,44,334926.21954114526
2025-07-01,JURONG WEST,3 ROOM,187,BOON LAY AVE,13 TO 15,68,Improved,1978,52 years 01 month,355000,13,44,370004.3374330209
2025-07-01,JURONG WEST,3 ROOM,187,BOON LAY AVE,01 TO 03,68,Improved,1978,52 years,338000,1,44,350397.00890789833
2025-08-01,JURONG WEST,3 ROOM,187,BOON LAY AVE,16 TO 18,68,Improved,1978,52 years,370000,16,44,372139.6182592043
2025-08-01,JURONG WEST,3 ROOM,186,BOON LAY AVE,16 TO 18,59,Improved,1975,49 years 03 months,330000,16,44,338137.1779955085
2025-08-01,JURONG WEST,3 ROOM,185,BOON LAY AVE,01 TO 03,59,Improved,1975,49 years 02 months,320000,1,44,325589.4775876364
2025-08-01,JURONG WEST,3 ROOM,187,BOON LAY AVE,16 TO 18,59,Improved,1978,52 years,355000,16,44,338137.1779955085
2025-08-01,JURONG WEST,3 ROOM,187,BOON LAY AVE,10 TO 12,59,Improved,1978,51 years 11 months,325000,10,44,334926.21954114526
2025-08-01,JURONG WEST,3 ROOM,185,BOON LAY AVE,13 TO 15,59,Improved,1975,49 years 02 months,312000,13,44,334492.01627432404
2025-08-01,JURONG WEST,3 ROOM,186,BOON LAY AVE,16 TO 18,68,Improved,1975,49 years 02 months,358000,16,44,372139.6182592043
2025-09-01,JURONG WEST,3 ROOM,187,BOON LAY AVE,13 TO 15,59,Improved,1978,51 years 10 months,350000,13,44,334492.01627432404
2025-07-01,JURONG WEST,3 ROOM,176,BOON LAY DR,10 TO 12,59,Improved,1978,52 years 01 month,343000,10,44,334926.21954114526
2025-07-01,JURONG WEST,3 ROOM,180A,BOON LAY DR,04 TO 06,68,Model A,2014,87 years 11 months,460000,4,44,493194.1298569145
2025-07-01,JURONG WEST,3 ROOM,175,BOON LAY DR,04 TO 06,59,Improved,1978,52 years 01 month,345000,4,44,333253.9785424709
2025-07-01,JURONG WEST,3 ROOM,181B,BOON LAY DR,07 TO 09,68,Model A,2014,87 years 11 months,490000,7,44,495349.8376397979
2025-07-01,JURONG WEST,3 ROOM,180A,BOON LAY DR,07 TO 09,68,Model A,2014,87 years 10 months,505888,7,44,495349.8376397979
2025-07-01,JURONG WEST,3 ROOM,197A,BOON LAY DR,04 TO 06,68,Model A,2015,88 years 09 months,500000,4,44,493194.1298569145
2025-08-01,JURONG WEST,3 ROOM,180B,BOON LAY DR,07 TO 09,68,Model A,2014,87 years 09 months,460000,7,44,495349.8376397979
2025-07-01,JURONG WEST,3 ROOM,211,BOON LAY PL,13 TO 15,65,Improved,1976,50 years 05 months,330888,13,44,355184.6604492059
2025-07-01,JURONG WEST,3 ROOM,211,BOON LAY PL,13 TO 15,74,Improved,1976,50 years 04 months,390000,13,44,375149.0372282269
2025-07-01,JURONG WEST,3 ROOM,211,BOON LAY PL,07 TO 09,65,Improved,1976,50 years 04 months,360000,7,44,351932.1657245775
2025-07-01,JURONG WEST,3 ROOM,209,BOON LAY PL,04 TO 06,65,Improved,1976,49 years 10 months,335500,4,44,345041.35678244516
2025-08-01,JURONG WEST,3 ROOM,209,BOON LAY PL,01 TO 03,65,Improved,1976,49 years 09 months,325000,1,44,336874.9237330277
2025-07-01,JURONG WEST,3 ROOM,140D,CORPORATION DR,01 TO 03,68,Model A,2019,93 years,480000,1,44,485284.31948736793
2025-07-01,JURONG WEST,3 ROOM,150A,CORPORATION DR,16 TO 18,68,Model A,2019,92 years 10 months,530000,16,44,512352.6033673911
2025-08-01,JURONG WEST,3 ROOM,140B,CORPORATION DR,16 TO 18,68,Model A,2019,92 years 11 months,510000,16,44,512352.6033673911
2025-09-01,JURONG WEST,3 ROOM,150A,CORPORATION DR,10 TO 12,68,Model A,2019,92 years 08 months,515000,10,44,501958.51774007356
2025-09-01,JURONG WEST,3 ROOM,150A,CORPORATION DR,16 TO 18,68,Model A,2019,92 years 09 months,520000,16,44,512352.6033673911
2025-07-01,JURONG WEST,3 ROOM,119,HO CHING RD,01 TO 03,67,Improved,1972,45 years 07 months,325000,1,44,342604.38368073036
2025-07-01,JURONG WEST,3 ROOM,120,HO CHING RD,10 TO 12,67,Improved,1972,45 years 07 months,345000,10,44,355874.50355201535
2025-09-01,JURONG WEST,3 ROOM,119,HO CHING RD,01 TO 03,67,Improved,1972,45 years 05 months,325000,1,44,342604.38368073036
2025-09-01,JURONG WEST,3 ROOM,114,HO CHING RD,04 TO 06,76,Improved,1971,44 years 08 months,345000,4,44,374565.2677869851
2025-09-01,JURONG WEST,3 ROOM,120,HO CHING RD,04 TO 06,67,Improved,1972,45 years 07 months,350000,4,44,344190.82304066216
2025-07-01,JURONG WEST,3 ROOM,425,JURONG WEST AVE 1,01 TO 03,81,Model A,1984,58 years 04 months,420000,1,44,433403.6905029733
2025-07-01,JURONG WEST,3 ROOM,487,JURONG WEST AVE 1,10 TO 12,73,Model A,1984,58 years 01 month,425000,10,44,425738.3458476548
2025-08-01,JURONG WEST,3 ROOM,484,JURONG WEST AVE 1,04 TO 06,67,New Generation,1985,58 years 11 months,410000,4,44,395657.5217291752
2025-09-01,JURONG WEST,3 ROOM,484,JURONG WEST AVE 1,01 TO 03,67,New Generation,1985,58 years 11 months,400000,1,44,390742.9704956706
2025-09-01,JURONG WEST,3 ROOM,490,JURONG WEST AVE 1,07 TO 09,73,Model A,1984,57 years 11 months,445000,7,44,423339.28650208015
2025-09-01,JURONG WEST,3 ROOM,431,JURONG WEST AVE 1,10 TO 12,75,Model A,1985,58 years 04 months,405000,10,44,439344.4697660985
2025-07-01,JURONG WEST,3 ROOM,698B,JURONG WEST CTRL 3,13 TO 15,68,Model A,2017,91 years 04 months,588000,13,44,523036.9610963798
2025-07-01,JURONG WEST,3 ROOM,698A,JURONG WEST CTRL 3,13 TO 15,68,Model A,2017,91 years 03 months,593000,13,44,523036.9610963798
2025-08-01,JURONG WEST,3 ROOM,698C,JURONG WEST CTRL 3,01 TO 03,68,Model A,2017,91 years 03 months,507000,1,44,485284.31948736793
2025-07-01,JURONG WEST,3 ROOM,476,JURONG WEST ST 41,10 TO 12,73,Model A,1984,58 years 03 months,445000,10,44,425738.3458476548
2025-08-01,JURONG WEST,3 ROOM,477,JURONG WEST ST 41,10 TO 12,73,Model A,1984,58 years,440000,10,44,425738.3458476548
2025-08-01,JURONG WEST,3 ROOM,456,JURONG WEST ST 41,04 TO 06,67,New Generation,1985,58 years 07 months,402500,4,44,395657.5217291752
2025-08-01,JURONG WEST,3 ROOM,481,JURONG WEST ST 41,01 TO 03,67,New Generation,1985,58 years 08 months,388000,1,44,390742.9704956706
2025-08-01,JURONG WEST,3 ROOM,498,JURONG WEST ST 41,01 TO 03,64,Simplified,1986,59 years 11 months,400000,1,44,399333.62711659283
2025-09-01,JURONG WEST,3 ROOM,456,JURONG WEST ST 41,04 TO 06,67,New Generation,1985,58 years 07 months,375000,4,44,395657.5217291752
2025-09-01,JURONG WEST,3 ROOM,481,JURONG WEST ST 41,01 TO 03,67,New Generation,1985,58 years 07 months,395000,1,44,390742.9704956706
2025-07-01,JURONG WEST,3 ROOM,561A,JURONG WEST ST 42,13 TO 15,68,Model A,2018,91 years 07 months,522000,13,44,523036.9610963798
2025-08-01,JURONG WEST,3 ROOM,560A,JURONG WEST ST 42,04 TO 06,68,Model A,2018,91 years 07 months,470000,4,44,493194.1298569145
2025-08-01,JURONG WEST,3 ROOM,561B,JURONG WEST ST 42,04 TO 06,68,Model A,2018,91 years 06 months,475000,4,44,493194.1298569145
2025-09-01,JURONG WEST,3 ROOM,561A,JURONG WEST ST 42,07 TO 09,68,Model A,2018,91 years 05 months,488000,7,44,495349.8376397979
2025-08-01,JURONG WEST,3 ROOM,504,JURONG WEST ST 51,04 TO 06,74,Model A,1986,59 years 08 months,420000,4,44,430033.3710242087
2025-07-01,JURONG WEST,3 ROOM,536,JURONG WEST ST 52,07 TO 09,67,New Generation,1983,57 years 03 months,425000,7,44,404510.95739933354
2025-07-01,JURONG WEST,3 ROOM,517,JURONG WEST ST 52,01 TO 03,74,Model A,1983,57 years 01 month,458000,1,44,418722.414905947
2025-07-01,JURONG WEST,3 ROOM,531,JURONG WEST ST 52,07 TO 09,71,New Generation,1983,57 years 02 months,422000,7,44,407874.6724389801
2025-07-01,JURONG WEST,3 ROOM,513,JURONG WEST ST 52,13 TO 15,74,Model A,1984,57 years 09 months,450000,13,44,488481.1883061471
2025-08-01,JURONG WEST,3 ROOM,511,JURONG WEST ST 52,16 TO 18,74,Model A,1984,57 years 08 months,430000,16,44,487360.58745926764
2025-08-01,JURONG WEST,3 ROOM,507,JURONG WEST ST 52,04 TO 06,88,Model A,1986,59 years 07 months,454000,4,44,501164.26103704365
2025-08-01,JURONG WEST,3 ROOM,510,JURONG WEST ST 52,01 TO 03,74,Model A,1984,57 years 06 months,410000,1,44,418722.414905947
2025-08-01,JURONG WEST,3 ROOM,524,JURONG WEST ST 52,04 TO 06,67,New Generation,1982,55 years 08 months,438000,4,44,395657.5217291752
2025-09-01,JURONG WEST,3 ROOM,530,JURONG WEST ST 52,10 TO 12,67,New Generation,1983,57 years,408000,10,44,408917.6528653641
2025-09-01,JURONG WEST,3 ROOM,527,JURONG WEST ST 52,10 TO 12,67,New Generation,1983,57 years,440000,10,44,408917.6528653641
2025-09-01,JURONG WEST,3 ROOM,511,JURONG WEST ST 52,10 TO 12,74,Model A,1984,57 years 06 months,462000,10,44,433943.2856240872
2025-09-01,JURONG WEST,3 ROOM,534,JURONG WEST ST 52,07 TO 09,82,New Generation,1982,55 years 09 months,460000,7,44,461527.22114908893
2025-09-01,JURONG WEST,3 ROOM,531,JURONG WEST ST 52,04 TO 06,67,New Generation,1983,56 years 11 months,420000,4,44,395657.5217291752
2025-09-01,JURONG WEST,3 ROOM,524,JURONG WEST ST 52,01 TO 03,67,New Generation,1982,55 years 07 months,408000,1,44,390742.9704956706
2025-09-01,JURONG WEST,3 ROOM,508,JURONG WEST ST 52,04 TO 06,91,Model A,1986,59 years 07 months,500000,4,44,493798.5858511637
2025-09-01,JURONG WEST,3 ROOM,518,JURONG WEST ST 52,07 TO 09,79,Model A,1984,58 years 02 months,500000,7,44,442960.90861200745
2025-09-01,JURONG WEST,3 ROOM,528,JURONG WEST ST 52,04 TO 06,67,New Generation,1983,56 years 09 months,395000,4,44,395657.5217291752
2025-09-01,JURONG WEST,3 ROOM,518,JURONG WEST ST 52,13 TO 15,79,Model A,1984,58 years 02 months,480000,13,44,503416.04728219344
2025-08-01,JURONG WEST,3 ROOM,908,JURONG WEST ST 91,04 TO 06,73,Model A,1989,62 years 10 months,400000,4,44,424010.7727385044
2025-08-01,JURONG WEST,3 ROOM,908,JURONG WEST ST 91,10 TO 12,73,Model A,1989,62 years 10 months,428000,10,44,425738.3458476548
2025-07-01,JURONG WEST,3 ROOM,925,JURONG WEST ST 92,04 TO 06,73,Model A,1988,62 years 03 months,380000,4,44,424010.7727385044
2025-07-01,JURONG WEST,3 ROOM,339D,KANG CHING RD,04 TO 06,67,Model A,2012,85 years 08 months,460000,4,44,487921.2589071305
2025-07-01,JURONG WEST,3 ROOM,339D,KANG CHING RD,10 TO 12,67,Model A,2012,85 years 08 months,479888,10,44,503562.75842017954
2025-08-01,JURONG WEST,3 ROOM,338B,KANG CHING RD,07 TO 09,67,Model A,2012,85 years 07 months,473000,7,44,492632.450829756
2025-08-01,JURONG WEST,3 ROOM,337B,TAH CHING RD,16 TO 18,64,Model A,2010,83 years 08 months,483000,16,44,501751.43972432765
2025-07-01,JURONG WEST,3 ROOM,138B,YUAN CHING RD,16 TO 18,67,DBSS,2014,88 years 02 months,575000,16,44,566501.3035912783
2025-08-01,JURONG WEST,3 ROOM,122,YUAN CHING RD,04 TO 06,61,Improved,1974,47 years 11 months,335000,4,44,340556.5964754484
2025-08-01,JURONG WEST,3 ROOM,121,YUAN CHING RD,01 TO 03,61,Improved,1974,47 years 10 months,330000,1,44,333118.3709392147
2025-09-01,JURONG WEST,3 ROOM,138A,YUAN CHING RD,16 TO 18,67,DBSS,2014,88 years,600000,16,44,566501.3035912783
2025-07-01,JURONG WEST,4 ROOM,183A,BOON LAY AVE,13 TO 15,92,Model A,2015,88 years 07 months,610000,13,44,622305.2222279169
2025-07-01,JURONG WEST,4 ROOM,183C,BOON LAY AVE,13 TO 15,92,Model A,2015,88 years 06 months,628000,13,44,622305.2222279169
2025-07-01,JURONG WEST,4 ROOM,183A,BOON LAY AVE,01 TO 03,92,Model A,2015,88 years 06 months,580000,1,44,571568.6997528988
2025-08-01,JURONG WEST,4 ROOM,183A,BOON LAY AVE,04 TO 06,92,Model A,2015,88 years 06 months,590000,4,44,599146.2397247849
2025-08-01,JURONG WEST,4 ROOM,218B,BOON LAY AVE,10 TO 12,94,Model A,2018,91 years 11 months,680000,10,44,631523.3987929975
2025-08-01,JURONG WEST,4 ROOM,217A,BOON LAY AVE,13 TO 15,94,Model A,2018,92 years,640000,13,44,634820.9664002655
2025-08-01,JURONG WEST,4 ROOM,183A,BOON LAY AVE,01 TO 03,92,Model A,2015,88 years 05 months,568000,1,44,571568.6997528988
2025-08-01,JURONG WEST,4 ROOM,216A,BOON LAY AVE,04 TO 06,94,Model A,2018,91 years 11 months,640000,4,44,602068.1621673191
2025-09-01,JURONG WEST,4 ROOM,217A,BOON LAY AVE,07 TO 09,94,Model A,2018,92 years,630000,7,44,621867.1393032763
2025-09-01,JURONG WEST,4 ROOM,218A,BOON LAY AVE,07 TO 09,94,Model A,2018,91 years 11 months,640000,7,44,621867.1393032763
2025-09-01,JURONG WEST,4 ROOM,218A,BOON LAY AVE,01 TO 03,94,Model A,2018,91 years 11 months,590000,1,44,576899.3829408127
2025-09-01,JURONG WEST,4 ROOM,183B,BOON LAY AVE,13 TO 15,92,Model A,2015,88 years 05 months,608888,13,44,622305.2222279169
2025-09-01,JURONG WEST,4 ROOM,183D,BOON LAY AVE,10 TO 12,92,Model A,2015,88 years 04 months,620000,10,44,618281.7471264433
2025-07-01,JURONG WEST,4 ROOM,263,BOON LAY DR,10 TO 12,116,Model A,1995,69 years,593000,10,44,594852.9589388975
2025-07-01,JURONG WEST,4 ROOM,181A,BOON LAY DR,10 TO 12,93,Model A,2014,87 years 10 months,635000,10,44,632002.8131115126
2025-07-01,JURONG WEST,4 ROOM,180C,BOON LAY DR,16 TO 18,93,Model A,2014,87 years 11 months,615000,16,44,664235.5759124781
2025-08-01,JURONG WEST,4 ROOM,197B,BOON LAY DR,10 TO 12,93,Model A,2015,88 years 08 months,630000,10,44,632002.8131115126
2025-08-01,JURONG WEST,4 ROOM,268A,BOON LAY DR,13 TO 15,90,Model A,2002,75 years 06 months,545000,13,44,571844.5387682345
2025-08-01,JURONG WEST,4 ROOM,181A,BOON LAY DR,13 TO 15,93,Model A,2014,87 years 09 months,628888,13,44,639110.0626602374
2025-09-01,JURONG WEST,4 ROOM,197C,BOON LAY DR,07 TO 09,93,Model A,2015,88 years 08 months,660000,7,44,622929.5703681676
2025-09-01,JURONG WEST,4 ROOM,197C,BOON LAY DR,10 TO 12,93,Model A,2015,88 years 08 months,620000,10,44,632002.8131115126
2025-07-01,JURONG WEST,4 ROOM,140D,CORPORATION DR,16 TO 18,93,Model A,2019,93 years,710000,16,44,664235.5759124781
2025-07-01,JURONG WEST,4 ROOM,140C,CORPORATION DR,07 TO 09,93,Model A,2019,93 years,638000,7,44,622929.5703681676
2025-07-01,JURONG WEST,4 ROOM,351,CORPORATION DR,07 TO 09,102,Model A,1997,71 years 06 months,578000,7,44,558629.4793144497
2025-08-01,JURONG WEST,4 ROOM,140C,CORPORATION DR,04 TO 06,93,Model A,2019,92 years 11 months,640000,4,44,605619.329595032
2025-08-01,JURONG WEST,4 ROOM,368,CORPORATION DR,01 TO 03,103,Model A,1997,71 years 03 months,555000,1,44,519054.21167539374
2025-09-01,JURONG WEST,4 ROOM,366,CORPORATION DR,07 TO 09,104,Model A,1997,70 years 11 months,550000,7,44,536545.6464374204
2025-07-01,JURONG WEST,4 ROOM,112,HO CHING RD,07 TO 09,108,Improved,1970,44 years 03 months,408000,7,44,570850.35705763
2025-07-01,JURONG WEST,4 ROOM,486,JURONG WEST AVE 1,10 TO 12,91,New Generation,1985,58 years 08 months,525000,10,44,522856.3572870142
2025-07-01,JURONG WEST,4 ROOM,486,JURONG WEST AVE 1,04 TO 06,91,New Generation,1985,58 years 08 months,482000,4,44,510028.2208789958
2025-07-01,JURONG WEST,4 ROOM,491,JURONG WEST AVE 1,07 TO 09,94,New Generation,1985,59 years 03 months,478000,7,44,513648.85857729905
2025-07-01,JURONG WEST,4 ROOM,538,JURONG WEST AVE 1,07 TO 09,104,Model A,1984,58 years 03 months,528000,7,44,536545.6464374204
2025-07-01,JURONG WEST,4 ROOM,485,JURONG WEST AVE 1,10 TO 12,103,Model A,1984,58 years 02 months,535000,10,44,545313.9853288642
2025-09-01,JURONG WEST,4 ROOM,431,JURONG WEST AVE 1,07 TO 09,103,Model A,1985,58 years 05 months,530000,7,44,536315.6013296476
2025-09-01,JURONG WEST,4 ROOM,540,JURONG WEST AVE 1,04 TO 06,103,Model A,1984,58 years 04 months,519000,4,44,532865.2504499939
2025-09-01,JURONG WEST,4 ROOM,490,JURONG WEST AVE 1,01 TO 03,103,Model A,1984,57 years 10 months,500000,1,44,519054.21167539374
2025-07-01,JURONG WEST,4 ROOM,274D,JURONG WEST AVE 3,04 TO 06,90,Model A,2001,75 years 05 months,500000,4,44,544358.6192063001
2025-08-01,JURONG WEST,4 ROOM,273D,JURONG WEST AVE 3,04 TO 06,88,Model A2,2001,75 years 04 months,520000,4,44,526138.8817100091
2025-09-01,JURONG WEST,4 ROOM,273B,JURONG WEST AVE 3,01 TO 03,90,Model A,2001,75 years 04 months,490000,1,44,527702.627233955
2025-07-01,JURONG WEST,4 ROOM,721,JURONG WEST AVE 5,10 TO 12,104,Model A,1989,63 years 05 months,530000,10,44,546536.8897456484
2025-08-01,JURONG WEST,4 ROOM,725,JURONG WEST AVE 5,04 TO 06,104,Model A,1989,63 years 03 months,518888,4,44,534828.2409545323
2025-07-01,JURONG WEST,4 ROOM,681C,JURONG WEST CTRL 1,10 TO 12,93,Premium Apartment,2000,74 years,542000,10,44,605116.0047773814
2025-07-01,JURONG WEST,4 ROOM,694,JURONG WEST CTRL 1,07 TO 09,102,Premium Apartment,1998,71 years 08 months,625000,7,44,581295.8458119057
2025-08-01,JURONG WEST,4 ROOM,687,JURONG WEST CTRL 1,01 TO 03,99,Premium Apartment,1998,71 years 10 months,620000,1,44,574636.1777120454
2025-08-01,JURONG WEST,4 ROOM,686A,JURONG WEST CTRL 1,13 TO 15,94,Premium Apartment,2000,74 years 03 months,598000,13,44,599529.3533571007
2025-08-01,JURONG WEST,4 ROOM,682C,JURONG WEST CTRL 1,04 TO 06,94,Premium Apartment,2000,74 years 01 month,540000,4,44,585214.0809999941
2025-08-01,JURONG WEST,4 ROOM,680C,JURONG WEST CTRL 1,01 TO 03,95,Premium Apartment,2000,74 years,565000,1,44,561025.6337882113
2025-08-01,JURONG WEST,4 ROOM,695,JURONG WEST CTRL 1,10 TO 12,106,Premium Apartment,1998,71 years 07 months,655000,10,44,602352.9945052383
2025-09-01,JURONG WEST,4 ROOM,681C,JURONG WEST CTRL 1,07 TO 09,96,Premium Apartment,2000,73 years 09 months,565000,7,44,593406.6680579395
2025-09-01,JURONG WEST,4 ROOM,272A,JURONG WEST ST 24,07 TO 09,93,Premium Apartment,2003,77 years 01 month,518888,7,44,596703.9947005715
2025-07-01,JURONG WEST,4 ROOM,275C,JURONG WEST ST 25,13 TO 15,90,Model A,2002,75 years 07 months,520000,13,44,571844.5387682345
2025-07-01,JURONG WEST,4 ROOM,275D,JURONG WEST ST 25,13 TO 15,90,Model A,2002,75 years 06 months,520000,13,44,571844.5387682345
2025-08-01,JURONG WEST,4 ROOM,275B,JURONG WEST ST 25,01 TO 03,90,Model A,2002,75 years 06 months,510000,1,44,527702.627233955
2025-08-01,JURONG WEST,4 ROOM,276A,JURONG WEST ST 25,07 TO 09,85,Model A2,2002,75 years 06 months,505000,7,44,536019.2852976393
2025-07-01,JURONG WEST,4 ROOM,458,JURONG WEST ST 41,04 TO 06,91,New Generation,1984,58 years 04 months,490000,4,44,510028.2208789958
2025-07-01,JURONG WEST,4 ROOM,465,JURONG WEST ST 41,10 TO 12,91,New Generation,1984,58 years 04 months,490000,10,44,522856.3572870142
2025-07-01,JURONG WEST,4 ROOM,465,JURONG WEST ST 41,04 TO 06,91,New Generation,1984,58 years 04 months,494800,4,44,510028.2208789958
2025-08-01,JURONG WEST,4 ROOM,478,JURONG WEST ST 41,10 TO 12,92,New Generation,1985,58 years 08 months,537000,10,44,517666.2013744467
2025-08-01,JURONG WEST,4 ROOM,460,JURONG WEST ST 41,07 TO 09,91,New Generation,1985,58 years 06 months,510888,7,44,511938.53656429995
2025-09-01,JURONG WEST,4 ROOM,463,JURONG WEST ST 41,07 TO 09,94,New Generation,1985,58 years 10 months,495000,7,44,513648.85857729905
2025-07-01,JURONG WEST,4 ROOM,412,JURONG WEST ST 42,10 TO 12,105,Model A,1985,59 years,510000,10,44,547081.9858908921
2025-07-01,JURONG WEST,4 ROOM,403,JURONG WEST ST 42,07 TO 09,106,Model A,1984,57 years 11 months,515000,7,44,541985.1120569877
2025-07-01,JURONG WEST,4 ROOM,418,JURONG WEST ST 42,01 TO 03,89,Simplified,1985,58 years 08 months,475000,1,44,512819.28714543104
2025-07-01,JURONG WEST,4 ROOM,543,JURONG WEST ST 42,07 TO 09,108,Model A,1984,58 years 05 months,525000,7,44,541371.0266760848
2025-07-01,JURONG WEST,4 ROOM,554,JURONG WEST ST 42,07 TO 09,104,Model A,1984,58 years 04 months,530000,7,44,536545.6464374204
2025-08-01,JURONG WEST,4 ROOM,411,JURONG WEST ST 42,04 TO 06,104,Model A,1984,57 years 10 months,520000,4,44,534828.2409545323
2025-09-01,JURONG WEST,4 ROOM,420,JURONG WEST ST 42,10 TO 12,84,Simplified,1985,58 years 08 months,500000,10,44,506832.43466815865
2025-07-01,JURONG WEST,4 ROOM,511,JURONG WEST ST 52,07 TO 09,105,Model A,1984,57 years 09 months,618000,7,44,539310.8817888735
2025-07-01,JURONG WEST,4 ROOM,514,JURONG WEST ST 52,07 TO 09,105,Model A,1984,57 years 11 months,600000,7,44,539310.8817888735
2025-07-01,JURONG WEST,4 ROOM,510,JURONG WEST ST 52,10 TO 12,103,Model A,1984,57 years 08 months,600000,10,44,545313.9853288642
2025-07-01,JURONG WEST,4 ROOM,511,JURONG WEST ST 52,04 TO 06,105,Model A,1984,57 years 08 months,586000,4,44,536234.3835702143
2025-09-01,JURONG WEST,4 ROOM,528,JURONG WEST ST 52,04 TO 06,95,New Generation,1983,56 years 08 months,530000,4,44,513242.63791096787
2025-07-01,JURONG WEST,4 ROOM,623,JURONG WEST ST 61,10 TO 12,91,Model A,2001,74 years 08 months,575000,10,44,573874.073540852
2025-07-01,JURONG WEST,4 ROOM,645,JURONG WEST ST 61,07 TO 09,100,Model A,1998,72 years 03 months,550000,7,44,566256.8556301808
2025-07-01,JURONG WEST,4 ROOM,645,JURONG WEST ST 61,07 TO 09,100,Model A,1998,72 years 03 months,570000,7,44,566256.8556301808
2025-07-01,PASIR RIS,5 ROOM,725,PASIR RIS ST 72,01 TO 03,127,Improved,1996,70 years,668000,1,44,713786.4812222259
2025-07-01,JURONG WEST,4 ROOM,622,JURONG WEST ST 61,01 TO 03,91,Model A,2001,74 years 08 months,530000,1,44,541825.6981804371
2025-07-01,JURONG WEST,4 ROOM,655B,JURONG WEST ST 61,04 TO 06,85,Model A2,2002,76 years 04 months,541888,4,44,528454.2752643288
2025-07-01,JURONG WEST,4 ROOM,651B,JURONG WEST ST 61,04 TO 06,92,Model A,2002,76 years,550000,4,44,599146.2397247849
2025-07-01,JURONG WEST,4 ROOM,651B,JURONG WEST ST 61,01 TO 03,92,Model A,2002,75 years 11 months,525000,1,44,571568.6997528988
2025-08-01,JURONG WEST,4 ROOM,650C,JURONG WEST ST 61,07 TO 09,91,Model A,2000,74 years 02 months,518000,7,44,562977.1885118517
2025-08-01,JURONG WEST,4 ROOM,646,JURONG WEST ST 61,13 TO 15,100,Model A,1998,72 years,580000,13,44,580151.0701817084
2025-09-01,JURONG WEST,4 ROOM,639,JURONG WEST ST 61,04 TO 06,100,Model A,1998,71 years 11 months,578000,4,44,555928.7978381263
2025-09-01,JURONG WEST,4 ROOM,655B,JURONG WEST ST 61,07 TO 09,85,Model A2,2002,76 years 02 months,550000,7,44,536019.2852976393
2025-09-01,JURONG WEST,4 ROOM,645,JURONG WEST ST 61,13 TO 15,100,Model A,1998,72 years 01 month,600000,13,44,580151.0701817084
2025-08-01,JURONG WEST,4 ROOM,605,JURONG WEST ST 62,01 TO 03,95,Premium Apartment,2001,74 years 09 months,535000,1,44,561025.6337882113
2025-07-01,JURONG WEST,4 ROOM,664A,JURONG WEST ST 64,04 TO 06,91,Model A,2000,74 years 01 month,600000,4,44,565523.798474708
2025-07-01,JURONG WEST,4 ROOM,668D,JURONG WEST ST 64,10 TO 12,85,Model A2,2000,74 years 01 month,565000,10,44,539585.844112918
2025-07-01,JURONG WEST,4 ROOM,660D,JURONG WEST ST 64,10 TO 12,91,Model A,2001,75 years 02 months,625000,10,44,573874.073540852
2025-07-01,JURONG WEST,4 ROOM,684C,JURONG WEST ST 64,13 TO 15,94,Premium Apartment,2000,74 years 01 month,605000,13,44,599529.3533571007
2025-08-01,JURONG WEST,4 ROOM,677B,JURONG WEST ST 64,07 TO 09,90,Premium Apartment,2008,81 years 10 months,552000,7,44,553254.2782305505
2025-09-01,JURONG WEST,4 ROOM,664A,JURONG WEST ST 64,16 TO 18,91,Model A,2000,73 years 11 months,618888,16,44,592483.6915417232
2025-09-01,JURONG WEST,4 ROOM,685B,JURONG WEST ST 64,04 TO 06,94,Premium Apartment,2000,74 years,580000,4,44,585214.0809999941
2025-09-01,JURONG WEST,4 ROOM,678A,JURONG WEST ST 64,16 TO 18,92,Premium Apartment,2008,81 years 09 months,590000,16,44,626030.8591597241
2025-07-01,JURONG WEST,4 ROOM,618,JURONG WEST ST 65,10 TO 12,91,Model A,2000,74 years 06 months,556000,10,44,573874.073540852
2025-07-01,JURONG WEST,4 ROOM,673A,JURONG WEST ST 65,07 TO 09,86,Model A2,2002,76 years 03 months,505000,7,44,537715.32211781
2025-08-01,JURONG WEST,4 ROOM,635,JURONG WEST ST 65,13 TO 15,91,Model A,2001,75 years 04 months,545000,13,44,575959.3147009434
2025-08-01,JURONG WEST,4 ROOM,657A,JURONG WEST ST 65,04 TO 06,91,Model A,2002,75 years 08 months,563000,4,44,565523.798474708
2025-08-01,JURONG WEST,4 ROOM,663D,JURONG WEST ST 65,10 TO 12,90,Model A,2000,74 years,546000,10,44,565121.0262217538
2025-09-01,JURONG WEST,4 ROOM,636,JURONG WEST ST 65,10 TO 12,91,Model A,2001,75 years 03 months,557000,10,44,573874.073540852
2025-09-01,JURONG WEST,4 ROOM,621,JURONG WEST ST 65,10 TO 12,90,Model A2,2000,74 years 02 months,560000,10,44,556262.0517702559
2025-09-01,JURONG WEST,4 ROOM,667A,JURONG WEST ST 65,13 TO 15,91,Model A,2000,73 years 10 months,550088,13,44,575959.3147009434
2025-07-01,JURONG WEST,4 ROOM,717,JURONG WEST ST 71,07 TO 09,104,Model A,1991,64 years 07 months,532000,7,44,536545.6464374204
2025-07-01,JURONG WEST,4 ROOM,718,JURONG WEST ST 71,07 TO 09,104,Model A,1991,64 years 08 months,535000,7,44,536545.6464374204
2025-07-01,JURONG WEST,4 ROOM,711,JURONG WEST ST 71,04 TO 06,104,Model A,1991,64 years 07 months,530000,4,44,534828.2409545323
2025-07-01,JURONG WEST,4 ROOM,712,JURONG WEST ST 71,04 TO 06,104,Model A,1991,64 years 07 months,525000,4,44,534828.2409545323
2025-08-01,JURONG WEST,4 ROOM,717,JURONG WEST ST 71,01 TO 03,104,Model A,1991,64 years 06 months,500000,1,44,520678.5889512939
2025-08-01,JURONG WEST,4 ROOM,718,JURONG WEST ST 71,07 TO 09,104,Model A,1991,64 years 07 months,545000,7,44,536545.6464374204
2025-08-01,JURONG WEST,4 ROOM,715,JURONG WEST ST 71,07 TO 09,104,Model A,1991,64 years 07 months,549000,7,44,536545.6464374204
2025-07-01,JURONG WEST,4 ROOM,744,JURONG WEST ST 73,01 TO 03,112,Model A,1993,67 years 06 months,520000,1,44,554721.688047026
2025-09-01,JURONG WEST,4 ROOM,739,JURONG WEST ST 73,10 TO 12,106,Model A,1995,68 years 09 months,575000,10,44,548584.5207353275
2025-09-01,JURONG WEST,4 ROOM,750,JURONG WEST ST 73,04 TO 06,107,Model A,1993,67 years 04 months,510000,4,44,534728.3231476551
2025-07-01,JURONG WEST,4 ROOM,855,JURONG WEST ST 81,04 TO 06,104,Model A,1996,70 years 01 month,530000,4,44,534828.2409545323
2025-07-01,JURONG WEST,4 ROOM,814,JURONG WEST ST 81,10 TO 12,104,Model A,1990,63 years 09 months,490000,10,44,546536.8897456484
2025-08-01,JURONG WEST,4 ROOM,866,JURONG WEST ST 81,04 TO 06,108,Model A,1996,70 years 03 months,510000,4,44,533800.9197140568
2025-08-01,JURONG WEST,4 ROOM,837,JURONG WEST ST 81,01 TO 03,114,Model A,1993,66 years 10 months,510000,1,44,547453.660341312
2025-08-01,JURONG WEST,4 ROOM,816,JURONG WEST ST 81,10 TO 12,108,Model A,1993,67 years 01 month,538888,10,44,546172.5292848481
2025-08-01,JURONG WEST,4 ROOM,843,JURONG WEST ST 81,10 TO 12,106,Model A,1993,66 years 10 months,540000,10,44,548584.5207353275
2025-09-01,JURONG WEST,4 ROOM,851,JURONG WEST ST 81,10 TO 12,108,Model A,1996,69 years 08 months,523000,10,44,546172.5292848481
2025-09-01,JURONG WEST,4 ROOM,852,JURONG WEST ST 81,07 TO 09,107,Model A,1996,69 years 08 months,500000,7,44,541345.6584437304
2025-09-01,JURONG WEST,4 ROOM,851,JURONG WEST ST 81,13 TO 15,109,Model A,1996,69 years 08 months,565000,13,44,572007.873573448
2025-09-01,JURONG WEST,4 ROOM,813,JURONG WEST ST 81,04 TO 06,104,Model A,1990,63 years 06 months,477000,4,44,534828.2409545323
2025-09-01,JURONG WEST,4 ROOM,864,JURONG WEST ST 81,07 TO 09,105,Model A,1996,70 years 01 month,525088,7,44,539310.8817888735
2025-09-01,JURONG WEST,4 ROOM,810,JURONG WEST ST 81,04 TO 06,107,Model A,1993,67 years 03 months,525000,4,44,534728.3231476551
2025-07-01,JURONG WEST,4 ROOM,940,JURONG WEST ST 91,04 TO 06,104,Model A,1989,62 years 10 months,511000,4,44,534828.2409545323
2025-07-01,JURONG WEST,4 ROOM,914,JURONG WEST ST 91,01 TO 03,107,Model A,1988,62 years,490000,1,44,520348.60356146423
2025-08-01,JURONG WEST,4 ROOM,902,JURONG WEST ST 91,04 TO 06,108,Model A,1988,62 years 01 month,500000,4,44,533800.9197140568
2025-08-01,JURONG WEST,4 ROOM,907,JURONG WEST ST 91,07 TO 09,104,Model A,1988,62 years 04 months,528000,7,44,536545.6464374204
2025-08-01,JURONG WEST,4 ROOM,908,JURONG WEST ST 91,01 TO 03,103,Model A,1989,62 years 10 months,480000,1,44,519054.21167539374
2025-08-01,JURONG WEST,4 ROOM,934,JURONG WEST ST 91,07 TO 09,104,Model A,1988,62 years 02 months,530000,7,44,536545.6464374204
2025-08-01,JURONG WEST,4 ROOM,915,JURONG WEST ST 91,04 TO 06,103,Model A,1988,62 years,530000,4,44,532865.2504499939
2025-09-01,JURONG WEST,4 ROOM,902,JURONG WEST ST 91,07 TO 09,103,Model A,1988,61 years 11 months,495000,7,44,536315.6013296476
2025-09-01,JURONG WEST,4 ROOM,953,JURONG WEST ST 91,04 TO 06,103,Model A,1989,62 years 10 months,520000,4,44,532865.2504499939
2025-09-01,JURONG WEST,4 ROOM,950,JURONG WEST ST 91,07 TO 09,105,Model A,1989,62 years 08 months,500000,7,44,539310.8817888735
2025-09-01,JURONG WEST,4 ROOM,950,JURONG WEST ST 91,07 TO 09,103,Model A,1989,62 years 08 months,495000,7,44,536315.6013296476
2025-07-01,JURONG WEST,4 ROOM,976,JURONG WEST ST 93,04 TO 06,104,Model A,1989,62 years 10 months,508000,4,44,534828.2409545323
2025-07-01,JURONG WEST,4 ROOM,980,JURONG WEST ST 93,01 TO 03,105,Model A,1989,63 years 01 month,511000,1,44,520958.63511251315
2025-07-01,JURONG WEST,4 ROOM,987D,JURONG WEST ST 93,16 TO 18,93,Premium Apartment,2006,79 years 10 months,630000,16,44,623602.6715210048
2025-09-01,JURONG WEST,4 ROOM,976,JURONG WEST ST 93,01 TO 03,104,Model A,1989,62 years 07 months,487000,1,44,520678.5889512939
2025-09-01,JURONG WEST,4 ROOM,966,JURONG WEST ST 93,07 TO 09,103,Model A,1989,62 years 08 months,505000,7,44,536315.6013296476
2025-09-01,JURONG WEST,4 ROOM,988A,JURONG WEST ST 93,16 TO 18,94,Premium Apartment,2008,81 years 11 months,628000,16,44,622133.6733912855
2025-07-01,JURONG WEST,4 ROOM,338B,KANG CHING RD,16 TO 18,89,Model A,2012,85 years 09 months,662000,16,44,626729.7777828565
2025-07-01,JURONG WEST,4 ROOM,347,KANG CHING RD,01 TO 03,101,Model A,1997,70 years 11 months,565000,1,44,536243.3268650661
2025-08-01,JURONG WEST,4 ROOM,345,KANG CHING RD,13 TO 15,102,Model A,1997,71 years,580000,13,44,572908.3407521741
2025-08-01,JURONG WEST,4 ROOM,345,KANG CHING RD,01 TO 03,103,Model A,1997,70 years 11 months,528000,1,44,519054.21167539374
2025-08-01,JURONG WEST,4 ROOM,347,KANG CHING RD,07 TO 09,102,Model A,1997,70 years 09 months,575000,7,44,558629.4793144497
2025-09-01,JURONG WEST,4 ROOM,338B,KANG CHING RD,04 TO 06,89,Model A,2012,85 years 07 months,618000,4,44,569079.5477672289
2025-09-01,JURONG WEST,4 ROOM,339B,KANG CHING RD,16 TO 18,92,Model A,2012,85 years 07 months,655000,16,44,643152.075833871
2025-09-01,JURONG WEST,4 ROOM,353,KANG CHING RD,10 TO 12,101,Model A,1997,70 years 06 months,595000,10,44,572569.7277529994
2025-09-01,JURONG WEST,4 ROOM,348,KANG CHING RD,01 TO 03,102,Model A,1997,70 years 08 months,570000,1,44,537466.9416628536
2025-07-01,JURONG WEST,4 ROOM,337C,TAH CHING RD,19 TO 21,94,Model A,2010,83 years 10 months,682888,19,44,667981.2445781137
2025-08-01,JURONG WEST,4 ROOM,337D,TAH CHING RD,01 TO 03,94,Model A,2010,83 years 09 months,588000,1,44,576899.3829408127
2025-09-01,JURONG WEST,4 ROOM,337A,TAH CHING RD,07 TO 09,94,Model A,2010,83 years 07 months,618888,7,44,621867.1393032763
2025-09-01,JURONG WEST,4 ROOM,328,TAH CHING RD,07 TO 09,103,Model A,1997,70 years 11 months,580000,7,44,536315.6013296476
2025-07-01,JURONG WEST,4 ROOM,138A,YUAN CHING RD,04 TO 06,91,DBSS,2014,88 years 03 months,710000,4,44,698004.8979498463
2025-07-01,JURONG WEST,4 ROOM,357,YUNG AN RD,01 TO 03,106,Model A,1995,69 years 05 months,520000,1,44,520446.96626127895
2025-08-01,JURONG WEST,4 ROOM,153,YUNG HO RD,04 TO 06,104,Model A,1990,64 years,550000,4,44,534828.2409545323
2025-07-01,JURONG WEST,4 ROOM,175B,YUNG KUANG RD,01 TO 03,93,Premium Apartment,2015,88 years 11 months,575000,1,44,562042.3755042931
2025-07-01,JURONG WEST,4 ROOM,166B,YUNG KUANG RD,16 TO 18,93,Model A,2018,92 years 04 months,672888,16,44,664235.5759124781
2025-07-01,JURONG WEST,4 ROOM,175C,YUNG KUANG RD,19 TO 21,96,Premium Apartment,2015,88 years 11 months,661000,19,44,642696.9870116942
2025-08-01,JURONG WEST,4 ROOM,165B,YUNG KUANG RD,04 TO 06,93,Model A,2018,92 years 03 months,600000,4,44,605619.329595032
2025-08-01,JURONG WEST,4 ROOM,175B,YUNG KUANG RD,01 TO 03,93,Premium Apartment,2015,88 years 10 months,575000,1,44,562042.3755042931
2025-08-01,JURONG WEST,4 ROOM,165B,YUNG KUANG RD,13 TO 15,93,Model A,2018,92 years 02 months,657000,13,44,639110.0626602374
2025-09-01,JURONG WEST,4 ROOM,166A,YUNG KUANG RD,10 TO 12,93,Model A,2018,92 years 02 months,632888,10,44,632002.8131115126
2025-09-01,JURONG WEST,4 ROOM,175C,YUNG KUANG RD,16 TO 18,93,Premium Apartment,2015,88 years 09 months,652000,16,44,623602.6715210048
2025-07-01,JURONG WEST,4 ROOM,180,YUNG SHENG RD,10 TO 12,90,Model A,2001,74 years 10 months,510000,10,44,565121.0262217538
2025-08-01,JURONG WEST,4 ROOM,180,YUNG SHENG RD,16 TO 18,90,Model A,2001,74 years 09 months,530000,16,44,591633.4287196717
2025-09-01,JURONG WEST,4 ROOM,184,YUNG SHENG RD,16 TO 18,95,Model A,2001,74 years 07 months,548000,16,44,653146.8027384146
2025-09-01,JURONG WEST,4 ROOM,180,YUNG SHENG RD,01 TO 03,91,Model A,2001,74 years 08 months,510000,1,44,541825.6981804371
2025-07-01,JURONG WEST,5 ROOM,216A,BOON LAY AVE,04 TO 06,121,3Gen,2018,92 years 01 month,680000,4,44,688014.7446945353
2025-07-01,JURONG WEST,5 ROOM,217A,BOON LAY AVE,07 TO 09,114,Improved,2018,92 years,725000,7,44,698289.9444453234
2025-07-01,JURONG WEST,5 ROOM,218A,BOON LAY AVE,10 TO 12,114,Improved,2018,92 years,755000,10,44,744768.6249213645
2025-09-01,JURONG WEST,5 ROOM,218B,BOON LAY AVE,07 TO 09,114,Improved,2018,91 years 10 months,805000,7,44,698289.9444453234
2025-09-01,JURONG WEST,5 ROOM,218D,BOON LAY AVE,13 TO 15,114,Improved,2018,91 years 11 months,778000,13,44,754549.203218286
2025-09-01,JURONG WEST,5 ROOM,218B,BOON LAY AVE,01 TO 03,114,Improved,2018,91 years 10 months,720000,1,44,661023.4971506408
2025-09-01,JURONG WEST,5 ROOM,217A,BOON LAY AVE,04 TO 06,114,Improved,2018,91 years 11 months,710000,4,44,676198.3803116475
2025-08-01,JURONG WEST,5 ROOM,196A,BOON LAY DR,04 TO 06,113,Improved,2015,88 years 09 months,760000,4,44,699362.5322986505
2025-08-01,JURONG WEST,5 ROOM,204,BOON LAY DR,10 TO 12,120,Standard,1976,49 years 10 months,528000,10,44,617924.2926698169
2025-09-01,JURONG WEST,5 ROOM,204,BOON LAY DR,19 TO 21,120,Standard,1976,49 years 09 months,585000,19,44,661415.6509287546
2025-09-01,JURONG WEST,5 ROOM,209,BOON LAY PL,01 TO 03,130,Adjoined flat,1976,49 years 09 months,639000,1,44,718746.9655374195
2025-08-01,JURONG WEST,5 ROOM,367,CORPORATION DR,07 TO 09,122,Improved,1997,71 years 01 month,640000,7,44,627282.6609239825
2025-09-01,JURONG WEST,5 ROOM,367,CORPORATION DR,01 TO 03,122,Improved,1997,71 years,630000,1,44,610582.7232899992
2025-09-01,JURONG WEST,5 ROOM,349,CORPORATION DR,01 TO 03,123,Improved,1997,71 years 03 months,575000,1,44,612670.3218577764
2025-07-01,JURONG WEST,5 ROOM,436,JURONG WEST AVE 1,04 TO 06,135,Model A,1985,59 years,617500,4,44,646320.4394194813
2025-09-01,JURONG WEST,5 ROOM,444,JURONG WEST AVE 1,04 TO 06,135,Model A,1985,58 years 08 months,663000,4,44,646320.4394194813
2025-09-01,JURONG WEST,5 ROOM,426,JURONG WEST AVE 1,04 TO 06,133,Model A,1985,58 years 08 months,620000,4,44,644505.1258380552
2025-09-01,JURONG WEST,5 ROOM,426,JURONG WEST AVE 1,10 TO 12,133,Model A,1985,58 years 08 months,665000,10,44,678145.822798541
2025-07-01,JURONG WEST,5 ROOM,273C,JURONG WEST AVE 3,07 TO 09,111,Improved,2001,75 years 06 months,600000,7,44,620488.2231842086
2025-07-01,JURONG WEST,5 ROOM,273B,JURONG WEST AVE 3,13 TO 15,111,Improved,2001,75 years 05 months,607500,13,44,628660.2181319854
2025-09-01,JURONG WEST,5 ROOM,273C,JURONG WEST AVE 3,13 TO 15,111,Improved,2001,75 years 04 months,592000,13,44,628660.2181319854
2025-09-01,JURONG WEST,5 ROOM,273A,JURONG WEST AVE 3,07 TO 09,111,Improved,2001,75 years 04 months,580000,7,44,620488.2231842086
2025-07-01,JURONG WEST,5 ROOM,727,JURONG WEST AVE 5,04 TO 06,121,Improved,1989,63 years 03 months,570000,4,44,626205.4139014968
2025-07-01,JURONG WEST,5 ROOM,695,JURONG WEST CTRL 1,10 TO 12,126,Premium Apartment,1998,71 years 09 months,780000,10,44,687429.094130692
2025-08-01,JURONG WEST,5 ROOM,691,JURONG WEST CTRL 1,04 TO 06,118,Premium Apartment,1998,71 years 09 months,670000,4,44,656404.6292916738
2025-08-01,JURONG WEST,5 ROOM,686C,JURONG WEST CTRL 1,07 TO 09,111,Premium Apartment,2000,74 years 02 months,703000,7,44,647694.6711430493
2025-07-01,JURONG WEST,5 ROOM,271D,JURONG WEST ST 24,13 TO 15,113,Premium Apartment,2003,77 years 04 months,615000,13,44,689933.9085791319
2025-07-01,JURONG WEST,5 ROOM,272B,JURONG WEST ST 24,10 TO 12,112,Premium Apartment,2003,77 years 03 months,568000,10,44,653555.1110590321
2025-08-01,JURONG WEST,5 ROOM,271C,JURONG WEST ST 24,07 TO 09,113,Premium Apartment,2003,77 years 03 months,600000,7,44,670789.3850494091
2025-08-01,JURONG WEST,5 ROOM,272B,JURONG WEST ST 24,13 TO 15,112,Premium Apartment,2003,77 years 02 months,588000,13,44,677960.6925277215
2025-09-01,JURONG WEST,5 ROOM,271C,JURONG WEST ST 24,07 TO 09,112,Premium Apartment,2003,77 years 02 months,595000,7,44,624443.093265029
2025-08-01,JURONG WEST,5 ROOM,275C,JURONG WEST ST 25,07 TO 09,111,Improved,2002,75 years 05 months,568000,7,44,620488.2231842086
2025-07-01,JURONG WEST,5 ROOM,467,JURONG WEST ST 41,10 TO 12,125,Improved,1985,59 years 02 months,685000,10,44,659064.6872707338
2025-07-01,JURONG WEST,5 ROOM,468,JURONG WEST ST 41,01 TO 03,126,Improved,1985,58 years 11 months,620888,1,44,613882.5221161662
2025-07-01,JURONG WEST,5 ROOM,467,JURONG WEST ST 41,07 TO 09,121,Improved,1985,59 years 02 months,679000,7,44,635633.793883067
2025-09-01,JURONG WEST,5 ROOM,461,JURONG WEST ST 41,07 TO 09,121,Improved,1985,58 years 05 months,615000,7,44,635633.793883067
2025-07-01,JURONG WEST,5 ROOM,401,JURONG WEST ST 42,07 TO 09,135,Model A,1984,58 years 02 months,648000,7,44,654482.0125415892
2025-07-01,JURONG WEST,5 ROOM,452,JURONG WEST ST 42,04 TO 06,133,Model A,1985,58 years 09 months,605000,4,44,644505.1258380552
2025-07-01,JURONG WEST,5 ROOM,416,JURONG WEST ST 42,07 TO 09,136,Model A,1984,58 years 02 months,590000,7,44,655605.065425106
2025-08-01,JURONG WEST,5 ROOM,416,JURONG WEST ST 42,07 TO 09,136,Model A,1984,58 years 01 month,655000,7,44,655605.065425106
2025-08-01,JURONG WEST,5 ROOM,453,JURONG WEST ST 42,10 TO 12,133,Model A,1985,58 years 10 months,690000,10,44,678145.822798541
2025-08-01,JURONG WEST,5 ROOM,401,JURONG WEST ST 42,04 TO 06,135,Model A,1984,58 years,655000,4,44,646320.4394194813
2025-09-01,JURONG WEST,5 ROOM,416,JURONG WEST ST 42,10 TO 12,133,Model A,1984,58 years,638000,10,44,678145.822798541
2025-07-01,PUNGGOL,2 ROOM,233A,SUMANG LANE,07 TO 09,47,Model A,2018,92 years 05 months,358000,7,44,376736.2632466518
2025-09-01,JURONG WEST,5 ROOM,559,JURONG WEST ST 42,07 TO 09,139,Model A-Maisonette,1985,58 years 09 months,688000,7,44,706163.1113794707
2025-09-01,JURONG WEST,5 ROOM,404,JURONG WEST ST 42,01 TO 03,134,Model A,1984,58 years,598888,1,44,637711.003388551
2025-08-01,JURONG WEST,5 ROOM,529,JURONG WEST ST 52,13 TO 15,118,Improved,1982,56 years,648000,13,44,687509.4126202046
2025-07-01,JURONG WEST,5 ROOM,653B,JURONG WEST ST 61,10 TO 12,111,Improved,2002,76 years 04 months,680000,10,44,614512.2683712941
2025-07-01,JURONG WEST,5 ROOM,653C,JURONG WEST ST 61,10 TO 12,110,Improved,2002,76 years 04 months,650800,10,44,641148.7585957537
2025-07-01,JURONG WEST,5 ROOM,623,JURONG WEST ST 61,01 TO 03,110,Improved,2001,74 years 07 months,600000,1,44,599728.1826724287
2025-07-01,JURONG WEST,5 ROOM,654A,JURONG WEST ST 61,10 TO 12,110,Improved,2002,76 years 01 month,680000,10,44,641148.7585957537
2025-08-01,JURONG WEST,5 ROOM,646,JURONG WEST ST 61,04 TO 06,121,Improved,1998,72 years 01 month,628000,4,44,626205.4139014968
2025-08-01,JURONG WEST,5 ROOM,644,JURONG WEST ST 61,04 TO 06,121,Improved,1998,72 years 02 months,625000,4,44,626205.4139014968
2025-08-01,JURONG WEST,5 ROOM,653A,JURONG WEST ST 61,10 TO 12,110,Improved,2002,76 years 02 months,668000,10,44,641148.7585957537
2025-08-01,JURONG WEST,5 ROOM,642,JURONG WEST ST 61,01 TO 03,122,Improved,1998,72 years 02 months,620000,1,44,610582.7232899992
2025-08-01,JURONG WEST,5 ROOM,654B,JURONG WEST ST 61,16 TO 18,110,Improved,2002,76 years 02 months,670000,16,44,657432.060933748
2025-08-01,JURONG WEST,5 ROOM,644,JURONG WEST ST 61,04 TO 06,121,Improved,1998,72 years,660000,4,44,626205.4139014968
2025-08-01,JURONG WEST,5 ROOM,653C,JURONG WEST ST 61,13 TO 15,110,Improved,2002,76 years 02 months,665888,13,44,652869.8327595376
2025-08-01,JURONG WEST,5 ROOM,642,JURONG WEST ST 61,04 TO 06,120,Improved,1998,72 years 01 month,636500,4,44,632222.6210253993
2025-08-01,JURONG WEST,5 ROOM,652C,JURONG WEST ST 61,04 TO 06,111,Improved,2002,75 years 10 months,660888,4,44,608637.464673256
2025-09-01,JURONG WEST,5 ROOM,625,JURONG WEST ST 61,10 TO 12,110,Improved,2001,74 years 06 months,650000,10,44,641148.7585957537
2025-09-01,JURONG WEST,5 ROOM,650B,JURONG WEST ST 61,01 TO 03,110,Improved,2000,74 years 01 month,620000,1,44,599728.1826724287
2025-08-01,JURONG WEST,5 ROOM,602,JURONG WEST ST 62,10 TO 12,113,Premium Apartment,2001,74 years 07 months,700000,10,44,673211.5820725278
2025-09-01,JURONG WEST,5 ROOM,604,JURONG WEST ST 62,10 TO 12,115,Premium Apartment,2001,74 years 08 months,700000,10,44,680670.9331784466
2025-07-01,JURONG WEST,5 ROOM,662D,JURONG WEST ST 64,13 TO 15,110,Improved,2001,75 years 03 months,730000,13,44,652869.8327595376
2025-07-01,JURONG WEST,5 ROOM,677C,JURONG WEST ST 64,13 TO 15,110,Premium Apartment,2008,82 years,585000,13,44,636909.0983829626
2025-07-01,JURONG WEST,5 ROOM,660D,JURONG WEST ST 64,01 TO 03,110,Improved,2001,75 years 03 months,625888,1,44,599728.1826724287
2025-07-01,JURONG WEST,5 ROOM,684C,JURONG WEST ST 64,13 TO 15,111,Premium Apartment,2000,74 years 01 month,730000,13,44,641373.4737892383
2025-07-01,JURONG WEST,5 ROOM,675B,JURONG WEST ST 64,10 TO 12,110,Premium Apartment,2008,81 years 11 months,616888,10,44,638476.79141349555
2025-08-01,JURONG WEST,5 ROOM,677B,JURONG WEST ST 64,04 TO 06,110,Premium Apartment,2008,81 years 11 months,638000,4,44,626577.2868349575
2025-08-01,JURONG WEST,5 ROOM,660B,JURONG WEST ST 64,01 TO 03,110,Improved,2001,75 years 01 month,652380,1,44,599728.1826724287
2025-08-01,JURONG WEST,5 ROOM,684A,JURONG WEST ST 64,04 TO 06,111,Premium Apartment,2000,74 years,645000,4,44,626065.1548507867
2025-08-01,JURONG WEST,5 ROOM,664B,JURONG WEST ST 64,13 TO 15,110,Improved,2000,74 years,718000,13,44,652869.8327595376
2025-09-01,JURONG WEST,5 ROOM,664C,JURONG WEST ST 64,10 TO 12,110,Improved,2000,74 years,700000,10,44,641148.7585957537
2025-09-01,JURONG WEST,5 ROOM,683C,JURONG WEST ST 64,13 TO 15,111,Premium Apartment,2000,74 years 02 months,668888,13,44,641373.4737892383
2025-09-01,JURONG WEST,5 ROOM,677A,JURONG WEST ST 64,10 TO 12,110,Premium Apartment,2008,81 years 09 months,633888,10,44,638476.79141349555
2025-09-01,JURONG WEST,5 ROOM,662D,JURONG WEST ST 64,07 TO 09,110,Improved,2001,75 years 01 month,718888,7,44,635288.4843295667
2025-09-01,JURONG WEST,5 ROOM,678D,JURONG WEST ST 64,01 TO 03,110,Premium Apartment,2008,81 years 09 months,565888,1,44,604882.2658603546
2025-08-01,PUNGGOL,2 ROOM,224C,SUMANG LANE,16 TO 18,48,Model A,2018,92 years 04 months,403888,16,44,388825.2719675443
2025-07-01,JURONG WEST,5 ROOM,667C,JURONG WEST ST 65,13 TO 15,110,Improved,2000,74 years,680000,13,44,652869.8327595376
2025-07-01,JURONG WEST,5 ROOM,658D,JURONG WEST ST 65,13 TO 15,111,Improved,2001,75 years,655000,13,44,628660.2181319854
2025-08-01,JURONG WEST,5 ROOM,658A,JURONG WEST ST 65,13 TO 15,112,Improved,2001,74 years 10 months,688800,13,44,742641.8220372039
2025-08-01,JURONG WEST,5 ROOM,635,JURONG WEST ST 65,01 TO 03,110,Improved,2001,75 years 03 months,565000,1,44,599728.1826724287
2025-08-01,JURONG WEST,5 ROOM,667C,JURONG WEST ST 65,13 TO 15,110,Improved,2000,73 years 10 months,652888,13,44,652869.8327595376
2025-09-01,JURONG WEST,5 ROOM,635,JURONG WEST ST 65,07 TO 09,110,Improved,2001,75 years 03 months,618000,7,44,635288.4843295667
2025-09-01,JURONG WEST,5 ROOM,633,JURONG WEST ST 65,13 TO 15,110,Improved,2001,75 years 02 months,661000,13,44,652869.8327595376
2025-09-01,JURONG WEST,5 ROOM,663A,JURONG WEST ST 65,16 TO 18,110,Improved,2000,73 years 10 months,718888,16,44,657432.060933748
2025-09-01,JURONG WEST,5 ROOM,674B,JURONG WEST ST 65,07 TO 09,110,Improved,2002,76 years 03 months,618000,7,44,635288.4843295667
2025-09-01,JURONG WEST,5 ROOM,609,JURONG WEST ST 65,04 TO 06,115,Premium Apartment,2001,74 years 08 months,660000,4,44,658122.4492329642
2025-08-01,JURONG WEST,5 ROOM,704,JURONG WEST ST 71,07 TO 09,135,Model A,1995,68 years 11 months,663000,7,44,654482.0125415892
2025-07-01,JURONG WEST,5 ROOM,750,JURONG WEST ST 73,04 TO 06,136,Model A,1993,67 years 05 months,658000,4,44,647239.6948189131
2025-09-01,JURONG WEST,5 ROOM,749,JURONG WEST ST 73,01 TO 03,122,Improved,1990,64 years,600000,1,44,610582.7232899992
2025-09-01,JURONG WEST,5 ROOM,745,JURONG WEST ST 73,01 TO 03,122,Improved,1990,63 years 10 months,608000,1,44,610582.7232899992
2025-09-01,PUNGGOL,2 ROOM,222A,SUMANG LANE,04 TO 06,37,Model A,2018,92 years 04 months,380000,4,44,345291.2965817038
2025-07-01,JURONG WEST,5 ROOM,836,JURONG WEST ST 81,01 TO 03,138,Model A,1993,67 years,645000,1,44,660285.1838118103
2025-07-01,JURONG WEST,5 ROOM,813,JURONG WEST ST 81,04 TO 06,121,Improved,1990,63 years 08 months,568000,4,44,626205.4139014968
2025-07-01,JURONG WEST,5 ROOM,810,JURONG WEST ST 81,13 TO 15,127,Improved,1993,67 years 06 months,593888,13,44,679180.8294270034
2025-07-01,JURONG WEST,5 ROOM,865,JURONG WEST ST 81,04 TO 06,126,Improved,1996,70 years 03 months,580000,4,44,634397.0008394623
2025-08-01,JURONG WEST,5 ROOM,865,JURONG WEST ST 81,04 TO 06,127,Improved,1996,70 years 03 months,583000,4,44,627405.1740128848
2025-08-01,JURONG WEST,5 ROOM,818,JURONG WEST ST 81,07 TO 09,126,Improved,1993,66 years 10 months,600000,7,44,641438.931596766
2025-08-01,JURONG WEST,5 ROOM,838,JURONG WEST ST 81,07 TO 09,122,Improved,1989,63 years 05 months,600000,7,44,627282.6609239825
2025-08-01,JURONG WEST,5 ROOM,819,JURONG WEST ST 81,01 TO 03,127,Improved,1993,66 years 11 months,604000,1,44,608730.1471458344
2025-08-01,JURONG WEST,5 ROOM,854,JURONG WEST ST 81,04 TO 06,124,Improved,1996,70 years 01 month,585000,4,44,633775.9125105065
2025-08-01,JURONG WEST,5 ROOM,856,JURONG WEST ST 81,01 TO 03,127,Improved,1996,70 years,590000,1,44,608730.1471458344
2025-08-01,JURONG WEST,5 ROOM,833,JURONG WEST ST 81,13 TO 15,134,Model A,1993,66 years 10 months,615000,13,44,686262.8872748266
2025-09-01,JURONG WEST,5 ROOM,858,JURONG WEST ST 81,07 TO 09,132,Model A,1996,69 years 11 months,710000,7,44,653083.4776739175
2025-09-01,JURONG WEST,5 ROOM,837,JURONG WEST ST 81,13 TO 15,135,Model A,1993,66 years 09 months,670000,13,44,680798.2158542812
2025-09-01,JURONG WEST,5 ROOM,832,JURONG WEST ST 81,04 TO 06,127,Improved,1993,67 years,615000,4,44,627405.1740128848
2025-07-01,JURONG WEST,5 ROOM,949,JURONG WEST ST 91,07 TO 09,128,Improved,1988,62 years 03 months,620000,7,44,640022.5081349721
2025-08-01,JURONG WEST,5 ROOM,907,JURONG WEST ST 91,07 TO 09,122,Improved,1988,62 years 03 months,600000,7,44,627282.6609239825
2025-08-01,JURONG WEST,5 ROOM,940,JURONG WEST ST 91,04 TO 06,121,Improved,1989,62 years 09 months,580000,4,44,626205.4139014968
2025-07-01,JURONG WEST,5 ROOM,920,JURONG WEST ST 92,04 TO 06,122,Improved,1989,62 years 07 months,600000,4,44,623881.5649088409
2025-07-01,JURONG WEST,5 ROOM,922,JURONG WEST ST 92,01 TO 03,127,Improved,1988,62 years 02 months,600000,1,44,608730.1471458344
2025-09-01,JURONG WEST,5 ROOM,931,JURONG WEST ST 92,07 TO 09,127,Improved,1988,61 years 11 months,585000,7,44,637164.7032530076
2025-07-01,JURONG WEST,5 ROOM,989B,JURONG WEST ST 93,07 TO 09,110,Premium Apartment,2008,82 years 02 months,631000,7,44,635697.2332976912
2025-07-01,JURONG WEST,5 ROOM,989D,JURONG WEST ST 93,16 TO 18,110,Premium Apartment,2008,82 years 02 months,666666,16,44,639591.1557796596
2025-08-01,JURONG WEST,5 ROOM,989D,JURONG WEST ST 93,16 TO 18,110,Premium Apartment,2008,82 years 01 month,660000,16,44,639591.1557796596
2025-08-01,JURONG WEST,5 ROOM,989A,JURONG WEST ST 93,01 TO 03,112,Premium Apartment,2008,82 years 01 month,590000,1,44,618229.4614037094
2025-08-01,JURONG WEST,5 ROOM,989A,JURONG WEST ST 93,16 TO 18,114,Premium Apartment,2008,82 years,665000,16,44,705659.5095660965
2025-08-01,JURONG WEST,5 ROOM,987C,JURONG WEST ST 93,10 TO 12,110,Premium Apartment,2006,79 years 10 months,670888,10,44,638476.79141349555
2025-07-01,JURONG WEST,5 ROOM,353,KANG CHING RD,10 TO 12,120,Improved,1997,70 years 09 months,660000,10,44,668855.663683137
2025-08-01,JURONG WEST,5 ROOM,345,KANG CHING RD,01 TO 03,123,Improved,1997,70 years 11 months,630000,1,44,612670.3218577764
2025-07-01,JURONG WEST,5 ROOM,326,TAH CHING RD,07 TO 09,122,Improved,1997,70 years 10 months,650000,7,44,627282.6609239825
2025-08-01,JURONG WEST,5 ROOM,325,TAH CHING RD,10 TO 12,124,Improved,1997,71 years,690000,10,44,662080.9587268995
2025-09-01,JURONG WEST,5 ROOM,325,TAH CHING RD,19 TO 21,124,Improved,1997,71 years,720000,19,44,713584.526191938
2025-09-01,JURONG WEST,5 ROOM,328,TAH CHING RD,01 TO 03,121,Improved,1997,70 years 11 months,625000,1,44,610516.4181198578
2025-09-01,JURONG WEST,5 ROOM,330,TAH CHING RD,04 TO 06,121,Improved,1997,71 years,640088,4,44,626205.4139014968
2025-09-01,JURONG WEST,5 ROOM,138A,YUAN CHING RD,22 TO 24,108,DBSS,2014,88 years,915000,22,44,917071.5144745756
2025-09-01,JURONG WEST,5 ROOM,359,YUNG AN RD,13 TO 15,127,Improved,1995,69 years 02 months,690000,13,44,679180.8294270034
2025-07-01,JURONG WEST,5 ROOM,166A,YUNG KUANG RD,13 TO 15,113,Improved,2018,92 years 04 months,720000,13,44,761034.0873743101
2025-08-01,JURONG WEST,5 ROOM,175A,YUNG KUANG RD,16 TO 18,113,Premium Apartment,2015,88 years 09 months,765000,16,44,715779.9527800365
2025-08-01,JURONG WEST,5 ROOM,165B,YUNG KUANG RD,04 TO 06,113,Improved,2018,92 years 02 months,740000,4,44,699362.5322986505
2025-09-01,JURONG WEST,5 ROOM,165B,YUNG KUANG RD,16 TO 18,113,Improved,2018,92 years 02 months,760000,16,44,758393.1981618673
2025-07-01,JURONG WEST,5 ROOM,158,YUNG LOH RD,13 TO 15,123,Improved,1996,69 years 08 months,722500,13,44,679444.1185420047
2025-07-01,JURONG WEST,5 ROOM,157,YUNG LOH RD,07 TO 09,128,Improved,1996,69 years 07 months,658000,7,44,640022.5081349721
2025-09-01,JURONG WEST,5 ROOM,157,YUNG LOH RD,01 TO 03,127,Improved,1996,69 years 05 months,620000,1,44,608730.1471458344
2025-07-01,JURONG WEST,5 ROOM,181,YUNG SHENG RD,04 TO 06,116,Improved,2001,74 years 10 months,618000,4,44,644955.4776898953
2025-08-01,JURONG WEST,5 ROOM,181,YUNG SHENG RD,16 TO 18,116,Improved,2001,74 years 09 months,670000,16,44,701227.048005017
2025-08-01,JURONG WEST,5 ROOM,180,YUNG SHENG RD,01 TO 03,116,Improved,2001,74 years 09 months,567000,1,44,646489.3135822583
2025-07-01,JURONG WEST,EXECUTIVE,274A,JURONG WEST AVE 3,13 TO 15,126,Apartment,2001,75 years 05 months,678000,13,44,730949.4928668101
2025-09-01,JURONG WEST,EXECUTIVE,274A,JURONG WEST AVE 3,04 TO 06,126,Apartment,2001,75 years 03 months,680000,4,44,705485.7473174373
2025-07-01,JURONG WEST,EXECUTIVE,688,JURONG WEST CTRL 1,10 TO 12,139,Premium Apartment,1998,71 years 10 months,918000,10,44,812563.444920578
2025-08-01,JURONG WEST,EXECUTIVE,682A,JURONG WEST CTRL 1,13 TO 15,134,Premium Apartment,2000,73 years 10 months,845000,13,44,815719.2117436625
2025-09-01,JURONG WEST,EXECUTIVE,683B,JURONG WEST CTRL 1,01 TO 03,132,Premium Apartment,2000,74 years 02 months,845000,1,44,749250.977568334
2025-08-01,JURONG WEST,EXECUTIVE,274B,JURONG WEST ST 25,13 TO 15,126,Apartment,2002,75 years 06 months,685000,13,44,730949.4928668101
2025-07-01,JURONG WEST,EXECUTIVE,469,JURONG WEST ST 41,13 TO 15,149,Maisonette,1985,58 years 10 months,915000,13,44,843562.557858546
2025-09-01,JURONG WEST,EXECUTIVE,470,JURONG WEST ST 41,01 TO 03,151,Maisonette,1985,59 years,800000,1,44,821212.5478808746
2025-07-01,JURONG WEST,EXECUTIVE,548,JURONG WEST ST 42,10 TO 12,150,Maisonette,1985,58 years 10 months,808000,10,44,815909.8545617932
2025-07-01,JURONG WEST,EXECUTIVE,405,JURONG WEST ST 42,07 TO 09,150,Maisonette,1985,59 years 02 months,880000,7,44,822561.9117738503
2025-07-01,JURONG WEST,EXECUTIVE,407,JURONG WEST ST 42,07 TO 09,148,Maisonette,1985,59 years 01 month,730000,7,44,816313.0462859925
2025-09-01,JURONG WEST,EXECUTIVE,656A,JURONG WEST ST 61,10 TO 12,132,Apartment,2002,75 years 07 months,820000,10,44,796654.270220261
2025-09-01,JURONG WEST,EXECUTIVE,656C,JURONG WEST ST 61,10 TO 12,132,Apartment,2001,74 years 10 months,780000,10,44,796654.270220261
2025-09-01,JURONG WEST,EXECUTIVE,605,JURONG WEST ST 62,13 TO 15,133,Premium Apartment,2001,74 years 07 months,845888,13,44,803751.1723402244
2025-07-01,JURONG WEST,EXECUTIVE,669B,JURONG WEST ST 64,10 TO 12,130,Apartment,2000,74 years 02 months,800000,10,44,801436.7053362197
2025-07-01,JURONG WEST,EXECUTIVE,684B,JURONG WEST ST 64,16 TO 18,132,Premium Apartment,2000,74 years 01 month,888000,16,44,810396.7870500115
2025-07-01,JURONG WEST,EXECUTIVE,669D,JURONG WEST ST 64,13 TO 15,130,Apartment,2000,74 years,750000,13,44,796813.5588798227
2025-08-01,JURONG WEST,EXECUTIVE,685A,JURONG WEST ST 64,10 TO 12,132,Premium Apartment,2000,74 years 01 month,900000,10,44,804231.3282438964
2025-08-01,JURONG WEST,EXECUTIVE,669A,JURONG WEST ST 64,16 TO 18,130,Apartment,2000,74 years,800000,16,44,814007.9975760768
2025-07-01,JURONG WEST,EXECUTIVE,627,JURONG WEST ST 65,10 TO 12,130,Apartment,2001,75 years 02 months,810000,10,44,801436.7053362197
2025-07-01,JURONG WEST,EXECUTIVE,671A,JURONG WEST ST 65,07 TO 09,125,Apartment,2002,76 years,740888,7,44,738917.257604403
2025-07-01,JURONG WEST,EXECUTIVE,666B,JURONG WEST ST 65,10 TO 12,130,Apartment,2000,73 years 09 months,905000,10,44,801436.7053362197
2025-08-01,JURONG WEST,EXECUTIVE,671C,JURONG WEST ST 65,07 TO 09,126,Apartment,2002,76 years,740000,7,44,726462.0920594677
2025-08-01,JURONG WEST,EXECUTIVE,608,JURONG WEST ST 65,13 TO 15,133,Premium Apartment,2001,74 years 10 months,820000,13,44,803751.1723402244
2025-09-01,JURONG WEST,EXECUTIVE,629,JURONG WEST ST 65,13 TO 15,130,Apartment,2001,75 years,795000,13,44,796813.5588798227
2025-09-01,JURONG WEST,EXECUTIVE,628,JURONG WEST ST 65,01 TO 03,130,Apartment,2001,75 years,807000,1,44,744878.8964866911
2025-09-01,JURONG WEST,EXECUTIVE,630,JURONG WEST ST 65,10 TO 12,130,Apartment,2001,74 years 11 months,820000,10,44,801436.7053362197
2025-08-01,JURONG WEST,EXECUTIVE,710,JURONG WEST ST 71,04 TO 06,154,Apartment,1993,67 years 05 months,840000,4,44,812357.3623758141
2025-08-01,JURONG WEST,EXECUTIVE,714,JURONG WEST ST 71,04 TO 06,150,Maisonette,1991,64 years 06 months,798888,4,44,829951.9105332042
2025-08-01,JURONG WEST,EXECUTIVE,760,JURONG WEST ST 74,13 TO 15,149,Apartment,1995,69 years 01 month,820000,13,44,846038.0994246948
2025-07-01,JURONG WEST,EXECUTIVE,829,JURONG WEST ST 81,01 TO 03,145,Apartment,1993,66 years 11 months,720000,1,44,758698.7480281614
2025-07-01,JURONG WEST,EXECUTIVE,860,JURONG WEST ST 81,13 TO 15,143,Apartment,1996,70 years 04 months,888888,13,44,822792.9969494618
2025-09-01,JURONG WEST,EXECUTIVE,828,JURONG WEST ST 81,10 TO 12,143,Apartment,1993,66 years 08 months,758000,10,44,817809.4155368088
2025-07-01,JURONG WEST,EXECUTIVE,910,JURONG WEST ST 91,04 TO 06,141,Apartment,1988,62 years 02 months,685000,4,44,780324.0140246009
2025-08-01,JURONG WEST,EXECUTIVE,906,JURONG WEST ST 91,04 TO 06,141,Apartment,1989,62 years 06 months,715000,4,44,780324.0140246009
2025-08-01,JURONG WEST,EXECUTIVE,906,JURONG WEST ST 91,04 TO 06,141,Apartment,1989,62 years 05 months,632888,4,44,780324.0140246009
2025-08-01,JURONG WEST,EXECUTIVE,331,TAH CHING RD,01 TO 03,142,Maisonette,1996,70 years 05 months,830000,1,44,815463.4620069126
2025-09-01,JURONG WEST,EXECUTIVE,331,TAH CHING RD,07 TO 09,139,Apartment,1996,70 years 04 months,880000,7,44,808185.2674743544
2025-09-01,JURONG WEST,EXECUTIVE,331,TAH CHING RD,13 TO 15,139,Apartment,1996,70 years 03 months,878000,13,44,820269.0142987035
2025-07-01,JURONG WEST,EXECUTIVE,160,YUNG PING RD,16 TO 18,148,Apartment,1997,70 years 08 months,790000,16,44,860629.8710144564
2025-07-01,JURONG WEST,EXECUTIVE,163,YUNG PING RD,04 TO 06,151,Maisonette,1997,70 years 07 months,888000,4,44,854680.6080517819
2025-07-01,JURONG WEST,EXECUTIVE,162,YUNG PING RD,01 TO 03,148,Apartment,1997,70 years 06 months,800000,1,44,772525.7730337448
2025-08-01,JURONG WEST,EXECUTIVE,160,YUNG PING RD,13 TO 15,148,Apartment,1997,70 years 05 months,818000,13,44,848313.2754898955
2025-08-01,JURONG WEST,EXECUTIVE,163,YUNG PING RD,01 TO 03,151,Maisonette,1997,70 years 05 months,862323,1,44,821212.5478808746
2025-09-01,JURONG WEST,EXECUTIVE,159,YUNG PING RD,07 TO 09,149,Apartment,1996,69 years 08 months,850000,7,44,811146.8824688435
2025-07-01,KALLANG/WHAMPOA,2 ROOM,6,BEACH RD,10 TO 12,42,Standard,1979,53 years 02 months,335000,10,44,302679.3225245713
2025-08-01,KALLANG/WHAMPOA,2 ROOM,9,JLN BATU,01 TO 03,49,Standard,1970,43 years 11 months,305000,1,44,302566.91994284856
2025-08-01,KALLANG/WHAMPOA,2 ROOM,9,JLN BATU,01 TO 03,48,Standard,1970,43 years 10 months,318000,1,44,301501.39891218866
2025-07-01,KALLANG/WHAMPOA,2 ROOM,805,KING GEORGE'S AVE,07 TO 09,44,Improved,1981,55 years 01 month,350000,7,44,333252.2098443975
2025-07-01,KALLANG/WHAMPOA,3 ROOM,1,BEACH RD,04 TO 06,68,Improved,1979,53 years 03 months,470000,4,44,410467.40506652946
2025-07-01,KALLANG/WHAMPOA,3 ROOM,26,BENDEMEER RD,19 TO 21,71,Improved,1972,45 years 07 months,538000,19,44,481720.9168649026
2025-07-01,KALLANG/WHAMPOA,3 ROOM,23,BENDEMEER RD,01 TO 03,68,Improved,1972,45 years 07 months,350000,1,44,406184.62856149836
2025-07-01,KALLANG/WHAMPOA,3 ROOM,44,BENDEMEER RD,04 TO 06,75,Standard,1981,54 years 07 months,440000,4,44,446158.4867247544
2025-07-01,KALLANG/WHAMPOA,3 ROOM,30,BENDEMEER RD,04 TO 06,68,Improved,1972,45 years 06 months,450000,4,44,410467.40506652946
2025-07-01,KALLANG/WHAMPOA,3 ROOM,24,BENDEMEER RD,10 TO 12,68,Improved,1972,45 years 07 months,480000,10,44,436555.81580134813
2025-07-01,KALLANG/WHAMPOA,3 ROOM,10C,BENDEMEER RD,34 TO 36,68,Model A,2017,91 years 05 months,842000,34,44,789198.164872355
2025-07-01,KALLANG/WHAMPOA,3 ROOM,23,BENDEMEER RD,07 TO 09,68,Improved,1972,45 years 06 months,433000,7,44,430756.90307224606
2025-08-01,KALLANG/WHAMPOA,3 ROOM,10C,BENDEMEER RD,34 TO 36,68,Model A,2017,91 years 05 months,870000,34,44,789198.164872355
2025-08-01,KALLANG/WHAMPOA,3 ROOM,10C,BENDEMEER RD,34 TO 36,68,Model A,2017,91 years 05 months,856800,34,44,789198.164872355
2025-08-01,KALLANG/WHAMPOA,3 ROOM,43,BENDEMEER RD,10 TO 12,63,Standard,1981,54 years 06 months,406000,10,44,388233.44048118097
2025-09-01,KALLANG/WHAMPOA,3 ROOM,10C,BENDEMEER RD,19 TO 21,68,Model A,2017,91 years 03 months,820000,19,44,763834.0598071273
2025-08-01,KALLANG/WHAMPOA,3 ROOM,462,CRAWFORD LANE,07 TO 09,60,Improved,1981,55 years 02 months,470000,7,44,412609.50204588467
2025-08-01,KALLANG/WHAMPOA,3 ROOM,462,CRAWFORD LANE,04 TO 06,60,Improved,1981,55 years 02 months,485000,4,44,395725.26856811263
2025-08-01,KALLANG/WHAMPOA,3 ROOM,49,DORSET RD,07 TO 09,68,New Generation,1979,52 years 10 months,461888,7,44,465129.1712810451
2025-08-01,KALLANG/WHAMPOA,3 ROOM,15,FARRER PK RD,19 TO 21,62,Model A,2004,77 years 11 months,645000,19,44,680893.0449584397
2025-09-01,KALLANG/WHAMPOA,3 ROOM,15,FARRER PK RD,28 TO 30,62,Model A,2004,77 years 10 months,668888,28,44,725352.0865579848
2025-07-01,KALLANG/WHAMPOA,3 ROOM,801,FRENCH RD,10 TO 12,68,Improved,1979,52 years 07 months,488000,10,44,436555.81580134813
2025-07-01,KALLANG/WHAMPOA,3 ROOM,97,GEYLANG BAHRU,10 TO 12,68,New Generation,1979,52 years 07 months,455000,10,44,465706.95878542494
2025-07-01,KALLANG/WHAMPOA,3 ROOM,68,GEYLANG BAHRU,07 TO 09,65,Improved,1974,48 years 01 month,400000,7,44,409270.81181988056
2025-08-01,KALLANG/WHAMPOA,3 ROOM,68,GEYLANG BAHRU,16 TO 18,65,Improved,1974,48 years,430000,16,44,426138.1200134496
2025-09-01,KALLANG/WHAMPOA,3 ROOM,73,GEYLANG BAHRU,04 TO 06,59,Improved,1974,47 years 06 months,328000,4,44,388307.4438868922
2025-09-01,KALLANG/WHAMPOA,3 ROOM,73,GEYLANG BAHRU,04 TO 06,59,Improved,1974,47 years 07 months,366888,4,44,388307.4438868922
2025-09-01,KALLANG/WHAMPOA,3 ROOM,68,GEYLANG BAHRU,16 TO 18,65,Improved,1974,47 years 10 months,450000,16,44,426138.1200134496
2025-07-01,KALLANG/WHAMPOA,3 ROOM,10,GLOUCESTER RD,13 TO 15,67,New Generation,1976,50 years 05 months,526800,13,44,491969.07847156795
2025-08-01,KALLANG/WHAMPOA,3 ROOM,10,GLOUCESTER RD,07 TO 09,67,New Generation,1976,50 years 03 months,520000,7,44,471675.90639216366
2025-07-01,KALLANG/WHAMPOA,3 ROOM,34,JLN BAHAGIA,04 TO 06,56,Standard,1970,44 years,324000,4,44,327829.65311096626
2025-07-01,KALLANG/WHAMPOA,3 ROOM,34,JLN BAHAGIA,01 TO 03,53,Standard,1970,44 years,310000,1,44,319588.23224646883
2025-07-01,KALLANG/WHAMPOA,3 ROOM,28,JLN BAHAGIA,01 TO 03,56,Standard,1971,44 years 06 months,310000,1,44,322715.4341225402
2025-07-01,KALLANG/WHAMPOA,3 ROOM,34,JLN BAHAGIA,04 TO 06,56,Standard,1970,43 years 11 months,320000,4,44,327829.65311096626
2025-07-01,KALLANG/WHAMPOA,3 ROOM,27,JLN BAHAGIA,01 TO 03,56,Standard,1970,43 years 11 months,306666,1,44,322715.4341225402
2025-08-01,KALLANG/WHAMPOA,3 ROOM,27,JLN BAHAGIA,04 TO 06,56,Standard,1970,43 years 11 months,315000,4,44,327829.65311096626
2025-08-01,KALLANG/WHAMPOA,3 ROOM,35,JLN BAHAGIA,04 TO 06,56,Standard,1971,44 years 05 months,328000,4,44,327829.65311096626
2025-08-01,KALLANG/WHAMPOA,3 ROOM,32,JLN BAHAGIA,07 TO 09,56,Standard,1971,44 years 05 months,325000,7,44,327451.5379678344
2025-09-01,KALLANG/WHAMPOA,3 ROOM,32,JLN BAHAGIA,01 TO 03,56,Standard,1971,44 years 05 months,298000,1,44,322715.4341225402
2025-09-01,KALLANG/WHAMPOA,3 ROOM,33,JLN BAHAGIA,04 TO 06,56,Standard,1970,43 years 10 months,320000,4,44,327829.65311096626
2025-09-01,KALLANG/WHAMPOA,3 ROOM,34,JLN BAHAGIA,01 TO 03,53,Standard,1970,43 years 09 months,295000,1,44,319588.23224646883
2025-07-01,KALLANG/WHAMPOA,3 ROOM,6,JLN BATU,01 TO 03,62,Standard,1969,42 years 07 months,355000,1,44,360066.9533319905
2025-08-01,KALLANG/WHAMPOA,3 ROOM,6,JLN BATU,04 TO 06,60,Standard,1969,42 years 05 months,335000,4,44,372755.09245684557
2025-09-01,KALLANG/WHAMPOA,3 ROOM,3,JLN BATU,07 TO 09,60,Standard,1969,42 years 04 months,370000,7,44,367691.0836571724
2025-09-01,KALLANG/WHAMPOA,3 ROOM,4,JLN BATU,01 TO 03,60,Standard,1969,42 years 04 months,340000,1,44,357240.9250017682
2025-09-01,KALLANG/WHAMPOA,3 ROOM,2,JLN BATU,10 TO 12,60,Standard,1969,42 years 04 months,360000,10,44,371499.65830119187
2025-07-01,KALLANG/WHAMPOA,3 ROOM,65,JLN MA'MOR,01 TO 03,126.4,Terrace,1972,46 years,888000,1,44,990199.2501277952
2025-08-01,KALLANG/WHAMPOA,3 ROOM,58,JLN MA'MOR,01 TO 03,174.3,Terrace,1972,45 years 11 months,1398888,1,44,1149463.54822813
2025-09-01,KALLANG/WHAMPOA,3 ROOM,117A,JLN TENTERAM,01 TO 03,67,Model A,2017,91 years 04 months,540000,1,44,616481.0497350664
2025-09-01,KALLANG/WHAMPOA,3 ROOM,116B,JLN TENTERAM,04 TO 06,67,Model A,2017,91 years 02 months,625000,4,44,625711.9883482705
2025-08-01,KALLANG/WHAMPOA,3 ROOM,64,KALLANG BAHRU,10 TO 12,65,Improved,1974,47 years 06 months,408000,10,44,399362.64177249034
2025-08-01,KALLANG/WHAMPOA,3 ROOM,65,KALLANG BAHRU,07 TO 09,65,Improved,1981,54 years 05 months,445000,7,44,409270.81181988056
2025-08-01,KALLANG/WHAMPOA,3 ROOM,66,KALLANG BAHRU,04 TO 06,65,Improved,1974,47 years 11 months,398000,4,44,400843.8808173522
2025-08-01,KALLANG/WHAMPOA,3 ROOM,63,KALLANG BAHRU,01 TO 03,65,Improved,1974,47 years 05 months,395000,1,44,394950.460939324
2025-09-01,KALLANG/WHAMPOA,3 ROOM,63,KALLANG BAHRU,07 TO 09,76,Improved,1974,47 years 05 months,480000,7,44,446194.548199868
2025-09-01,KALLANG/WHAMPOA,3 ROOM,64,KALLANG BAHRU,04 TO 06,65,Improved,1974,47 years 05 months,400000,4,44,400843.8808173522
2025-09-01,KALLANG/WHAMPOA,3 ROOM,64,KALLANG BAHRU,13 TO 15,65,Improved,1974,47 years 05 months,428000,13,44,414553.4318370522
2025-08-01,KALLANG/WHAMPOA,3 ROOM,1,KG KAYU RD,01 TO 03,62,Standard,1984,58 years 02 months,450000,1,44,360066.9533319905
2025-09-01,KALLANG/WHAMPOA,3 ROOM,77,LOR LIMAU,07 TO 09,59,Improved,1973,46 years 11 months,388000,7,44,401954.05203756987
2025-08-01,KALLANG/WHAMPOA,3 ROOM,113C,MCNAIR RD,04 TO 06,68,Premium Apartment,2017,91 years 04 months,765000,4,44,714095.775789022
2025-07-01,KALLANG/WHAMPOA,3 ROOM,468,NTH BRIDGE RD,13 TO 15,60,Improved,1979,53 years 01 month,475000,13,44,410070.6518573533
2025-07-01,KALLANG/WHAMPOA,3 ROOM,467,NTH BRIDGE RD,13 TO 15,60,Improved,1978,52 years 03 months,508000,13,44,410070.6518573533
2025-08-01,KALLANG/WHAMPOA,3 ROOM,467,NTH BRIDGE RD,04 TO 06,60,Improved,1978,52 years 03 months,397500,4,44,395725.26856811263
2025-07-01,KALLANG/WHAMPOA,3 ROOM,685,RACE COURSE RD,04 TO 06,63,Simplified,1986,59 years 07 months,520000,4,44,477218.25334382174
2025-07-01,KALLANG/WHAMPOA,3 ROOM,684,RACE COURSE RD,04 TO 06,63,Simplified,1986,59 years 06 months,500000,4,44,477218.25334382174
2025-07-01,KALLANG/WHAMPOA,3 ROOM,7,ST. GEORGE'S LANE,07 TO 09,69,Improved,1986,59 years 11 months,460000,7,44,441485.11449514667
2025-07-01,KALLANG/WHAMPOA,3 ROOM,8,ST. GEORGE'S LANE,10 TO 12,82,New Generation,1982,55 years 10 months,486666,10,44,536157.8564516237
2025-07-01,KALLANG/WHAMPOA,3 ROOM,7,ST. GEORGE'S LANE,10 TO 12,60,Improved,1986,59 years 11 months,440000,10,44,408306.27640387125
2025-07-01,KALLANG/WHAMPOA,3 ROOM,25A,ST. GEORGE'S LANE,28 TO 30,68,Model A,2020,93 years 10 months,855000,28,44,782929.4818137957
2025-09-01,KALLANG/WHAMPOA,3 ROOM,26A,ST. GEORGE'S LANE,10 TO 12,68,Model A,2020,93 years 08 months,820000,10,44,741053.0192566116
2025-07-01,KALLANG/WHAMPOA,3 ROOM,2,ST. GEORGE'S RD,10 TO 12,59,Improved,1976,49 years 11 months,420000,10,44,395769.69344047183
2025-08-01,KALLANG/WHAMPOA,3 ROOM,14,ST. GEORGE'S RD,10 TO 12,67,New Generation,1984,58 years 03 months,515888,10,44,470132.42564845167
2025-08-01,KALLANG/WHAMPOA,3 ROOM,3,ST. GEORGE'S RD,01 TO 03,70,Improved,1976,49 years 10 months,428000,1,44,414882.7577858893
2025-07-01,KALLANG/WHAMPOA,3 ROOM,8A,UPP BOON KENG RD,07 TO 09,70,Premium Apartment,2017,91 years 01 month,800888,7,44,736566.3336791849
2025-07-01,KALLANG/WHAMPOA,3 ROOM,16,UPP BOON KENG RD,13 TO 15,76,Improved,1975,48 years 08 months,460000,13,44,463013.7163284836
2025-07-01,KALLANG/WHAMPOA,3 ROOM,16,UPP BOON KENG RD,16 TO 18,65,Improved,1975,48 years 08 months,452000,16,44,426138.1200134496
2025-07-01,KALLANG/WHAMPOA,3 ROOM,8B,UPP BOON KENG RD,13 TO 15,70,Premium Apartment,2017,91 years 01 month,828000,13,44,768585.586168268
2025-07-01,KALLANG/WHAMPOA,3 ROOM,12,UPP BOON KENG RD,10 TO 12,66,Improved,1980,54 years 04 months,480000,10,44,403565.9512343045
2025-08-01,KALLANG/WHAMPOA,3 ROOM,16,UPP BOON KENG RD,13 TO 15,65,Improved,1975,48 years 07 months,463000,13,44,414553.4318370522
2025-08-01,KALLANG/WHAMPOA,3 ROOM,8B,UPP BOON KENG RD,01 TO 03,70,Premium Apartment,2017,90 years 11 months,718000,1,44,692944.4841095774
2025-08-01,KALLANG/WHAMPOA,3 ROOM,11,UPP BOON KENG RD,13 TO 15,65,Improved,1974,47 years 05 months,460000,13,44,414553.4318370522
2025-08-01,KALLANG/WHAMPOA,3 ROOM,8A,UPP BOON KENG RD,19 TO 21,70,Premium Apartment,2017,90 years 11 months,840888,19,44,771266.9330710854
2025-09-01,KALLANG/WHAMPOA,3 ROOM,12,UPP BOON KENG RD,01 TO 03,66,Improved,1980,54 years 02 months,458000,1,44,398036.92057746346
2025-07-01,KALLANG/WHAMPOA,3 ROOM,74,WHAMPOA DR,07 TO 09,66,Improved,1981,54 years 11 months,415000,7,44,412597.6021004922
2025-08-01,KALLANG/WHAMPOA,3 ROOM,75,WHAMPOA DR,10 TO 12,65,Improved,1974,47 years 05 months,368000,10,44,399362.64177249034
2025-08-01,KALLANG/WHAMPOA,3 ROOM,75,WHAMPOA DR,04 TO 06,65,Improved,1974,47 years 05 months,350000,4,44,400843.8808173522
2025-08-01,KALLANG/WHAMPOA,3 ROOM,82,WHAMPOA DR,07 TO 09,66,Improved,1974,47 years 11 months,405000,7,44,412597.6021004922
2025-09-01,KALLANG/WHAMPOA,3 ROOM,74,WHAMPOA DR,07 TO 09,66,Improved,1981,54 years 09 months,390000,7,44,412597.6021004922
2025-09-01,KALLANG/WHAMPOA,3 ROOM,75,WHAMPOA DR,01 TO 03,76,Improved,1974,47 years 04 months,394688,1,44,437363.46344155655
2025-07-01,KALLANG/WHAMPOA,3 ROOM,34,WHAMPOA WEST,10 TO 12,68,Improved,1972,45 years 07 months,440440,10,44,436555.81580134813
2025-09-01,KALLANG/WHAMPOA,3 ROOM,34,WHAMPOA WEST,01 TO 03,68,Improved,1972,45 years 05 months,388000,1,44,406184.62856149836
2025-07-01,KALLANG/WHAMPOA,4 ROOM,15,BEACH RD,10 TO 12,77,Improved,1975,48 years 06 months,570000,10,44,553288.5921826687
2025-07-01,KALLANG/WHAMPOA,4 ROOM,10B,BENDEMEER RD,28 TO 30,93,Model A,2017,91 years 05 months,1128000,28,44,1020884.3213504971
2025-08-01,KALLANG/WHAMPOA,4 ROOM,38D,BENDEMEER RD,07 TO 09,92,Model A,2012,85 years 10 months,910000,7,44,968702.1635417646
2025-09-01,KALLANG/WHAMPOA,4 ROOM,10C,BENDEMEER RD,13 TO 15,93,Model A,2017,91 years 04 months,1030000,13,44,941277.04971627
2025-09-01,KALLANG/WHAMPOA,4 ROOM,38A,BENDEMEER RD,04 TO 06,92,Model A,2012,85 years 08 months,920000,4,44,913711.4971275707
2025-09-01,KALLANG/WHAMPOA,4 ROOM,10B,BENDEMEER RD,37 TO 39,93,Model A,2017,91 years 03 months,1160000,37,44,1083589.8278769604
2025-07-01,KALLANG/WHAMPOA,4 ROOM,7,BOON KENG RD,31 TO 33,95,DBSS,2011,84 years 07 months,1150000,31,44,1123571.738974699
2025-07-01,KALLANG/WHAMPOA,4 ROOM,8,BOON KENG RD,19 TO 21,95,DBSS,2011,84 years 06 months,1090000,19,44,1095777.0395892714
2025-08-01,KALLANG/WHAMPOA,4 ROOM,6,BOON KENG RD,07 TO 09,106,Model A,1996,70 years 03 months,965000,7,44,818107.1131257691
2025-08-01,KALLANG/WHAMPOA,4 ROOM,40,CAMBRIDGE RD,01 TO 03,102,Model A,1997,71 years 01 month,788000,1,44,747110.79136528
2025-09-01,KALLANG/WHAMPOA,4 ROOM,39,CAMBRIDGE RD,07 TO 09,100,Model A,1997,71 years 03 months,800000,7,44,841302.5843434684
2025-07-01,KALLANG/WHAMPOA,4 ROOM,13,FARRER PK RD,16 TO 18,90,Model A,2004,77 years 11 months,870000,16,44,942339.885431462
2025-09-01,KALLANG/WHAMPOA,4 ROOM,12,FARRER PK RD,10 TO 12,90,Model A,2004,77 years 09 months,888000,10,44,913095.8555370655
2025-07-01,KALLANG/WHAMPOA,4 ROOM,60,GEYLANG BAHRU,13 TO 15,102,Model A,1999,72 years 07 months,868000,13,44,842550.0001325186
2025-07-01,KALLANG/WHAMPOA,4 ROOM,59C,GEYLANG BAHRU,07 TO 09,100,Model A,1998,72 years 06 months,840000,7,44,841302.5843434684
2025-09-01,KALLANG/WHAMPOA,4 ROOM,9,GLOUCESTER RD,07 TO 09,92,New Generation,1976,50 years 02 months,680000,7,44,637533.0371070941
2025-09-01,KALLANG/WHAMPOA,4 ROOM,9,GLOUCESTER RD,04 TO 06,91,New Generation,1976,50 years 02 months,633000,4,44,610870.5060750165
2025-09-01,KALLANG/WHAMPOA,4 ROOM,29,JLN BAHAGIA,01 TO 03,87,Simplified,1987,61 years 01 month,545000,1,44,606174.9373426024
2025-08-01,KALLANG/WHAMPOA,4 ROOM,10,JLN BATU,10 TO 12,105,New Generation,1986,59 years 06 months,778000,10,44,688160.263053939
2025-07-01,KALLANG/WHAMPOA,4 ROOM,103,JLN RAJAH,10 TO 12,103,Model A,1984,57 years 10 months,715000,10,44,776514.5639161196
2025-07-01,KALLANG/WHAMPOA,4 ROOM,103,JLN RAJAH,13 TO 15,103,Model A,1984,57 years 09 months,703888,13,44,829844.3195840222
2025-07-01,KALLANG/WHAMPOA,4 ROOM,117B,JLN TENTERAM,16 TO 18,93,Model A,2017,91 years 04 months,880000,16,44,949734.961183723
2025-07-01,KALLANG/WHAMPOA,4 ROOM,16,JLN TENTERAM,07 TO 09,75,Model A,2002,76 years 02 months,608000,7,44,641654.1226093243
2025-07-01,KALLANG/WHAMPOA,4 ROOM,116B,JLN TENTERAM,28 TO 30,93,Model A,2017,91 years 04 months,900000,28,44,1020884.3213504971
2025-07-01,KALLANG/WHAMPOA,4 ROOM,16,JLN TENTERAM,04 TO 06,86,Model A,2002,76 years 02 months,640888,4,44,792790.6429374147
2025-07-01,KALLANG/WHAMPOA,4 ROOM,116B,JLN TENTERAM,10 TO 12,93,Model A,2017,91 years 04 months,880000,10,44,910341.9841208973
2025-09-01,PUNGGOL,2 ROOM,232C,SUMANG LANE,07 TO 09,47,Model A,2018,92 years 03 months,385000,7,44,376736.2632466518
2025-07-01,KALLANG/WHAMPOA,4 ROOM,116B,JLN TENTERAM,04 TO 06,93,Model A,2017,91 years 04 months,798000,4,44,892551.8785472183
2025-08-01,KALLANG/WHAMPOA,4 ROOM,17,JLN TENTERAM,10 TO 12,75,Model A,2001,75 years 04 months,612500,10,44,657741.2546179608
2025-08-01,KALLANG/WHAMPOA,4 ROOM,117A,JLN TENTERAM,07 TO 09,93,Model A,2017,91 years 04 months,805000,7,44,934046.0912899297
2025-08-01,KALLANG/WHAMPOA,4 ROOM,116A,JLN TENTERAM,01 TO 03,93,Model A,2017,91 years 03 months,755000,1,44,876434.5997542606
2025-09-01,KALLANG/WHAMPOA,4 ROOM,117B,JLN TENTERAM,16 TO 18,93,Model A,2017,91 years 03 months,829000,16,44,949734.961183723
2025-09-01,KALLANG/WHAMPOA,4 ROOM,116A,JLN TENTERAM,25 TO 27,93,Model A,2017,91 years 03 months,908000,25,44,1008269.7202893199
2025-09-01,KALLANG/WHAMPOA,4 ROOM,19,JLN TENTERAM,10 TO 12,85,Model A,2004,77 years 10 months,689000,10,44,856032.7957101316
2025-09-01,KALLANG/WHAMPOA,4 ROOM,116A,JLN TENTERAM,25 TO 27,93,Model A,2017,91 years 02 months,900000,25,44,1008269.7202893199
2025-09-01,KALLANG/WHAMPOA,4 ROOM,16,JLN TENTERAM,04 TO 06,75,Model A,2002,76 years,578000,4,44,660423.9915608303
2025-07-01,KALLANG/WHAMPOA,4 ROOM,78,LOR LIMAU,16 TO 18,93,Model A,2018,92 years 01 month,900000,16,44,949734.961183723
2025-08-01,KALLANG/WHAMPOA,4 ROOM,78,LOR LIMAU,34 TO 36,93,Model A,2018,91 years 11 months,970000,34,44,1093235.80251389
2025-09-01,KALLANG/WHAMPOA,4 ROOM,78,LOR LIMAU,13 TO 15,93,Model A,2018,91 years 10 months,920000,13,44,941277.04971627
2025-09-01,KALLANG/WHAMPOA,4 ROOM,78,LOR LIMAU,10 TO 12,93,Model A,2018,91 years 09 months,920000,10,44,910341.9841208973
2025-07-01,KALLANG/WHAMPOA,4 ROOM,113B,MCNAIR RD,34 TO 36,93,Premium Apartment,2017,91 years 06 months,1200888,34,44,1132960.5010812622
2025-07-01,KALLANG/WHAMPOA,4 ROOM,113D,MCNAIR RD,01 TO 03,93,Premium Apartment,2017,91 years 05 months,970000,1,44,929349.59230891685
2025-07-01,KALLANG/WHAMPOA,4 ROOM,108,MCNAIR RD,07 TO 09,104,Model A,1987,61 years,768000,7,44,809085.5858712888
2025-07-01,KALLANG/WHAMPOA,4 ROOM,113A,MCNAIR RD,13 TO 15,93,Premium Apartment,2017,91 years 05 months,1145000,13,44,1022167.4184288761
2025-07-01,KALLANG/WHAMPOA,4 ROOM,123,MCNAIR RD,07 TO 09,83,Simplified,1987,60 years 09 months,700000,7,44,649093.8386932985
2025-07-01,KALLANG/WHAMPOA,4 ROOM,108C,MCNAIR RD,22 TO 24,95,Model A,2005,78 years 06 months,992888,22,44,1009508.2507950781
2025-08-01,KALLANG/WHAMPOA,4 ROOM,113B,MCNAIR RD,10 TO 12,93,Premium Apartment,2017,91 years 05 months,1070000,10,44,990721.4123038639
2025-08-01,KALLANG/WHAMPOA,4 ROOM,120,MCNAIR RD,07 TO 09,84,Simplified,1987,60 years 09 months,650000,7,44,636353.4184230708
2025-08-01,KALLANG/WHAMPOA,4 ROOM,113D,MCNAIR RD,04 TO 06,93,Premium Apartment,2017,91 years 04 months,988000,4,44,965085.763797984
2025-08-01,KALLANG/WHAMPOA,4 ROOM,113B,MCNAIR RD,01 TO 03,93,Premium Apartment,2017,91 years 04 months,1041000,1,44,929349.59230891685
2025-08-01,KALLANG/WHAMPOA,4 ROOM,113A,MCNAIR RD,16 TO 18,93,Premium Apartment,2017,91 years 04 months,1120000,16,44,1043663.1282920487
2025-08-01,KALLANG/WHAMPOA,4 ROOM,113A,MCNAIR RD,25 TO 27,93,Premium Apartment,2017,91 years 04 months,1050000,25,44,1089938.6534931138
2025-08-01,KALLANG/WHAMPOA,4 ROOM,108C,MCNAIR RD,13 TO 15,90,Model A,2005,78 years 05 months,938888,13,44,916689.8564671034
2025-09-01,KALLANG/WHAMPOA,4 ROOM,111,MCNAIR RD,13 TO 15,84,Simplified,1987,60 years 08 months,720000,13,44,657081.4178952813
2025-09-01,KALLANG/WHAMPOA,4 ROOM,113A,MCNAIR RD,22 TO 24,93,Premium Apartment,2017,91 years 04 months,1020000,22,44,1075867.21838149
2025-09-01,KALLANG/WHAMPOA,4 ROOM,108B,MCNAIR RD,25 TO 27,90,Model A,2004,78 years 03 months,960000,25,44,983946.046244051
2025-08-01,KALLANG/WHAMPOA,4 ROOM,69,MOULMEIN RD,16 TO 18,84,Improved,1972,45 years 11 months,600000,16,44,629914.6068637046
2025-09-01,KALLANG/WHAMPOA,4 ROOM,46,OWEN RD,07 TO 09,92,New Generation,1982,56 years 02 months,705000,7,44,637533.0371070941
2025-07-01,KALLANG/WHAMPOA,4 ROOM,681,RACE COURSE RD,04 TO 06,103,Model A,1986,60 years 05 months,775000,4,44,766291.1215592178
2025-08-01,KALLANG/WHAMPOA,4 ROOM,684,RACE COURSE RD,04 TO 06,103,Model A,1986,59 years 06 months,710000,4,44,766291.1215592178
2025-07-01,KALLANG/WHAMPOA,4 ROOM,25A,ST. GEORGE'S LANE,22 TO 24,92,Model A,2020,93 years 11 months,1178000,22,44,1036407.0578603644
2025-07-01,KALLANG/WHAMPOA,4 ROOM,25A,ST. GEORGE'S LANE,16 TO 18,92,Model A,2020,93 years 11 months,1080000,16,44,995683.4727638572
2025-07-01,KALLANG/WHAMPOA,4 ROOM,26B,ST. GEORGE'S LANE,31 TO 33,92,Model A,2020,93 years 10 months,1228000,31,44,1143079.8012056611
2025-07-01,KALLANG/WHAMPOA,4 ROOM,26A,ST. GEORGE'S LANE,07 TO 09,92,Model A,2020,93 years 10 months,1036000,7,44,968702.1635417646
2025-08-01,KALLANG/WHAMPOA,4 ROOM,26B,ST. GEORGE'S LANE,13 TO 15,92,Model A,2020,93 years 09 months,1138000,13,44,984290.9416297522
2025-09-01,KALLANG/WHAMPOA,4 ROOM,26B,ST. GEORGE'S LANE,04 TO 06,92,Model A,2020,93 years 08 months,975000,4,44,913711.4971275707
2025-08-01,KALLANG/WHAMPOA,4 ROOM,11,ST. GEORGE'S RD,04 TO 06,84,Simplified,1985,58 years 07 months,550000,4,44,623919.0232398582
2025-08-01,KALLANG/WHAMPOA,4 ROOM,18,ST. GEORGE'S RD,07 TO 09,91,New Generation,1984,58 years 04 months,625000,7,44,619993.113361928
2025-09-01,PUNGGOL,2 ROOM,232C,SUMANG LANE,07 TO 09,47,Model A,2018,92 years 03 months,385000,7,44,376736.2632466518
2025-08-01,KALLANG/WHAMPOA,4 ROOM,106,TOWNER RD,01 TO 03,109,Model A,1983,56 years 10 months,695000,1,44,749205.758196823
2025-07-01,KALLANG/WHAMPOA,4 ROOM,2B,UPP BOON KENG RD,25 TO 27,90,Model A,2006,80 years 04 months,975000,25,44,983946.046244051
2025-07-01,KALLANG/WHAMPOA,4 ROOM,15,UPP BOON KENG RD,07 TO 09,88,Improved,1975,48 years 08 months,568000,7,44,562731.0288089782
2025-07-01,KALLANG/WHAMPOA,4 ROOM,13,UPP BOON KENG RD,13 TO 15,102,Model A,1999,73 years,855000,13,44,842550.0001325186
2025-08-01,KALLANG/WHAMPOA,4 ROOM,13,UPP BOON KENG RD,04 TO 06,101,Model A,1999,72 years 11 months,900000,4,44,794942.9857082764
2025-08-01,KALLANG/WHAMPOA,4 ROOM,5A,UPP BOON KENG RD,22 TO 24,93,Model A,2012,85 years 10 months,980000,22,44,1015563.8127320549
2025-08-01,KALLANG/WHAMPOA,4 ROOM,2A,UPP BOON KENG RD,25 TO 27,85,Model A,2006,80 years 04 months,950000,25,44,980591.3505070448
2025-08-01,KALLANG/WHAMPOA,4 ROOM,2C,UPP BOON KENG RD,16 TO 18,90,Model A,2006,80 years 02 months,930000,16,44,942339.885431462
2025-09-01,KALLANG/WHAMPOA,4 ROOM,3D,UPP BOON KENG RD,16 TO 18,90,Model A,2006,80 years,960000,16,44,942339.885431462
2025-09-01,KALLANG/WHAMPOA,4 ROOM,3B,UPP BOON KENG RD,16 TO 18,90,Model A,2006,79 years 11 months,942000,16,44,942339.885431462
2025-09-01,KALLANG/WHAMPOA,4 ROOM,3B,UPP BOON KENG RD,01 TO 03,90,Model A,2006,79 years 11 months,860000,1,44,844879.3975084807
2025-09-01,KALLANG/WHAMPOA,4 ROOM,8B,UPP BOON KENG RD,25 TO 27,95,Premium Apartment,2017,90 years 10 months,1188000,25,44,1089633.654291439
2025-09-01,KALLANG/WHAMPOA,4 ROOM,8A,UPP BOON KENG RD,01 TO 03,95,Premium Apartment,2017,90 years 10 months,938000,1,44,918506.7000117644
2025-09-01,KALLANG/WHAMPOA,4 ROOM,3B,UPP BOON KENG RD,04 TO 06,90,Model A,2006,80 years,830000,4,44,873647.6757691826
2025-07-01,KALLANG/WHAMPOA,4 ROOM,100,WHAMPOA DR,10 TO 12,91,Improved,1974,47 years 08 months,532500,10,44,541031.4427422843
2025-09-01,KALLANG/WHAMPOA,4 ROOM,96,WHAMPOA DR,16 TO 18,91,Improved,1974,47 years 04 months,530000,16,44,608105.4111979861
2025-07-01,KALLANG/WHAMPOA,5 ROOM,7,BOON KENG RD,22 TO 24,117,DBSS,2011,84 years 07 months,1330000,22,44,1402332.5923554956
2025-07-01,KALLANG/WHAMPOA,5 ROOM,9,BOON KENG RD,16 TO 18,109,DBSS,2011,84 years 07 months,1300000,16,44,1238055.9942560405
2025-07-01,KALLANG/WHAMPOA,5 ROOM,9,BOON KENG RD,16 TO 18,117,DBSS,2011,84 years 07 months,1200000,16,44,1303009.400988325
2025-08-01,KALLANG/WHAMPOA,5 ROOM,8,BOON KENG RD,04 TO 06,115,DBSS,2011,84 years 06 months,1238000,4,44,1178165.0905841694
2025-08-01,KALLANG/WHAMPOA,5 ROOM,5,BOON KENG RD,13 TO 15,125,Improved,1996,70 years 02 months,1068000,13,44,924985.4455758993
2025-08-01,KALLANG/WHAMPOA,5 ROOM,9,BOON KENG RD,34 TO 36,109,DBSS,2011,84 years 06 months,1366000,34,44,1333104.8810785
2025-08-01,KALLANG/WHAMPOA,5 ROOM,9,BOON KENG RD,16 TO 18,107,DBSS,2011,84 years 05 months,1292000,16,44,1220999.367077414
2025-09-01,KALLANG/WHAMPOA,5 ROOM,7,BOON KENG RD,25 TO 27,119,DBSS,2011,84 years 05 months,1540000,25,44,1396836.164056223
2025-09-01,KALLANG/WHAMPOA,5 ROOM,7,BOON KENG RD,10 TO 12,119,DBSS,2011,84 years 05 months,1402888,10,44,1232086.1722230632
2025-07-01,KALLANG/WHAMPOA,5 ROOM,37,CAMBRIDGE RD,13 TO 15,120,Improved,1997,71 years 05 months,940000,13,44,915666.7946616076
2025-08-01,KALLANG/WHAMPOA,5 ROOM,38,CAMBRIDGE RD,07 TO 09,120,Improved,1997,71 years 04 months,923500,7,44,920183.9796146515
2025-07-01,KALLANG/WHAMPOA,5 ROOM,11,FARRER PK RD,19 TO 21,109,Improved,2004,78 years,1138888,19,44,963124.9195711717
2025-09-01,KALLANG/WHAMPOA,5 ROOM,13,FARRER PK RD,04 TO 06,110,Improved,2004,77 years 09 months,905000,4,44,979936.8444188717
2025-07-01,KALLANG/WHAMPOA,5 ROOM,53,GEYLANG BAHRU,10 TO 12,120,Standard,1974,48 years 01 month,700000,10,44,780669.4445401765
2025-07-01,KALLANG/WHAMPOA,5 ROOM,59A,GEYLANG BAHRU,10 TO 12,120,Improved,1998,72 years 06 months,970000,10,44,922044.2552905589
2025-09-01,KALLANG/WHAMPOA,5 ROOM,60,GEYLANG BAHRU,10 TO 12,120,Improved,1999,72 years 05 months,995000,10,44,922044.2552905589
2025-09-01,KALLANG/WHAMPOA,5 ROOM,53,GEYLANG BAHRU,10 TO 12,117,Standard,1974,47 years 11 months,750000,10,44,743724.15114389
2025-09-01,KALLANG/WHAMPOA,5 ROOM,59C,GEYLANG BAHRU,16 TO 18,120,Improved,1998,72 years 04 months,1050000,16,44,952089.31034605
2025-07-01,KALLANG/WHAMPOA,5 ROOM,10,JLN BATU,10 TO 12,131,Improved,1986,59 years 07 months,950000,10,44,923114.7448709444
2025-09-01,KALLANG/WHAMPOA,5 ROOM,11,JLN BATU,07 TO 09,129,Improved,1986,59 years 04 months,980000,7,44,940514.1947907519
2025-09-01,KALLANG/WHAMPOA,5 ROOM,102,JLN DUSUN,04 TO 06,118,Improved,1981,55 years 03 months,862000,4,44,871854.5630423442
2025-09-01,KALLANG/WHAMPOA,5 ROOM,18,JLN TENTERAM,13 TO 15,105,Improved,2004,77 years 11 months,860000,13,44,937584.7465419428
2025-09-01,KALLANG/WHAMPOA,5 ROOM,108C,MCNAIR RD,28 TO 30,119,Improved,2005,78 years 05 months,1200000,28,44,1011280.0888277699
2025-08-01,KALLANG/WHAMPOA,5 ROOM,12,NTH BRIDGE RD,22 TO 24,114,Standard,1975,48 years 05 months,825000,22,44,805751.8112643278
2025-09-01,KALLANG/WHAMPOA,5 ROOM,467,NTH BRIDGE RD,13 TO 15,120,Adjoined flat,1978,52 years 02 months,875000,13,44,968633.0846338373
2025-07-01,KALLANG/WHAMPOA,5 ROOM,14,UPP BOON KENG RD,07 TO 09,122,Improved,1999,72 years 10 months,1070000,7,44,941187.5162926262
2025-07-01,KALLANG/WHAMPOA,5 ROOM,38,UPP BOON KENG RD,10 TO 12,114,Standard,1976,50 years 01 month,650000,10,44,763552.455968585
2025-08-01,KALLANG/WHAMPOA,5 ROOM,3B,UPP BOON KENG RD,07 TO 09,110,Improved,2006,80 years 01 month,1120000,7,44,1020106.0220261128
2025-08-01,KALLANG/WHAMPOA,5 ROOM,2C,UPP BOON KENG RD,04 TO 06,110,Improved,2006,80 years 03 months,1000000,4,44,979936.8444188717
2025-08-01,KALLANG/WHAMPOA,5 ROOM,3A,UPP BOON KENG RD,04 TO 06,110,Improved,2006,80 years 02 months,1038000,4,44,979936.8444188717
2025-09-01,KALLANG/WHAMPOA,5 ROOM,8B,UPP BOON KENG RD,04 TO 06,116,Premium Apartment,2017,90 years 10 months,1330000,4,44,917912.9718105599
2025-07-01,KALLANG/WHAMPOA,5 ROOM,113,WHAMPOA RD,04 TO 06,121,Improved,1994,68 years 06 months,930000,4,44,910303.6223171267
2025-07-01,KALLANG/WHAMPOA,5 ROOM,110,WHAMPOA RD,04 TO 06,122,Improved,1997,71 years 05 months,830000,4,44,917667.6240099476
2025-08-01,KALLANG/WHAMPOA,5 ROOM,114,WHAMPOA RD,01 TO 03,131,Model A,1995,69 years 01 month,755000,1,44,869011.5198301229
2025-07-01,KALLANG/WHAMPOA,EXECUTIVE,11,JLN BATU,07 TO 09,141,Apartment,1986,59 years 07 months,1128000,7,44,1057199.7982899174
2025-07-01,KALLANG/WHAMPOA,EXECUTIVE,105,JLN RAJAH,04 TO 06,150,Maisonette,1984,58 years 01 month,1050000,4,44,1047078.1101287365
2025-07-01,KALLANG/WHAMPOA,EXECUTIVE,106,JLN RAJAH,04 TO 06,150,Maisonette,1984,58 years 02 months,935000,4,44,1047078.1101287365
2025-07-01,KALLANG/WHAMPOA,EXECUTIVE,105,JLN RAJAH,01 TO 03,150,Maisonette,1984,58 years,880000,1,44,992584.0662484067
2025-08-01,KALLANG/WHAMPOA,EXECUTIVE,108,JLN RAJAH,01 TO 03,154,Maisonette,1984,58 years 05 months,970000,1,44,1026905.9292049271
2025-09-01,KALLANG/WHAMPOA,EXECUTIVE,105,JLN RAJAH,01 TO 03,150,Maisonette,1984,57 years 11 months,935000,1,44,992584.0662484067
2025-07-01,KALLANG/WHAMPOA,EXECUTIVE,110,MCNAIR RD,04 TO 06,158,Apartment,1987,61 years 06 months,1180000,4,44,1094094.0175001856
2025-09-01,KALLANG/WHAMPOA,EXECUTIVE,110,MCNAIR RD,07 TO 09,144,Apartment,1987,61 years 04 months,1180000,7,44,1096029.068366897
2025-07-01,MARINE PARADE,2 ROOM,15,MARINE TER,01 TO 03,52,Improved,1975,48 years 08 months,350000,1,44,363246.5595400324
2025-07-01,MARINE PARADE,3 ROOM,33,MARINE CRES,10 TO 12,76,Improved,1975,48 years 11 months,582000,10,44,526276.2213926193
2025-07-01,MARINE PARADE,3 ROOM,47,MARINE CRES,01 TO 03,65,Improved,1975,49 years,460000,1,44,433876.20785355277
2025-07-01,MARINE PARADE,3 ROOM,47,MARINE CRES,10 TO 12,65,Improved,1975,48 years 11 months,465000,10,44,467563.690239827
2025-07-01,MARINE PARADE,3 ROOM,30,MARINE CRES,16 TO 18,65,Improved,1975,48 years 10 months,500000,16,44,480468.54634155246
2025-08-01,MARINE PARADE,3 ROOM,34,MARINE CRES,01 TO 03,59,Improved,1975,48 years 10 months,410000,1,44,401401.25066933397
2025-08-01,MARINE PARADE,3 ROOM,32,MARINE CRES,16 TO 18,65,Improved,1975,48 years 10 months,490000,16,44,480468.54634155246
2025-08-01,MARINE PARADE,3 ROOM,30,MARINE CRES,10 TO 12,65,Improved,1975,48 years 10 months,470000,10,44,467563.690239827
2025-08-01,MARINE PARADE,3 ROOM,46,MARINE CRES,04 TO 06,76,Improved,1975,48 years 10 months,500000,4,44,491807.0779362111
2025-08-01,MARINE PARADE,3 ROOM,31,MARINE CRES,04 TO 06,65,Improved,1975,48 years 10 months,450000,4,44,444185.62256483774
2025-09-01,MARINE PARADE,3 ROOM,47,MARINE CRES,10 TO 12,76,Improved,1975,48 years 10 months,528000,10,44,526276.2213926193
2025-09-01,MARINE PARADE,3 ROOM,47,MARINE CRES,04 TO 06,76,Improved,1975,48 years 10 months,500000,4,44,491807.0779362111
2025-09-01,MARINE PARADE,3 ROOM,34,MARINE CRES,04 TO 06,71,Improved,1975,48 years 08 months,410000,4,44,462659.7757653757
2025-07-01,MARINE PARADE,3 ROOM,67,MARINE DR,16 TO 18,65,Improved,1976,49 years 09 months,520000,16,44,480468.54634155246
2025-07-01,MARINE PARADE,3 ROOM,65,MARINE DR,04 TO 06,65,Improved,1976,49 years 09 months,457000,4,44,444185.62256483774
2025-07-01,MARINE PARADE,3 ROOM,65,MARINE DR,07 TO 09,65,Improved,1976,49 years 09 months,503000,7,44,458217.7996803241
2025-09-01,MARINE PARADE,3 ROOM,65,MARINE DR,04 TO 06,65,Improved,1976,49 years 07 months,490000,4,44,444185.62256483774
2025-09-01,MARINE PARADE,3 ROOM,66,MARINE DR,10 TO 12,76,Improved,1976,49 years 06 months,535000,10,44,526276.2213926193
2025-07-01,MARINE PARADE,3 ROOM,5,MARINE TER,04 TO 06,65,Improved,1975,48 years 07 months,475000,4,44,444185.62256483774
2025-07-01,MARINE PARADE,3 ROOM,6,MARINE TER,04 TO 06,65,Improved,1975,48 years 07 months,468000,4,44,444185.62256483774
2025-07-01,MARINE PARADE,3 ROOM,20,MARINE TER,10 TO 12,65,Improved,1975,48 years 06 months,488000,10,44,467563.690239827
2025-08-01,MARINE PARADE,3 ROOM,4,MARINE TER,04 TO 06,65,Improved,1975,48 years 06 months,450000,4,44,444185.62256483774
2025-08-01,MARINE PARADE,3 ROOM,57,MARINE TER,04 TO 06,65,Improved,1975,48 years 08 months,443888,4,44,444185.62256483774
2025-08-01,MARINE PARADE,3 ROOM,20,MARINE TER,10 TO 12,77,Improved,1975,48 years 06 months,469000,10,44,516722.34059191187
2025-08-01,MARINE PARADE,3 ROOM,6,MARINE TER,01 TO 03,65,Improved,1975,48 years 06 months,465000,1,44,433876.20785355277
2025-09-01,MARINE PARADE,3 ROOM,6,MARINE TER,10 TO 12,76,Improved,1975,48 years 04 months,562000,10,44,526276.2213926193
2025-09-01,MARINE PARADE,3 ROOM,7,MARINE TER,07 TO 09,59,Improved,1975,48 years 05 months,480000,7,44,431890.45883341896
2025-09-01,MARINE PARADE,3 ROOM,58,MARINE TER,04 TO 06,76,Improved,1975,48 years 07 months,480000,4,44,491807.0779362111
2025-09-01,MARINE PARADE,3 ROOM,19,MARINE TER,07 TO 09,65,Improved,1975,48 years 04 months,512000,7,44,458217.7996803241
2025-07-01,MARINE PARADE,4 ROOM,75,MARINE DR,07 TO 09,82,Improved,1976,50 years,688000,7,44,624057.5039225736
2025-09-01,MARINE PARADE,4 ROOM,63,MARINE DR,10 TO 12,87,Improved,1976,49 years 05 months,730000,10,44,637672.7420599508
2025-09-01,MARINE PARADE,4 ROOM,75,MARINE DR,07 TO 09,82,Improved,1976,49 years 09 months,688000,7,44,624057.5039225736
2025-09-01,MARINE PARADE,4 ROOM,62,MARINE DR,10 TO 12,87,Improved,1976,49 years 04 months,666666,10,44,637672.7420599508
2025-09-01,MARINE PARADE,4 ROOM,75,MARINE DR,13 TO 15,82,Improved,1976,49 years 09 months,700000,13,44,649812.4462864692
2025-07-01,MARINE PARADE,4 ROOM,55,MARINE TER,01 TO 03,88,Improved,1975,48 years 07 months,570000,1,44,592816.2679189842
2025-09-01,MARINE PARADE,4 ROOM,55,MARINE TER,13 TO 15,88,Improved,1975,48 years 05 months,680000,13,44,643339.5354372712
2025-07-01,MARINE PARADE,5 ROOM,44,MARINE CRES,01 TO 03,117,Standard,1975,49 years 05 months,775000,1,44,786546.5317332248
2025-08-01,MARINE PARADE,5 ROOM,28,MARINE CRES,16 TO 18,126,Standard,1975,48 years 07 months,940000,16,44,960078.9437198169
2025-09-01,MARINE PARADE,5 ROOM,29,MARINE CRES,10 TO 12,120,Standard,1975,48 years 06 months,980000,10,44,905665.7593531563
2025-07-01,MARINE PARADE,5 ROOM,78,MARINE DR,07 TO 09,120,Standard,1977,50 years 07 months,980000,7,44,885925.6119510945
2025-07-01,MARINE PARADE,5 ROOM,73,MARINE DR,19 TO 21,120,Standard,1977,50 years 06 months,1160000,19,44,1007308.224075166
2025-09-01,MARINE PARADE,5 ROOM,72,MARINE DR,13 TO 15,122,Standard,1977,50 years 05 months,1020000,13,44,996637.8934333167
2025-09-01,MARINE PARADE,5 ROOM,77,MARINE DR,19 TO 21,117,Standard,1977,50 years 05 months,1000000,19,44,943894.3334114176
2025-07-01,MARINE PARADE,5 ROOM,1,MARINE TER,04 TO 06,117,Standard,1975,48 years 07 months,880000,4,44,791086.5760660304
2025-07-01,MARINE PARADE,5 ROOM,2,MARINE TER,04 TO 06,120,Standard,1975,48 years 06 months,850000,4,44,840594.9970495055
2025-07-01,MARINE PARADE,5 ROOM,3,MARINE TER,04 TO 06,122,Standard,1975,48 years 06 months,850000,4,44,848153.7532185876
2025-09-01,MARINE PARADE,5 ROOM,1,MARINE TER,10 TO 12,122,Standard,1975,48 years 05 months,1000000,10,44,920068.8306572189
2025-09-01,MARINE PARADE,5 ROOM,12,MARINE TER,16 TO 18,120,Standard,1975,48 years 04 months,1018000,16,44,967173.3559536705
2025-07-01,PASIR RIS,2 ROOM,142,PASIR RIS ST 11,01 TO 03,55,2-room,1994,67 years 09 months,325000,1,44,359953.17434052227
2025-07-01,PASIR RIS,2 ROOM,527B,PASIR RIS ST 51,13 TO 15,47,Model A,2015,89 years,405000,13,44,422731.8326169569
2025-08-01,PASIR RIS,2 ROOM,527B,PASIR RIS ST 51,10 TO 12,47,Model A,2015,88 years 11 months,394000,10,44,411335.2034201753
2025-09-01,PASIR RIS,2 ROOM,527B,PASIR RIS ST 51,10 TO 12,47,Model A,2015,88 years 11 months,430000,10,44,411335.2034201753
2025-08-01,PASIR RIS,3 ROOM,1,CHANGI VILLAGE RD,01 TO 03,66,Improved,1980,53 years 11 months,320000,1,44,358599.58454704174
2025-07-01,PASIR RIS,3 ROOM,530A,PASIR RIS DR 1,04 TO 06,65,DBSS,2015,88 years 11 months,620000,4,44,610106.2254322531
2025-07-01,PASIR RIS,3 ROOM,528A,PASIR RIS ST 51,07 TO 09,68,Model A,2015,89 years,605000,7,44,583339.9017478274
2025-08-01,PASIR RIS,3 ROOM,527C,PASIR RIS ST 51,10 TO 12,68,Model A,2015,88 years 11 months,606888,10,44,585516.9937251236
2025-08-01,PASIR RIS,3 ROOM,527B,PASIR RIS ST 51,07 TO 09,68,Model A,2015,88 years 11 months,602000,7,44,583339.9017478274
2025-08-01,PASIR RIS,3 ROOM,527D,PASIR RIS ST 51,10 TO 12,68,Model A,2015,88 years 11 months,620000,10,44,585516.9937251236
2025-08-01,PASIR RIS,3 ROOM,528A,PASIR RIS ST 51,04 TO 06,68,Model A,2015,88 years 11 months,585000,4,44,567438.2314744977
2025-07-01,PASIR RIS,4 ROOM,612,ELIAS RD,04 TO 06,110,Model A,1995,69 years 01 month,620000,4,44,624848.7690356087
2025-08-01,PASIR RIS,4 ROOM,613,ELIAS RD,07 TO 09,111,Model A,1996,70 years,640000,7,44,646764.3946078062
2025-09-01,PUNGGOL,2 ROOM,224C,SUMANG LANE,16 TO 18,48,Model A,2018,92 years 04 months,430000,16,44,388825.2719675443
2025-07-01,PASIR RIS,4 ROOM,640,PASIR RIS DR 1,04 TO 06,104,Model A,1995,68 years 10 months,642000,4,44,621978.7374472738
2025-07-01,PASIR RIS,4 ROOM,530C,PASIR RIS DR 1,04 TO 06,86,DBSS,2015,89 years,870000,4,44,804044.6751802206
2025-07-01,PASIR RIS,4 ROOM,640,PASIR RIS DR 1,01 TO 03,104,Model A,1995,68 years 10 months,620000,1,44,608076.5730592117
2025-07-01,PASIR RIS,4 ROOM,530B,PASIR RIS DR 1,04 TO 06,86,DBSS,2015,88 years 11 months,795888,4,44,804044.6751802206
2025-07-01,PASIR RIS,4 ROOM,530A,PASIR RIS DR 1,07 TO 09,86,DBSS,2015,88 years 11 months,820000,7,44,833610.9411822775
2025-08-01,PASIR RIS,4 ROOM,639,PASIR RIS DR 1,07 TO 09,104,Model A,1995,68 years 11 months,646000,7,44,629291.5577678618
2025-08-01,PASIR RIS,4 ROOM,640,PASIR RIS DR 1,07 TO 09,104,Model A,1995,68 years 09 months,628000,7,44,629291.5577678618
2025-08-01,PASIR RIS,4 ROOM,530C,PASIR RIS DR 1,04 TO 06,86,DBSS,2015,88 years 09 months,750000,4,44,804044.6751802206
2025-09-01,PASIR RIS,4 ROOM,639,PASIR RIS DR 1,13 TO 15,104,Model A,1995,68 years 10 months,655000,13,44,654684.6643367674
2025-09-01,PASIR RIS,4 ROOM,640,PASIR RIS DR 1,10 TO 12,104,Model A,1995,68 years 07 months,633000,10,44,631858.9766473761
2025-07-01,PASIR RIS,4 ROOM,738,PASIR RIS DR 10,01 TO 03,103,Model A,1996,70 years 01 month,600000,1,44,606152.8507195107
2025-07-01,PASIR RIS,4 ROOM,703,PASIR RIS DR 10,07 TO 09,112,Model A,1996,69 years 06 months,631888,7,44,652872.4490023135
2025-09-01,PASIR RIS,4 ROOM,701,PASIR RIS DR 10,10 TO 12,112,Model A,1996,69 years 05 months,653888,10,44,678622.8432515503
2025-07-01,PASIR RIS,4 ROOM,633,PASIR RIS DR 3,01 TO 03,104,Model A,1995,68 years 11 months,610000,1,44,608076.5730592117
2025-07-01,PASIR RIS,4 ROOM,484,PASIR RIS DR 4,01 TO 03,105,Model A,1992,66 years 06 months,560000,1,44,610223.2333666192
2025-07-01,PASIR RIS,4 ROOM,478,PASIR RIS DR 4,01 TO 03,105,Model A,1992,66 years 05 months,640000,1,44,610223.2333666192
2025-08-01,PASIR RIS,4 ROOM,232,PASIR RIS DR 4,01 TO 03,107,Model A,1993,67 years,640000,1,44,607361.7607040723
2025-08-01,PASIR RIS,4 ROOM,440,PASIR RIS DR 4,07 TO 09,103,Model A,1989,62 years 09 months,630888,7,44,614938.191738628
2025-09-01,PASIR RIS,4 ROOM,487,PASIR RIS DR 4,01 TO 03,104,Model A,1992,66 years 04 months,590000,1,44,608076.5730592117
2025-07-01,PASIR RIS,4 ROOM,427,PASIR RIS DR 6,04 TO 06,104,Model A,1988,62 years 04 months,628000,4,44,621978.7374472738
2025-07-01,PASIR RIS,4 ROOM,446,PASIR RIS DR 6,04 TO 06,109,Model A,1989,63 years 04 months,613000,4,44,623066.997434491
2025-08-01,PASIR RIS,4 ROOM,442,PASIR RIS DR 6,01 TO 03,103,Model A,1989,62 years 11 months,595000,1,44,606152.8507195107
2025-08-01,PASIR RIS,4 ROOM,417,PASIR RIS DR 6,04 TO 06,114,Model A,1990,63 years 05 months,648000,4,44,646070.5816090188
2025-09-01,PASIR RIS,4 ROOM,416,PASIR RIS DR 6,01 TO 03,105,Model A,1989,63 years 04 months,655000,1,44,610223.2333666192
2025-09-01,PASIR RIS,4 ROOM,405,PASIR RIS DR 6,10 TO 12,106,Model A,1989,63 years 03 months,633000,10,44,637218.6914263661
2025-09-01,PASIR RIS,4 ROOM,416,PASIR RIS DR 6,10 TO 12,103,Model A,1989,63 years 03 months,676888,10,44,623825.8422829077
2025-09-01,PASIR RIS,4 ROOM,426,PASIR RIS DR 6,07 TO 09,84,Simplified,1988,62 years 01 month,560000,7,44,565934.9131227311
2025-09-01,PASIR RIS,4 ROOM,427,PASIR RIS DR 6,04 TO 06,104,Model A,1988,62 years 02 months,624000,4,44,621978.7374472738
2025-09-01,PASIR RIS,4 ROOM,417,PASIR RIS DR 6,01 TO 03,105,Model A,1990,63 years 04 months,620000,1,44,610223.2333666192
2025-07-01,PASIR RIS,4 ROOM,109,PASIR RIS ST 11,10 TO 12,113,Model A,1990,64 years 03 months,695000,10,44,670582.5048783156
2025-07-01,PASIR RIS,4 ROOM,185,PASIR RIS ST 11,07 TO 09,106,Model A,1993,67 years 01 month,628000,7,44,633867.6410842476
2025-07-01,PASIR RIS,4 ROOM,142,PASIR RIS ST 11,04 TO 06,108,Model A,1994,67 years 10 months,600000,4,44,621306.3047267925
2025-07-01,PASIR RIS,4 ROOM,110,PASIR RIS ST 11,04 TO 06,106,Model A,1990,63 years 10 months,618178,4,44,621395.1054642022
2025-07-01,PASIR RIS,4 ROOM,126,PASIR RIS ST 11,07 TO 09,105,Model A,1989,62 years 11 months,622888,7,44,633095.9852087841
2025-09-01,PASIR RIS,4 ROOM,117,PASIR RIS ST 11,01 TO 03,111,Model A,1990,63 years 07 months,630000,1,44,611522.9416364852
2025-09-01,PASIR RIS,4 ROOM,143,PASIR RIS ST 11,04 TO 06,106,Model A,1995,68 years 04 months,615000,4,44,621395.1054642022
2025-07-01,PASIR RIS,4 ROOM,103,PASIR RIS ST 12,04 TO 06,103,Model A,1989,62 years 10 months,615000,4,44,616996.4381850433
2025-08-01,PASIR RIS,4 ROOM,102,PASIR RIS ST 12,10 TO 12,103,Model A,1988,62 years 05 months,608888,10,44,623825.8422829077
2025-08-01,PASIR RIS,4 ROOM,104,PASIR RIS ST 12,01 TO 03,104,Model A,1989,62 years 08 months,620000,1,44,608076.5730592117
2025-09-01,PASIR RIS,4 ROOM,104,PASIR RIS ST 12,04 TO 06,104,Model A,1989,62 years 08 months,618000,4,44,621978.7374472738
2025-07-01,PASIR RIS,4 ROOM,148,PASIR RIS ST 13,07 TO 09,115,Model A,1995,68 years 07 months,600000,7,44,655352.8993410869
2025-07-01,PASIR RIS,4 ROOM,256,PASIR RIS ST 21,04 TO 06,107,Model A,1993,67 years 06 months,610000,4,44,619908.3567580738
2025-07-01,PASIR RIS,4 ROOM,214,PASIR RIS ST 21,10 TO 12,106,Model A,1993,67 years 01 month,625000,10,44,637218.6914263661
2025-08-01,PASIR RIS,4 ROOM,275,PASIR RIS ST 21,01 TO 03,107,Model A,1994,68 years 01 month,575000,1,44,607361.7607040723
2025-08-01,PASIR RIS,4 ROOM,216,PASIR RIS ST 21,01 TO 03,107,Model A,1993,66 years 11 months,615000,1,44,607361.7607040723
2025-09-01,PASIR RIS,4 ROOM,229,PASIR RIS ST 21,10 TO 12,107,Model A,1993,66 years 10 months,630000,10,44,636607.1782435973
2025-07-01,PASIR RIS,4 ROOM,569,PASIR RIS ST 51,10 TO 12,104,Model A,1992,66 years 06 months,710000,10,44,631858.9766473761
2025-07-01,PASIR RIS,4 ROOM,526D,PASIR RIS ST 51,13 TO 15,93,Model A,2015,89 years 01 month,760000,13,44,746119.9684394767
2025-07-01,PASIR RIS,4 ROOM,551,PASIR RIS ST 51,10 TO 12,104,Model A,1992,66 years 05 months,700000,10,44,631858.9766473761
2025-07-01,PASIR RIS,4 ROOM,526A,PASIR RIS ST 51,01 TO 03,93,Model A,2015,89 years,696000,1,44,679908.2448548399
2025-07-01,PASIR RIS,4 ROOM,528C,PASIR RIS ST 51,01 TO 03,93,Model A,2015,89 years,735000,1,44,679908.2448548399
2025-08-01,PASIR RIS,4 ROOM,526C,PASIR RIS ST 51,10 TO 12,93,Model A,2015,88 years 11 months,772888,10,44,737560.5437734767
2025-08-01,PASIR RIS,4 ROOM,554,PASIR RIS ST 51,04 TO 06,104,Model A,1992,66 years 04 months,690000,4,44,621978.7374472738
2025-09-01,PASIR RIS,4 ROOM,526D,PASIR RIS ST 51,07 TO 09,93,Model A,2015,88 years 10 months,758000,7,44,735220.6337365708
2025-09-01,PASIR RIS,4 ROOM,526A,PASIR RIS ST 51,07 TO 09,93,Model A,2015,88 years 10 months,760000,7,44,735220.6337365708
2025-09-01,PASIR RIS,4 ROOM,569,PASIR RIS ST 51,07 TO 09,104,Model A,1992,66 years 03 months,716000,7,44,629291.5577678618
2025-08-01,PASIR RIS,4 ROOM,520,PASIR RIS ST 52,04 TO 06,106,Model A,1993,67 years 05 months,628000,4,44,621395.1054642022
2025-08-01,PASIR RIS,4 ROOM,513,PASIR RIS ST 52,07 TO 09,106,Model A,1993,67 years 04 months,673000,7,44,633867.6410842476
2025-09-01,PASIR RIS,4 ROOM,517,PASIR RIS ST 52,01 TO 03,106,Model A,1993,67 years 04 months,645000,1,44,609341.1790694324
2025-07-01,PASIR RIS,4 ROOM,570,PASIR RIS ST 53,04 TO 06,108,Model A,1995,69 years 04 months,720000,4,44,621306.3047267925
2025-07-01,PASIR RIS,4 ROOM,765,PASIR RIS ST 71,07 TO 09,107,Model A,1996,70 years,638000,7,44,633645.6564676521
2025-07-01,PASIR RIS,4 ROOM,746,PASIR RIS ST 71,10 TO 12,108,Model A,1996,70 years 04 months,668000,10,44,639088.8265351511
2025-08-01,PASIR RIS,4 ROOM,751,PASIR RIS ST 71,04 TO 06,105,Model A,1996,70 years 04 months,650000,4,44,621193.8572920732
2025-08-01,PASIR RIS,4 ROOM,773,PASIR RIS ST 71,01 TO 03,104,Model A,1996,70 years,610000,1,44,608076.5730592117
2025-08-01,PASIR RIS,4 ROOM,756,PASIR RIS ST 71,13 TO 15,106,Model A,1996,70 years 03 months,655000,13,44,658363.1928337789
2025-09-01,PASIR RIS,4 ROOM,749,PASIR RIS ST 71,07 TO 09,104,Model A,1996,70 years 03 months,665000,7,44,629291.5577678618
2025-09-01,PASIR RIS,4 ROOM,777,PASIR RIS ST 71,04 TO 06,106,Model A,1996,70 years 02 months,630888,4,44,621395.1054642022
2025-09-01,PASIR RIS,4 ROOM,747,PASIR RIS ST 71,07 TO 09,105,Model A,1996,70 years 02 months,628000,7,44,633095.9852087841
2025-07-01,PASIR RIS,4 ROOM,718,PASIR RIS ST 72,04 TO 06,111,Model A,1996,70 years,650000,4,44,626368.4204583484
2025-07-01,PASIR RIS,5 ROOM,615,ELIAS RD,01 TO 03,128,Improved,1996,70 years 01 month,755000,1,44,713783.9892471152
2025-07-01,PASIR RIS,5 ROOM,615,ELIAS RD,01 TO 03,129,Improved,1996,70 years,740000,1,44,714067.581266033
2025-07-01,PASIR RIS,5 ROOM,612,ELIAS RD,04 TO 06,128,Improved,1995,69 years,740000,4,44,727968.9524174465
2025-08-01,PASIR RIS,5 ROOM,615,ELIAS RD,10 TO 12,129,Improved,1996,70 years,770000,10,44,747934.9964713588
2025-09-01,PASIR RIS,5 ROOM,611,ELIAS RD,10 TO 12,135,Model A,1995,68 years 11 months,875000,10,44,745331.5944727947
2025-07-01,PASIR RIS,5 ROOM,636,PASIR RIS DR 1,10 TO 12,122,Improved,1995,68 years 10 months,765000,10,44,731684.8838006026
2025-07-01,PASIR RIS,5 ROOM,639,PASIR RIS DR 1,07 TO 09,122,Improved,1995,69 years,745000,7,44,727039.475238873
2025-08-01,PASIR RIS,5 ROOM,707,PASIR RIS DR 10,04 TO 06,124,Improved,1996,69 years 05 months,732888,4,44,722395.354733876
2025-09-01,PASIR RIS,5 ROOM,739,PASIR RIS DR 10,01 TO 03,127,Improved,1996,70 years 01 month,720000,1,44,713786.4812222259
2025-08-01,PASIR RIS,5 ROOM,629,PASIR RIS DR 3,01 TO 03,121,Improved,1995,68 years 09 months,700000,1,44,700400.8493985939
2025-09-01,PASIR RIS,5 ROOM,629,PASIR RIS DR 3,04 TO 06,122,Improved,1995,68 years 09 months,700000,4,44,716841.0201300195
2025-07-01,PASIR RIS,5 ROOM,231,PASIR RIS DR 4,07 TO 09,125,Improved,1993,66 years 11 months,740000,7,44,726469.7634441542
2025-08-01,PASIR RIS,5 ROOM,483,PASIR RIS DR 4,10 TO 12,122,Improved,1989,63 years 01 month,700000,10,44,731684.8838006026
2025-08-01,PASIR RIS,5 ROOM,417,PASIR RIS DR 6,04 TO 06,122,Improved,1990,63 years 05 months,740000,4,44,716841.0201300195
2025-09-01,PASIR RIS,5 ROOM,429,PASIR RIS DR 6,10 TO 12,123,Improved,1990,63 years 05 months,745000,10,44,741774.1115762163
2025-07-01,PASIR RIS,5 ROOM,182,PASIR RIS ST 11,10 TO 12,123,Improved,1993,67 years,725000,10,44,741774.1115762163
2025-08-01,PASIR RIS,5 ROOM,113,PASIR RIS ST 11,13 TO 15,129,Improved,1990,63 years 09 months,750000,13,44,775952.86964919
2025-08-01,PASIR RIS,5 ROOM,187,PASIR RIS ST 11,01 TO 03,140,Model A,1993,66 years 11 months,770000,1,44,737050.2881397917
2025-08-01,PASIR RIS,5 ROOM,141,PASIR RIS ST 11,07 TO 09,134,Model A,1995,68 years 05 months,778888,7,44,732991.9838636736
2025-08-01,PASIR RIS,5 ROOM,113,PASIR RIS ST 11,01 TO 03,131,Improved,1990,63 years 08 months,720000,1,44,714408.2111416316
2025-09-01,PASIR RIS,5 ROOM,125,PASIR RIS ST 11,07 TO 09,123,Improved,1989,62 years 07 months,725000,7,44,729960.2500006157
2025-09-01,PASIR RIS,5 ROOM,143,PASIR RIS ST 11,07 TO 09,125,Improved,1995,68 years 04 months,750000,7,44,726469.7634441542
2025-09-01,PASIR RIS,5 ROOM,145,PASIR RIS ST 11,04 TO 06,127,Improved,1994,67 years 07 months,700000,4,44,725163.0730000568
2025-08-01,PASIR RIS,5 ROOM,192,PASIR RIS ST 12,07 TO 09,128,Improved,1993,67 years 02 months,775888,7,44,735466.8115474094
2025-08-01,PASIR RIS,5 ROOM,193,PASIR RIS ST 12,01 TO 03,126,Improved,1993,67 years 01 month,700000,1,44,715577.2497528748
2025-07-01,PASIR RIS,5 ROOM,147,PASIR RIS ST 13,07 TO 09,127,Improved,1995,68 years 08 months,720000,7,44,727218.0037748344
2025-07-01,PASIR RIS,5 ROOM,149,PASIR RIS ST 13,07 TO 09,126,Improved,1995,68 years 08 months,680000,7,44,726529.7743933194
2025-09-01,PASIR RIS,5 ROOM,147,PASIR RIS ST 13,04 TO 06,128,Improved,1995,68 years 06 months,760000,4,44,727968.9524174465
2025-07-01,PASIR RIS,5 ROOM,255,PASIR RIS ST 21,04 TO 06,128,Improved,1993,67 years 06 months,740000,4,44,727968.9524174465
2025-07-01,PASIR RIS,5 ROOM,227,PASIR RIS ST 21,13 TO 15,124,Improved,1993,67 years,680000,13,44,758854.9058943598
2025-07-01,PASIR RIS,5 ROOM,252,PASIR RIS ST 21,04 TO 06,128,Improved,1993,67 years 05 months,690000,4,44,727968.9524174465
2025-08-01,PASIR RIS,5 ROOM,213,PASIR RIS ST 21,10 TO 12,126,Improved,1993,67 years,735888,10,44,742438.8578855146
2025-08-01,PASIR RIS,5 ROOM,253,PASIR RIS ST 21,07 TO 09,120,Improved,1993,67 years 05 months,728888,7,44,718574.4108130016
2025-09-01,PASIR RIS,5 ROOM,273,PASIR RIS ST 21,01 TO 03,126,Improved,1994,67 years 07 months,710000,1,44,715577.2497528748
2025-09-01,PASIR RIS,5 ROOM,230,PASIR RIS ST 21,10 TO 12,126,Improved,1993,66 years 10 months,708000,10,44,742438.8578855146
2025-07-01,PASIR RIS,5 ROOM,568,PASIR RIS ST 51,04 TO 06,123,Improved,1992,66 years 06 months,827000,4,44,718492.4533218383
2025-07-01,PASIR RIS,5 ROOM,557,PASIR RIS ST 51,01 TO 03,123,Improved,1993,66 years 11 months,768000,1,44,714506.9659537105
2025-07-01,PASIR RIS,5 ROOM,524C,PASIR RIS ST 51,07 TO 09,113,Improved,2015,89 years,930000,7,44,800289.3986018924
2025-08-01,PASIR RIS,5 ROOM,565,PASIR RIS ST 51,04 TO 06,121,Improved,1992,66 years 05 months,735000,4,44,714029.8237156331
2025-07-01,PASIR RIS,5 ROOM,518,PASIR RIS ST 52,07 TO 09,133,Model A,1993,67 years 06 months,828800,7,44,730629.9631073801
2025-07-01,PASIR RIS,5 ROOM,513,PASIR RIS ST 52,04 TO 06,128,Improved,1993,67 years 06 months,760000,4,44,727968.9524174465
2025-07-01,PASIR RIS,5 ROOM,518,PASIR RIS ST 52,07 TO 09,129,Improved,1993,67 years 06 months,845000,7,44,741394.0034711291
2025-09-01,PASIR RIS,5 ROOM,513,PASIR RIS ST 52,10 TO 12,129,Improved,1993,67 years 04 months,815000,10,44,747934.9964713588
2025-07-01,PASIR RIS,5 ROOM,768,PASIR RIS ST 71,13 TO 15,128,Improved,1996,70 years 01 month,750000,13,44,776384.0452645818
2025-07-01,PASIR RIS,5 ROOM,749,PASIR RIS ST 71,01 TO 03,126,Improved,1996,70 years 04 months,660000,1,44,715577.2497528748
2025-08-01,PASIR RIS,5 ROOM,769,PASIR RIS ST 71,07 TO 09,125,Improved,1996,70 years 01 month,722000,7,44,726469.7634441542
2025-08-01,PASIR RIS,5 ROOM,769,PASIR RIS ST 71,16 TO 18,125,Improved,1996,70 years 01 month,820000,16,44,778876.8048299783
2025-09-01,PASIR RIS,5 ROOM,760,PASIR RIS ST 71,01 TO 03,128,Improved,1996,70 years 01 month,680000,1,44,713783.9892471152
2025-07-01,PASIR RIS,EXECUTIVE,605,ELIAS RD,07 TO 09,154,Apartment,1995,68 years 09 months,970000,7,44,932210.093846356
2025-07-01,PASIR RIS,EXECUTIVE,608,ELIAS RD,04 TO 06,155,Apartment,1995,69 years 01 month,990000,4,44,906929.0522073794
2025-08-01,PASIR RIS,EXECUTIVE,607,ELIAS RD,13 TO 15,149,Apartment,1995,69 years,988000,13,44,948251.2197488951
2025-09-01,PASIR RIS,EXECUTIVE,601,ELIAS RD,10 TO 12,154,Apartment,1995,68 years 07 months,1100000,10,44,952532.0311615864
2025-09-01,PASIR RIS,EXECUTIVE,607,ELIAS RD,01 TO 03,155,Apartment,1995,68 years 10 months,950000,1,44,899130.0672465769
2025-09-01,PASIR RIS,EXECUTIVE,609,ELIAS RD,13 TO 15,149,Apartment,1995,68 years 10 months,1035000,13,44,948251.2197488951
2025-08-01,PASIR RIS,EXECUTIVE,536,PASIR RIS DR 1,04 TO 06,150,Apartment,1992,66 years 04 months,985000,4,44,902772.7487389466
2025-08-01,PASIR RIS,EXECUTIVE,531,PASIR RIS DR 1,01 TO 03,148,Maisonette,1992,66 years 04 months,980000,1,44,912060.4237295035
2025-07-01,PASIR RIS,EXECUTIVE,644,PASIR RIS DR 10,07 TO 09,148,Apartment,1995,69 years 03 months,850000,7,44,904660.0371462847
2025-08-01,PASIR RIS,EXECUTIVE,649,PASIR RIS DR 10,10 TO 12,146,Apartment,1995,69 years 01 month,890000,10,44,924792.512250273
2025-07-01,PASIR RIS,EXECUTIVE,456,PASIR RIS DR 4,04 TO 06,148,Apartment,1992,66 years 06 months,905000,4,44,897004.1205288788
2025-09-01,PASIR RIS,EXECUTIVE,459,PASIR RIS DR 4,07 TO 09,146,Apartment,1992,66 years 04 months,880000,7,44,903387.6180490189
2025-09-01,PASIR RIS,EXECUTIVE,460,PASIR RIS DR 4,10 TO 12,142,Apartment,1992,66 years 03 months,905000,10,44,915546.6994689164
2025-07-01,PASIR RIS,EXECUTIVE,418,PASIR RIS DR 6,10 TO 12,149,Maisonette,1989,62 years 09 months,992000,10,44,957249.8923442048
2025-08-01,PASIR RIS,EXECUTIVE,454,PASIR RIS DR 6,04 TO 06,146,Maisonette,1989,63 years 04 months,970000,4,44,921648.6746994843
2025-09-01,PASIR RIS,EXECUTIVE,413,PASIR RIS DR 6,01 TO 03,146,Maisonette,1989,63 years 02 months,959000,1,44,918219.4745419549
2025-07-01,PASIR RIS,EXECUTIVE,111,PASIR RIS ST 11,01 TO 03,154,Maisonette,1990,63 years 10 months,960000,1,44,954875.7086772287
2025-07-01,PASIR RIS,EXECUTIVE,137,PASIR RIS ST 11,01 TO 03,149,Apartment,1994,67 years 09 months,828000,1,44,881312.1194717144
2025-08-01,PASIR RIS,EXECUTIVE,128,PASIR RIS ST 11,04 TO 06,151,Maisonette,1988,62 years 04 months,930000,4,44,934121.9155487755
2025-09-01,PASIR RIS,EXECUTIVE,136,PASIR RIS ST 11,01 TO 03,145,Apartment,1994,68 years 02 months,851000,1,44,870136.6411990246
2025-09-01,PASIR RIS,EXECUTIVE,134,PASIR RIS ST 11,07 TO 09,147,Apartment,1994,67 years 08 months,853000,7,44,902464.4756320514
2025-09-01,PASIR RIS,EXECUTIVE,101,PASIR RIS ST 12,01 TO 03,146,Maisonette,1988,62 years 03 months,925000,1,44,918219.4745419549
2025-07-01,PASIR RIS,EXECUTIVE,160,PASIR RIS ST 13,04 TO 06,149,Apartment,1995,68 years 07 months,880000,4,44,894794.9109438085
2025-08-01,PASIR RIS,EXECUTIVE,155,PASIR RIS ST 13,07 TO 09,147,Apartment,1995,68 years 06 months,850000,7,44,902464.4756320514
2025-07-01,PASIR RIS,EXECUTIVE,271,PASIR RIS ST 21,01 TO 03,146,Apartment,1994,68 years 04 months,850000,1,44,870793.1747512236
2025-08-01,PASIR RIS,EXECUTIVE,238,PASIR RIS ST 21,10 TO 12,147,Apartment,1993,67 years,888000,10,44,926988.1769049697
2025-09-01,PASIR RIS,EXECUTIVE,218,PASIR RIS ST 21,04 TO 06,149,Apartment,1993,66 years 10 months,850000,4,44,894794.9109438085
2025-09-01,PASIR RIS,EXECUTIVE,207,PASIR RIS ST 21,04 TO 06,146,Apartment,1993,67 years 01 month,875000,4,44,900668.7894912682
2025-09-01,PASIR RIS,EXECUTIVE,463,PASIR RIS ST 41,07 TO 09,146,Apartment,1992,66 years 03 months,938000,7,44,903387.6180490189
2025-07-01,PASIR RIS,EXECUTIVE,544,PASIR RIS ST 51,04 TO 06,144,Apartment,1992,66 years 06 months,910000,4,44,894290.3812171001
2025-07-01,PASIR RIS,EXECUTIVE,549,PASIR RIS ST 51,04 TO 06,148,Maisonette,1992,66 years 05 months,980000,4,44,918771.6560637122
2025-08-01,PASIR RIS,EXECUTIVE,538,PASIR RIS ST 51,07 TO 09,143,Apartment,1992,66 years 04 months,943000,7,44,909976.8255334708
2025-09-01,PASIR RIS,EXECUTIVE,549,PASIR RIS ST 51,04 TO 06,157,Maisonette,1992,66 years 03 months,1020000,4,44,971548.2093812053
2025-09-01,PASIR RIS,EXECUTIVE,544,PASIR RIS ST 51,10 TO 12,145,Apartment,1992,66 years 03 months,1015000,10,44,917644.4382199375
2025-07-01,PASIR RIS,EXECUTIVE,504,PASIR RIS ST 52,07 TO 09,145,Apartment,1993,67 years 03 months,908000,7,44,893265.7419353741
2025-07-01,PASIR RIS,EXECUTIVE,504,PASIR RIS ST 52,10 TO 12,145,Apartment,1993,67 years 02 months,1000000,10,44,917644.4382199375
2025-08-01,PASIR RIS,EXECUTIVE,500,PASIR RIS ST 52,04 TO 06,147,Apartment,1993,67 years 05 months,948000,4,44,893820.3542206989
2025-08-01,PASIR RIS,EXECUTIVE,509,PASIR RIS ST 52,07 TO 09,146,Apartment,1993,67 years 01 month,998000,7,44,903387.6180490189
2025-08-01,PASIR RIS,EXECUTIVE,501,PASIR RIS ST 52,04 TO 06,146,Apartment,1993,67 years 05 months,980000,4,44,900668.7894912682
2025-09-01,PASIR RIS,EXECUTIVE,502,PASIR RIS ST 52,10 TO 12,146,Apartment,1993,67 years 03 months,948000,10,44,924792.512250273
2025-07-01,PASIR RIS,EXECUTIVE,716,PASIR RIS ST 72,13 TO 15,148,Apartment,1996,69 years 11 months,1020000,13,44,957448.9090069217
2025-07-01,PASIR RIS,EXECUTIVE,712,PASIR RIS ST 72,10 TO 12,146,Apartment,1996,69 years 11 months,850000,10,44,924792.512250273
2025-09-01,PASIR RIS,EXECUTIVE,714,PASIR RIS ST 72,04 TO 06,148,Apartment,1996,69 years 09 months,850000,4,44,897004.1205288788
2025-08-01,PUNGGOL,2 ROOM,672C,EDGEFIELD PLAINS,04 TO 06,44,Model A,2015,89 years 05 months,380000,4,44,354675.253007884
2025-07-01,PUNGGOL,2 ROOM,405A,NORTHSHORE DR,10 TO 12,47,Model A,2021,94 years 11 months,420000,10,44,381533.85880487
2025-07-01,PUNGGOL,2 ROOM,405B,NORTHSHORE DR,13 TO 15,47,Model A,2021,94 years 10 months,425000,13,44,383553.7624059733
2025-08-01,PUNGGOL,2 ROOM,408A,NORTHSHORE DR,16 TO 18,47,Model A,2021,94 years 09 months,455500,16,44,388451.0347345442
2025-08-01,PUNGGOL,2 ROOM,405B,NORTHSHORE DR,13 TO 15,47,Model A,2021,94 years 10 months,395000,13,44,383553.7624059733
2025-08-01,PUNGGOL,2 ROOM,408A,NORTHSHORE DR,13 TO 15,47,Model A,2021,94 years 09 months,430000,13,44,383553.7624059733
2025-08-01,PUNGGOL,2 ROOM,405A,NORTHSHORE DR,07 TO 09,47,Model A,2021,94 years 09 months,410000,7,44,376736.2632466518
2025-09-01,PUNGGOL,2 ROOM,405A,NORTHSHORE DR,04 TO 06,47,Model A,2021,94 years 09 months,398000,4,44,371354.7957577167
2025-09-01,PUNGGOL,2 ROOM,405A,NORTHSHORE DR,04 TO 06,47,Model A,2021,94 years 09 months,418000,4,44,371354.7957577167
2025-09-01,PUNGGOL,2 ROOM,405B,NORTHSHORE DR,04 TO 06,47,Model A,2021,94 years 09 months,385000,4,44,371354.7957577167
2025-09-01,PUNGGOL,2 ROOM,408B,NORTHSHORE DR,01 TO 03,38,Model A,2021,94 years 08 months,363000,1,44,341206.4584034747
2025-09-01,PUNGGOL,2 ROOM,405A,NORTHSHORE DR,04 TO 06,47,Model A,2021,94 years 08 months,403000,4,44,371354.7957577167
2025-07-01,PUNGGOL,2 ROOM,601D,PUNGGOL CTRL,10 TO 12,50,Model A,2012,86 years,390000,10,44,382103.7614754926
2025-08-01,PUNGGOL,2 ROOM,623A,PUNGGOL CTRL,10 TO 12,46,Model A,2014,87 years 09 months,390000,10,44,374461.5038185798
2025-08-01,PUNGGOL,2 ROOM,622B,PUNGGOL CTRL,16 TO 18,47,Model A,2014,87 years 08 months,400000,16,44,388451.0347345442
2025-08-01,PUNGGOL,2 ROOM,659C,PUNGGOL EAST,13 TO 15,38,Model A,2018,92 years 03 months,355000,13,44,361845.8323712441
2025-07-01,PUNGGOL,2 ROOM,210C,PUNGGOL PL,07 TO 09,46,Model A,2014,88 years 06 months,370000,7,44,373037.67476295127
2025-07-01,PUNGGOL,2 ROOM,210C,PUNGGOL PL,10 TO 12,46,Model A,2014,88 years 05 months,410000,10,44,374461.5038185798
2025-07-01,PUNGGOL,2 ROOM,209C,PUNGGOL PL,16 TO 18,46,Model A,2014,88 years 05 months,395000,16,44,378431.52639945265
2025-07-01,PUNGGOL,2 ROOM,327B,SUMANG WALK,01 TO 03,47,Model A,2018,92 years 05 months,360000,1,44,361402.7914291295
2025-07-01,PUNGGOL,2 ROOM,327B,SUMANG WALK,07 TO 09,47,Model A,2018,92 years 05 months,388000,7,44,376736.2632466518
2025-09-01,PUNGGOL,2 ROOM,256A,SUMANG WALK,16 TO 18,47,Model A,2016,90 years 04 months,425000,16,44,388451.0347345442
2025-09-01,PUNGGOL,2 ROOM,256B,SUMANG WALK,07 TO 09,47,Model A,2016,90 years 03 months,400000,7,44,376736.2632466518
2025-07-01,PUNGGOL,3 ROOM,122A,EDGEDALE PLAINS,16 TO 18,68,Model A,2017,90 years 11 months,530000,16,44,549480.7494939438
2025-07-01,PUNGGOL,3 ROOM,683A,EDGEDALE PLAINS,07 TO 09,68,Premium Apartment,2018,92 years 01 month,550000,7,44,547999.8976728007
2025-07-01,PUNGGOL,3 ROOM,120B,EDGEDALE PLAINS,04 TO 06,68,Model A,2017,90 years 10 months,540000,4,44,518711.8452418157
2025-08-01,PUNGGOL,3 ROOM,684C,EDGEDALE PLAINS,04 TO 06,68,Premium Apartment,2018,92 years,533000,4,44,527436.1655497262
2025-08-01,PUNGGOL,3 ROOM,684C,EDGEDALE PLAINS,16 TO 18,68,Premium Apartment,2018,92 years,570000,16,44,563678.8753933911
2025-09-01,PUNGGOL,3 ROOM,122B,EDGEDALE PLAINS,04 TO 06,68,Model A,2017,90 years 09 months,521000,4,44,518711.8452418157
2025-07-01,PUNGGOL,3 ROOM,672A,EDGEFIELD PLAINS,07 TO 09,65,Model A,2015,89 years 05 months,528000,7,44,529246.4182525206
2025-07-01,PUNGGOL,3 ROOM,673A,EDGEFIELD PLAINS,07 TO 09,65,Model A,2015,89 years 06 months,480000,7,44,529246.4182525206
2025-07-01,PUNGGOL,3 ROOM,672C,EDGEFIELD PLAINS,13 TO 15,65,Model A,2015,89 years 05 months,528000,13,44,537397.2140227592
2025-08-01,PUNGGOL,3 ROOM,672A,EDGEFIELD PLAINS,04 TO 06,65,Model A,2015,89 years 05 months,510000,4,44,512412.50703018607
2025-08-01,PUNGGOL,3 ROOM,670A,EDGEFIELD PLAINS,13 TO 15,68,Premium Apartment,2016,89 years 10 months,558888,13,44,557548.4577084534
2025-08-01,PUNGGOL,3 ROOM,672A,EDGEFIELD PLAINS,04 TO 06,65,Model A,2015,89 years 05 months,498888,4,44,512412.50703018607
2025-08-01,PUNGGOL,3 ROOM,670C,EDGEFIELD PLAINS,10 TO 12,67,Premium Apartment,2016,89 years 10 months,553000,10,44,554468.6920152645
2025-08-01,PUNGGOL,3 ROOM,670A,EDGEFIELD PLAINS,04 TO 06,68,Premium Apartment,2016,89 years 10 months,520000,4,44,527436.1655497262
2025-09-01,PUNGGOL,3 ROOM,670C,EDGEFIELD PLAINS,07 TO 09,68,Premium Apartment,2016,89 years 10 months,548000,7,44,547999.8976728007
2025-07-01,PUNGGOL,3 ROOM,406C,NORTHSHORE DR,19 TO 21,67,Model A,2021,94 years 10 months,638000,19,44,555988.4798256059
2025-07-01,PUNGGOL,3 ROOM,406C,NORTHSHORE DR,01 TO 03,67,Model A,2021,94 years 10 months,538000,1,44,509420.2053046103
2025-08-01,PUNGGOL,3 ROOM,406C,NORTHSHORE DR,19 TO 21,67,Model A,2021,94 years 09 months,630000,19,44,555988.4798256059
2025-09-01,PUNGGOL,3 ROOM,406B,NORTHSHORE DR,04 TO 06,67,Model A,2021,94 years 08 months,563000,4,44,514456.7505149088
2025-09-01,PUNGGOL,3 ROOM,406C,NORTHSHORE DR,07 TO 09,67,Model A,2021,94 years 08 months,586000,7,44,529611.056869295
2025-08-01,PUNGGOL,3 ROOM,622A,PUNGGOL CTRL,16 TO 18,69,Model A,2014,87 years 09 months,580888,16,44,551051.2959852485
2025-09-01,PUNGGOL,3 ROOM,601D,PUNGGOL CTRL,01 TO 03,70,Model A,2012,85 years 10 months,518888,1,44,526613.4735060511
2025-09-01,PUNGGOL,3 ROOM,622C,PUNGGOL CTRL,04 TO 06,69,Model A,2014,87 years 08 months,553000,4,44,531620.1687133601
2025-07-01,PUNGGOL,3 ROOM,306D,PUNGGOL DR,10 TO 12,70,Premium Apartment,2012,86 years,575000,10,44,554771.9198247471
2025-09-01,PUNGGOL,3 ROOM,613C,PUNGGOL DR,16 TO 18,68,Model A,2012,86 years 04 months,570000,16,44,549480.7494939438
2025-09-01,PUNGGOL,3 ROOM,663A,PUNGGOL DR,16 TO 18,65,Model A,2016,89 years 09 months,550000,16,44,544993.1932246708
2025-09-01,PUNGGOL,3 ROOM,664A,PUNGGOL DR,07 TO 09,65,Model A,2016,89 years 09 months,538000,7,44,529246.4182525206
2025-09-01,PUNGGOL,3 ROOM,659B,PUNGGOL EAST,16 TO 18,68,Model A,2018,92 years 03 months,566000,16,44,549480.7494939438
2025-09-01,PUNGGOL,3 ROOM,259B,PUNGGOL FIELD,10 TO 12,68,Model A,2016,89 years 10 months,530000,10,44,537163.9072674011
2025-07-01,PUNGGOL,3 ROOM,208B,PUNGGOL PL,04 TO 06,67,Model A,2014,88 years,520000,4,44,514456.7505149088
2025-07-01,PUNGGOL,3 ROOM,208A,PUNGGOL PL,01 TO 03,67,Model A,2014,88 years,510000,1,44,509420.2053046103
2025-07-01,PUNGGOL,3 ROOM,208A,PUNGGOL PL,04 TO 06,67,Model A,2014,88 years,518888,4,44,514456.7505149088
2025-07-01,PUNGGOL,3 ROOM,207C,PUNGGOL PL,07 TO 09,67,Model A,2014,87 years 11 months,548888,7,44,529611.056869295
2025-07-01,PUNGGOL,3 ROOM,209A,PUNGGOL PL,13 TO 15,67,Model A,2014,88 years 05 months,565000,13,44,547360.7800583896
2025-08-01,PUNGGOL,3 ROOM,208B,PUNGGOL PL,13 TO 15,67,Model A,2014,87 years 11 months,580000,13,44,547360.7800583896
2025-08-01,PUNGGOL,3 ROOM,208C,PUNGGOL PL,04 TO 06,67,Model A,2014,87 years 11 months,535888,4,44,514456.7505149088
2025-08-01,PUNGGOL,3 ROOM,289A,PUNGGOL PL,10 TO 12,73,Premium Apartment,2013,86 years 07 months,585000,10,44,544718.8436316026
2025-08-01,PUNGGOL,3 ROOM,289A,PUNGGOL PL,07 TO 09,70,Premium Apartment,2013,86 years 08 months,609899,7,44,554845.2970322053
2025-09-01,PUNGGOL,3 ROOM,209B,PUNGGOL PL,10 TO 12,67,Model A,2014,88 years 03 months,555000,10,44,534063.3142208916
2025-07-01,PUNGGOL,3 ROOM,305B,PUNGGOL RD,07 TO 09,67,Premium Apartment,2012,86 years 01 month,558000,7,44,551279.6386787662
2025-07-01,PUNGGOL,3 ROOM,310C,PUNGGOL WALK,07 TO 09,67,Premium Apartment,2016,90 years,555000,7,44,551279.6386787662
2025-07-01,PUNGGOL,3 ROOM,211B,PUNGGOL WALK,04 TO 06,67,Model A,2014,87 years 10 months,530000,4,44,514456.7505149088
2025-07-01,PUNGGOL,3 ROOM,308A,PUNGGOL WALK,13 TO 15,67,Premium Apartment,2016,89 years 08 months,561888,13,44,572260.1092977021
2025-08-01,PUNGGOL,3 ROOM,310B,PUNGGOL WALK,13 TO 15,67,Premium Apartment,2016,89 years 10 months,592000,13,44,572260.1092977021
2025-08-01,PUNGGOL,3 ROOM,308C,PUNGGOL WALK,16 TO 18,67,Premium Apartment,2016,89 years 07 months,598000,16,44,573648.7870463346
2025-09-01,PUNGGOL,3 ROOM,211A,PUNGGOL WALK,04 TO 06,67,Model A,2014,87 years 08 months,540000,4,44,514456.7505149088
2025-07-01,PUNGGOL,3 ROOM,266B,PUNGGOL WAY,04 TO 06,67,Model A,2015,89 years,520000,4,44,514456.7505149088
2025-07-01,PUNGGOL,3 ROOM,315B,PUNGGOL WAY,07 TO 09,68,Premium Apartment,2017,91 years 03 months,603000,7,44,547999.8976728007
2025-07-01,PUNGGOL,3 ROOM,261A,PUNGGOL WAY,04 TO 06,68,Model A,2016,89 years 11 months,535000,4,44,518711.8452418157
2025-09-01,PUNGGOL,3 ROOM,261A,PUNGGOL WAY,16 TO 18,68,Model A,2016,89 years 10 months,605000,16,44,549480.7494939438
2025-07-01,PUNGGOL,3 ROOM,224C,SUMANG LANE,13 TO 15,68,Model A,2018,92 years 05 months,542888,13,44,547055.5488664445
2025-07-01,PUNGGOL,3 ROOM,234A,SUMANG LANE,16 TO 18,68,Model A,2018,92 years 04 months,550000,16,44,549480.7494939438
2025-07-01,PUNGGOL,3 ROOM,221B,SUMANG LANE,10 TO 12,68,Model A,2018,92 years 05 months,555000,10,44,537163.9072674011
2025-07-01,PUNGGOL,3 ROOM,224B,SUMANG LANE,13 TO 15,68,Model A,2018,92 years 05 months,542000,13,44,547055.5488664445
2025-07-01,PUNGGOL,3 ROOM,220B,SUMANG LANE,04 TO 06,68,Model A,2018,92 years 05 months,510000,4,44,518711.8452418157
2025-08-01,PUNGGOL,3 ROOM,220B,SUMANG LANE,13 TO 15,68,Model A,2018,92 years 04 months,548000,13,44,547055.5488664445
2025-08-01,PUNGGOL,3 ROOM,232C,SUMANG LANE,01 TO 03,68,Model A,2018,92 years 03 months,510000,1,44,512128.4806936004
2025-08-01,PUNGGOL,3 ROOM,232C,SUMANG LANE,01 TO 03,68,Model A,2018,92 years 03 months,490000,1,44,512128.4806936004
2025-08-01,PUNGGOL,3 ROOM,221B,SUMANG LANE,07 TO 09,68,Model A,2018,92 years 04 months,525000,7,44,530828.1426037865
2025-09-01,PUNGGOL,3 ROOM,232C,SUMANG LANE,13 TO 15,68,Model A,2018,92 years 03 months,535000,13,44,547055.5488664445
2025-09-01,PUNGGOL,3 ROOM,221A,SUMANG LANE,07 TO 09,68,Model A,2018,92 years 04 months,543000,7,44,530828.1426037865
2025-09-01,PUNGGOL,3 ROOM,232C,SUMANG LANE,10 TO 12,68,Model A,2018,92 years 02 months,520000,10,44,537163.9072674011
2025-09-01,PUNGGOL,3 ROOM,220C,SUMANG LANE,16 TO 18,68,Model A,2018,92 years 04 months,570000,16,44,549480.7494939438
2025-09-01,PUNGGOL,3 ROOM,224C,SUMANG LANE,07 TO 09,68,Model A,2018,92 years 03 months,546000,7,44,530828.1426037865
2025-07-01,PUNGGOL,3 ROOM,312A,SUMANG LINK,10 TO 12,68,Model A,2015,89 years,535000,10,44,537163.9072674011
2025-07-01,PUNGGOL,3 ROOM,326C,SUMANG WALK,16 TO 18,68,Model A,2018,92 years 05 months,550000,16,44,549480.7494939438
2025-07-01,PUNGGOL,3 ROOM,256B,SUMANG WALK,10 TO 12,68,Model A,2016,90 years 06 months,520000,10,44,537163.9072674011
2025-08-01,PUNGGOL,3 ROOM,327A,SUMANG WALK,10 TO 12,68,Model A,2018,92 years 03 months,555000,10,44,537163.9072674011
2025-08-01,PUNGGOL,3 ROOM,256D,SUMANG WALK,01 TO 03,68,Model A,2016,90 years 04 months,530000,1,44,512128.4806936004
2025-08-01,PUNGGOL,3 ROOM,327A,SUMANG WALK,04 TO 06,68,Model A,2018,92 years 03 months,519888,4,44,518711.8452418157
2025-08-01,PUNGGOL,3 ROOM,327C,SUMANG WALK,19 TO 21,68,Model A,2018,92 years 03 months,580000,19,44,551521.0056212697
2025-09-01,PUNGGOL,3 ROOM,325A,SUMANG WALK,16 TO 18,68,Premium Apartment,2020,93 years 05 months,600000,16,44,563678.8753933911
2025-07-01,PUNGGOL,4 ROOM,684D,EDGEDALE PLAINS,10 TO 12,93,Premium Apartment,2018,92 years 02 months,750000,10,44,721513.0487608772
2025-07-01,PUNGGOL,4 ROOM,122B,EDGEDALE PLAINS,13 TO 15,93,Model A,2017,90 years 11 months,646888,13,44,679405.6512744318
2025-07-01,PUNGGOL,4 ROOM,122B,EDGEDALE PLAINS,13 TO 15,93,Model A,2017,90 years 11 months,658000,13,44,679405.6512744318
2025-07-01,PUNGGOL,4 ROOM,662A,EDGEDALE PLAINS,10 TO 12,92,Premium Apartment,2017,90 years 11 months,650000,10,44,706097.9393220338
2025-07-01,PUNGGOL,4 ROOM,138,EDGEDALE PLAINS,16 TO 18,91,Premium Apartment,2003,77 years 04 months,600000,16,44,632075.9094276086
2025-07-01,PUNGGOL,4 ROOM,662A,EDGEDALE PLAINS,04 TO 06,92,Premium Apartment,2017,90 years 10 months,668000,4,44,687645.2312011616
2025-07-01,PUNGGOL,4 ROOM,172C,EDGEDALE PLAINS,07 TO 09,85,Model A,2004,77 years 09 months,580000,7,44,603044.7270580706
2025-07-01,PUNGGOL,4 ROOM,684A,EDGEDALE PLAINS,10 TO 12,93,Premium Apartment,2018,92 years 01 month,738888,10,44,721513.0487608772
2025-08-01,PUNGGOL,4 ROOM,683A,EDGEDALE PLAINS,16 TO 18,93,Premium Apartment,2018,92 years 01 month,740000,16,44,716470.214027205
2025-08-01,PUNGGOL,4 ROOM,683B,EDGEDALE PLAINS,04 TO 06,93,Premium Apartment,2018,92 years,730000,4,44,686093.3086396158
2025-08-01,PUNGGOL,4 ROOM,120B,EDGEDALE PLAINS,01 TO 03,93,Model A,2017,90 years 09 months,618000,1,44,628468.5365948435
2025-08-01,PUNGGOL,4 ROOM,684D,EDGEDALE PLAINS,13 TO 15,93,Premium Apartment,2018,92 years,760000,13,44,722423.9900985172
2025-08-01,PUNGGOL,4 ROOM,661A,EDGEDALE PLAINS,07 TO 09,92,Premium Apartment,2017,90 years 09 months,665000,7,44,707632.4993139991
2025-09-01,PUNGGOL,4 ROOM,122A,EDGEDALE PLAINS,04 TO 06,93,Model A,2017,90 years 09 months,610000,4,44,648436.5080376612
2025-09-01,PUNGGOL,4 ROOM,120A,EDGEDALE PLAINS,04 TO 06,93,Model A,2017,90 years 09 months,610000,4,44,648436.5080376612
2025-09-01,PUNGGOL,4 ROOM,683A,EDGEDALE PLAINS,10 TO 12,93,Premium Apartment,2018,91 years 11 months,738000,10,44,721513.0487608772
2025-09-01,PUNGGOL,4 ROOM,120B,EDGEDALE PLAINS,13 TO 15,93,Model A,2017,90 years 08 months,650000,13,44,679405.6512744318
2025-07-01,PUNGGOL,4 ROOM,105B,EDGEFIELD PLAINS,04 TO 06,90,Model A,2003,76 years 11 months,560000,4,44,602663.245220969
2025-07-01,PUNGGOL,4 ROOM,672D,EDGEFIELD PLAINS,13 TO 15,90,Model A,2015,89 years 06 months,705000,13,44,613450.5307591184
2025-07-01,PUNGGOL,4 ROOM,614B,EDGEFIELD PLAINS,07 TO 09,92,Model A,2012,86 years 06 months,668000,7,44,668732.6888400487
2025-07-01,PUNGGOL,4 ROOM,116,EDGEFIELD PLAINS,07 TO 09,94,Premium Apartment,2003,77 years,560000,7,44,719419.721650804
2025-07-01,PUNGGOL,4 ROOM,193,EDGEFIELD PLAINS,01 TO 03,90,Premium Apartment,2003,77 years 05 months,580000,1,44,607779.9832007291
2025-07-01,PUNGGOL,4 ROOM,614B,EDGEFIELD PLAINS,13 TO 15,95,Model A,2012,86 years 05 months,700888,13,44,680704.9012263705
2025-07-01,PUNGGOL,4 ROOM,615C,EDGEFIELD PLAINS,16 TO 18,92,Model A,2012,86 years 05 months,715000,16,44,691247.2098556948
2025-07-01,PUNGGOL,4 ROOM,614A,EDGEFIELD PLAINS,10 TO 12,92,Model A,2012,86 years 05 months,678000,10,44,681670.0576255412
2025-07-01,PUNGGOL,4 ROOM,673C,EDGEFIELD PLAINS,07 TO 09,90,Model A,2015,89 years 05 months,645000,7,44,599645.3436662399
2025-08-01,PUNGGOL,4 ROOM,669B,EDGEFIELD PLAINS,07 TO 09,93,Premium Apartment,2016,89 years 11 months,683000,7,44,715272.5584633211
2025-08-01,PUNGGOL,4 ROOM,614A,EDGEFIELD PLAINS,04 TO 06,92,Model A,2012,86 years 05 months,665000,4,44,654415.8556558281
2025-08-01,PUNGGOL,4 ROOM,673A,EDGEFIELD PLAINS,07 TO 09,90,Model A,2015,89 years 04 months,645000,7,44,599645.3436662399
2025-08-01,PUNGGOL,4 ROOM,668A,EDGEFIELD PLAINS,01 TO 03,93,Premium Apartment,2016,89 years 10 months,650000,1,44,648673.1487144685
2025-08-01,PUNGGOL,4 ROOM,668B,EDGEFIELD PLAINS,10 TO 12,93,Premium Apartment,2016,90 years 01 month,678000,10,44,721513.0487608772
2025-09-01,PUNGGOL,4 ROOM,669B,EDGEFIELD PLAINS,04 TO 06,93,Premium Apartment,2016,89 years 10 months,675000,4,44,686093.3086396158
2025-09-01,PUNGGOL,4 ROOM,615C,EDGEFIELD PLAINS,16 TO 18,92,Model A,2012,86 years 03 months,720000,16,44,691247.2098556948
2025-09-01,PUNGGOL,4 ROOM,107B,EDGEFIELD PLAINS,10 TO 12,90,Model A,2003,76 years 06 months,590888,10,44,611097.7092233994
2025-09-01,PUNGGOL,4 ROOM,668A,EDGEFIELD PLAINS,10 TO 12,93,Premium Apartment,2016,89 years 09 months,715000,10,44,721513.0487608772
2025-09-01,PUNGGOL,4 ROOM,615A,EDGEFIELD PLAINS,16 TO 18,92,Model A,2012,86 years 03 months,695000,16,44,691247.2098556948
2025-09-01,PUNGGOL,4 ROOM,673A,EDGEFIELD PLAINS,04 TO 06,90,Model A,2015,89 years 03 months,610000,4,44,602663.245220969
2025-09-01,PUNGGOL,4 ROOM,104A,EDGEFIELD PLAINS,10 TO 12,90,Model A,2003,76 years 08 months,555000,10,44,611097.7092233994
2025-09-01,PUNGGOL,4 ROOM,668A,EDGEFIELD PLAINS,13 TO 15,93,Premium Apartment,2016,89 years 10 months,700000,13,44,722423.9900985172
2025-07-01,PUNGGOL,4 ROOM,405B,NORTHSHORE DR,07 TO 09,94,Model A,2021,95 years,700000,7,44,668974.7288356294
2025-07-01,PUNGGOL,4 ROOM,405A,NORTHSHORE DR,07 TO 09,94,Model A,2021,94 years 11 months,708000,7,44,668974.7288356294
2025-07-01,PUNGGOL,4 ROOM,406A,NORTHSHORE DR,13 TO 15,94,Model A,2021,94 years 11 months,748888,13,44,682385.2106055774
2025-07-01,PUNGGOL,4 ROOM,408A,NORTHSHORE DR,13 TO 15,94,Model A,2021,94 years 10 months,720000,13,44,682385.2106055774
2025-07-01,PUNGGOL,4 ROOM,405B,NORTHSHORE DR,16 TO 18,94,Model A,2021,94 years 10 months,770000,16,44,690363.2845294344
2025-07-01,PUNGGOL,4 ROOM,408B,NORTHSHORE DR,13 TO 15,94,Model A,2021,94 years 10 months,750000,13,44,682385.2106055774
2025-08-01,PUNGGOL,4 ROOM,405B,NORTHSHORE DR,01 TO 03,94,Model A,2021,94 years 10 months,645000,1,44,637013.373262865
2025-08-01,PUNGGOL,4 ROOM,406B,NORTHSHORE DR,22 TO 24,94,Model A,2021,94 years 10 months,820000,22,44,707447.092852773
2025-08-01,PUNGGOL,4 ROOM,406C,NORTHSHORE DR,16 TO 18,94,Model A,2021,94 years 09 months,760000,16,44,690363.2845294344
2025-08-01,PUNGGOL,4 ROOM,406A,NORTHSHORE DR,13 TO 15,94,Model A,2021,94 years 09 months,800000,13,44,682385.2106055774
2025-08-01,PUNGGOL,4 ROOM,406C,NORTHSHORE DR,16 TO 18,94,Model A,2021,94 years 09 months,750000,16,44,690363.2845294344
2025-08-01,PUNGGOL,4 ROOM,406C,NORTHSHORE DR,22 TO 24,94,Model A,2021,94 years 09 months,767000,22,44,707447.092852773
2025-09-01,PUNGGOL,4 ROOM,408B,NORTHSHORE DR,16 TO 18,94,Model A,2021,94 years 09 months,770000,16,44,690363.2845294344
2025-09-01,PUNGGOL,4 ROOM,408A,NORTHSHORE DR,16 TO 18,94,Model A,2021,94 years 09 months,768000,16,44,690363.2845294344
2025-09-01,PUNGGOL,4 ROOM,406C,NORTHSHORE DR,07 TO 09,94,Model A,2021,94 years 09 months,728000,7,44,668974.7288356294
2025-09-01,PUNGGOL,4 ROOM,406C,NORTHSHORE DR,19 TO 21,94,Model A,2021,94 years 09 months,785000,19,44,707723.9489007842
2025-09-01,PUNGGOL,4 ROOM,408B,NORTHSHORE DR,04 TO 06,94,Model A,2021,94 years 08 months,708000,4,44,651809.8140532963
2025-09-01,PUNGGOL,4 ROOM,405A,NORTHSHORE DR,10 TO 12,94,Model A,2021,94 years 09 months,728000,10,44,678363.5407298773
2025-07-01,PUNGGOL,4 ROOM,163B,PUNGGOL CTRL,01 TO 03,95,Premium Apartment,2004,78 years 01 month,578000,1,44,635769.6510285162
2025-07-01,PUNGGOL,4 ROOM,601C,PUNGGOL CTRL,10 TO 12,93,Model A,2012,86 years 01 month,665000,10,44,673782.066706649
2025-07-01,PUNGGOL,4 ROOM,602B,PUNGGOL CTRL,10 TO 12,93,Model A,2012,86 years 01 month,680000,10,44,673782.066706649
2025-07-01,PUNGGOL,4 ROOM,165A,PUNGGOL CTRL,04 TO 06,95,Premium Apartment,2004,77 years 11 months,620000,4,44,675700.1190553555
2025-07-01,PUNGGOL,4 ROOM,301A,PUNGGOL CTRL,13 TO 15,93,Premium Apartment,2010,84 years 02 months,755000,13,44,722423.9900985172
2025-07-01,PUNGGOL,4 ROOM,298,PUNGGOL CTRL,01 TO 03,95,Premium Apartment,2003,77 years 03 months,600000,1,44,635769.6510285162
2025-07-01,PUNGGOL,4 ROOM,296,PUNGGOL CTRL,10 TO 12,91,Premium Apartment,2003,77 years 03 months,625000,10,44,639002.7785460622
2025-08-01,PUNGGOL,4 ROOM,652,PUNGGOL CTRL,13 TO 15,91,Premium Apartment,2005,78 years 06 months,622888,13,44,641680.4874648603
2025-08-01,PUNGGOL,4 ROOM,622B,PUNGGOL CTRL,10 TO 12,94,Model A,2014,87 years 09 months,658000,10,44,678363.5407298773
2025-08-01,PUNGGOL,4 ROOM,623B,PUNGGOL CTRL,16 TO 18,94,Model A,2014,87 years 08 months,703888,16,44,690363.2845294344
2025-08-01,PUNGGOL,4 ROOM,602A,PUNGGOL CTRL,10 TO 12,93,Model A,2012,85 years 11 months,655000,10,44,673782.066706649
2025-08-01,PUNGGOL,4 ROOM,624A,PUNGGOL CTRL,16 TO 18,96,Model A,2014,87 years 08 months,722888,16,44,685642.8954117432
2025-08-01,PUNGGOL,4 ROOM,301A,PUNGGOL CTRL,16 TO 18,93,Premium Apartment,2010,84 years,768000,16,44,716470.214027205
2025-09-01,PUNGGOL,4 ROOM,643,PUNGGOL CTRL,01 TO 03,90,Premium Apartment,2005,78 years 05 months,570000,1,44,607779.9832007291
2025-09-01,PUNGGOL,4 ROOM,163A,PUNGGOL CTRL,07 TO 09,95,Premium Apartment,2004,77 years 09 months,615000,7,44,722500.4061756503
2025-09-01,PUNGGOL,4 ROOM,601D,PUNGGOL CTRL,13 TO 15,94,Model A,2012,85 years 11 months,672000,13,44,682385.2106055774
2025-09-01,PUNGGOL,4 ROOM,622A,PUNGGOL CTRL,16 TO 18,95,Model A,2014,87 years 08 months,701000,16,44,681726.8269800824
2025-07-01,PUNGGOL,4 ROOM,617C,PUNGGOL DR,13 TO 15,93,Premium Apartment,2013,87 years 03 months,700000,13,44,722423.9900985172
2025-07-01,PUNGGOL,4 ROOM,637D,PUNGGOL DR,10 TO 12,90,Premium Apartment,2005,78 years 07 months,620000,10,44,650623.2410294941
2025-07-01,PUNGGOL,4 ROOM,618D,PUNGGOL DR,04 TO 06,95,Premium Apartment,2013,87 years 03 months,660000,4,44,675700.1190553555
2025-07-01,PUNGGOL,4 ROOM,612A,PUNGGOL DR,01 TO 03,93,Model A,2012,86 years 05 months,608888,1,44,628468.5365948435
2025-07-01,PUNGGOL,4 ROOM,619C,PUNGGOL DR,13 TO 15,95,Premium Apartment,2013,87 years 02 months,720000,13,44,707937.1792747376
2025-07-01,PUNGGOL,4 ROOM,666B,PUNGGOL DR,04 TO 06,93,Premium Apartment,2016,89 years 07 months,650000,4,44,686093.3086396158
2025-07-01,PUNGGOL,4 ROOM,637C,PUNGGOL DR,10 TO 12,91,Premium Apartment,2005,78 years 06 months,638888,10,44,639002.7785460622
2025-08-01,PUNGGOL,4 ROOM,677A,PUNGGOL DR,16 TO 18,93,Premium Apartment,2016,90 years 02 months,750000,16,44,716470.214027205
2025-08-01,PUNGGOL,4 ROOM,618A,PUNGGOL DR,13 TO 15,95,Premium Apartment,2013,87 years 02 months,738000,13,44,707937.1792747376
2025-08-01,PUNGGOL,4 ROOM,612C,PUNGGOL DR,13 TO 15,93,Model A,2012,86 years 05 months,676000,13,44,679405.6512744318
2025-08-01,PUNGGOL,4 ROOM,618D,PUNGGOL DR,13 TO 15,93,Premium Apartment,2013,87 years 02 months,708000,13,44,722423.9900985172
2025-08-01,PUNGGOL,4 ROOM,612B,PUNGGOL DR,07 TO 09,93,Model A,2012,86 years 05 months,670000,7,44,665974.0267908981
2025-08-01,PUNGGOL,4 ROOM,666B,PUNGGOL DR,04 TO 06,93,Premium Apartment,2016,89 years 06 months,638000,4,44,686093.3086396158
2025-08-01,PUNGGOL,4 ROOM,612A,PUNGGOL DR,10 TO 12,93,Model A,2012,86 years 04 months,645000,10,44,673782.066706649
2025-08-01,PUNGGOL,4 ROOM,678B,PUNGGOL DR,04 TO 06,93,Premium Apartment,2016,90 years 01 month,721888,4,44,686093.3086396158
2025-08-01,PUNGGOL,4 ROOM,663C,PUNGGOL DR,07 TO 09,90,Model A,2016,89 years 11 months,675000,7,44,599645.3436662399
2025-08-01,PUNGGOL,4 ROOM,676B,PUNGGOL DR,10 TO 12,93,Premium Apartment,2016,90 years 01 month,720000,10,44,721513.0487608772
2025-09-01,PUNGGOL,4 ROOM,663A,PUNGGOL DR,16 TO 18,90,Model A,2016,89 years 10 months,728000,16,44,630771.210297319
2025-09-01,PUNGGOL,4 ROOM,665B,PUNGGOL DR,04 TO 06,93,Premium Apartment,2016,89 years 06 months,658000,4,44,686093.3086396158
2025-09-01,PUNGGOL,4 ROOM,619B,PUNGGOL DR,01 TO 03,95,Premium Apartment,2013,87 years,615000,1,44,635769.6510285162
2025-09-01,PUNGGOL,4 ROOM,306D,PUNGGOL DR,10 TO 12,93,Premium Apartment,2012,85 years 11 months,768888,10,44,721513.0487608772
2025-09-01,PUNGGOL,4 ROOM,665A,PUNGGOL DR,10 TO 12,93,Premium Apartment,2016,89 years 05 months,748000,10,44,721513.0487608772
2025-09-01,PUNGGOL,4 ROOM,617D,PUNGGOL DR,07 TO 09,95,Premium Apartment,2013,87 years,685000,7,44,722500.4061756503
2025-09-01,PUNGGOL,4 ROOM,612A,PUNGGOL DR,16 TO 18,93,Model A,2012,86 years 03 months,680000,16,44,689919.0495398951
2025-09-01,PUNGGOL,4 ROOM,635A,PUNGGOL DR,10 TO 12,91,Premium Apartment,2007,81 years 03 months,655000,10,44,639002.7785460622
2025-09-01,PUNGGOL,4 ROOM,667A,PUNGGOL DR,10 TO 12,93,Premium Apartment,2016,89 years 05 months,740000,10,44,721513.0487608772
2025-09-01,PUNGGOL,4 ROOM,633B,PUNGGOL DR,07 TO 09,91,Premium Apartment,2007,81 years 03 months,655000,7,44,622491.9999710394
2025-09-01,PUNGGOL,4 ROOM,617D,PUNGGOL DR,13 TO 15,93,Premium Apartment,2013,87 years,725000,13,44,722423.9900985172
2025-07-01,PUNGGOL,4 ROOM,168A,PUNGGOL EAST,04 TO 06,92,Premium Apartment,2009,82 years 09 months,628888,4,44,687645.2312011616
2025-07-01,PUNGGOL,4 ROOM,658C,PUNGGOL EAST,07 TO 09,93,Model A,2018,92 years 04 months,641000,7,44,665974.0267908981
2025-08-01,PUNGGOL,4 ROOM,659C,PUNGGOL EAST,01 TO 03,93,Model A,2018,92 years 03 months,598000,1,44,628468.5365948435
2025-09-01,PUNGGOL,4 ROOM,167C,PUNGGOL EAST,07 TO 09,92,Premium Apartment,2009,82 years 07 months,645000,7,44,707632.4993139991
2025-09-01,PUNGGOL,4 ROOM,168A,PUNGGOL EAST,10 TO 12,92,Premium Apartment,2009,82 years 06 months,668000,10,44,706097.9393220338
2025-09-01,PUNGGOL,4 ROOM,658C,PUNGGOL EAST,07 TO 09,93,Model A,2018,92 years 02 months,648888,7,44,665974.0267908981
2025-07-01,PUNGGOL,4 ROOM,259A,PUNGGOL FIELD,01 TO 03,93,Model A,2016,90 years,615000,1,44,628468.5365948435
2025-07-01,PUNGGOL,4 ROOM,258A,PUNGGOL FIELD,10 TO 12,93,Model A,2016,90 years,700000,10,44,673782.066706649
2025-07-01,PUNGGOL,4 ROOM,269B,PUNGGOL FIELD,13 TO 15,95,Premium Apartment,2013,86 years 06 months,745000,13,44,707937.1792747376
2025-07-01,PUNGGOL,4 ROOM,258B,PUNGGOL FIELD,13 TO 15,93,Model A,2016,89 years 11 months,700000,13,44,679405.6512744318
2025-07-01,PUNGGOL,4 ROOM,269C,PUNGGOL FIELD,07 TO 09,93,Premium Apartment,2013,86 years 06 months,706000,7,44,715272.5584633211
2025-08-01,PUNGGOL,4 ROOM,169C,PUNGGOL FIELD,13 TO 15,92,Model A,2014,87 years 09 months,665000,13,44,683172.4926927709
2025-08-01,PUNGGOL,4 ROOM,173A,PUNGGOL FIELD,13 TO 15,88,Model A,2003,77 years 05 months,590000,13,44,617017.0311929273
2025-08-01,PUNGGOL,4 ROOM,168C,PUNGGOL FIELD,07 TO 09,93,Model A,2014,87 years 09 months,638000,7,44,665974.0267908981
2025-08-01,PUNGGOL,4 ROOM,169B,PUNGGOL FIELD,04 TO 06,93,Model A,2014,87 years 08 months,660000,4,44,648436.5080376612
2025-08-01,PUNGGOL,4 ROOM,168C,PUNGGOL FIELD,01 TO 03,92,Model A,2014,87 years 09 months,600000,1,44,632190.3598708275
2025-08-01,PUNGGOL,4 ROOM,269B,PUNGGOL FIELD,10 TO 12,93,Premium Apartment,2013,86 years 05 months,756888,10,44,721513.0487608772
2025-09-01,PUNGGOL,4 ROOM,106C,PUNGGOL FIELD,04 TO 06,90,Model A,2003,76 years 07 months,568888,4,44,602663.245220969
2025-09-01,PUNGGOL,4 ROOM,101A,PUNGGOL FIELD,04 TO 06,90,Model A,2002,76 years 01 month,570000,4,44,602663.245220969
2025-09-01,PUNGGOL,4 ROOM,259B,PUNGGOL FIELD,13 TO 15,93,Model A,2016,89 years 10 months,705000,13,44,679405.6512744318
2025-09-01,PUNGGOL,4 ROOM,259B,PUNGGOL FIELD,13 TO 15,93,Model A,2016,89 years 09 months,680000,13,44,679405.6512744318
2025-09-01,PUNGGOL,4 ROOM,258B,PUNGGOL FIELD,01 TO 03,93,Model A,2016,89 years 09 months,603000,1,44,628468.5365948435
2025-09-01,PUNGGOL,4 ROOM,128C,PUNGGOL FIELD WALK,01 TO 03,85,Model A,2003,76 years 10 months,546000,1,44,580652.4189642516
2025-09-01,PUNGGOL,4 ROOM,128C,PUNGGOL FIELD WALK,10 TO 12,85,Model A,2003,76 years 09 months,592000,10,44,605595.0196743199
2025-07-01,PUNGGOL,4 ROOM,289B,PUNGGOL PL,04 TO 06,95,Premium Apartment,2013,86 years 09 months,723000,4,44,675700.1190553555
2025-07-01,PUNGGOL,4 ROOM,273A,PUNGGOL PL,13 TO 15,94,Premium Apartment,2013,87 years 01 month,800000,13,44,717603.3337932882
2025-07-01,PUNGGOL,4 ROOM,288C,PUNGGOL PL,10 TO 12,98,Premium Apartment,2013,86 years 09 months,815000,10,44,732299.196156215
2025-07-01,PUNGGOL,4 ROOM,302A,PUNGGOL PL,10 TO 12,94,Premium Apartment,2011,84 years 09 months,780000,10,44,721046.9395483836
2025-07-01,PUNGGOL,4 ROOM,273C,PUNGGOL PL,13 TO 15,93,Premium Apartment,2013,87 years,808000,13,44,722423.9900985172
2025-07-01,PUNGGOL,4 ROOM,302D,PUNGGOL PL,01 TO 03,93,Premium Apartment,2011,84 years 08 months,650000,1,44,648673.1487144685
2025-07-01,PUNGGOL,4 ROOM,289B,PUNGGOL PL,10 TO 12,95,Premium Apartment,2013,86 years 08 months,790000,10,44,716413.5493753108
2025-07-01,PUNGGOL,4 ROOM,302A,PUNGGOL PL,13 TO 15,93,Premium Apartment,2011,84 years 08 months,760000,13,44,722423.9900985172
2025-07-01,PUNGGOL,4 ROOM,274A,PUNGGOL PL,10 TO 12,93,Premium Apartment,2013,87 years,805000,10,44,721513.0487608772
2025-07-01,PUNGGOL,4 ROOM,289B,PUNGGOL PL,01 TO 03,96,Premium Apartment,2013,86 years 08 months,705000,1,44,662733.9712969549
2025-07-01,PUNGGOL,4 ROOM,288C,PUNGGOL PL,07 TO 09,95,Premium Apartment,2013,86 years 08 months,777000,7,44,722500.4061756503
2025-07-01,PUNGGOL,4 ROOM,207C,PUNGGOL PL,07 TO 09,92,Model A,2014,87 years 11 months,690000,7,44,668732.6888400487
2025-08-01,PUNGGOL,4 ROOM,207C,PUNGGOL PL,07 TO 09,92,Model A,2014,87 years 11 months,698888,7,44,668732.6888400487
2025-08-01,PUNGGOL,4 ROOM,273C,PUNGGOL PL,10 TO 12,93,Premium Apartment,2013,87 years,788888,10,44,721513.0487608772
2025-08-01,PUNGGOL,4 ROOM,302D,PUNGGOL PL,07 TO 09,93,Premium Apartment,2011,84 years 08 months,739888,7,44,715272.5584633211
2025-08-01,PUNGGOL,4 ROOM,289A,PUNGGOL PL,01 TO 03,95,Premium Apartment,2013,86 years 08 months,698888,1,44,635769.6510285162
2025-08-01,PUNGGOL,4 ROOM,209B,PUNGGOL PL,01 TO 03,92,Model A,2014,88 years 05 months,585000,1,44,632190.3598708275
2025-08-01,PUNGGOL,4 ROOM,306A,PUNGGOL PL,07 TO 09,93,Premium Apartment,2012,85 years 11 months,710000,7,44,715272.5584633211
2025-08-01,PUNGGOL,4 ROOM,207C,PUNGGOL PL,16 TO 18,92,Model A,2014,87 years 11 months,738000,16,44,691247.2098556948
2025-08-01,PUNGGOL,4 ROOM,207C,PUNGGOL PL,01 TO 03,92,Model A,2014,87 years 11 months,626000,1,44,632190.3598708275
2025-08-01,PUNGGOL,4 ROOM,306B,PUNGGOL PL,07 TO 09,93,Premium Apartment,2012,85 years 11 months,730000,7,44,715272.5584633211
2025-08-01,PUNGGOL,4 ROOM,306A,PUNGGOL PL,13 TO 15,97,Premium Apartment,2012,85 years 11 months,790000,13,44,730468.5682235915
2025-09-01,PUNGGOL,4 ROOM,208C,PUNGGOL PL,07 TO 09,92,Model A,2014,87 years 10 months,686888,7,44,668732.6888400487
2025-09-01,PUNGGOL,4 ROOM,207D,PUNGGOL PL,16 TO 18,92,Model A,2014,87 years 10 months,716888,16,44,691247.2098556948
2025-09-01,PUNGGOL,4 ROOM,306C,PUNGGOL PL,04 TO 06,97,Premium Apartment,2012,85 years 11 months,739000,4,44,698423.126220633
2025-09-01,PUNGGOL,4 ROOM,288A,PUNGGOL PL,10 TO 12,99,Premium Apartment,2013,86 years 06 months,775000,10,44,730928.4002929508
2025-09-01,PUNGGOL,4 ROOM,302A,PUNGGOL PL,13 TO 15,93,Premium Apartment,2011,84 years 06 months,762000,13,44,722423.9900985172
2025-09-01,PUNGGOL,4 ROOM,207A,PUNGGOL PL,10 TO 12,92,Model A,2014,87 years 09 months,706000,10,44,681670.0576255412
2025-09-01,PUNGGOL,4 ROOM,306B,PUNGGOL PL,07 TO 09,97,Premium Apartment,2012,85 years 10 months,760000,7,44,727732.3552555807
2025-07-01,PUNGGOL,4 ROOM,195B,PUNGGOL RD,04 TO 06,90,Premium Apartment,2007,81 years 02 months,613000,4,44,625520.6747966688
2025-07-01,PUNGGOL,4 ROOM,305B,PUNGGOL RD,07 TO 09,93,Premium Apartment,2012,86 years 01 month,732000,7,44,715272.5584633211
2025-07-01,PUNGGOL,4 ROOM,603B,PUNGGOL RD,01 TO 03,93,Model A,2012,86 years 03 months,600000,1,44,628468.5365948435
2025-07-01,PUNGGOL,4 ROOM,195D,PUNGGOL RD,01 TO 03,90,Premium Apartment,2007,81 years 01 month,620000,1,44,607779.9832007291
2025-07-01,PUNGGOL,4 ROOM,603B,PUNGGOL RD,13 TO 15,93,Model A,2012,86 years 02 months,658888,13,44,679405.6512744318
2025-09-01,PUNGGOL,4 ROOM,604B,PUNGGOL RD,16 TO 18,92,Model A,2012,86 years 01 month,680000,16,44,691247.2098556948
2025-09-01,PUNGGOL,4 ROOM,195B,PUNGGOL RD,07 TO 09,90,Premium Apartment,2007,80 years 11 months,618000,7,44,636410.4997666316
2025-07-01,PUNGGOL,4 ROOM,211C,PUNGGOL WALK,10 TO 12,93,Model A,2014,87 years 10 months,670888,10,44,673782.066706649
2025-07-01,PUNGGOL,4 ROOM,271B,PUNGGOL WALK,10 TO 12,94,Premium Apartment,2014,87 years 10 months,810000,10,44,721046.9395483836
2025-07-01,PUNGGOL,4 ROOM,271C,PUNGGOL WALK,01 TO 03,93,Premium Apartment,2014,87 years 10 months,730000,1,44,648673.1487144685
2025-07-01,PUNGGOL,4 ROOM,308C,PUNGGOL WALK,04 TO 06,92,Premium Apartment,2016,89 years 09 months,708000,4,44,687645.2312011616
2025-07-01,PUNGGOL,4 ROOM,212B,PUNGGOL WALK,13 TO 15,93,Model A,2015,88 years 10 months,650000,13,44,679405.6512744318
2025-07-01,PUNGGOL,4 ROOM,308A,PUNGGOL WALK,07 TO 09,92,Premium Apartment,2016,89 years 09 months,738000,7,44,707632.4993139991
2025-07-01,PUNGGOL,4 ROOM,310B,PUNGGOL WALK,13 TO 15,92,Premium Apartment,2016,90 years,720000,13,44,711492.8550794302
2025-07-01,PUNGGOL,4 ROOM,308B,PUNGGOL WALK,01 TO 03,92,Premium Apartment,2016,89 years 09 months,633000,1,44,650551.5374326688
2025-07-01,PUNGGOL,4 ROOM,211B,PUNGGOL WALK,07 TO 09,92,Model A,2014,87 years 09 months,688000,7,44,668732.6888400487
2025-07-01,PUNGGOL,4 ROOM,271C,PUNGGOL WALK,13 TO 15,93,Premium Apartment,2014,87 years 09 months,820000,13,44,722423.9900985172
2025-07-01,PUNGGOL,4 ROOM,272D,PUNGGOL WALK,13 TO 15,92,Premium Apartment,2014,87 years 09 months,835000,13,44,711492.8550794302
2025-08-01,PUNGGOL,4 ROOM,211C,PUNGGOL WALK,13 TO 15,92,Model A,2014,87 years 08 months,698000,13,44,683172.4926927709
2025-08-01,PUNGGOL,4 ROOM,310B,PUNGGOL WALK,13 TO 15,92,Premium Apartment,2016,89 years 10 months,738000,13,44,711492.8550794302
2025-08-01,PUNGGOL,4 ROOM,271A,PUNGGOL WALK,07 TO 09,93,Premium Apartment,2014,87 years 08 months,765000,7,44,715272.5584633211
2025-08-01,PUNGGOL,4 ROOM,217A,SUMANG WALK,10 TO 12,92,Model A,2017,91 years,670000,10,44,681670.0576255412
2025-09-01,PUNGGOL,4 ROOM,271C,PUNGGOL WALK,10 TO 12,93,Premium Apartment,2014,87 years 08 months,807000,10,44,721513.0487608772
2025-09-01,PUNGGOL,4 ROOM,211B,PUNGGOL WALK,04 TO 06,92,Model A,2014,87 years 08 months,660000,4,44,654415.8556558281
2025-09-01,PUNGGOL,4 ROOM,271A,PUNGGOL WALK,13 TO 15,93,Premium Apartment,2014,87 years 08 months,795000,13,44,722423.9900985172
2025-09-01,PUNGGOL,4 ROOM,211A,PUNGGOL WALK,04 TO 06,92,Model A,2014,87 years 08 months,685000,4,44,654415.8556558281
2025-09-01,PUNGGOL,4 ROOM,271B,PUNGGOL WALK,10 TO 12,93,Premium Apartment,2014,87 years 07 months,832888,10,44,721513.0487608772
2025-09-01,PUNGGOL,4 ROOM,211B,PUNGGOL WALK,16 TO 18,95,Model A,2014,87 years 07 months,728000,16,44,681726.8269800824
2025-09-01,PUNGGOL,4 ROOM,272A,PUNGGOL WALK,10 TO 12,94,Premium Apartment,2014,87 years 07 months,765000,10,44,721046.9395483836
2025-09-01,PUNGGOL,4 ROOM,272C,PUNGGOL WALK,13 TO 15,93,Premium Apartment,2014,87 years 07 months,806800,13,44,722423.9900985172
2025-07-01,PUNGGOL,4 ROOM,266B,PUNGGOL WAY,16 TO 18,92,Model A,2015,88 years 11 months,760000,16,44,691247.2098556948
2025-07-01,PUNGGOL,4 ROOM,261C,PUNGGOL WAY,07 TO 09,93,Model A,2016,89 years 11 months,672000,7,44,665974.0267908981
2025-07-01,PUNGGOL,4 ROOM,316C,PUNGGOL WAY,04 TO 06,93,Premium Apartment,2017,91 years 02 months,720000,4,44,686093.3086396158
2025-07-01,PUNGGOL,4 ROOM,261A,PUNGGOL WAY,04 TO 06,93,Model A,2016,90 years,698000,4,44,648436.5080376612
2025-07-01,PUNGGOL,4 ROOM,260A,PUNGGOL WAY,13 TO 15,93,Model A,2016,89 years 11 months,728000,13,44,679405.6512744318
2025-08-01,PUNGGOL,4 ROOM,261C,PUNGGOL WAY,16 TO 18,93,Model A,2016,89 years 10 months,700000,16,44,689919.0495398951
2025-08-01,PUNGGOL,4 ROOM,316A,PUNGGOL WAY,13 TO 15,93,Premium Apartment,2017,91 years 01 month,730000,13,44,722423.9900985172
2025-09-01,PUNGGOL,4 ROOM,264A,PUNGGOL WAY,13 TO 15,92,Model A,2015,88 years 10 months,730000,13,44,683172.4926927709
2025-09-01,PUNGGOL,4 ROOM,316C,PUNGGOL WAY,10 TO 12,93,Premium Apartment,2017,91 years,753888,10,44,721513.0487608772
2025-09-01,PUNGGOL,4 ROOM,265B,PUNGGOL WAY,07 TO 09,92,Model A,2015,88 years 09 months,700888,7,44,668732.6888400487
2025-07-01,PUNGGOL,4 ROOM,220A,SUMANG LANE,04 TO 06,93,Model A,2018,92 years 06 months,640000,4,44,648436.5080376612
2025-07-01,PUNGGOL,4 ROOM,234A,SUMANG LANE,16 TO 18,93,Model A,2018,92 years 05 months,665000,16,44,689919.0495398951
2025-07-01,PUNGGOL,4 ROOM,232B,SUMANG LANE,07 TO 09,93,Model A,2018,92 years 05 months,627588,7,44,665974.0267908981
2025-07-01,PUNGGOL,4 ROOM,226C,SUMANG LANE,10 TO 12,93,Premium Apartment,2018,91 years 08 months,700000,10,44,721513.0487608772
2025-07-01,PUNGGOL,4 ROOM,231B,SUMANG LANE,16 TO 18,93,Model A,2018,92 years 04 months,680000,16,44,689919.0495398951
2025-07-01,PUNGGOL,4 ROOM,234A,SUMANG LANE,04 TO 06,93,Model A,2018,92 years 04 months,620000,4,44,648436.5080376612
2025-07-01,PUNGGOL,4 ROOM,233C,SUMANG LANE,07 TO 09,93,Model A,2018,92 years 04 months,655000,7,44,665974.0267908981
2025-07-01,PUNGGOL,4 ROOM,221B,SUMANG LANE,04 TO 06,93,Model A,2018,92 years 05 months,601000,4,44,648436.5080376612
2025-07-01,PUNGGOL,4 ROOM,224B,SUMANG LANE,07 TO 09,93,Model A,2018,92 years 05 months,637000,7,44,665974.0267908981
2025-07-01,PUNGGOL,4 ROOM,221B,SUMANG LANE,04 TO 06,93,Model A,2018,92 years 05 months,643000,4,44,648436.5080376612
2025-07-01,PUNGGOL,4 ROOM,227A,SUMANG LANE,13 TO 15,93,Premium Apartment,2018,91 years 08 months,680000,13,44,722423.9900985172
2025-08-01,PUNGGOL,4 ROOM,220B,SUMANG LANE,01 TO 03,93,Model A,2018,92 years 05 months,645000,1,44,628468.5365948435
2025-08-01,PUNGGOL,4 ROOM,224C,SUMANG LANE,07 TO 09,93,Model A,2018,92 years 04 months,668000,7,44,665974.0267908981
2025-08-01,PUNGGOL,4 ROOM,231A,SUMANG LANE,04 TO 06,93,Model A,2018,92 years 04 months,618000,4,44,648436.5080376612
2025-08-01,PUNGGOL,4 ROOM,220A,SUMANG LANE,07 TO 09,93,Model A,2018,92 years 04 months,650000,7,44,665974.0267908981
2025-08-01,PUNGGOL,4 ROOM,234B,SUMANG LANE,10 TO 12,93,Model A,2018,92 years 03 months,655000,10,44,673782.066706649
2025-08-01,PUNGGOL,4 ROOM,232B,SUMANG LANE,04 TO 06,93,Model A,2018,92 years 03 months,635000,4,44,648436.5080376612
2025-08-01,PUNGGOL,4 ROOM,221B,SUMANG LANE,07 TO 09,93,Model A,2018,92 years 04 months,675000,7,44,665974.0267908981
2025-09-01,PUNGGOL,4 ROOM,226C,SUMANG LANE,04 TO 06,93,Premium Apartment,2018,91 years 07 months,660000,4,44,686093.3086396158
2025-09-01,PUNGGOL,4 ROOM,222A,SUMANG LANE,10 TO 12,93,Model A,2018,92 years 04 months,660000,10,44,673782.066706649
2025-09-01,PUNGGOL,4 ROOM,233C,SUMANG LANE,10 TO 12,93,Model A,2018,92 years 03 months,675000,10,44,673782.066706649
2025-09-01,PUNGGOL,4 ROOM,222A,SUMANG LANE,07 TO 09,93,Model A,2018,92 years 03 months,650000,7,44,665974.0267908981
2025-09-01,PUNGGOL,4 ROOM,226B,SUMANG LANE,13 TO 15,92,Premium Apartment,2018,91 years 06 months,680000,13,44,711492.8550794302
2025-07-01,PUNGGOL,4 ROOM,312A,SUMANG LINK,01 TO 03,92,Model A,2015,88 years 11 months,608888,1,44,632190.3598708275
2025-08-01,PUNGGOL,4 ROOM,312C,SUMANG LINK,07 TO 09,92,Model A,2015,88 years 10 months,740000,7,44,668732.6888400487
2025-09-01,PUNGGOL,4 ROOM,313C,SUMANG LINK,16 TO 18,92,Model A,2015,88 years 09 months,745000,16,44,691247.2098556948
2025-07-01,PUNGGOL,4 ROOM,323C,SUMANG WALK,19 TO 21,93,Premium Apartment,2020,93 years 07 months,760000,19,44,706132.8807563422
2025-07-01,PUNGGOL,4 ROOM,323A,SUMANG WALK,16 TO 18,93,Premium Apartment,2020,93 years 06 months,736888,16,44,716470.214027205
2025-07-01,PUNGGOL,4 ROOM,217C,SUMANG WALK,10 TO 12,92,Model A,2017,91 years,665588,10,44,681670.0576255412
2025-07-01,PUNGGOL,4 ROOM,322B,SUMANG WALK,13 TO 15,93,Premium Apartment,2019,92 years 08 months,760000,13,44,722423.9900985172
2025-08-01,PUNGGOL,4 ROOM,323B,SUMANG WALK,10 TO 12,93,Premium Apartment,2020,93 years 06 months,701000,10,44,721513.0487608772
2025-08-01,PUNGGOL,4 ROOM,323A,SUMANG WALK,07 TO 09,93,Premium Apartment,2020,93 years 06 months,690000,7,44,715272.5584633211
2025-08-01,PUNGGOL,4 ROOM,323C,SUMANG WALK,13 TO 15,93,Premium Apartment,2020,93 years 05 months,760000,13,44,722423.9900985172
2025-08-01,PUNGGOL,4 ROOM,323A,SUMANG WALK,13 TO 15,93,Premium Apartment,2020,93 years 05 months,710000,13,44,722423.9900985172
2025-09-01,PUNGGOL,4 ROOM,256A,SUMANG WALK,04 TO 06,93,Model A,2016,90 years 04 months,670000,4,44,648436.5080376612
2025-09-01,PUNGGOL,4 ROOM,323B,SUMANG WALK,19 TO 21,93,Premium Apartment,2020,93 years 04 months,710000,19,44,706132.8807563422
2025-09-01,PUNGGOL,4 ROOM,323D,SUMANG WALK,13 TO 15,93,Premium Apartment,2020,93 years 04 months,750888,13,44,722423.9900985172
2025-07-01,PUNGGOL,5 ROOM,126A,EDGEDALE PLAINS,04 TO 06,110,Improved,2003,76 years 09 months,610000,4,44,657770.3500930446
2025-07-01,PUNGGOL,5 ROOM,130,EDGEDALE PLAINS,04 TO 06,111,Premium Apartment,2003,77 years 05 months,610000,4,44,643688.4565426809
2025-07-01,PUNGGOL,5 ROOM,126A,EDGEDALE PLAINS,10 TO 12,110,Improved,2003,76 years 09 months,678000,10,44,677869.6667007462
2025-07-01,PUNGGOL,5 ROOM,682A,EDGEDALE PLAINS,13 TO 15,113,Premium Apartment,2018,92 years 02 months,835000,13,44,853708.4943689306
2025-07-01,PUNGGOL,5 ROOM,109A,EDGEDALE PLAINS,01 TO 03,110,Improved,2003,76 years 10 months,620000,1,44,637917.9096155921
2025-07-01,PUNGGOL,5 ROOM,684C,EDGEDALE PLAINS,04 TO 06,113,Premium Apartment,2018,92 years 02 months,780000,4,44,818687.2372796534
2025-07-01,PUNGGOL,5 ROOM,171B,EDGEDALE PLAINS,16 TO 18,110,Improved,2004,77 years 07 months,730000,16,44,677229.6934536735
2025-07-01,PUNGGOL,5 ROOM,662D,EDGEDALE PLAINS,01 TO 03,112,Premium Apartment,2017,90 years 10 months,748000,1,44,756322.3191477305
2025-07-01,PUNGGOL,5 ROOM,109D,EDGEDALE PLAINS,04 TO 06,110,Improved,2003,76 years 10 months,640088,4,44,657770.3500930446
2025-07-01,PUNGGOL,5 ROOM,126A,EDGEDALE PLAINS,04 TO 06,110,Improved,2003,76 years 08 months,648000,4,44,657770.3500930446
2025-07-01,PUNGGOL,5 ROOM,109C,EDGEDALE PLAINS,07 TO 09,110,Improved,2003,76 years 10 months,660000,7,44,673418.1773783885
2025-08-01,PUNGGOL,5 ROOM,109A,EDGEDALE PLAINS,10 TO 12,110,Improved,2003,76 years 09 months,688888,10,44,677869.6667007462
2025-08-01,PUNGGOL,5 ROOM,120B,EDGEDALE PLAINS,10 TO 12,112,Improved,2017,90 years 10 months,740000,10,44,809386.1627240274
2025-08-01,PUNGGOL,5 ROOM,126D,EDGEDALE PLAINS,13 TO 15,110,Improved,2003,76 years 08 months,700000,13,44,676593.4573901874
2025-08-01,PUNGGOL,5 ROOM,684A,EDGEDALE PLAINS,16 TO 18,113,Premium Apartment,2018,92 years 01 month,850000,16,44,865904.1317005644
2025-08-01,PUNGGOL,5 ROOM,126B,EDGEDALE PLAINS,07 TO 09,110,Improved,2003,76 years 06 months,658000,7,44,673418.1773783885
2025-08-01,PUNGGOL,5 ROOM,109A,EDGEDALE PLAINS,16 TO 18,110,Improved,2003,76 years 10 months,640000,16,44,677229.6934536735
2025-08-01,PUNGGOL,5 ROOM,122B,EDGEDALE PLAINS,10 TO 12,113,Improved,2017,90 years 09 months,770000,10,44,807733.4803787756
2025-08-01,PUNGGOL,5 ROOM,172B,EDGEDALE PLAINS,10 TO 12,110,Improved,2004,77 years 08 months,688000,10,44,677869.6667007462
2025-08-01,PUNGGOL,5 ROOM,684A,EDGEDALE PLAINS,04 TO 06,113,Premium Apartment,2018,92 years,810000,4,44,818687.2372796534
2025-08-01,PUNGGOL,5 ROOM,126B,EDGEDALE PLAINS,01 TO 03,110,Improved,2003,76 years 06 months,600000,1,44,637917.9096155921
2025-09-01,PUNGGOL,5 ROOM,171B,EDGEDALE PLAINS,10 TO 12,110,Improved,2004,77 years 05 months,702000,10,44,677869.6667007462
2025-09-01,PUNGGOL,5 ROOM,684B,EDGEDALE PLAINS,07 TO 09,113,Premium Apartment,2018,92 years,880000,7,44,838198.821607459
2025-09-01,PUNGGOL,5 ROOM,109D,EDGEDALE PLAINS,10 TO 12,110,Improved,2003,76 years 09 months,665000,10,44,677869.6667007462
2025-09-01,PUNGGOL,5 ROOM,174B,EDGEDALE PLAINS,13 TO 15,112,Improved,2003,77 years 03 months,733000,13,44,822940.4470944743
2025-09-01,PUNGGOL,5 ROOM,684A,EDGEDALE PLAINS,07 TO 09,113,Premium Apartment,2018,91 years 11 months,805000,7,44,838198.821607459
2025-09-01,PUNGGOL,5 ROOM,120A,EDGEDALE PLAINS,16 TO 18,113,Improved,2017,90 years 08 months,770000,16,44,828714.954475271
2025-09-01,PUNGGOL,5 ROOM,171A,EDGEDALE PLAINS,07 TO 09,110,Improved,2004,77 years 04 months,650000,7,44,673418.1773783885
2025-09-01,PUNGGOL,5 ROOM,661B,EDGEDALE PLAINS,16 TO 18,112,Premium Apartment,2017,90 years 08 months,850000,16,44,858820.4597458304
2025-07-01,PUNGGOL,5 ROOM,103C,EDGEFIELD PLAINS,01 TO 03,110,Improved,2003,76 years 11 months,620000,1,44,637917.9096155921
2025-07-01,PUNGGOL,5 ROOM,114,EDGEFIELD PLAINS,10 TO 12,113,Premium Apartment,2003,77 years,660000,10,44,840445.5227466476
2025-07-01,PUNGGOL,5 ROOM,103C,EDGEFIELD PLAINS,04 TO 06,110,Improved,2003,76 years 11 months,639000,4,44,657770.3500930446
2025-09-01,PUNGGOL,5 ROOM,669B,EDGEFIELD PLAINS,04 TO 06,113,Premium Apartment,2016,89 years 10 months,805000,4,44,818687.2372796534
2025-09-01,PUNGGOL,5 ROOM,105B,EDGEFIELD PLAINS,04 TO 06,110,Improved,2003,76 years 09 months,650000,4,44,657770.3500930446
2025-09-01,PUNGGOL,5 ROOM,116,EDGEFIELD PLAINS,10 TO 12,112,Premium Apartment,2003,76 years 09 months,630000,10,44,848700.3075917169
2025-07-01,PUNGGOL,5 ROOM,406C,NORTHSHORE DR,19 TO 21,112,Improved,2021,94 years 11 months,955000,19,44,831886.5256254792
2025-08-01,PUNGGOL,5 ROOM,406A,NORTHSHORE DR,19 TO 21,112,Improved,2021,94 years 10 months,968888,19,44,831886.5256254792
2025-09-01,PUNGGOL,5 ROOM,406B,NORTHSHORE DR,07 TO 09,112,Improved,2021,94 years 09 months,920000,7,44,800804.126310023
2025-07-01,PUNGGOL,5 ROOM,191,PUNGGOL CTRL,07 TO 09,112,Premium Apartment,2004,77 years 10 months,672888,7,44,835287.1525705442
2025-07-01,PUNGGOL,5 ROOM,163B,PUNGGOL CTRL,16 TO 18,114,Premium Apartment,2004,78 years 01 month,738000,16,44,837981.4122035373
2025-07-01,PUNGGOL,5 ROOM,190,PUNGGOL CTRL,04 TO 06,110,Premium Apartment,2004,77 years 10 months,647000,4,44,658231.7410557768
2025-07-01,PUNGGOL,5 ROOM,652,PUNGGOL CTRL,04 TO 06,110,Premium Apartment,2005,78 years 06 months,700000,4,44,658231.7410557768
2025-07-01,PUNGGOL,5 ROOM,646,PUNGGOL CTRL,10 TO 12,110,Premium Apartment,2005,78 years 06 months,710000,10,44,685818.2791019381
2025-07-01,PUNGGOL,5 ROOM,293,PUNGGOL CTRL,04 TO 06,110,Premium Apartment,2003,77 years 06 months,718888,4,44,658231.7410557768
2025-07-01,PUNGGOL,5 ROOM,296,PUNGGOL CTRL,04 TO 06,110,Premium Apartment,2003,77 years 03 months,670000,4,44,658231.7410557768
2025-07-01,PUNGGOL,5 ROOM,643,PUNGGOL CTRL,16 TO 18,110,Premium Apartment,2005,78 years 06 months,725888,16,44,684737.6338524234
2025-08-01,PUNGGOL,5 ROOM,645,PUNGGOL CTRL,07 TO 09,110,Premium Apartment,2005,78 years 06 months,718888,7,44,678156.6928958212
2025-08-01,PUNGGOL,5 ROOM,648,PUNGGOL CTRL,10 TO 12,110,Premium Apartment,2005,78 years 06 months,705000,10,44,685818.2791019381
2025-09-01,PUNGGOL,5 ROOM,652,PUNGGOL CTRL,04 TO 06,110,Premium Apartment,2005,78 years 05 months,670000,4,44,658231.7410557768
2025-09-01,PUNGGOL,5 ROOM,646,PUNGGOL CTRL,04 TO 06,110,Premium Apartment,2005,78 years 05 months,688000,4,44,658231.7410557768
2025-09-01,PUNGGOL,5 ROOM,161B,PUNGGOL CTRL,01 TO 03,114,Premium Apartment,2004,77 years 08 months,640000,1,44,772587.5897505858
2025-07-01,PUNGGOL,5 ROOM,664B,PUNGGOL DR,01 TO 03,110,Improved,2016,90 years,760000,1,44,637917.9096155921
2025-07-01,PUNGGOL,5 ROOM,617C,PUNGGOL DR,13 TO 15,113,Premium Apartment,2013,87 years 03 months,890000,13,44,853708.4943689306
2025-07-01,PUNGGOL,5 ROOM,677D,PUNGGOL DR,01 TO 03,113,Premium Apartment,2016,90 years 03 months,850000,1,44,766774.5175056637
2025-07-01,PUNGGOL,5 ROOM,679A,PUNGGOL DR,04 TO 06,113,Premium Apartment,2016,90 years 03 months,840000,4,44,818687.2372796534
2025-07-01,PUNGGOL,5 ROOM,617B,PUNGGOL DR,10 TO 12,118,Premium Apartment,2013,87 years 02 months,965888,10,44,846348.1733545285
2025-07-01,PUNGGOL,5 ROOM,667A,PUNGGOL DR,07 TO 09,113,Premium Apartment,2016,89 years 08 months,885000,7,44,838198.821607459
2025-08-01,PUNGGOL,5 ROOM,637D,PUNGGOL DR,13 TO 15,111,Premium Apartment,2005,78 years 06 months,710888,13,44,674493.4883262347
2025-08-01,PUNGGOL,5 ROOM,676C,PUNGGOL DR,13 TO 15,113,Premium Apartment,2016,90 years 01 month,930000,13,44,853708.4943689306
2025-08-01,PUNGGOL,5 ROOM,637C,PUNGGOL DR,10 TO 12,111,Premium Apartment,2005,78 years 05 months,710000,10,44,701499.3689431761
2025-08-01,PUNGGOL,5 ROOM,641B,PUNGGOL DR,01 TO 03,110,Premium Apartment,2005,78 years 05 months,640000,1,44,644779.3598061423
2025-08-01,PUNGGOL,5 ROOM,641A,PUNGGOL DR,07 TO 09,111,Premium Apartment,2005,78 years 05 months,690000,7,44,680721.9852013494
2025-09-01,PUNGGOL,5 ROOM,642A,PUNGGOL DR,04 TO 06,111,Premium Apartment,2005,78 years 05 months,700000,4,44,643688.4565426809
2025-09-01,PUNGGOL,5 ROOM,638A,PUNGGOL DR,04 TO 06,110,Premium Apartment,2005,78 years 04 months,645000,4,44,658231.7410557768
2025-09-01,PUNGGOL,5 ROOM,642C,PUNGGOL DR,13 TO 15,111,Premium Apartment,2005,78 years 04 months,702500,13,44,674493.4883262347
2025-09-01,PUNGGOL,5 ROOM,676B,PUNGGOL DR,01 TO 03,113,Premium Apartment,2016,90 years,789988,1,44,766774.5175056637
2025-09-01,PUNGGOL,5 ROOM,678C,PUNGGOL DR,13 TO 15,113,Premium Apartment,2016,90 years,915888,13,44,853708.4943689306
2025-07-01,PUNGGOL,5 ROOM,659A,PUNGGOL EAST,13 TO 15,113,Improved,2018,92 years 04 months,810000,13,44,819302.1275405783
2025-07-01,PUNGGOL,5 ROOM,658C,PUNGGOL EAST,16 TO 18,113,Improved,2018,92 years 04 months,880000,16,44,828714.954475271
2025-09-01,PUNGGOL,5 ROOM,659A,PUNGGOL EAST,13 TO 15,113,Improved,2018,92 years 03 months,820000,13,44,819302.1275405783
2025-09-01,PUNGGOL,5 ROOM,659A,PUNGGOL EAST,13 TO 15,113,Improved,2018,92 years 03 months,825000,13,44,819302.1275405783
2025-09-01,PUNGGOL,5 ROOM,658C,PUNGGOL EAST,01 TO 03,113,Improved,2018,92 years 02 months,730000,1,44,742837.3315632709
2025-09-01,PUNGGOL,5 ROOM,658B,PUNGGOL EAST,04 TO 06,113,Improved,2018,92 years 02 months,800000,4,44,795258.1174521745
2025-07-01,PUNGGOL,5 ROOM,170A,PUNGGOL FIELD,10 TO 12,112,Improved,2014,87 years 09 months,765000,10,44,809386.1627240274
2025-07-01,PUNGGOL,5 ROOM,204B,PUNGGOL FIELD,07 TO 09,110,Improved,2004,78 years 03 months,688888,7,44,673418.1773783885
2025-07-01,PUNGGOL,5 ROOM,196B,PUNGGOL FIELD,10 TO 12,110,Improved,2003,76 years 10 months,700000,10,44,677869.6667007462
2025-07-01,PUNGGOL,5 ROOM,169A,PUNGGOL FIELD,13 TO 15,112,Improved,2014,87 years 09 months,760000,13,44,822940.4470944743
2025-07-01,PUNGGOL,5 ROOM,203A,PUNGGOL FIELD,04 TO 06,110,Improved,2004,78 years 03 months,660000,4,44,657770.3500930446
2025-07-01,PUNGGOL,5 ROOM,259C,PUNGGOL FIELD,13 TO 15,113,Improved,2016,89 years 11 months,846888,13,44,819302.1275405783
2025-07-01,PUNGGOL,5 ROOM,169A,PUNGGOL FIELD,07 TO 09,112,Improved,2014,87 years 09 months,740000,7,44,800804.126310023
2025-07-01,PUNGGOL,5 ROOM,202A,PUNGGOL FIELD,04 TO 06,110,Improved,2004,77 years 11 months,658000,4,44,657770.3500930446
2025-07-01,PUNGGOL,5 ROOM,106A,PUNGGOL FIELD,04 TO 06,110,Improved,2003,76 years 09 months,650000,4,44,657770.3500930446
2025-07-01,PUNGGOL,5 ROOM,173B,PUNGGOL FIELD,16 TO 18,110,Improved,2003,77 years 05 months,690000,16,44,677229.6934536735
2025-08-01,PUNGGOL,5 ROOM,205A,PUNGGOL FIELD,07 TO 09,110,Improved,2004,78 years 03 months,678000,7,44,673418.1773783885
2025-08-01,PUNGGOL,5 ROOM,102D,PUNGGOL FIELD,04 TO 06,110,Improved,2002,76 years 04 months,640000,4,44,657770.3500930446
2025-08-01,PUNGGOL,5 ROOM,259C,PUNGGOL FIELD,04 TO 06,113,Improved,2016,89 years 10 months,808888,4,44,795258.1174521745
2025-08-01,PUNGGOL,5 ROOM,201D,PUNGGOL FIELD,16 TO 18,110,Improved,2004,77 years 11 months,698000,16,44,677229.6934536735
2025-08-01,PUNGGOL,5 ROOM,196C,PUNGGOL FIELD,01 TO 03,112,Improved,2003,76 years 09 months,610000,1,44,740236.0066085149
2025-09-01,PUNGGOL,5 ROOM,175C,PUNGGOL FIELD,04 TO 06,110,Improved,2003,77 years,650000,4,44,657770.3500930446
2025-09-01,PUNGGOL,5 ROOM,196D,PUNGGOL FIELD,07 TO 09,110,Improved,2003,76 years 11 months,675888,7,44,673418.1773783885
2025-09-01,PUNGGOL,5 ROOM,204C,PUNGGOL FIELD,13 TO 15,110,Improved,2004,78 years 02 months,655000,13,44,676593.4573901874
2025-09-01,PUNGGOL,5 ROOM,199B,PUNGGOL FIELD,04 TO 06,110,Improved,2003,76 years 08 months,645000,4,44,657770.3500930446
2025-09-01,PUNGGOL,5 ROOM,197B,PUNGGOL FIELD,13 TO 15,110,Improved,2003,76 years 08 months,676888,13,44,676593.4573901874
2025-09-01,PUNGGOL,5 ROOM,270A,PUNGGOL FIELD,04 TO 06,112,Premium Apartment,2013,86 years 04 months,820000,4,44,826192.1152939709
2025-07-01,PUNGGOL,5 ROOM,128C,PUNGGOL FIELD WALK,07 TO 09,110,Improved,2003,76 years 11 months,650000,7,44,673418.1773783885
2025-07-01,PUNGGOL,5 ROOM,207A,PUNGGOL PL,07 TO 09,112,Improved,2014,87 years 11 months,838888,7,44,800804.126310023
2025-07-01,PUNGGOL,5 ROOM,288A,PUNGGOL PL,13 TO 15,115,Premium Apartment,2013,86 years 08 months,980000,13,44,840533.0801236721
2025-07-01,PUNGGOL,5 ROOM,306B,PUNGGOL PL,16 TO 18,147,Premium Apartment Loft,2012,86 years,1200000,16,44,1184882.870426519
2025-09-01,PUNGGOL,5 ROOM,207B,PUNGGOL PL,13 TO 15,112,Improved,2014,87 years 10 months,860000,13,44,822940.4470944743
2025-09-01,PUNGGOL,5 ROOM,288A,PUNGGOL PL,04 TO 06,112,Premium Apartment,2013,86 years 07 months,920000,4,44,826192.1152939709
2025-07-01,PUNGGOL,5 ROOM,272C,PUNGGOL WALK,07 TO 09,116,Premium Apartment,2014,87 years 10 months,950000,7,44,894768.6848197525
2025-07-01,PUNGGOL,5 ROOM,308B,PUNGGOL WALK,10 TO 12,112,Premium Apartment,2016,89 years 08 months,888000,10,44,848700.3075917169
2025-08-01,PUNGGOL,5 ROOM,308A,PUNGGOL WALK,04 TO 06,112,Premium Apartment,2016,89 years 07 months,953000,4,44,826192.1152939709
2025-09-01,PUNGGOL,5 ROOM,308C,PUNGGOL WALK,07 TO 09,112,Premium Apartment,2016,89 years 07 months,901888,7,44,835287.1525705442
2025-09-01,PUNGGOL,5 ROOM,272A,PUNGGOL WALK,07 TO 09,116,Premium Apartment,2014,87 years 07 months,985888,7,44,894768.6848197525
2025-09-01,PUNGGOL,5 ROOM,310A,PUNGGOL WALK,04 TO 06,112,Premium Apartment,2016,89 years 09 months,850000,4,44,826192.1152939709
2025-09-01,PUNGGOL,5 ROOM,310C,PUNGGOL WALK,10 TO 12,112,Premium Apartment,2016,89 years 10 months,880000,10,44,848700.3075917169
2025-09-01,PUNGGOL,5 ROOM,308C,PUNGGOL WALK,10 TO 12,112,Premium Apartment,2016,89 years 06 months,882888,10,44,848700.3075917169
2025-09-01,PUNGGOL,5 ROOM,272C,PUNGGOL WALK,10 TO 12,116,Premium Apartment,2014,87 years 07 months,990000,10,44,882914.3823324902
2025-07-01,PUNGGOL,5 ROOM,316D,PUNGGOL WAY,01 TO 03,113,Premium Apartment,2017,91 years 02 months,808000,1,44,766774.5175056637
2025-07-01,PUNGGOL,5 ROOM,266A,PUNGGOL WAY,10 TO 12,112,Improved,2015,88 years 11 months,910000,10,44,809386.1627240274
2025-08-01,PUNGGOL,5 ROOM,265D,PUNGGOL WAY,04 TO 06,112,Improved,2015,88 years 11 months,825000,4,44,800894.1498902979
2025-09-01,PUNGGOL,5 ROOM,265A,PUNGGOL WAY,01 TO 03,112,Improved,2015,88 years 09 months,778000,1,44,740236.0066085149
2025-08-01,PUNGGOL,5 ROOM,231B,SUMANG LANE,01 TO 03,113,Improved,2018,92 years 04 months,760000,1,44,742837.3315632709
2025-08-01,PUNGGOL,5 ROOM,226C,SUMANG LANE,04 TO 06,114,Premium Apartment,2018,91 years 07 months,740000,4,44,795542.4804052989
2025-08-01,PUNGGOL,5 ROOM,232A,SUMANG LANE,04 TO 06,113,Improved,2018,92 years 03 months,730000,4,44,795258.1174521745
2025-09-01,PUNGGOL,5 ROOM,233C,SUMANG LANE,04 TO 06,113,Improved,2018,92 years 02 months,715000,4,44,795258.1174521745
2025-09-01,PUNGGOL,5 ROOM,226B,SUMANG LANE,04 TO 06,114,Premium Apartment,2018,91 years 06 months,792888,4,44,795542.4804052989
2025-09-01,PUNGGOL,5 ROOM,226B,SUMANG LANE,13 TO 15,114,Premium Apartment,2018,91 years 06 months,815000,13,44,798074.2628380425
2025-09-01,PUNGGOL,5 ROOM,226B,SUMANG LANE,04 TO 06,114,Premium Apartment,2018,91 years 07 months,758000,4,44,795542.4804052989
2025-07-01,PUNGGOL,5 ROOM,313C,SUMANG LINK,13 TO 15,112,Improved,2015,89 years,951000,13,44,822940.4470944743
2025-09-01,PUNGGOL,5 ROOM,313B,SUMANG LINK,07 TO 09,112,Improved,2015,88 years 09 months,930000,7,44,800804.126310023
2025-07-01,PUNGGOL,5 ROOM,322B,SUMANG WALK,01 TO 03,121,Premium Apartment,2019,92 years 09 months,920000,1,44,846461.8391384882
2025-07-01,PUNGGOL,5 ROOM,217A,SUMANG WALK,10 TO 12,112,Improved,2017,91 years 01 month,815000,10,44,809386.1627240274
2025-07-01,PUNGGOL,5 ROOM,323B,SUMANG WALK,13 TO 15,113,Premium Apartment,2020,93 years 07 months,857000,13,44,853708.4943689306
2025-07-01,PUNGGOL,5 ROOM,323D,SUMANG WALK,22 TO 24,113,Premium Apartment,2020,93 years 07 months,968000,22,44,879698.7904746602
2025-07-01,PUNGGOL,5 ROOM,217A,SUMANG WALK,07 TO 09,112,Improved,2017,91 years,810000,7,44,800804.126310023
2025-07-01,PUNGGOL,5 ROOM,325B,SUMANG WALK,04 TO 06,116,Premium Apartment,2020,93 years 06 months,920000,4,44,877081.2622868019
2025-07-01,PUNGGOL,5 ROOM,323C,SUMANG WALK,13 TO 15,123,3Gen,2020,93 years 06 months,925000,13,44,817668.0435621996
2025-08-01,PUNGGOL,5 ROOM,323C,SUMANG WALK,04 TO 06,123,3Gen,2020,93 years 06 months,925000,4,44,797845.4636929439
2025-08-01,PUNGGOL,5 ROOM,323D,SUMANG WALK,07 TO 09,113,Premium Apartment,2020,93 years 05 months,838888,7,44,838198.821607459
2025-08-01,PUNGGOL,5 ROOM,217C,SUMANG WALK,16 TO 18,112,Improved,2017,90 years 11 months,830000,16,44,837522.8446207086
2025-09-01,PUNGGOL,5 ROOM,323B,SUMANG WALK,19 TO 21,113,Premium Apartment,2020,93 years 05 months,910000,19,44,869688.9888772432
2025-09-01,PUNGGOL,5 ROOM,325A,SUMANG WALK,10 TO 12,116,Premium Apartment,2020,93 years 04 months,940000,10,44,882914.3823324902
2025-09-01,PUNGGOL,5 ROOM,217C,SUMANG WALK,07 TO 09,112,Improved,2017,90 years 11 months,760000,7,44,800804.126310023
2025-07-01,PUNGGOL,EXECUTIVE,116,EDGEFIELD PLAINS,04 TO 06,130,Premium Apartment,2003,76 years 11 months,775000,4,44,787661.1909942228
2025-08-01,PUNGGOL,EXECUTIVE,183,EDGEFIELD PLAINS,16 TO 18,128,Premium Apartment,2003,77 years 04 months,880000,16,44,843556.3366588004
2025-08-01,PUNGGOL,EXECUTIVE,182,EDGEFIELD PLAINS,10 TO 12,128,Premium Apartment,2003,77 years 04 months,830000,10,44,826522.2011227144
2025-08-01,PUNGGOL,EXECUTIVE,115,EDGEFIELD PLAINS,16 TO 18,130,Premium Apartment,2003,76 years 10 months,855000,16,44,841301.445351932
2025-08-01,PUNGGOL,EXECUTIVE,116,EDGEFIELD PLAINS,10 TO 12,130,Premium Apartment,2003,76 years 11 months,825000,10,44,822827.8296734774
2025-08-01,PUNGGOL,EXECUTIVE,114,EDGEFIELD PLAINS,10 TO 12,130,Premium Apartment,2003,76 years 11 months,808000,10,44,822827.8296734774
2025-09-01,PUNGGOL,EXECUTIVE,114,EDGEFIELD PLAINS,07 TO 09,130,Premium Apartment,2003,76 years 10 months,800000,7,44,806863.2782978257
2025-08-01,PUNGGOL,EXECUTIVE,190,PUNGGOL CTRL,07 TO 09,128,Premium Apartment,2004,77 years 09 months,792000,7,44,806115.5900280734
2025-08-01,QUEENSTOWN,2 ROOM,82,C'WEALTH CL,10 TO 12,46,Standard,1967,40 years 05 months,295000,10,44,291641.1010845666
2025-08-01,QUEENSTOWN,2 ROOM,83,C'WEALTH CL,13 TO 15,46,Standard,1967,40 years 05 months,300000,13,44,315988.3088784881
2025-09-01,QUEENSTOWN,2 ROOM,83,C'WEALTH CL,10 TO 12,46,Standard,1967,40 years 04 months,308000,10,44,291641.1010845666
2025-09-01,QUEENSTOWN,2 ROOM,81,C'WEALTH CL,13 TO 15,46,Standard,1967,40 years 04 months,298000,13,44,315988.3088784881
2025-07-01,QUEENSTOWN,2 ROOM,26,GHIM MOH LINK,19 TO 21,47,Model A,2013,86 years 09 months,520000,19,44,484101.0884817844
2025-07-01,QUEENSTOWN,2 ROOM,26,GHIM MOH LINK,28 TO 30,47,Model A,2013,86 years 09 months,510000,28,44,513547.7205976673
2025-09-01,QUEENSTOWN,2 ROOM,26,GHIM MOH LINK,22 TO 24,47,Model A,2013,86 years 07 months,520000,22,44,500095.8352915769
2025-08-01,QUEENSTOWN,2 ROOM,18,GHIM MOH RD,07 TO 09,45,Improved,1977,50 years 05 months,305000,7,44,324638.7605296181
2025-09-01,QUEENSTOWN,2 ROOM,40B,MARGARET DR,07 TO 09,47,Premium Apartment,2022,95 years 06 months,545000,7,44,438761.5518083811
2025-07-01,QUEENSTOWN,3 ROOM,83,C'WEALTH CL,07 TO 09,60,Standard,1967,40 years 07 months,300000,7,44,374917.357841511
2025-07-01,QUEENSTOWN,3 ROOM,82,C'WEALTH CL,04 TO 06,60,Standard,1967,40 years 07 months,345000,4,44,372761.30934239604
2025-07-01,QUEENSTOWN,3 ROOM,81,C'WEALTH CL,01 TO 03,60,Standard,1967,40 years 06 months,315000,1,44,358349.17280881474
2025-08-01,QUEENSTOWN,3 ROOM,85,C'WEALTH CL,01 TO 03,58,Standard,1967,40 years 06 months,360000,1,44,362113.95378822024
2025-08-01,QUEENSTOWN,3 ROOM,83,C'WEALTH CL,13 TO 15,60,Standard,1967,40 years 05 months,396888.88,13,44,379120.2759492407
2025-09-01,QUEENSTOWN,3 ROOM,101,C'WEALTH CRES,04 TO 06,55,Standard,1970,43 years 10 months,340000,4,44,355930.52519830625
2025-07-01,QUEENSTOWN,3 ROOM,51,C'WEALTH DR,01 TO 03,63,Model A,2015,88 years 08 months,690000,1,44,651071.762342718
2025-07-01,QUEENSTOWN,3 ROOM,95,C'WEALTH DR,01 TO 03,68,Standard,1967,40 years 07 months,350000,1,44,396710.25738533423
2025-07-01,QUEENSTOWN,3 ROOM,89,C'WEALTH DR,07 TO 09,69,Standard,1967,40 years 06 months,408000,7,44,430463.4396526752
2025-08-01,QUEENSTOWN,3 ROOM,50,C'WEALTH DR,22 TO 24,63,Model A,2015,88 years 06 months,785000,22,44,741498.2423596323
2025-08-01,QUEENSTOWN,3 ROOM,93,C'WEALTH DR,01 TO 03,58,Standard,1967,40 years 06 months,355100,1,44,362113.95378822024
2025-08-01,QUEENSTOWN,3 ROOM,51,C'WEALTH DR,10 TO 12,63,Model A,2015,88 years 06 months,738000,10,44,696222.582963314
2025-08-01,QUEENSTOWN,3 ROOM,89,DAWSON RD,34 TO 36,65,Premium Apartment,2016,89 years 08 months,822000,34,44,817352.0496344243
2025-09-01,QUEENSTOWN,3 ROOM,79,DAWSON RD,16 TO 18,62,Model A,2020,94 years 02 months,750000,16,44,715517.4510776559
2025-09-01,QUEENSTOWN,3 ROOM,93,DAWSON RD,07 TO 09,65,Premium Apartment,2016,89 years 07 months,700000,7,44,711301.5614241711
2025-07-01,QUEENSTOWN,3 ROOM,20,DOVER CRES,13 TO 15,65,Improved,1978,51 years 07 months,430000,13,44,439732.4831871943
2025-08-01,QUEENSTOWN,3 ROOM,20,DOVER CRES,07 TO 09,65,Improved,1978,51 years 05 months,405000,7,44,424644.89586394007
2025-09-01,QUEENSTOWN,3 ROOM,5,DOVER CRES,10 TO 12,67,New Generation,1979,53 years 03 months,445000,10,44,466658.01983757096
2025-09-01,QUEENSTOWN,3 ROOM,20,DOVER CRES,04 TO 06,65,Improved,1978,51 years 04 months,410000,4,44,415768.0706837168
2025-08-01,QUEENSTOWN,3 ROOM,30,GHIM MOH LINK,37 TO 39,68,Model A,2018,91 years 10 months,816000,37,44,770197.1299927705
2025-09-01,QUEENSTOWN,3 ROOM,26,GHIM MOH LINK,01 TO 03,67,Model A,2013,86 years 07 months,690000,1,44,641594.1297817497
2025-07-01,QUEENSTOWN,3 ROOM,5,GHIM MOH RD,13 TO 15,65,Improved,1976,50 years 01 month,480000,13,44,439732.4831871943
2025-07-01,QUEENSTOWN,3 ROOM,21,GHIM MOH RD,01 TO 03,65,Improved,1977,50 years 10 months,365000,1,44,398381.14723721205
2025-08-01,QUEENSTOWN,3 ROOM,1,GHIM MOH RD,13 TO 15,65,Improved,1976,50 years,388000,13,44,439732.4831871943
2025-08-01,QUEENSTOWN,3 ROOM,19,GHIM MOH RD,13 TO 15,65,Improved,1977,50 years 10 months,436000,13,44,439732.4831871943
2025-08-01,QUEENSTOWN,3 ROOM,1,GHIM MOH RD,01 TO 03,65,Improved,1976,49 years 11 months,405000,1,44,398381.14723721205
2025-08-01,QUEENSTOWN,3 ROOM,4,GHIM MOH RD,10 TO 12,65,Improved,1976,49 years 11 months,408000,10,44,414745.3662984049
2025-08-01,QUEENSTOWN,3 ROOM,21,GHIM MOH RD,07 TO 09,65,Improved,1977,50 years 09 months,370000,7,44,424644.89586394007
2025-08-01,QUEENSTOWN,3 ROOM,5,GHIM MOH RD,13 TO 15,65,Improved,1976,49 years 11 months,446888,13,44,439732.4831871943
2025-09-01,QUEENSTOWN,3 ROOM,5,GHIM MOH RD,10 TO 12,65,Improved,1976,49 years 11 months,428000,10,44,414745.3662984049
2025-09-01,QUEENSTOWN,3 ROOM,6,GHIM MOH RD,13 TO 15,65,Improved,1976,49 years 11 months,390000,13,44,439732.4831871943
2025-09-01,QUEENSTOWN,3 ROOM,19,GHIM MOH RD,04 TO 06,65,Improved,1977,50 years 08 months,432000,4,44,415768.0706837168
2025-09-01,QUEENSTOWN,3 ROOM,2,GHIM MOH RD,01 TO 03,65,Improved,1976,49 years 10 months,380000,1,44,398381.14723721205
2025-09-01,QUEENSTOWN,3 ROOM,6,GHIM MOH RD,10 TO 12,65,Improved,1976,49 years 10 months,360000,10,44,414745.3662984049
2025-09-01,QUEENSTOWN,3 ROOM,3,GHIM MOH RD,04 TO 06,65,Improved,1976,49 years 10 months,370000,4,44,415768.0706837168
2025-09-01,QUEENSTOWN,3 ROOM,1,GHIM MOH RD,07 TO 09,65,Improved,1976,49 years 10 months,398000,7,44,424644.89586394007
2025-07-01,QUEENSTOWN,3 ROOM,9,HOLLAND AVE,16 TO 18,65,Improved,1974,47 years 11 months,500000,16,44,478101.3003133518
2025-09-01,QUEENSTOWN,3 ROOM,8,HOLLAND AVE,10 TO 12,59,Improved,1974,47 years 09 months,482000,10,44,393904.63135909755
2025-09-01,QUEENSTOWN,3 ROOM,9,HOLLAND AVE,01 TO 03,73,Improved,1974,47 years 09 months,488000,1,44,412455.7864884856
2025-07-01,QUEENSTOWN,3 ROOM,32,HOLLAND CL,07 TO 09,59,Improved,1974,47 years 11 months,425000,7,44,393231.66023476707
2025-08-01,QUEENSTOWN,3 ROOM,6,HOLLAND CL,07 TO 09,73,Improved,1974,47 years 10 months,510000,7,44,448383.3742521615
2025-09-01,QUEENSTOWN,3 ROOM,6,HOLLAND CL,13 TO 15,65,Improved,1974,47 years 10 months,400000,13,44,439732.4831871943
2025-09-01,QUEENSTOWN,3 ROOM,4,HOLLAND CL,04 TO 06,65,Improved,1974,47 years 08 months,505888,4,44,415768.0706837168
2025-07-01,QUEENSTOWN,3 ROOM,13,HOLLAND DR,19 TO 21,73,Improved,1975,48 years 06 months,580000,19,44,491323.3363685565
2025-08-01,QUEENSTOWN,3 ROOM,13,HOLLAND DR,10 TO 12,65,Improved,1975,48 years 05 months,525000,10,44,414745.3662984049
2025-09-01,QUEENSTOWN,3 ROOM,11,HOLLAND DR,19 TO 21,65,Improved,1975,48 years 05 months,505000,19,44,477551.30003976077
2025-08-01,QUEENSTOWN,3 ROOM,157,MEI LING ST,07 TO 09,69,Improved,1970,43 years 06 months,420000,7,44,440989.8769216586
2025-09-01,QUEENSTOWN,3 ROOM,160,MEI LING ST,07 TO 09,72,Improved,1970,43 years 11 months,425000,7,44,442103.8486203012
2025-07-01,QUEENSTOWN,3 ROOM,168,STIRLING RD,01 TO 03,60,Improved,1971,44 years 06 months,343800,1,44,381931.318198157
2025-08-01,QUEENSTOWN,3 ROOM,170,STIRLING RD,07 TO 09,70,Improved,1970,43 years 11 months,400000,7,44,441355.65186998923
2025-08-01,QUEENSTOWN,3 ROOM,61C,STRATHMORE AVE,10 TO 12,70,Model A,2011,85 years 02 months,760000,10,44,668343.7431535424
2025-08-01,QUEENSTOWN,3 ROOM,53,STRATHMORE AVE,07 TO 09,62,Premium Apartment,2020,94 years 04 months,758000,7,44,714333.7295135845
2025-08-01,QUEENSTOWN,3 ROOM,53,STRATHMORE AVE,34 TO 36,62,Premium Apartment,2020,94 years 05 months,850000,34,44,812270.9231122176
2025-08-01,QUEENSTOWN,3 ROOM,62B,STRATHMORE AVE,10 TO 12,69,Model A,2011,85 years,758000,10,44,677671.33601842
2025-09-01,QUEENSTOWN,3 ROOM,53,STRATHMORE AVE,37 TO 39,62,Premium Apartment,2020,94 years 03 months,880888,37,44,810712.5593576911
2025-07-01,QUEENSTOWN,3 ROOM,89,TANGLIN HALT RD,25 TO 27,60,Model A,2008,82 years 02 months,750000,25,44,741765.0030674967
2025-07-01,QUEENSTOWN,3 ROOM,90,TANGLIN HALT RD,28 TO 30,60,Model A,2008,82 years 01 month,738000,28,44,751546.6428719566
2025-08-01,QUEENSTOWN,3 ROOM,90,TANGLIN HALT RD,10 TO 12,60,Model A,2008,82 years 01 month,695000,10,44,684692.8194867765
2025-09-01,QUEENSTOWN,3 ROOM,90,TANGLIN HALT RD,07 TO 09,60,Model A,2008,82 years,715000,7,44,688287.4378349914
2025-07-01,QUEENSTOWN,4 ROOM,50,C'WEALTH DR,37 TO 39,93,Model A,2015,88 years 08 months,1100000,37,44,1077865.7634415505
2025-07-01,QUEENSTOWN,4 ROOM,86,DAWSON RD,22 TO 24,83,Premium Apartment,2016,90 years 02 months,1155000,22,44,1043352.9180152181
2025-07-01,QUEENSTOWN,4 ROOM,86,DAWSON RD,16 TO 18,83,Premium Apartment,2016,90 years 02 months,955000,16,44,990532.2070231041
2025-07-01,QUEENSTOWN,4 ROOM,88,DAWSON RD,07 TO 09,83,Premium Apartment,2016,90 years 02 months,985000,7,44,954221.1162897163
2025-07-01,QUEENSTOWN,4 ROOM,87,DAWSON RD,40 TO 42,87,Premium Apartment,2016,90 years 01 month,1185000,40,44,1136125.2317605203
2025-07-01,QUEENSTOWN,4 ROOM,78,DAWSON RD,19 TO 21,88,Model A,2020,94 years 04 months,1090000,19,44,1051769.743869588
2025-08-01,QUEENSTOWN,4 ROOM,88,DAWSON RD,16 TO 18,87,Premium Apartment,2016,90 years,1042800,16,44,985380.1412596118
2025-08-01,QUEENSTOWN,4 ROOM,88,DAWSON RD,04 TO 06,83,Premium Apartment,2016,90 years 01 month,885000,4,44,948754.2842977338
2025-08-01,QUEENSTOWN,4 ROOM,88,DAWSON RD,04 TO 06,83,Premium Apartment,2016,90 years,915000,4,44,948754.2842977338
2025-09-01,QUEENSTOWN,4 ROOM,92,DAWSON RD,22 TO 24,97,Premium Apartment Loft,2016,89 years 08 months,1255888,22,44,1218801.54976576
2025-09-01,QUEENSTOWN,4 ROOM,88,DAWSON RD,43 TO 45,83,Premium Apartment,2016,89 years 11 months,1100000,43,44,1098739.9352206795
2025-09-01,QUEENSTOWN,4 ROOM,86,DAWSON RD,37 TO 39,83,Premium Apartment,2016,89 years 11 months,1170000,37,44,1093367.81981098
2025-09-01,QUEENSTOWN,4 ROOM,91,DAWSON RD,37 TO 39,95,Premium Apartment Loft,2016,89 years 07 months,1350000,37,44,1265821.3587809014
2025-09-01,QUEENSTOWN,4 ROOM,89,DAWSON RD,16 TO 18,109,Premium Apartment Loft,2016,89 years 07 months,1245000,16,44,1117750.7302307317
2025-07-01,QUEENSTOWN,4 ROOM,28C,DOVER CRES,13 TO 15,95,Model A,2012,85 years 09 months,945888,13,44,988009.0750218864
2025-07-01,QUEENSTOWN,4 ROOM,28C,DOVER CRES,07 TO 09,95,Model A,2012,85 years 09 months,935000,7,44,939672.7507227233
2025-07-01,QUEENSTOWN,4 ROOM,28C,DOVER CRES,22 TO 24,95,Model A,2012,85 years 08 months,950000,22,44,1016099.7809519628
2025-08-01,QUEENSTOWN,4 ROOM,17,DOVER CRES,10 TO 12,92,Model A,2003,77 years 02 months,880000,10,44,940240.3477060741
2025-08-01,QUEENSTOWN,4 ROOM,28A,DOVER CRES,16 TO 18,95,Model A,2012,85 years 07 months,970000,16,44,990888.4476003897
2025-07-01,QUEENSTOWN,4 ROOM,29,GHIM MOH LINK,10 TO 12,93,Model A,2018,92 years,1050000,10,44,965694.9261898923
2025-07-01,QUEENSTOWN,4 ROOM,30,GHIM MOH LINK,04 TO 06,93,Model A,2018,92 years,948000,4,44,926106.3347798386
2025-07-01,QUEENSTOWN,4 ROOM,22,GHIM MOH LINK,19 TO 21,87,Model A,2013,86 years 10 months,1045000,19,44,1048930.8873761157
2025-07-01,QUEENSTOWN,4 ROOM,27,GHIM MOH LINK,13 TO 15,92,Model A,2013,86 years 10 months,960000,13,44,966086.6316967611
2025-07-01,QUEENSTOWN,4 ROOM,30,GHIM MOH LINK,13 TO 15,93,Model A,2018,91 years 11 months,1020000,13,44,1008524.0615803908
2025-07-01,QUEENSTOWN,4 ROOM,22,GHIM MOH LINK,28 TO 30,92,Model A,2013,86 years 09 months,995000,28,44,1074072.4645812602
2025-08-01,QUEENSTOWN,4 ROOM,23,GHIM MOH LINK,07 TO 09,92,Model A,2013,86 years 09 months,945000,7,44,910300.74119939306
2025-08-01,QUEENSTOWN,4 ROOM,32,GHIM MOH LINK,07 TO 09,93,Model A,2018,91 years 10 months,1045000,7,44,945854.8862224671
2025-09-01,QUEENSTOWN,4 ROOM,29,GHIM MOH LINK,07 TO 09,93,Model A,2018,91 years 10 months,1020000,7,44,945854.8862224671
2025-09-01,QUEENSTOWN,4 ROOM,28,GHIM MOH LINK,34 TO 36,92,Model A,2013,86 years 08 months,1030000,34,44,1100262.9529964365
2025-09-01,QUEENSTOWN,4 ROOM,32,GHIM MOH LINK,34 TO 36,93,Model A,2018,91 years 10 months,1220000,34,44,1092444.7341170185
2025-09-01,QUEENSTOWN,4 ROOM,30,GHIM MOH LINK,25 TO 27,93,Model A,2018,91 years 09 months,1068000,25,44,1047402.816037344
2025-09-01,QUEENSTOWN,4 ROOM,33,GHIM MOH LINK,25 TO 27,93,Model A,2018,91 years 09 months,1190000,25,44,1047402.816037344
2025-07-01,QUEENSTOWN,4 ROOM,3A,HOLLAND CL,04 TO 06,106,Model A,1998,72 years 06 months,965000,4,44,864465.1756560736
2025-09-01,QUEENSTOWN,4 ROOM,3,HOLLAND CL,16 TO 18,105,Model A,1998,72 years 02 months,1106000,16,44,940551.3236355463
2025-07-01,QUEENSTOWN,4 ROOM,143,MEI LING ST,04 TO 06,109,Model A,1995,69 years 02 months,888000,4,44,851897.6314288593
2025-07-01,QUEENSTOWN,4 ROOM,160,MEI LING ST,13 TO 15,85,Improved,1970,44 years,573888,13,44,609672.9395561015
2025-08-01,QUEENSTOWN,4 ROOM,168A,QUEENSWAY,10 TO 12,84,Improved,1974,47 years 11 months,528000,10,44,551711.4296862616
2025-09-01,QUEENSTOWN,4 ROOM,183,STIRLING RD,04 TO 06,95,Model A,2000,74 years 02 months,890000,4,44,913832.3920994063
2025-09-01,QUEENSTOWN,4 ROOM,181,STIRLING RD,04 TO 06,95,Model A,2000,74 years,828000,4,44,913832.3920994063
2025-07-01,QUEENSTOWN,4 ROOM,52,STRATHMORE AVE,31 TO 33,90,Model A,2006,80 years 06 months,1050000,31,44,1035559.4781225346
2025-07-01,QUEENSTOWN,4 ROOM,52,STRATHMORE AVE,25 TO 27,90,Model A,2006,80 years 06 months,895000,25,44,1014490.7594113305
2025-07-01,QUEENSTOWN,4 ROOM,56,STRATHMORE AVE,04 TO 06,85,Model A,2002,75 years 10 months,815000,4,44,862530.9233045637
2025-07-01,QUEENSTOWN,4 ROOM,59,STRATHMORE AVE,13 TO 15,85,Model A,2000,74 years 03 months,785000,13,44,935026.5479837281
2025-07-01,QUEENSTOWN,4 ROOM,52,STRATHMORE AVE,22 TO 24,90,Model A,2006,80 years 05 months,956000,22,44,1012268.1861603752
2025-08-01,QUEENSTOWN,4 ROOM,49,STRATHMORE AVE,25 TO 27,90,Model A,2006,80 years,988000,25,44,1014490.7594113305
2025-08-01,QUEENSTOWN,4 ROOM,61C,STRATHMORE AVE,13 TO 15,93,Model A,2011,85 years,934888,13,44,1008524.0615803908
2025-08-01,QUEENSTOWN,4 ROOM,61C,STRATHMORE AVE,04 TO 06,93,Model A,2011,85 years,923000,4,44,926106.3347798386
2025-08-01,QUEENSTOWN,4 ROOM,61B,STRATHMORE AVE,16 TO 18,93,Model A,2011,85 years,988000,16,44,998093.2889745276
2025-08-01,QUEENSTOWN,4 ROOM,53,STRATHMORE AVE,37 TO 39,87,Premium Apartment,2020,94 years 04 months,1195000,37,44,1126058.2161653864
2025-09-01,QUEENSTOWN,4 ROOM,52,STRATHMORE AVE,04 TO 06,90,Model A,2006,80 years 04 months,870000,4,44,899098.5075334001
2025-09-01,QUEENSTOWN,4 ROOM,48,STRATHMORE AVE,13 TO 15,90,Model A,2006,80 years 03 months,960000,13,44,949561.3723194059
2025-09-01,QUEENSTOWN,4 ROOM,61A,STRATHMORE AVE,19 TO 21,98,Model A,2011,84 years 11 months,1000000,19,44,1012931.9622996758
2025-09-01,QUEENSTOWN,4 ROOM,49,STRATHMORE AVE,01 TO 03,90,Model A,2006,79 years 10 months,918000,1,44,848282.5954287797
2025-09-01,QUEENSTOWN,4 ROOM,53,STRATHMORE AVE,01 TO 03,87,Premium Apartment,2020,94 years 03 months,1080000,1,44,837661.7522873762
2025-09-01,QUEENSTOWN,4 ROOM,61A,STRATHMORE AVE,22 TO 24,98,Model A,2011,84 years 11 months,1008888,22,44,1013340.2489005844
2025-09-01,QUEENSTOWN,4 ROOM,55,STRATHMORE AVE,01 TO 03,95,Model A,2002,75 years 08 months,815000,1,44,894875.5107362518
2025-09-01,QUEENSTOWN,4 ROOM,48,STRATHMORE AVE,19 TO 21,90,Model A,2006,80 years 03 months,990000,19,44,1006086.6087790861
2025-08-01,QUEENSTOWN,4 ROOM,89,TANGLIN HALT RD,25 TO 27,90,Model A,2008,82 years 01 month,995000,25,44,1014490.7594113305
2025-08-01,QUEENSTOWN,4 ROOM,90,TANGLIN HALT RD,07 TO 09,90,Model A,2008,82 years,955000,7,44,911732.988041575
2025-07-01,QUEENSTOWN,5 ROOM,133,CLARENCE LANE,07 TO 09,121,Improved,1996,70 years 01 month,1300000,7,44,1086202.8340820274
2025-07-01,QUEENSTOWN,5 ROOM,88,DAWSON RD,43 TO 45,108,Premium Apartment,2016,90 years 03 months,1485000,43,44,1265450.622937341
2025-08-01,QUEENSTOWN,5 ROOM,90,DAWSON RD,28 TO 30,99,Premium Apartment,2016,89 years 09 months,1340000,28,44,1162338.479559383
2025-08-01,QUEENSTOWN,5 ROOM,89,DAWSON RD,28 TO 30,99,Premium Apartment,2016,89 years 08 months,1400000,28,44,1162338.479559383
2025-07-01,QUEENSTOWN,5 ROOM,14,DOVER CL EAST,16 TO 18,117,Standard,1978,51 years 07 months,970000,16,44,933506.2817706243
2025-08-01,QUEENSTOWN,5 ROOM,13,DOVER CL EAST,07 TO 09,114,Standard,1978,51 years 05 months,860000,7,44,843345.9340387144
2025-08-01,QUEENSTOWN,5 ROOM,28A,DOVER CRES,22 TO 24,124,Improved,2012,85 years 08 months,1260000,22,44,1159216.6857925171
2025-07-01,QUEENSTOWN,5 ROOM,28,GHIM MOH LINK,37 TO 39,113,Improved,2013,86 years 09 months,1280000,37,44,1297891.2145117933
2025-09-01,QUEENSTOWN,5 ROOM,143,MEI LING ST,10 TO 12,127,Improved,1995,69 years,1100000,10,44,1077818.7477525175
2025-08-01,QUEENSTOWN,5 ROOM,184,STIRLING RD,10 TO 12,115,Improved,2000,74 years 04 months,1120000,10,44,1138023.2949934762
2025-08-01,QUEENSTOWN,5 ROOM,182,STIRLING RD,10 TO 12,115,Improved,2000,74 years 01 month,1080000,10,44,1138023.2949934762
2025-07-01,QUEENSTOWN,5 ROOM,50,STRATHMORE AVE,25 TO 27,110,Improved,2006,80 years 02 months,1170000,25,44,1214903.0564911903
2025-09-01,QUEENSTOWN,5 ROOM,81,STRATHMORE AVE,04 TO 06,132,Model A,1993,66 years 10 months,1200000,4,44,1024826.4754421649
2025-09-01,QUEENSTOWN,5 ROOM,60,STRATHMORE AVE,01 TO 03,111,Improved,2000,74 years 01 month,1010000,1,44,1059240.5841841772
2025-09-01,QUEENSTOWN,5 ROOM,83,STRATHMORE AVE,10 TO 12,125,Improved,1997,70 years 10 months,1178000,10,44,1090794.7686476079
2025-07-01,SEMBAWANG,2 ROOM,117B,CANBERRA CRES,04 TO 06,47,Model A,2020,93 years 11 months,420000,4,44,383133.5694805656
2025-07-01,SEMBAWANG,2 ROOM,130A,CANBERRA CRES,01 TO 03,47,Model A,2018,92 years 04 months,408000,1,44,371862.4304271298
2025-07-01,SEMBAWANG,2 ROOM,117B,CANBERRA CRES,07 TO 09,47,Model A,2020,93 years 11 months,426000,7,44,383393.8345743893
2025-07-01,SEMBAWANG,2 ROOM,131C,CANBERRA CRES,04 TO 06,47,Model A,2020,94 years 03 months,378000,4,44,383133.5694805656
2025-08-01,SEMBAWANG,2 ROOM,117A,CANBERRA CRES,10 TO 12,47,Model A,2020,93 years 09 months,400000,10,44,396239.43652654276
2025-08-01,SEMBAWANG,2 ROOM,118A,CANBERRA CRES,07 TO 09,38,Model A,2020,93 years 09 months,410000,7,44,361541.5175386855
2025-09-01,SEMBAWANG,2 ROOM,132A,CANBERRA CRES,01 TO 03,38,2-room,2020,94 years 01 month,362000,1,44,341655.2911506136
2025-09-01,SEMBAWANG,2 ROOM,117B,CANBERRA CRES,04 TO 06,47,Model A,2020,93 years 09 months,416000,4,44,383133.5694805656
2025-07-01,SEMBAWANG,2 ROOM,103B,CANBERRA ST,01 TO 03,47,2-room,2020,94 years 06 months,380000,1,44,359825.3281283296
2025-07-01,SEMBAWANG,2 ROOM,101B,CANBERRA ST,07 TO 09,47,2-room,2020,94 years 07 months,385000,7,44,372009.6663221663
2025-07-01,SEMBAWANG,2 ROOM,103A,CANBERRA ST,04 TO 06,47,2-room,2020,94 years 06 months,370000,4,44,369673.2533837263
2025-07-01,SEMBAWANG,2 ROOM,103A,CANBERRA ST,13 TO 15,38,2-room,2020,94 years 07 months,355000,13,44,362887.3327240437
2025-07-01,SEMBAWANG,2 ROOM,103A,CANBERRA ST,10 TO 12,38,2-room,2020,94 years 05 months,370000,10,44,360622.7727114202
2025-07-01,SEMBAWANG,2 ROOM,101B,CANBERRA ST,07 TO 09,47,2-room,2020,94 years 05 months,375000,7,44,372009.6663221663
2025-08-01,SEMBAWANG,2 ROOM,102B,CANBERRA ST,13 TO 15,47,2-room,2020,94 years 05 months,400000,13,44,381075.5546407011
2025-08-01,SEMBAWANG,2 ROOM,102B,CANBERRA ST,10 TO 12,47,2-room,2020,94 years 05 months,390888,10,44,379145.69008532946
2025-09-01,SEMBAWANG,2 ROOM,102B,CANBERRA ST,13 TO 15,47,2-room,2020,94 years 03 months,370000,13,44,381075.5546407011
2025-07-01,SEMBAWANG,2 ROOM,132C,CANBERRA VIEW,04 TO 06,38,Model A,2020,94 years 03 months,380000,4,44,360259.9204256691
2025-07-01,SEMBAWANG,2 ROOM,132B,CANBERRA VIEW,04 TO 06,47,Model A,2020,94 years 02 months,415000,4,44,383133.5694805656
2025-09-01,SEMBAWANG,2 ROOM,132B,CANBERRA VIEW,10 TO 12,47,Model A,2020,94 years,445000,10,44,396239.43652654276
2025-09-01,SEMBAWANG,2 ROOM,115B,CANBERRA WALK,07 TO 09,47,Model A,2018,91 years 11 months,380000,7,44,383393.8345743893
2025-07-01,SEMBAWANG,2 ROOM,593B,MONTREAL LINK,07 TO 09,47,Model A,2015,88 years 10 months,373000,7,44,383393.8345743893
2025-07-01,SEMBAWANG,2 ROOM,590A,MONTREAL LINK,13 TO 15,47,Model A,2015,88 years 10 months,379500,13,44,390762.9386082993
2025-07-01,SEMBAWANG,2 ROOM,591A,MONTREAL LINK,13 TO 15,47,Model A,2015,88 years 09 months,388888,13,44,390762.9386082993
2025-08-01,SEMBAWANG,2 ROOM,591A,MONTREAL LINK,07 TO 09,47,Model A,2015,88 years 09 months,373000,7,44,383393.8345743893
2025-07-01,SEMBAWANG,2 ROOM,366A,SEMBAWANG CRES,07 TO 09,48,Model A,2019,92 years 10 months,380000,7,44,375783.43234506954
2025-07-01,SEMBAWANG,2 ROOM,365A,SEMBAWANG CRES,13 TO 15,38,2-room,2019,92 years 10 months,366000,13,44,362887.3327240437
2025-07-01,SEMBAWANG,2 ROOM,363B,SEMBAWANG CRES,04 TO 06,38,Model A,2019,92 years 11 months,370000,4,44,360259.9204256691
2025-08-01,SEMBAWANG,2 ROOM,362B,SEMBAWANG CRES,13 TO 15,47,Model A,2019,92 years 09 months,398000,13,44,390762.9386082993
2025-08-01,SEMBAWANG,2 ROOM,366B,SEMBAWANG CRES,07 TO 09,48,Model A,2019,92 years 08 months,385000,7,44,375783.43234506954
2025-09-01,SEMBAWANG,2 ROOM,363A,SEMBAWANG CRES,07 TO 09,47,Model A,2019,92 years 09 months,350000,7,44,383393.8345743893
2025-09-01,SEMBAWANG,2 ROOM,363A,SEMBAWANG CRES,10 TO 12,47,Model A,2019,92 years 08 months,380000,10,44,396239.43652654276
2025-07-01,SEMBAWANG,3 ROOM,117B,CANBERRA CRES,04 TO 06,68,Model A,2020,93 years 10 months,568000,4,44,518570.9934626164
2025-08-01,SEMBAWANG,3 ROOM,131C,CANBERRA CRES,04 TO 06,68,Model A,2020,94 years 03 months,575000,4,44,518570.9934626164
2025-08-01,SEMBAWANG,3 ROOM,117B,CANBERRA CRES,01 TO 03,68,Model A,2020,93 years 10 months,540000,1,44,512033.37873308297
2025-09-01,SEMBAWANG,3 ROOM,117A,CANBERRA CRES,07 TO 09,68,Model A,2020,93 years 09 months,575000,7,44,542092.7008629598
2025-07-01,SEMBAWANG,3 ROOM,128B,CANBERRA ST,04 TO 06,68,Model A,2018,92 years 03 months,515000,4,44,518570.9934626164
2025-07-01,SEMBAWANG,3 ROOM,101B,CANBERRA ST,01 TO 03,69,Model A,2020,94 years 05 months,460000,1,44,521799.52065951325
2025-08-01,SEMBAWANG,3 ROOM,103B,CANBERRA ST,04 TO 06,69,Model A,2020,94 years 05 months,495888,4,44,527053.9742728334
2025-08-01,SEMBAWANG,3 ROOM,107C,CANBERRA ST,04 TO 06,67,Model A,2018,92 years,520000,4,44,502711.1127105973
2025-08-01,SEMBAWANG,3 ROOM,103B,CANBERRA ST,04 TO 06,69,Model A,2020,94 years 05 months,460000,4,44,527053.9742728334
2025-08-01,SEMBAWANG,3 ROOM,107B,CANBERRA ST,04 TO 06,67,Model A,2018,91 years 11 months,540000,4,44,502711.1127105973
2025-09-01,SEMBAWANG,3 ROOM,101B,CANBERRA ST,13 TO 15,69,Model A,2020,94 years 05 months,560000,13,44,539770.8994753091
2025-09-01,SEMBAWANG,3 ROOM,107A,CANBERRA ST,04 TO 06,67,Model A,2018,91 years 11 months,510000,4,44,502711.1127105973
2025-09-01,SEMBAWANG,3 ROOM,103A,CANBERRA ST,07 TO 09,69,Model A,2020,94 years 04 months,500000,7,44,540544.5829414723
2025-09-01,SEMBAWANG,3 ROOM,104C,CANBERRA ST,01 TO 03,67,Model A,2018,91 years 11 months,500000,1,44,498277.3435310286
2025-07-01,SEMBAWANG,3 ROOM,115D,CANBERRA WALK,07 TO 09,68,Model A,2018,92 years,560000,7,44,542092.7008629598
2025-09-01,SEMBAWANG,3 ROOM,115C,CANBERRA WALK,07 TO 09,68,Model A,2018,91 years 11 months,540000,7,44,542092.7008629598
2025-09-01,SEMBAWANG,3 ROOM,115A,CANBERRA WALK,07 TO 09,68,Model A,2018,91 years 10 months,572000,7,44,542092.7008629598
2025-07-01,SEMBAWANG,3 ROOM,590C,MONTREAL LINK,01 TO 03,68,Model A,2015,88 years 10 months,495000,1,44,512033.37873308297
2025-07-01,SEMBAWANG,3 ROOM,592A,MONTREAL LINK,04 TO 06,68,Model A,2015,88 years 09 months,485000,4,44,518570.9934626164
2025-08-01,SEMBAWANG,3 ROOM,590A,MONTREAL LINK,01 TO 03,68,Model A,2015,88 years 08 months,465000,1,44,512033.37873308297
2025-09-01,SEMBAWANG,3 ROOM,593A,MONTREAL LINK,01 TO 03,68,Model A,2015,88 years 08 months,488000,1,44,512033.37873308297
2025-09-01,SEMBAWANG,3 ROOM,592A,MONTREAL LINK,16 TO 18,68,Model A,2015,88 years 08 months,510000,16,44,524549.9616691979
2025-07-01,SEMBAWANG,3 ROOM,365A,SEMBAWANG CRES,13 TO 15,68,Model A,2019,92 years 09 months,525000,13,44,533749.846341907
2025-08-01,SEMBAWANG,3 ROOM,363B,SEMBAWANG CRES,16 TO 18,68,Model A,2019,92 years 10 months,520000,16,44,524549.9616691979
2025-07-01,SEMBAWANG,4 ROOM,359,ADMIRALTY DR,10 TO 12,95,Premium Apartment,2001,75 years 03 months,585000,10,44,637123.6902882739
2025-07-01,SEMBAWANG,4 ROOM,469,ADMIRALTY DR,04 TO 06,102,Premium Apartment,2001,75 years 01 month,580000,4,44,569429.159917209
2025-07-01,SEMBAWANG,4 ROOM,469B,ADMIRALTY DR,10 TO 12,102,Premium Apartment,2001,75 years 01 month,580000,10,44,589244.9294751751
2025-07-01,SEMBAWANG,4 ROOM,360A,ADMIRALTY DR,16 TO 18,94,Premium Apartment,2001,75 years 02 months,558000,16,44,625350.2514442862
2025-08-01,SEMBAWANG,4 ROOM,353A,ADMIRALTY DR,01 TO 03,93,Model A,2002,75 years 06 months,520000,1,44,622328.3012506264
2025-08-01,SEMBAWANG,4 ROOM,359C,ADMIRALTY DR,10 TO 12,95,Premium Apartment,2001,75 years 01 month,565000,10,44,637123.6902882739
2025-08-01,SEMBAWANG,4 ROOM,467A,ADMIRALTY DR,10 TO 12,102,Premium Apartment,2001,75 years,600000,10,44,589244.9294751751
2025-08-01,SEMBAWANG,4 ROOM,469A,ADMIRALTY DR,04 TO 06,102,Premium Apartment,2001,75 years,545000,4,44,569429.159917209
2025-08-01,SEMBAWANG,4 ROOM,354B,ADMIRALTY DR,10 TO 12,93,Model A,2001,75 years 04 months,610000,10,44,667433.1356315177
2025-08-01,SEMBAWANG,4 ROOM,356C,ADMIRALTY DR,01 TO 03,95,Premium Apartment,2001,74 years 10 months,555000,1,44,594157.8600403452
2025-08-01,SEMBAWANG,4 ROOM,356C,ADMIRALTY DR,10 TO 12,95,Premium Apartment,2001,74 years 10 months,578000,10,44,637123.6902882739
2025-08-01,SEMBAWANG,4 ROOM,469B,ADMIRALTY DR,07 TO 09,102,Premium Apartment,2001,75 years,557000,7,44,579304.1992327775
2025-09-01,SEMBAWANG,4 ROOM,360A,ADMIRALTY DR,07 TO 09,94,Premium Apartment,2001,75 years 01 month,560000,7,44,625795.547199141
2025-09-01,SEMBAWANG,4 ROOM,356A,ADMIRALTY DR,04 TO 06,95,Premium Apartment,2001,74 years 09 months,568000,4,44,614434.9056400518
2025-07-01,SEMBAWANG,4 ROOM,492,ADMIRALTY LINK,10 TO 12,90,Model A,2004,77 years 10 months,518000,10,44,561791.7514768548
2025-07-01,SEMBAWANG,4 ROOM,485,ADMIRALTY LINK,04 TO 06,85,Model A2,2003,77 years 01 month,500000,4,44,525715.3676073587
2025-07-01,SEMBAWANG,4 ROOM,487,ADMIRALTY LINK,13 TO 15,96,Model A,2010,84 years 02 months,575000,13,44,684886.6669381487
2025-08-01,SEMBAWANG,4 ROOM,485,ADMIRALTY LINK,13 TO 15,86,Model A2,2003,77 years,538000,13,44,536774.4356465943
2025-08-01,SEMBAWANG,4 ROOM,482,ADMIRALTY LINK,01 TO 03,86,Model A2,2004,77 years 08 months,485000,1,44,522125.7962756638
2025-08-01,SEMBAWANG,4 ROOM,403,ADMIRALTY LINK,13 TO 15,90,Model A,2001,74 years 07 months,518000,13,44,573749.4386405583
2025-09-01,SEMBAWANG,4 ROOM,484,ADMIRALTY LINK,04 TO 06,90,Model A,2003,76 years 11 months,509000,4,44,562467.1660509143
2025-09-01,SEMBAWANG,4 ROOM,405,ADMIRALTY LINK,10 TO 12,86,Model A2,2001,74 years 05 months,515000,10,44,535962.8761699109
2025-09-01,SEMBAWANG,4 ROOM,490,ADMIRALTY LINK,13 TO 15,94,Model A,2010,83 years 11 months,580000,13,44,668377.5086001158
2025-09-01,SEMBAWANG,4 ROOM,492,ADMIRALTY LINK,07 TO 09,90,Model A,2004,77 years 07 months,525000,7,44,561155.6365624251
2025-09-01,SEMBAWANG,4 ROOM,405,ADMIRALTY LINK,07 TO 09,86,Model A2,2001,74 years 04 months,530000,7,44,541645.8081471298
2025-07-01,SEMBAWANG,4 ROOM,119A,CANBERRA CRES,07 TO 09,93,Model A,2018,91 years 08 months,690000,7,44,657723.7256351575
2025-07-01,SEMBAWANG,4 ROOM,119B,CANBERRA CRES,07 TO 09,93,Model A,2018,91 years 08 months,676888,7,44,657723.7256351575
2025-07-01,SEMBAWANG,4 ROOM,120A,CANBERRA CRES,13 TO 15,93,Model A,2018,91 years 08 months,700000,13,44,670423.5143040562
2025-07-01,SEMBAWANG,4 ROOM,118B,CANBERRA CRES,01 TO 03,92,Model A,2020,93 years 11 months,736800,1,44,654464.0759802589
2025-07-01,SEMBAWANG,4 ROOM,119B,CANBERRA CRES,04 TO 06,93,Model A,2018,91 years 07 months,690000,4,44,637847.8554176678
2025-08-01,SEMBAWANG,4 ROOM,117A,CANBERRA CRES,01 TO 03,92,Model A,2020,93 years 10 months,650000,1,44,654464.0759802589
2025-08-01,SEMBAWANG,4 ROOM,116A,CANBERRA CRES,04 TO 06,95,Model A,2020,93 years 10 months,775888,4,44,640177.7178665802
2025-08-01,SEMBAWANG,4 ROOM,119A,CANBERRA CRES,07 TO 09,93,Model A,2018,91 years 06 months,720000,7,44,657723.7256351575
2025-09-01,SEMBAWANG,4 ROOM,131C,CANBERRA CRES,10 TO 12,92,Model A,2020,94 years 01 month,808000,10,44,709750.3053371108
2025-09-01,SEMBAWANG,4 ROOM,131C,CANBERRA CRES,07 TO 09,92,Model A,2020,94 years 01 month,820000,7,44,695313.5153448572
2025-09-01,SEMBAWANG,4 ROOM,130B,CANBERRA CRES,04 TO 06,93,Model A,2018,92 years 01 month,638000,4,44,637847.8554176678
2025-09-01,SEMBAWANG,4 ROOM,117B,CANBERRA CRES,01 TO 03,92,Model A,2020,93 years 08 months,730000,1,44,654464.0759802589
2025-09-01,SEMBAWANG,4 ROOM,120A,CANBERRA CRES,10 TO 12,93,Model A,2018,91 years 05 months,708888,10,44,667433.1356315177
2025-09-01,SEMBAWANG,4 ROOM,116A,CANBERRA CRES,07 TO 09,92,Model A,2020,93 years 08 months,743899,7,44,695313.5153448572
2025-08-01,SEMBAWANG,4 ROOM,503C,CANBERRA LINK,04 TO 06,91,Model A,2001,75 years 01 month,543000,4,44,565452.7737799549
2025-07-01,SEMBAWANG,4 ROOM,308,CANBERRA RD,10 TO 12,100,Model A,1998,72 years 05 months,580000,10,44,601862.4188872311
2025-07-01,SEMBAWANG,4 ROOM,422,CANBERRA RD,01 TO 03,90,Model A,2001,74 years 08 months,530000,1,44,546654.4420615024
2025-08-01,SEMBAWANG,4 ROOM,424,CANBERRA RD,13 TO 15,90,Model A,2001,74 years 09 months,515000,13,44,573749.4386405583
2025-08-01,SEMBAWANG,4 ROOM,311,CANBERRA RD,04 TO 06,100,Model A,1998,72 years 04 months,583000,4,44,583855.0712498178
2025-09-01,SEMBAWANG,4 ROOM,425,CANBERRA RD,07 TO 09,90,Model A,2001,74 years 08 months,524000,7,44,561155.6365624251
2025-09-01,SEMBAWANG,4 ROOM,351A,CANBERRA RD,01 TO 03,93,Model A,2001,75 years 02 months,565000,1,44,622328.3012506264
2025-07-01,SEMBAWANG,4 ROOM,102A,CANBERRA ST,07 TO 09,93,Model A,2020,94 years 06 months,625000,7,44,657723.7256351575
2025-07-01,SEMBAWANG,4 ROOM,103A,CANBERRA ST,04 TO 06,93,Model A,2020,94 years 06 months,620000,4,44,637847.8554176678
2025-07-01,SEMBAWANG,4 ROOM,129B,CANBERRA ST,04 TO 06,93,Model A,2018,92 years 04 months,665000,4,44,637847.8554176678
2025-07-01,SEMBAWANG,4 ROOM,104A,CANBERRA ST,10 TO 12,93,Model A,2018,92 years 01 month,705000,10,44,667433.1356315177
2025-07-01,SEMBAWANG,4 ROOM,103B,CANBERRA ST,13 TO 15,93,Model A,2020,94 years 06 months,642888,13,44,670423.5143040562
2025-07-01,SEMBAWANG,4 ROOM,104B,CANBERRA ST,10 TO 12,93,Model A,2018,92 years 01 month,630000,10,44,667433.1356315177
2025-07-01,SEMBAWANG,4 ROOM,103B,CANBERRA ST,13 TO 15,93,Model A,2020,94 years 06 months,670000,13,44,670423.5143040562
2025-07-01,SEMBAWANG,4 ROOM,126C,CANBERRA ST,04 TO 06,93,Model A,2020,94 years 04 months,680000,4,44,637847.8554176678
2025-07-01,SEMBAWANG,4 ROOM,101B,CANBERRA ST,04 TO 06,93,Model A,2020,94 years 06 months,620000,4,44,637847.8554176678
2025-07-01,SEMBAWANG,4 ROOM,126D,CANBERRA ST,07 TO 09,93,Model A,2020,94 years 03 months,688888,7,44,657723.7256351575
2025-07-01,SEMBAWANG,4 ROOM,103B,CANBERRA ST,13 TO 15,93,Model A,2020,94 years 05 months,640000,13,44,670423.5143040562
2025-07-01,SEMBAWANG,4 ROOM,101A,CANBERRA ST,04 TO 06,93,Model A,2020,94 years 05 months,602888,4,44,637847.8554176678
2025-07-01,SEMBAWANG,4 ROOM,129A,CANBERRA ST,10 TO 12,93,Model A,2018,92 years 03 months,708000,10,44,667433.1356315177
2025-07-01,SEMBAWANG,4 ROOM,126C,CANBERRA ST,07 TO 09,96,Model A,2020,94 years 03 months,690000,7,44,671920.7732369332
2025-07-01,SEMBAWANG,4 ROOM,103A,CANBERRA ST,07 TO 09,93,Model A,2020,94 years 05 months,610000,7,44,657723.7256351575
2025-07-01,SEMBAWANG,4 ROOM,107C,CANBERRA ST,07 TO 09,93,Model A,2018,92 years,630000,7,44,657723.7256351575
2025-07-01,SEMBAWANG,4 ROOM,103B,CANBERRA ST,07 TO 09,93,Model A,2020,94 years 05 months,625000,7,44,657723.7256351575
2025-07-01,SEMBAWANG,4 ROOM,128B,CANBERRA ST,01 TO 03,93,Model A,2018,92 years 03 months,585000,1,44,622328.3012506264
2025-07-01,SEMBAWANG,4 ROOM,103B,CANBERRA ST,10 TO 12,93,Model A,2020,94 years 05 months,655000,10,44,667433.1356315177
2025-08-01,SEMBAWANG,4 ROOM,102A,CANBERRA ST,10 TO 12,93,Model A,2020,94 years 05 months,675000,10,44,667433.1356315177
2025-08-01,SEMBAWANG,4 ROOM,126B,CANBERRA ST,13 TO 15,96,Model A,2021,94 years 06 months,761888,13,44,684886.6669381487
2025-08-01,SEMBAWANG,4 ROOM,101A,CANBERRA ST,01 TO 03,93,Model A,2020,94 years 04 months,585000,1,44,622328.3012506264
2025-08-01,SEMBAWANG,4 ROOM,126A,CANBERRA ST,01 TO 03,93,Model A,2021,94 years 05 months,636000,1,44,622328.3012506264
2025-08-01,SEMBAWANG,4 ROOM,121B,CANBERRA ST,13 TO 15,93,Model A,2018,91 years 05 months,690888,13,44,670423.5143040562
2025-08-01,SEMBAWANG,4 ROOM,101B,CANBERRA ST,10 TO 12,93,Model A,2020,94 years 04 months,660000,10,44,667433.1356315177
2025-08-01,SEMBAWANG,4 ROOM,126A,CANBERRA ST,01 TO 03,96,Model A,2021,94 years 06 months,680000,1,44,641366.8265663093
2025-08-01,SEMBAWANG,4 ROOM,102A,CANBERRA ST,07 TO 09,93,Model A,2020,94 years 05 months,637000,7,44,657723.7256351575
2025-08-01,SEMBAWANG,4 ROOM,126A,CANBERRA ST,04 TO 06,93,Model A,2021,94 years 05 months,670000,4,44,637847.8554176678
2025-08-01,SEMBAWANG,4 ROOM,102A,CANBERRA ST,01 TO 03,93,Model A,2020,94 years 04 months,595000,1,44,622328.3012506264
2025-08-01,SEMBAWANG,4 ROOM,128B,CANBERRA ST,07 TO 09,93,Model A,2018,92 years 03 months,690888,7,44,657723.7256351575
2025-08-01,SEMBAWANG,4 ROOM,101A,CANBERRA ST,07 TO 09,93,Model A,2020,94 years 04 months,635000,7,44,657723.7256351575
2025-08-01,SEMBAWANG,4 ROOM,104B,CANBERRA ST,10 TO 12,93,Model A,2018,91 years 11 months,718000,10,44,667433.1356315177
2025-09-01,SEMBAWANG,4 ROOM,126C,CANBERRA ST,10 TO 12,96,Model A,2020,94 years 02 months,730000,10,44,691021.5133364251
2025-09-01,SEMBAWANG,4 ROOM,126A,CANBERRA ST,07 TO 09,96,Model A,2021,94 years 05 months,728888,7,44,671920.7732369332
2025-09-01,SEMBAWANG,4 ROOM,101B,CANBERRA ST,01 TO 03,93,Model A,2020,94 years 04 months,610000,1,44,622328.3012506264
2025-09-01,SEMBAWANG,4 ROOM,103A,CANBERRA ST,13 TO 15,93,Model A,2020,94 years 04 months,640000,13,44,670423.5143040562
2025-09-01,SEMBAWANG,4 ROOM,104B,CANBERRA ST,04 TO 06,93,Model A,2018,91 years 11 months,595000,4,44,637847.8554176678
2025-09-01,SEMBAWANG,4 ROOM,126D,CANBERRA ST,07 TO 09,96,Model A,2020,94 years 02 months,704000,7,44,671920.7732369332
2025-09-01,SEMBAWANG,4 ROOM,107B,CANBERRA ST,13 TO 15,93,Model A,2018,91 years 11 months,662000,13,44,670423.5143040562
2025-09-01,SEMBAWANG,4 ROOM,103A,CANBERRA ST,01 TO 03,93,Model A,2020,94 years 04 months,615000,1,44,622328.3012506264
2025-09-01,SEMBAWANG,4 ROOM,103A,CANBERRA ST,13 TO 15,93,Model A,2020,94 years 04 months,650000,13,44,670423.5143040562
2025-09-01,SEMBAWANG,4 ROOM,107C,CANBERRA ST,13 TO 15,93,Model A,2018,91 years 10 months,688000,13,44,670423.5143040562
2025-09-01,SEMBAWANG,4 ROOM,102A,CANBERRA ST,04 TO 06,93,Model A,2020,94 years 03 months,654000,4,44,637847.8554176678
2025-09-01,SEMBAWANG,4 ROOM,107A,CANBERRA ST,13 TO 15,93,Model A,2018,91 years 10 months,660000,13,44,670423.5143040562
2025-09-01,SEMBAWANG,4 ROOM,129A,CANBERRA ST,04 TO 06,93,Model A,2018,92 years 01 month,645000,4,44,637847.8554176678
2025-08-01,SEMBAWANG,4 ROOM,132C,CANBERRA VIEW,07 TO 09,92,Model A,2020,94 years 02 months,800000,7,44,695313.5153448572
2025-09-01,SEMBAWANG,4 ROOM,132C,CANBERRA VIEW,04 TO 06,92,Model A,2020,94 years 01 month,795000,4,44,685589.621802967
2025-09-01,SEMBAWANG,4 ROOM,132C,CANBERRA VIEW,07 TO 09,95,Model A,2020,94 years 01 month,840000,7,44,666429.7761395642
2025-07-01,SEMBAWANG,4 ROOM,108A,CANBERRA WALK,13 TO 15,93,Model A,2018,91 years 10 months,670000,13,44,670423.5143040562
2025-07-01,SEMBAWANG,4 ROOM,108B,CANBERRA WALK,10 TO 12,93,Model A,2018,91 years 10 months,675000,10,44,667433.1356315177
2025-07-01,SEMBAWANG,4 ROOM,108C,CANBERRA WALK,07 TO 09,93,Model A,2018,91 years 10 months,675000,7,44,657723.7256351575
2025-08-01,SEMBAWANG,4 ROOM,108A,CANBERRA WALK,10 TO 12,93,Model A,2018,91 years 09 months,680000,10,44,667433.1356315177
2025-08-01,SEMBAWANG,4 ROOM,115B,CANBERRA WALK,10 TO 12,93,Model A,2018,91 years 11 months,733000,10,44,667433.1356315177
2025-08-01,SEMBAWANG,4 ROOM,108C,CANBERRA WALK,01 TO 03,93,Model A,2018,91 years 09 months,615000,1,44,622328.3012506264
2025-09-01,SEMBAWANG,4 ROOM,108C,CANBERRA WALK,04 TO 06,93,Model A,2018,91 years 08 months,662000,4,44,637847.8554176678
2025-07-01,SEMBAWANG,4 ROOM,504D,MONTREAL DR,13 TO 15,90,Model A,2001,74 years 11 months,550000,13,44,573749.4386405583
2025-09-01,SEMBAWANG,4 ROOM,504D,MONTREAL DR,07 TO 09,91,Model A,2001,74 years 10 months,535000,7,44,565217.876269485
2025-07-01,SEMBAWANG,4 ROOM,592B,MONTREAL LINK,04 TO 06,93,Model A,2015,88 years 09 months,550000,4,44,637847.8554176678
2025-08-01,SEMBAWANG,4 ROOM,592B,MONTREAL LINK,10 TO 12,93,Model A,2015,88 years 08 months,620000,10,44,667433.1356315177
2025-07-01,SEMBAWANG,4 ROOM,341A,SEMBAWANG CL,04 TO 06,95,Premium Apartment,2001,75 years,568000,4,44,614434.9056400518
2025-08-01,SEMBAWANG,4 ROOM,334,SEMBAWANG CL,04 TO 06,102,Model A,1999,73 years 03 months,539000,4,44,584917.3313312273
2025-08-01,SEMBAWANG,4 ROOM,331,SEMBAWANG CL,07 TO 09,100,Model A,1999,72 years 11 months,545000,7,44,592159.0849451587
2025-08-01,SEMBAWANG,4 ROOM,334,SEMBAWANG CL,04 TO 06,100,Model A,1999,73 years 03 months,538888,4,44,583855.0712498178
2025-09-01,SEMBAWANG,4 ROOM,341A,SEMBAWANG CL,01 TO 03,95,Premium Apartment,2001,74 years 10 months,572000,1,44,594157.8600403452
2025-07-01,SEMBAWANG,4 ROOM,365C,SEMBAWANG CRES,13 TO 15,93,Model A,2019,92 years 10 months,660000,13,44,670423.5143040562
2025-07-01,SEMBAWANG,4 ROOM,365B,SEMBAWANG CRES,04 TO 06,93,Model A,2019,92 years 10 months,630000,4,44,637847.8554176678
2025-07-01,SEMBAWANG,4 ROOM,362A,SEMBAWANG CRES,10 TO 12,93,Model A,2019,92 years 10 months,648000,10,44,667433.1356315177
2025-07-01,SEMBAWANG,4 ROOM,366B,SEMBAWANG CRES,04 TO 06,93,Model A,2019,92 years 09 months,608000,4,44,637847.8554176678
2025-08-01,SEMBAWANG,4 ROOM,328,SEMBAWANG CRES,13 TO 15,101,Model A,1999,72 years 10 months,584000,13,44,610504.7238616637
2025-08-01,SEMBAWANG,4 ROOM,362A,SEMBAWANG CRES,10 TO 12,93,Model A,2019,92 years 09 months,665000,10,44,667433.1356315177
2025-09-01,SEMBAWANG,4 ROOM,362A,SEMBAWANG CRES,10 TO 12,93,Model A,2019,92 years 09 months,665000,10,44,667433.1356315177
2025-09-01,SEMBAWANG,4 ROOM,325,SEMBAWANG CRES,07 TO 09,102,Model A,1999,72 years 09 months,530000,7,44,590591.5196811956
2025-07-01,SEMBAWANG,4 ROOM,407,SEMBAWANG DR,10 TO 12,90,Model A,2001,74 years 10 months,531000,10,44,561791.7514768548
2025-07-01,SEMBAWANG,4 ROOM,478,SEMBAWANG DR,13 TO 15,90,Model A,2000,74 years 01 month,540000,13,44,573749.4386405583
2025-07-01,SEMBAWANG,4 ROOM,313,SEMBAWANG DR,07 TO 09,101,Model A,1999,72 years 07 months,550000,7,44,592092.4020511265
2025-07-01,SEMBAWANG,4 ROOM,470,SEMBAWANG DR,07 TO 09,91,Model A,2000,74 years 02 months,548000,7,44,565217.876269485
2025-07-01,SEMBAWANG,4 ROOM,463B,SEMBAWANG DR,04 TO 06,92,Model A,2015,88 years 10 months,540000,4,44,685589.621802967
2025-08-01,SEMBAWANG,4 ROOM,477,SEMBAWANG DR,01 TO 03,88,Model A2,2000,74 years,530000,1,44,522381.3981332511
2025-08-01,SEMBAWANG,4 ROOM,414,SEMBAWANG DR,10 TO 12,90,Model A,2001,74 years 08 months,543000,10,44,561791.7514768548
2025-08-01,SEMBAWANG,4 ROOM,407,SEMBAWANG DR,07 TO 09,90,Model A,2001,74 years 08 months,530000,7,44,561155.6365624251
2025-09-01,SEMBAWANG,4 ROOM,463C,SEMBAWANG DR,04 TO 06,92,Model A,2015,88 years 09 months,585000,4,44,685589.621802967
2025-09-01,SEMBAWANG,4 ROOM,410,SEMBAWANG DR,10 TO 12,90,Model A,2001,74 years 08 months,535000,10,44,561791.7514768548
2025-09-01,SEMBAWANG,4 ROOM,475,SEMBAWANG DR,04 TO 06,90,Model A,2000,74 years 01 month,520000,4,44,562467.1660509143
2025-09-01,SEMBAWANG,4 ROOM,314,SEMBAWANG DR,01 TO 03,90,Model A2,1999,72 years 05 months,535000,1,44,530024.0662184979
2025-09-01,SEMBAWANG,4 ROOM,479,SEMBAWANG DR,01 TO 03,88,Model A2,2000,73 years 10 months,490000,1,44,522381.3981332511
2025-07-01,SEMBAWANG,4 ROOM,315,SEMBAWANG VISTA,07 TO 09,101,Model A,1999,72 years 08 months,580000,7,44,592092.4020511265
2025-07-01,SEMBAWANG,4 ROOM,317,SEMBAWANG VISTA,13 TO 15,101,Model A,1999,72 years 09 months,580000,13,44,610504.7238616637
2025-07-01,SEMBAWANG,4 ROOM,318,SEMBAWANG VISTA,13 TO 15,101,Model A,1999,72 years 08 months,575000,13,44,610504.7238616637
2025-07-01,SEMBAWANG,4 ROOM,507B,WELLINGTON CIRCLE,07 TO 09,91,Model A,2001,75 years 06 months,533000,7,44,565217.876269485
2025-07-01,SEMBAWANG,4 ROOM,508C,WELLINGTON CIRCLE,10 TO 12,85,Model A,2004,78 years 02 months,550000,10,44,583133.6293170059
2025-07-01,SEMBAWANG,4 ROOM,507B,WELLINGTON CIRCLE,10 TO 12,90,Model A,2001,75 years 06 months,548000,10,44,561791.7514768548
2025-07-01,SEMBAWANG,5 ROOM,360C,ADMIRALTY DR,13 TO 15,111,Premium Apartment,2001,75 years 02 months,635000,13,44,632985.3839514825
2025-07-01,SEMBAWANG,5 ROOM,467,ADMIRALTY DR,04 TO 06,118,Premium Apartment,2001,75 years,620000,4,44,645937.7863848704
2025-07-01,SEMBAWANG,5 ROOM,359B,ADMIRALTY DR,07 TO 09,110,Premium Apartment,2001,75 years 03 months,618000,7,44,628645.4330677441
2025-08-01,SEMBAWANG,5 ROOM,468A,ADMIRALTY DR,01 TO 03,118,Premium Apartment,2001,74 years 10 months,618000,1,44,623396.6770305597
2025-08-01,SEMBAWANG,5 ROOM,354C,ADMIRALTY DR,10 TO 12,110,Improved,2001,75 years 04 months,675000,10,44,634771.8521662883
2025-09-01,SEMBAWANG,5 ROOM,357B,ADMIRALTY DR,01 TO 03,111,Premium Apartment,2001,74 years 10 months,620000,1,44,601710.8282450446
2025-07-01,SEMBAWANG,5 ROOM,492,ADMIRALTY LINK,13 TO 15,110,Improved,2004,77 years 09 months,570000,13,44,635234.1622467138
2025-07-01,SEMBAWANG,5 ROOM,484,ADMIRALTY LINK,10 TO 12,110,Improved,2003,77 years,565000,10,44,634771.8521662883
2025-07-01,SEMBAWANG,5 ROOM,404,ADMIRALTY LINK,01 TO 03,110,Improved,2001,74 years 08 months,565000,1,44,600452.5804670978
2025-08-01,SEMBAWANG,5 ROOM,404,ADMIRALTY LINK,07 TO 09,110,Improved,2001,74 years 08 months,610000,7,44,625104.23197949
2025-08-01,SEMBAWANG,5 ROOM,484,ADMIRALTY LINK,10 TO 12,110,Improved,2003,77 years,568000,10,44,634771.8521662883
2025-08-01,SEMBAWANG,5 ROOM,401,ADMIRALTY LINK,01 TO 03,110,Improved,2001,74 years 08 months,560000,1,44,600452.5804670978
2025-08-01,SEMBAWANG,5 ROOM,483,ADMIRALTY LINK,07 TO 09,111,Improved,2004,77 years 09 months,525000,7,44,627763.2393605554
2025-09-01,SEMBAWANG,5 ROOM,401,ADMIRALTY LINK,04 TO 06,110,Improved,2001,74 years 08 months,595000,4,44,614526.7291035481
2025-07-01,SEMBAWANG,5 ROOM,120A,CANBERRA CRES,04 TO 06,113,Improved,2018,91 years 07 months,791888,4,44,769040.1820995922
2025-08-01,SEMBAWANG,5 ROOM,120B,CANBERRA CRES,04 TO 06,113,Improved,2018,91 years 07 months,790000,4,44,769040.1820995922
2025-08-01,SEMBAWANG,5 ROOM,120C,CANBERRA CRES,10 TO 12,113,Improved,2018,91 years 06 months,770000,10,44,792702.677120376
2025-09-01,SEMBAWANG,5 ROOM,120C,CANBERRA CRES,07 TO 09,113,Improved,2018,91 years 06 months,820000,7,44,781345.9042953819
2025-07-01,SEMBAWANG,5 ROOM,421,CANBERRA RD,07 TO 09,110,Improved,2001,74 years 09 months,610000,7,44,625104.23197949
2025-07-01,SEMBAWANG,5 ROOM,421,CANBERRA RD,10 TO 12,110,Improved,2001,74 years 08 months,600000,10,44,634771.8521662883
2025-07-01,SEMBAWANG,5 ROOM,421,CANBERRA RD,13 TO 15,110,Improved,2001,74 years 08 months,600000,13,44,635234.1622467138
2025-07-01,SEMBAWANG,5 ROOM,350C,CANBERRA RD,10 TO 12,110,Improved,2001,75 years 03 months,700000,10,44,634771.8521662883
2025-08-01,SEMBAWANG,5 ROOM,352A,CANBERRA RD,10 TO 12,113,Improved,2001,75 years 03 months,690000,10,44,792702.677120376
2025-09-01,SEMBAWANG,5 ROOM,352B,CANBERRA RD,13 TO 15,113,Improved,2001,75 years 03 months,680000,13,44,792439.1593787951
2025-09-01,SEMBAWANG,5 ROOM,308,CANBERRA RD,07 TO 09,120,Improved,1998,72 years 04 months,688000,7,44,691341.5617158449
2025-09-01,SEMBAWANG,5 ROOM,425,CANBERRA RD,13 TO 15,110,Improved,2001,74 years 07 months,600000,13,44,635234.1622467138
2025-09-01,SEMBAWANG,5 ROOM,351A,CANBERRA RD,07 TO 09,110,Improved,2001,75 years 01 month,680000,7,44,625104.23197949
2025-09-01,SEMBAWANG,5 ROOM,351A,CANBERRA RD,07 TO 09,110,Improved,2001,75 years 01 month,660000,7,44,625104.23197949
2025-09-01,SEMBAWANG,5 ROOM,311,CANBERRA RD,04 TO 06,120,Improved,1998,72 years 02 months,660000,4,44,684602.454953701
2025-07-01,SEMBAWANG,5 ROOM,102A,CANBERRA ST,10 TO 12,116,Improved,2020,94 years 06 months,830000,10,44,798489.6474920746
2025-07-01,SEMBAWANG,5 ROOM,101A,CANBERRA ST,07 TO 09,113,Improved,2020,94 years 06 months,755000,7,44,781345.9042953819
2025-07-01,SEMBAWANG,5 ROOM,126B,CANBERRA ST,13 TO 15,116,Improved,2021,94 years 07 months,872000,13,44,818449.1311143533
2025-07-01,SEMBAWANG,5 ROOM,101A,CANBERRA ST,13 TO 15,113,Improved,2020,94 years 06 months,743000,13,44,792439.1593787951
2025-07-01,SEMBAWANG,5 ROOM,128C,CANBERRA ST,01 TO 03,113,Improved,2018,92 years 04 months,735000,1,44,726154.4022562709
2025-07-01,SEMBAWANG,5 ROOM,126A,CANBERRA ST,04 TO 06,116,Improved,2021,94 years 07 months,838000,4,44,762239.9970965642
2025-07-01,SEMBAWANG,5 ROOM,126B,CANBERRA ST,01 TO 03,113,Improved,2021,94 years 07 months,780000,1,44,726154.4022562709
2025-07-01,SEMBAWANG,5 ROOM,126C,CANBERRA ST,10 TO 12,116,Improved,2020,94 years 04 months,850000,10,44,798489.6474920746
2025-07-01,SEMBAWANG,5 ROOM,102A,CANBERRA ST,07 TO 09,116,Improved,2020,94 years 06 months,790000,7,44,773900.7296404897
2025-07-01,SEMBAWANG,5 ROOM,102A,CANBERRA ST,10 TO 12,113,Improved,2020,94 years 05 months,785000,10,44,792702.677120376
2025-07-01,SEMBAWANG,5 ROOM,129A,CANBERRA ST,07 TO 09,113,Improved,2018,92 years 03 months,788888,7,44,781345.9042953819
2025-07-01,SEMBAWANG,5 ROOM,102A,CANBERRA ST,13 TO 15,116,Improved,2020,94 years 05 months,838000,13,44,818449.1311143533
2025-08-01,SEMBAWANG,5 ROOM,128C,CANBERRA ST,10 TO 12,113,Improved,2018,92 years 03 months,817000,10,44,792702.677120376
2025-08-01,SEMBAWANG,5 ROOM,102A,CANBERRA ST,07 TO 09,116,Improved,2020,94 years 05 months,791000,7,44,773900.7296404897
2025-08-01,SEMBAWANG,5 ROOM,126A,CANBERRA ST,01 TO 03,113,Improved,2021,94 years 06 months,750000,1,44,726154.4022562709
2025-08-01,SEMBAWANG,5 ROOM,128A,CANBERRA ST,07 TO 09,113,Improved,2018,92 years 02 months,790000,7,44,781345.9042953819
2025-08-01,SEMBAWANG,5 ROOM,129C,CANBERRA ST,07 TO 09,113,Improved,2018,92 years 02 months,825000,7,44,781345.9042953819
2025-09-01,SEMBAWANG,5 ROOM,126C,CANBERRA ST,07 TO 09,113,Improved,2020,94 years 02 months,824000,7,44,781345.9042953819
2025-09-01,SEMBAWANG,5 ROOM,129C,CANBERRA ST,10 TO 12,113,Improved,2018,92 years 02 months,828000,10,44,792702.677120376
2025-09-01,SEMBAWANG,5 ROOM,128A,CANBERRA ST,04 TO 06,113,Improved,2018,92 years 02 months,760000,4,44,769040.1820995922
2025-09-01,SEMBAWANG,5 ROOM,126D,CANBERRA ST,01 TO 03,116,Improved,2020,94 years 02 months,828000,1,44,749141.2288567135
2025-09-01,SEMBAWANG,5 ROOM,102A,CANBERRA ST,04 TO 06,113,Improved,2020,94 years 04 months,726000,4,44,769040.1820995922
2025-09-01,SEMBAWANG,5 ROOM,101A,CANBERRA ST,07 TO 09,113,Improved,2020,94 years 04 months,750000,7,44,781345.9042953819
2025-09-01,SEMBAWANG,5 ROOM,128C,CANBERRA ST,04 TO 06,113,Improved,2018,92 years 01 month,783888,4,44,769040.1820995922
2025-09-01,SEMBAWANG,5 ROOM,102A,CANBERRA ST,07 TO 09,116,Improved,2020,94 years 03 months,820000,7,44,773900.7296404897
2025-09-01,SEMBAWANG,5 ROOM,102A,CANBERRA ST,01 TO 03,113,Improved,2020,94 years 03 months,715000,1,44,726154.4022562709
2025-08-01,SEMBAWANG,5 ROOM,108C,CANBERRA WALK,10 TO 12,113,Improved,2018,91 years 10 months,810000,10,44,792702.677120376
2025-08-01,SEMBAWANG,5 ROOM,108B,CANBERRA WALK,04 TO 06,113,Improved,2018,91 years 09 months,785000,4,44,769040.1820995922
2025-08-01,SEMBAWANG,5 ROOM,108B,CANBERRA WALK,10 TO 12,113,Improved,2018,91 years 09 months,820888,10,44,792702.677120376
2025-07-01,SEMBAWANG,5 ROOM,588A,MONTREAL DR,04 TO 06,110,Improved,2002,76 years 06 months,640000,4,44,614526.7291035481
2025-07-01,SEMBAWANG,5 ROOM,339B,SEMBAWANG CL,13 TO 15,111,Premium Apartment,2001,74 years 11 months,665000,13,44,632985.3839514825
2025-08-01,SEMBAWANG,5 ROOM,329,SEMBAWANG CL,01 TO 03,120,Improved,1999,72 years 11 months,605000,1,44,669024.3470856895
2025-09-01,SEMBAWANG,5 ROOM,329,SEMBAWANG CL,16 TO 18,115,Improved,1999,72 years 11 months,720888,16,44,789462.2561822871
2025-09-01,SEMBAWANG,5 ROOM,340A,SEMBAWANG CL,01 TO 03,111,Premium Apartment,2001,74 years 10 months,585000,1,44,601710.8282450446
2025-09-01,SEMBAWANG,5 ROOM,319,SEMBAWANG CL,04 TO 06,119,Improved,1999,72 years 08 months,715000,4,44,691284.7682466141
2025-07-01,SEMBAWANG,5 ROOM,325,SEMBAWANG CRES,13 TO 15,123,Improved,1999,73 years 01 month,680000,13,44,740250.2919976837
2025-07-01,SEMBAWANG,5 ROOM,327,SEMBAWANG CRES,10 TO 12,121,Improved,1999,72 years 10 months,660000,10,44,732066.9297704074
2025-07-01,SEMBAWANG,5 ROOM,414,SEMBAWANG DR,10 TO 12,110,Improved,2001,74 years 08 months,620000,10,44,634771.8521662883
2025-08-01,SEMBAWANG,5 ROOM,407,SEMBAWANG DR,04 TO 06,110,Improved,2001,74 years 08 months,586000,4,44,614526.7291035481
2025-09-01,SEMBAWANG,5 ROOM,466A,SEMBAWANG DR,13 TO 15,110,Premium Apartment,2006,79 years 05 months,610666,13,44,630334.2043064072
2025-09-01,SEMBAWANG,5 ROOM,313,SEMBAWANG DR,01 TO 03,120,Improved,1999,72 years 05 months,590000,1,44,669024.3470856895
2025-07-01,SEMBAWANG,5 ROOM,316,SEMBAWANG VISTA,10 TO 12,121,Improved,1999,72 years 11 months,685000,10,44,732066.9297704074
2025-07-01,SEMBAWANG,5 ROOM,317,SEMBAWANG VISTA,10 TO 12,121,Improved,1999,72 years 10 months,686000,10,44,732066.9297704074
2025-07-01,SEMBAWANG,5 ROOM,318,SEMBAWANG VISTA,07 TO 09,122,Improved,1999,72 years 09 months,670000,7,44,691557.4376831944
2025-07-01,SEMBAWANG,5 ROOM,507B,WELLINGTON CIRCLE,07 TO 09,110,Improved,2001,75 years 05 months,622000,7,44,625104.23197949
2025-08-01,SEMBAWANG,5 ROOM,501B,WELLINGTON CIRCLE,10 TO 12,111,Improved,2001,75 years 01 month,655000,10,44,625431.052190216
2025-09-01,SEMBAWANG,5 ROOM,507C,WELLINGTON CIRCLE,10 TO 12,110,Improved,2001,75 years 04 months,650000,10,44,634771.8521662883
2025-09-01,SEMBAWANG,5 ROOM,507A,WELLINGTON CIRCLE,07 TO 09,111,Improved,2001,75 years 04 months,636000,7,44,627763.2393605554
2025-09-01,SEMBAWANG,5 ROOM,501C,WELLINGTON CIRCLE,10 TO 12,110,Improved,2001,74 years 11 months,661888,10,44,634771.8521662883
2025-07-01,SEMBAWANG,EXECUTIVE,469A,ADMIRALTY DR,16 TO 18,137,Premium Apartment,2001,75 years 02 months,698888,16,44,771076.9831615593
2025-07-01,SEMBAWANG,EXECUTIVE,357A,ADMIRALTY DR,10 TO 12,131,Premium Apartment,2001,75 years,790000,10,44,765439.9716109076
2025-07-01,SEMBAWANG,EXECUTIVE,469A,ADMIRALTY DR,13 TO 15,137,Premium Apartment,2001,75 years 03 months,723000,13,44,757288.1040617278
2025-08-01,SEMBAWANG,EXECUTIVE,468B,ADMIRALTY DR,01 TO 03,137,Premium Apartment,2001,74 years 10 months,650000,1,44,710658.5429843205
2025-09-01,SEMBAWANG,EXECUTIVE,354D,ADMIRALTY DR,04 TO 06,125,Apartment,2002,75 years 05 months,785000,4,44,747527.922890346
2025-09-01,SEMBAWANG,EXECUTIVE,468B,ADMIRALTY DR,10 TO 12,137,Premium Apartment,2001,74 years 09 months,700888,10,44,752779.1113965088
2025-09-01,SEMBAWANG,EXECUTIVE,468B,ADMIRALTY DR,07 TO 09,137,Premium Apartment,2001,74 years 08 months,680000,7,44,716072.6479972404
2025-09-01,SEMBAWANG,EXECUTIVE,468C,ADMIRALTY DR,16 TO 18,137,Premium Apartment,2001,74 years 08 months,710000,16,44,771076.9831615593
2025-07-01,SEMBAWANG,EXECUTIVE,351D,CANBERRA RD,04 TO 06,126,Apartment,2001,75 years 06 months,750000,4,44,737783.6626383129
2025-07-01,SEMBAWANG,EXECUTIVE,423,CANBERRA RD,01 TO 03,130,Apartment,2001,74 years 08 months,690000,1,44,737355.5039740968
2025-08-01,SEMBAWANG,EXECUTIVE,351D,CANBERRA RD,10 TO 12,126,Apartment,2001,75 years 04 months,770000,10,44,758645.0017164589
2025-07-01,SEMBAWANG,EXECUTIVE,588B,MONTREAL DR,04 TO 06,125,Apartment,2002,76 years 05 months,710000,4,44,747527.922890346
2025-08-01,SEMBAWANG,EXECUTIVE,588B,MONTREAL DR,07 TO 09,125,Apartment,2002,76 years 03 months,805000,7,44,767324.4145134203
2025-08-01,SEMBAWANG,EXECUTIVE,588B,MONTREAL DR,10 TO 12,125,Apartment,2002,76 years 04 months,750000,10,44,774407.0466016541
2025-08-01,SEMBAWANG,EXECUTIVE,588B,MONTREAL DR,07 TO 09,125,Apartment,2002,76 years 04 months,783000,7,44,767324.4145134203
2025-09-01,SEMBAWANG,EXECUTIVE,341,SEMBAWANG CL,13 TO 15,131,Premium Apartment,2001,74 years 10 months,800000,13,44,771156.2459776406
2025-07-01,SEMBAWANG,EXECUTIVE,336,SEMBAWANG CRES,01 TO 03,135,Apartment,1999,73 years 01 month,755000,1,44,742123.9606006641
2025-07-01,SEMBAWANG,EXECUTIVE,408,SEMBAWANG DR,04 TO 06,130,Apartment,2001,74 years 08 months,720000,4,44,758013.1451111737
2025-07-01,SEMBAWANG,EXECUTIVE,472,SEMBAWANG DR,13 TO 15,130,Apartment,2000,74 years 01 month,808000,13,44,789651.487611311
2025-09-01,SEMBAWANG,EXECUTIVE,408,SEMBAWANG DR,04 TO 06,130,Apartment,2001,74 years 06 months,752000,4,44,758013.1451111737
2025-07-01,SEMBAWANG,EXECUTIVE,506A,WELLINGTON CIRCLE,07 TO 09,130,Apartment,2001,75 years 06 months,775000,7,44,777308.112883245
2025-07-01,SEMBAWANG,EXECUTIVE,502A,WELLINGTON CIRCLE,04 TO 06,130,Apartment,2001,75 years 01 month,820888,4,44,758013.1451111737
2025-07-01,SEMBAWANG,EXECUTIVE,501D,WELLINGTON CIRCLE,01 TO 03,130,Apartment,2001,75 years 01 month,725000,1,44,737355.5039740968
2025-08-01,SEMBAWANG,EXECUTIVE,506A,WELLINGTON CIRCLE,04 TO 06,130,Apartment,2001,75 years 05 months,745000,4,44,758013.1451111737
2025-08-01,SEMBAWANG,EXECUTIVE,506A,WELLINGTON CIRCLE,10 TO 12,130,Apartment,2001,75 years 04 months,740000,10,44,782143.1581864868
2025-07-01,SENGKANG,2 ROOM,353A,ANCHORVALE LANE,10 TO 12,38,2-room,2021,94 years 07 months,370000,10,44,367586.6210543511
2025-09-01,SENGKANG,2 ROOM,353A,ANCHORVALE LANE,13 TO 15,38,2-room,2021,94 years 05 months,408000,13,44,368884.45159874787
2025-07-01,SENGKANG,2 ROOM,351B,ANCHORVALE RD,07 TO 09,47,Model A,2019,92 years 11 months,390000,7,44,375953.0206699939
2025-07-01,SENGKANG,2 ROOM,351B,ANCHORVALE RD,04 TO 06,47,Model A,2019,92 years 11 months,382000,4,44,365975.2994848493
2025-08-01,SENGKANG,2 ROOM,351B,ANCHORVALE RD,07 TO 09,47,2-room,2019,92 years 10 months,415000,7,44,386710.3696306426
2025-09-01,SENGKANG,2 ROOM,351C,ANCHORVALE RD,01 TO 03,47,2-room,2019,92 years 08 months,398000,1,44,376840.3862518065
2025-09-01,SENGKANG,2 ROOM,418A,FERNVALE LINK,19 TO 21,38,Model A,2018,91 years 10 months,380000,19,44,376164.5719050319
2025-07-01,SENGKANG,2 ROOM,453A,FERNVALE RD,13 TO 15,46,Model A,2015,89 years,399888,13,44,375234.25404154684
2025-07-01,SENGKANG,2 ROOM,441B,FERNVALE RD,10 TO 12,50,Model A,2012,85 years 07 months,404000,10,44,385954.4310487361
2025-08-01,SENGKANG,2 ROOM,443B,FERNVALE RD,01 TO 03,47,Model A,2012,86 years 04 months,380000,1,44,359304.40512076806
2025-08-01,SENGKANG,2 ROOM,441B,FERNVALE RD,10 TO 12,50,Model A,2012,85 years 06 months,410000,10,44,385954.4310487361
2025-07-01,SENGKANG,2 ROOM,180A,RIVERVALE CRES,13 TO 15,47,Model A,2015,88 years 08 months,375000,13,44,385411.998524258
2025-07-01,SENGKANG,2 ROOM,180D,RIVERVALE CRES,04 TO 06,47,Model A,2015,88 years 09 months,365000,4,44,365975.2994848493
2025-09-01,SENGKANG,2 ROOM,180B,RIVERVALE CRES,04 TO 06,47,Model A,2015,88 years 06 months,365000,4,44,365975.2994848493
2025-07-01,SENGKANG,2 ROOM,455B,SENGKANG WEST AVE,07 TO 09,48,2-room,2020,94 years 03 months,393000,7,44,391099.9365094001
2025-07-01,SENGKANG,2 ROOM,455B,SENGKANG WEST AVE,04 TO 06,38,2-room,2020,94 years 03 months,350000,4,44,363666.3719568089
2025-08-01,SENGKANG,2 ROOM,455A,SENGKANG WEST AVE,04 TO 06,48,2-room,2020,94 years 02 months,400000,4,44,385860.04303980694
2025-09-01,SENGKANG,2 ROOM,455B,SENGKANG WEST AVE,01 TO 03,48,2-room,2020,94 years 01 month,379000,1,44,382413.72856076376
2025-07-01,SENGKANG,2 ROOM,456B,SENGKANG WEST RD,01 TO 03,48,2-room,2020,94 years 02 months,388000,1,44,382413.72856076376
2025-08-01,SENGKANG,2 ROOM,456B,SENGKANG WEST RD,01 TO 03,48,2-room,2020,94 years 01 month,380000,1,44,382413.72856076376
2025-07-01,SENGKANG,2 ROOM,450C,SENGKANG WEST WAY,19 TO 21,46,Model A,2014,88 years,383000,19,44,381363.0996412195
2025-09-01,SENGKANG,2 ROOM,450C,SENGKANG WEST WAY,19 TO 21,46,Model A,2014,87 years 10 months,360000,19,44,381363.0996412195
2025-07-01,SENGKANG,3 ROOM,334B,ANCHORVALE CRES,01 TO 03,67,Premium Apartment,2015,89 years 06 months,505000,1,44,536152.5343284338
2025-07-01,SENGKANG,3 ROOM,334C,ANCHORVALE CRES,07 TO 09,67,Premium Apartment,2015,89 years 05 months,600000,7,44,565132.8900728024
2025-08-01,SENGKANG,3 ROOM,334C,ANCHORVALE CRES,13 TO 15,67,Premium Apartment,2015,89 years 05 months,586000,13,44,590066.4488525981
2025-07-01,SENGKANG,3 ROOM,353B,ANCHORVALE LANE,10 TO 12,68,Model A,2021,94 years 07 months,585000,10,44,541784.862875168
2025-08-01,SENGKANG,3 ROOM,353A,ANCHORVALE LANE,10 TO 12,68,Model A,2021,94 years 07 months,550000,10,44,541784.862875168
2025-08-01,SENGKANG,3 ROOM,355A,ANCHORVALE LANE,16 TO 18,68,Model A,2021,94 years 07 months,560000,16,44,548618.431787291
2025-07-01,SENGKANG,3 ROOM,302B,ANCHORVALE LINK,01 TO 03,83,Model A,2007,81 years,480000,1,44,497430.62928437744
2025-07-01,SENGKANG,3 ROOM,286C,COMPASSVALE CRES,04 TO 06,68,Premium Apartment,2017,91 years 05 months,520000,4,44,535159.7942688286
2025-07-01,SENGKANG,3 ROOM,286C,COMPASSVALE CRES,13 TO 15,68,Premium Apartment,2017,91 years 04 months,550000,13,44,559220.7462127308
2025-09-01,SENGKANG,3 ROOM,289A,COMPASSVALE CRES,04 TO 06,68,Premium Apartment,2017,91 years 02 months,525000,4,44,535159.7942688286
2025-07-01,SENGKANG,3 ROOM,215A,COMPASSVALE DR,10 TO 12,68,Premium Apartment,2017,90 years 10 months,572000,10,44,546671.5685968554
2025-08-01,SENGKANG,3 ROOM,210A,COMPASSVALE LANE,07 TO 09,68,Model A,2013,86 years 07 months,518000,7,44,532338.0750463973
2025-09-01,SENGKANG,3 ROOM,210A,COMPASSVALE LANE,07 TO 09,68,Model A,2013,86 years 06 months,530000,7,44,532338.0750463973
2025-07-01,SENGKANG,3 ROOM,418A,FERNVALE LINK,04 TO 06,68,Model A,2018,92 years 01 month,491000,4,44,517749.3597582659
2025-07-01,SENGKANG,3 ROOM,470B,FERNVALE LINK,10 TO 12,68,Model A,2016,90 years 03 months,530000,10,44,541784.862875168
2025-07-01,SENGKANG,3 ROOM,417A,FERNVALE LINK,13 TO 15,69,Model A,2018,92 years 01 month,550000,13,44,553231.8854749734
2025-07-01,SENGKANG,3 ROOM,467A,FERNVALE LINK,10 TO 12,68,Model A,2016,90 years 01 month,520888,10,44,541784.862875168
2025-07-01,SENGKANG,3 ROOM,467B,FERNVALE LINK,13 TO 15,68,Model A,2016,90 years 01 month,528000,13,44,549889.3991435147
2025-08-01,SENGKANG,3 ROOM,467A,FERNVALE LINK,07 TO 09,68,Model A,2016,90 years 01 month,535000,7,44,532338.0750463973
2025-08-01,SENGKANG,3 ROOM,470B,FERNVALE LINK,19 TO 21,68,Model A,2016,90 years 01 month,535000,19,44,550223.5581793697
2025-08-01,SENGKANG,3 ROOM,418A,FERNVALE LINK,10 TO 12,68,Model A,2018,91 years 11 months,558888,10,44,541784.862875168
2025-08-01,SENGKANG,3 ROOM,414B,FERNVALE LINK,16 TO 18,68,Model A,2016,89 years 06 months,550000,16,44,548618.431787291
2025-07-01,SENGKANG,3 ROOM,445B,FERNVALE RD,16 TO 18,68,Model A,2012,86 years 04 months,555000,16,44,548618.431787291
2025-07-01,SENGKANG,3 ROOM,441C,FERNVALE RD,16 TO 18,69,Model A,2012,85 years 07 months,570000,16,44,544580.6921401906
2025-07-01,SENGKANG,3 ROOM,443B,FERNVALE RD,22 TO 24,67,Model A,2012,86 years 04 months,560000,22,44,551217.6643286342
2025-08-01,SENGKANG,3 ROOM,453D,FERNVALE RD,16 TO 18,67,Model A,2015,88 years 11 months,575000,16,44,546140.6715502486
2025-09-01,SENGKANG,3 ROOM,180A,RIVERVALE CRES,13 TO 15,67,Model A,2015,88 years 06 months,525000,13,44,548700.348313182
2025-09-01,SENGKANG,3 ROOM,164B,RIVERVALE CRES,10 TO 12,68,Model A,2017,90 years 08 months,500000,10,44,541784.862875168
2025-07-01,SENGKANG,3 ROOM,279C,SENGKANG EAST AVE,04 TO 06,67,Premium Apartment,2015,89 years 02 months,595000,4,44,550759.1406212611
2025-07-01,SENGKANG,3 ROOM,279A,SENGKANG EAST AVE,01 TO 03,67,Premium Apartment,2015,89 years 02 months,588000,1,44,536152.5343284338
2025-08-01,SENGKANG,3 ROOM,281A,SENGKANG EAST AVE,10 TO 12,67,Premium Apartment,2015,89 years,634000,10,44,569671.9044608157
2025-07-01,SENGKANG,3 ROOM,457B,SENGKANG WEST RD,01 TO 03,68,Model A,2020,94 years 03 months,525000,1,44,511054.61091229116
2025-08-01,SENGKANG,3 ROOM,457B,SENGKANG WEST RD,01 TO 03,68,Model A,2020,94 years 02 months,502000,1,44,511054.61091229116
2025-07-01,SENGKANG,3 ROOM,448B,SENGKANG WEST WAY,19 TO 21,67,Model A,2014,88 years,545000,19,44,544727.304950824
2025-08-01,SENGKANG,3 ROOM,448B,SENGKANG WEST WAY,13 TO 15,67,Model A,2014,87 years 11 months,545000,13,44,548700.348313182
2025-09-01,SENGKANG,3 ROOM,450C,SENGKANG WEST WAY,07 TO 09,67,Model A,2014,87 years 11 months,550000,7,44,527862.7937361995
2025-09-01,SENGKANG,3 ROOM,450B,SENGKANG WEST WAY,19 TO 21,67,Model A,2014,87 years 11 months,570000,19,44,544727.304950824
2025-07-01,SENGKANG,4 ROOM,338A,ANCHORVALE CRES,13 TO 15,93,Model A,2018,91 years 11 months,705888,13,44,676214.1326724371
2025-07-01,SENGKANG,4 ROOM,338A,ANCHORVALE CRES,07 TO 09,93,Model A,2018,91 years 11 months,690000,7,44,659154.4885038995
2025-07-01,SENGKANG,4 ROOM,336D,ANCHORVALE CRES,16 TO 18,92,Premium Apartment,2015,89 years 05 months,770000,16,44,708449.036619552
2025-07-01,SENGKANG,4 ROOM,338C,ANCHORVALE CRES,01 TO 03,93,Model A,2018,91 years 11 months,610000,1,44,628023.719243279
2025-08-01,SENGKANG,4 ROOM,338C,ANCHORVALE CRES,01 TO 03,93,Model A,2018,91 years 10 months,595000,1,44,628023.719243279
2025-08-01,SENGKANG,4 ROOM,336A,ANCHORVALE CRES,13 TO 15,92,Premium Apartment,2015,89 years 05 months,750888,13,44,738163.7125560114
2025-08-01,SENGKANG,4 ROOM,335C,ANCHORVALE CRES,07 TO 09,92,Premium Apartment,2015,89 years 05 months,730000,7,44,721013.0434157802
2025-08-01,SENGKANG,4 ROOM,338B,ANCHORVALE CRES,10 TO 12,93,Model A,2018,91 years 10 months,685000,10,44,671646.887784709
2025-08-01,SENGKANG,4 ROOM,338C,ANCHORVALE CRES,10 TO 12,93,Model A,2018,91 years 09 months,660000,10,44,671646.887784709
2025-09-01,SENGKANG,4 ROOM,334A,ANCHORVALE CRES,07 TO 09,92,Premium Apartment,2015,89 years 03 months,720000,7,44,721013.0434157802
2025-09-01,SENGKANG,4 ROOM,334B,ANCHORVALE CRES,07 TO 09,92,Premium Apartment,2015,89 years 03 months,720000,7,44,721013.0434157802
2025-08-01,SENGKANG,4 ROOM,301D,ANCHORVALE DR,10 TO 12,90,Model A,2001,75 years,598000,10,44,603074.4793439304
2025-07-01,SENGKANG,4 ROOM,356A,ANCHORVALE LANE,13 TO 15,93,Model A,2021,94 years 08 months,725000,13,44,676214.1326724371
2025-07-01,SENGKANG,4 ROOM,355A,ANCHORVALE LANE,04 TO 06,93,Model A,2021,94 years 07 months,655000,4,44,645508.6063763823
2025-07-01,SENGKANG,4 ROOM,353A,ANCHORVALE LANE,10 TO 12,93,Model A,2021,94 years 07 months,715000,10,44,671646.887784709
2025-08-01,SENGKANG,4 ROOM,356A,ANCHORVALE LANE,10 TO 12,93,Model A,2021,94 years 07 months,728000,10,44,671646.887784709
2025-09-01,SENGKANG,4 ROOM,355A,ANCHORVALE LANE,01 TO 03,93,Model A,2021,94 years 06 months,606000,1,44,628023.719243279
2025-09-01,SENGKANG,4 ROOM,353B,ANCHORVALE LANE,04 TO 06,93,Model A,2021,94 years 05 months,660000,4,44,645508.6063763823
2025-07-01,SENGKANG,4 ROOM,303B,ANCHORVALE LINK,10 TO 12,88,Model A2,2001,75 years 02 months,570000,10,44,603896.324737553
2025-07-01,SENGKANG,4 ROOM,318A,ANCHORVALE LINK,10 TO 12,92,Premium Apartment,2003,76 years 10 months,605888,10,44,728688.5706489349
2025-07-01,SENGKANG,4 ROOM,333A,ANCHORVALE LINK,01 TO 03,92,Model A,2015,89 years,630000,1,44,630764.7994649754
2025-08-01,SENGKANG,4 ROOM,332A,ANCHORVALE LINK,10 TO 12,92,Model A,2015,88 years 11 months,705000,10,44,678328.9530302437
2025-08-01,SENGKANG,4 ROOM,306A,ANCHORVALE LINK,13 TO 15,90,Model A,2002,75 years 09 months,600000,13,44,605507.382991837
2025-08-01,SENGKANG,4 ROOM,306C,ANCHORVALE LINK,16 TO 18,90,Model A,2002,75 years 05 months,565000,16,44,616722.3636563228
2025-08-01,SENGKANG,4 ROOM,303B,ANCHORVALE LINK,04 TO 06,88,Model A2,2001,75 years,580000,4,44,570076.7728386053
2025-08-01,SENGKANG,4 ROOM,332A,ANCHORVALE LINK,13 TO 15,92,Model A,2015,88 years 10 months,712000,13,44,681094.2350200331
2025-08-01,SENGKANG,4 ROOM,304A,ANCHORVALE LINK,01 TO 03,90,Model A,2002,75 years 05 months,530000,1,44,565551.9024784878
2025-08-01,SENGKANG,4 ROOM,333C,ANCHORVALE LINK,13 TO 15,92,Model A,2015,88 years 10 months,730000,13,44,681094.2350200331
2025-09-01,SENGKANG,4 ROOM,333D,ANCHORVALE LINK,07 TO 09,92,Model A,2015,88 years 09 months,650000,7,44,661597.3042804917
2025-07-01,SENGKANG,4 ROOM,351A,ANCHORVALE RD,01 TO 03,92,Model A,2019,92 years 11 months,640000,1,44,630764.7994649754
2025-07-01,SENGKANG,4 ROOM,309C,ANCHORVALE RD,04 TO 06,95,Premium Apartment,2002,76 years 05 months,570000,4,44,653803.8776840155
2025-07-01,SENGKANG,4 ROOM,351D,ANCHORVALE RD,13 TO 15,92,Model A,2019,92 years 10 months,685000,13,44,681094.2350200331
2025-07-01,SENGKANG,4 ROOM,351D,ANCHORVALE RD,13 TO 15,92,Model A,2019,92 years 10 months,725000,13,44,681094.2350200331
2025-07-01,SENGKANG,4 ROOM,327C,ANCHORVALE RD,13 TO 15,92,Premium Apartment,2015,88 years 09 months,700000,13,44,738163.7125560114
2025-08-01,SENGKANG,4 ROOM,326B,ANCHORVALE RD,13 TO 15,92,Premium Apartment,2015,88 years 09 months,710000,13,44,738163.7125560114
2025-08-01,SENGKANG,4 ROOM,326A,ANCHORVALE RD,04 TO 06,92,Premium Apartment,2015,88 years 09 months,670000,4,44,693604.1729259505
2025-08-01,SENGKANG,4 ROOM,327B,ANCHORVALE RD,04 TO 06,92,Premium Apartment,2015,88 years 08 months,670000,4,44,693604.1729259505
2025-08-01,SENGKANG,4 ROOM,351D,ANCHORVALE RD,04 TO 06,92,Model A,2019,92 years 09 months,650000,4,44,655817.3577428062
2025-09-01,SENGKANG,4 ROOM,317A,ANCHORVALE RD,01 TO 03,92,Premium Apartment,2003,76 years 10 months,600000,1,44,645803.3753635144
2025-07-01,SENGKANG,4 ROOM,331C,ANCHORVALE ST,10 TO 12,92,Model A,2015,89 years 02 months,700000,10,44,678328.9530302437
2025-07-01,SENGKANG,4 ROOM,330A,ANCHORVALE ST,04 TO 06,92,Model A,2015,89 years 02 months,680000,4,44,655817.3577428062
2025-07-01,SENGKANG,4 ROOM,329A,ANCHORVALE ST,04 TO 06,93,Model A,2015,89 years 01 month,640000,4,44,645508.6063763823
2025-08-01,SENGKANG,4 ROOM,329B,ANCHORVALE ST,04 TO 06,93,Model A,2015,89 years,688000,4,44,645508.6063763823
2025-08-01,SENGKANG,4 ROOM,329A,ANCHORVALE ST,10 TO 12,92,Model A,2015,89 years,710000,10,44,678328.9530302437
2025-09-01,SENGKANG,4 ROOM,331B,ANCHORVALE ST,04 TO 06,92,Model A,2015,89 years,636888,4,44,655817.3577428062
2025-09-01,SENGKANG,4 ROOM,329A,ANCHORVALE ST,10 TO 12,92,Model A,2015,88 years 11 months,700000,10,44,678328.9530302437
2025-07-01,SENGKANG,4 ROOM,264B,COMPASSVALE BOW,16 TO 18,92,Premium Apartment,2007,81 years 02 months,765000,16,44,708449.036619552
2025-07-01,SENGKANG,4 ROOM,274B,COMPASSVALE BOW,01 TO 03,92,Model A,2017,91 years 05 months,790000,1,44,630764.7994649754
2025-07-01,SENGKANG,4 ROOM,265E,COMPASSVALE BOW,07 TO 09,92,Premium Apartment,2007,81 years 01 month,728000,7,44,721013.0434157802
2025-07-01,SENGKANG,4 ROOM,266C,COMPASSVALE BOW,07 TO 09,92,Premium Apartment,2007,81 years 01 month,730000,7,44,721013.0434157802
2025-07-01,SENGKANG,4 ROOM,265E,COMPASSVALE BOW,07 TO 09,92,Premium Apartment,2007,81 years 01 month,720000,7,44,721013.0434157802
2025-08-01,SENGKANG,4 ROOM,274B,COMPASSVALE BOW,04 TO 06,92,Model A,2017,91 years 04 months,810000,4,44,655817.3577428062
2025-08-01,SENGKANG,4 ROOM,264D,COMPASSVALE BOW,04 TO 06,92,Premium Apartment,2008,81 years 09 months,728888,4,44,693604.1729259505
2025-08-01,SENGKANG,4 ROOM,266A,COMPASSVALE BOW,16 TO 18,92,Premium Apartment,2007,81 years,778888,16,44,708449.036619552
2025-09-01,SENGKANG,4 ROOM,266B,COMPASSVALE BOW,07 TO 09,92,Premium Apartment,2007,80 years 11 months,710000,7,44,721013.0434157802
2025-09-01,SENGKANG,4 ROOM,265E,COMPASSVALE BOW,10 TO 12,92,Premium Apartment,2007,80 years 11 months,725000,10,44,728688.5706489349
2025-07-01,SENGKANG,4 ROOM,296A,COMPASSVALE CRES,10 TO 12,90,Model A,2002,75 years 07 months,565000,10,44,603074.4793439304
2025-07-01,SENGKANG,4 ROOM,293D,COMPASSVALE CRES,07 TO 09,93,Model A,2016,90 years 04 months,665000,7,44,659154.4885038995
2025-08-01,SENGKANG,4 ROOM,287B,COMPASSVALE CRES,04 TO 06,96,Premium Apartment,2017,91 years 04 months,710000,4,44,659709.1144182838
2025-08-01,SENGKANG,4 ROOM,296C,COMPASSVALE CRES,10 TO 12,90,Model A,2002,75 years 07 months,568000,10,44,603074.4793439304
2025-08-01,SENGKANG,4 ROOM,295B,COMPASSVALE CRES,04 TO 06,90,Model A,2002,75 years 08 months,507500,4,44,586707.5092324066
2025-08-01,SENGKANG,4 ROOM,293B,COMPASSVALE CRES,10 TO 12,93,Model A,2016,90 years 03 months,705000,10,44,671646.887784709
2025-08-01,SENGKANG,4 ROOM,288A,COMPASSVALE CRES,04 TO 06,93,Premium Apartment,2017,91 years 03 months,640000,4,44,673231.5163866945
2025-09-01,SENGKANG,4 ROOM,287A,COMPASSVALE CRES,13 TO 15,93,Premium Apartment,2017,91 years 03 months,705000,13,44,713124.7499563104
2025-09-01,SENGKANG,4 ROOM,296A,COMPASSVALE CRES,13 TO 15,90,Model A,2002,75 years 04 months,580000,13,44,605507.382991837
2025-09-01,SENGKANG,4 ROOM,290A,COMPASSVALE CRES,04 TO 06,90,Model A,2002,75 years 05 months,580000,4,44,586707.5092324066
2025-07-01,SENGKANG,4 ROOM,217B,COMPASSVALE DR,10 TO 12,92,Premium Apartment,2017,90 years 11 months,835000,10,44,728688.5706489349
2025-07-01,SENGKANG,4 ROOM,227A,COMPASSVALE DR,10 TO 12,102,Model A,1999,73 years 06 months,618000,10,44,623808.8046285908
2025-07-01,SENGKANG,4 ROOM,215A,COMPASSVALE DR,01 TO 03,92,Premium Apartment,2017,90 years 11 months,760888,1,44,645803.3753635144
2025-07-01,SENGKANG,4 ROOM,216A,COMPASSVALE DR,01 TO 03,92,Premium Apartment,2017,90 years 11 months,802000,1,44,645803.3753635144
2025-07-01,SENGKANG,4 ROOM,212C,COMPASSVALE DR,10 TO 12,95,Premium Apartment,2012,86 years 04 months,681888,10,44,687253.5063052534
2025-07-01,SENGKANG,4 ROOM,215B,COMPASSVALE DR,10 TO 12,92,Premium Apartment,2017,90 years 10 months,835000,10,44,728688.5706489349
2025-08-01,SENGKANG,4 ROOM,217C,COMPASSVALE DR,07 TO 09,92,Premium Apartment,2017,90 years 10 months,810000,7,44,721013.0434157802
2025-08-01,SENGKANG,4 ROOM,212C,COMPASSVALE DR,13 TO 15,99,Premium Apartment,2012,86 years 02 months,678000,13,44,691662.6952169572
2025-08-01,SENGKANG,4 ROOM,227C,COMPASSVALE DR,01 TO 03,102,Model A,2000,73 years 05 months,580000,1,44,584149.0867299105
2025-08-01,SENGKANG,4 ROOM,217C,COMPASSVALE DR,04 TO 06,92,Premium Apartment,2017,90 years 09 months,850000,4,44,693604.1729259505
2025-09-01,SENGKANG,4 ROOM,217A,COMPASSVALE DR,07 TO 09,92,Premium Apartment,2017,90 years 09 months,835000,7,44,721013.0434157802
2025-09-01,SENGKANG,4 ROOM,201C,COMPASSVALE DR,13 TO 15,90,Model A,2001,74 years 11 months,623888,13,44,605507.382991837
2025-09-01,SENGKANG,4 ROOM,212A,COMPASSVALE DR,10 TO 12,95,Premium Apartment,2012,86 years 02 months,675000,10,44,687253.5063052534
2025-07-01,SENGKANG,4 ROOM,209C,COMPASSVALE LANE,07 TO 09,92,Model A,2011,85 years 05 months,645000,7,44,661597.3042804917
2025-07-01,SENGKANG,4 ROOM,208A,COMPASSVALE LANE,07 TO 09,92,Model A,2011,85 years 05 months,655000,7,44,661597.3042804917
2025-07-01,SENGKANG,4 ROOM,209C,COMPASSVALE LANE,07 TO 09,92,Model A,2011,85 years 05 months,652000,7,44,661597.3042804917
2025-07-01,SENGKANG,4 ROOM,213B,COMPASSVALE LANE,07 TO 09,95,Premium Apartment,2012,86 years 04 months,665000,7,44,682719.0937788042
2025-07-01,SENGKANG,4 ROOM,207A,COMPASSVALE LANE,04 TO 06,92,Model A,2005,78 years 07 months,572000,4,44,655817.3577428062
2025-07-01,SENGKANG,4 ROOM,208A,COMPASSVALE LANE,01 TO 03,92,Model A,2011,85 years 04 months,610888,1,44,630764.7994649754
2025-07-01,SENGKANG,4 ROOM,213B,COMPASSVALE LANE,01 TO 03,95,Premium Apartment,2012,86 years 03 months,628000,1,44,606360.185748615
2025-07-01,SENGKANG,4 ROOM,206B,COMPASSVALE LANE,07 TO 09,102,Model A,1999,73 years,608888,7,44,617058.6589322857
2025-08-01,SENGKANG,4 ROOM,207A,COMPASSVALE LANE,01 TO 03,92,Model A,2005,78 years 07 months,574000,1,44,630764.7994649754
2025-08-01,SENGKANG,4 ROOM,211C,COMPASSVALE LANE,16 TO 18,97,Model A,2013,86 years 06 months,674000,16,44,671827.52846059494
2025-08-01,SENGKANG,4 ROOM,209A,COMPASSVALE LANE,07 TO 09,92,Model A,2011,85 years 04 months,675000,7,44,661597.3042804917
2025-08-01,SENGKANG,4 ROOM,213A,COMPASSVALE LANE,10 TO 12,95,Premium Apartment,2012,86 years 02 months,665000,10,44,687253.5063052534
2025-08-01,SENGKANG,4 ROOM,210B,COMPASSVALE LANE,13 TO 15,97,Model A,2013,86 years 06 months,700000,13,44,669082.1976680611
2025-08-01,SENGKANG,4 ROOM,211D,COMPASSVALE LANE,13 TO 15,97,Model A,2013,86 years 06 months,690000,13,44,669082.1976680611
2025-08-01,SENGKANG,4 ROOM,208B,COMPASSVALE LANE,10 TO 12,92,Model A,2011,85 years 03 months,659000,10,44,678328.9530302437
2025-09-01,SENGKANG,4 ROOM,209C,COMPASSVALE LANE,07 TO 09,92,Model A,2011,85 years 03 months,648000,7,44,661597.3042804917
2025-09-01,SENGKANG,4 ROOM,211B,COMPASSVALE LANE,13 TO 15,95,Model A,2013,86 years 06 months,670000,13,44,664703.3127872886
2025-09-01,SENGKANG,4 ROOM,208B,COMPASSVALE LANE,01 TO 03,92,Model A,2011,85 years 02 months,635000,1,44,630764.7994649754
2025-09-01,SENGKANG,4 ROOM,211D,COMPASSVALE LANE,04 TO 06,93,Model A,2013,86 years 05 months,660000,4,44,645508.6063763823
2025-09-01,SENGKANG,4 ROOM,211D,COMPASSVALE LANE,16 TO 18,95,Model A,2013,86 years 06 months,680888,16,44,663337.585371184
2025-09-01,SENGKANG,4 ROOM,207A,COMPASSVALE LANE,10 TO 12,92,Model A,2005,78 years 05 months,585000,10,44,678328.9530302437
2025-09-01,SENGKANG,4 ROOM,211C,COMPASSVALE LANE,13 TO 15,97,Model A,2013,86 years 05 months,700000,13,44,669082.1976680611
2025-07-01,SENGKANG,4 ROOM,275B,COMPASSVALE LINK,13 TO 15,90,Premium Apartment,2009,83 years,849000,13,44,727780.1863796007
2025-07-01,SENGKANG,4 ROOM,275A,COMPASSVALE LINK,13 TO 15,90,Premium Apartment,2009,83 years,858888,13,44,727780.1863796007
2025-07-01,SENGKANG,4 ROOM,275A,COMPASSVALE LINK,10 TO 12,90,Premium Apartment,2009,82 years 11 months,842000,10,44,735702.9177554356
2025-07-01,SENGKANG,4 ROOM,273A,COMPASSVALE LINK,13 TO 15,90,Premium Apartment,2009,83 years 01 month,852000,13,44,727780.1863796007
2025-08-01,SENGKANG,4 ROOM,275D,COMPASSVALE LINK,01 TO 03,90,Premium Apartment,2009,82 years 11 months,800000,1,44,631644.0614579727
2025-08-01,SENGKANG,4 ROOM,277A,COMPASSVALE LINK,13 TO 15,90,Premium Apartment,2009,82 years 10 months,850000,13,44,727780.1863796007
2025-08-01,SENGKANG,4 ROOM,277A,COMPASSVALE LINK,13 TO 15,92,Premium Apartment,2009,82 years 10 months,877000,13,44,738163.7125560114
2025-08-01,SENGKANG,4 ROOM,269A,COMPASSVALE LINK,04 TO 06,91,Premium Apartment,2006,79 years 06 months,688000,4,44,635541.4590257655
2025-08-01,SENGKANG,4 ROOM,275A,COMPASSVALE LINK,04 TO 06,92,Premium Apartment,2009,82 years 10 months,830000,4,44,693604.1729259505
2025-08-01,SENGKANG,4 ROOM,269B,COMPASSVALE LINK,01 TO 03,90,Premium Apartment,2006,79 years 06 months,648888,1,44,631644.0614579727
2025-09-01,SENGKANG,4 ROOM,267B,COMPASSVALE LINK,10 TO 12,90,Premium Apartment,2006,79 years 06 months,660000,10,44,735702.9177554356
2025-09-01,SENGKANG,4 ROOM,268C,COMPASSVALE LINK,07 TO 09,91,Premium Apartment,2006,79 years 06 months,663888,7,44,653524.7297217764
2025-09-01,SENGKANG,4 ROOM,265B,COMPASSVALE LINK,10 TO 12,92,Premium Apartment,2008,81 years 09 months,750000,10,44,728688.5706489349
2025-09-01,SENGKANG,4 ROOM,277B,COMPASSVALE LINK,07 TO 09,90,Premium Apartment,2009,82 years 09 months,842000,7,44,693833.5474586056
2025-09-01,SENGKANG,4 ROOM,277B,COMPASSVALE LINK,07 TO 09,90,Premium Apartment,2009,82 years 09 months,845000,7,44,693833.5474586056
2025-07-01,SENGKANG,4 ROOM,257A,COMPASSVALE RD,07 TO 09,90,Model A,2000,74 years 06 months,623500,7,44,590576.1106415597
2025-07-01,SENGKANG,4 ROOM,249,COMPASSVALE RD,10 TO 12,90,Model A2,2000,73 years 10 months,636000,10,44,613774.9841531271
2025-07-01,SENGKANG,4 ROOM,257B,COMPASSVALE RD,10 TO 12,85,Model A2,2001,74 years 08 months,655888,10,44,603221.7135261704
2025-07-01,SENGKANG,4 ROOM,257A,COMPASSVALE RD,13 TO 15,90,Model A,2000,74 years 05 months,637000,13,44,605507.382991837
2025-08-01,SENGKANG,4 ROOM,257B,COMPASSVALE RD,07 TO 09,85,Model A2,2001,74 years 07 months,650000,7,44,592830.1068503808
2025-08-01,SENGKANG,4 ROOM,203C,COMPASSVALE RD,07 TO 09,90,Model A,2001,74 years 05 months,618888,7,44,590576.1106415597
2025-08-01,SENGKANG,4 ROOM,203A,COMPASSVALE RD,13 TO 15,90,Model A,2000,74 years 04 months,605000,13,44,605507.382991837
2025-09-01,SENGKANG,4 ROOM,203E,COMPASSVALE RD,07 TO 09,90,Model A,2000,74 years 04 months,620000,7,44,590576.1106415597
2025-09-01,SENGKANG,4 ROOM,259B,COMPASSVALE RD,13 TO 15,85,Model A2,2001,74 years 04 months,646000,13,44,606932.1969848612
2025-09-01,SENGKANG,4 ROOM,203A,COMPASSVALE RD,10 TO 12,90,Model A,2000,74 years 03 months,615000,10,44,603074.4793439304
2025-07-01,SENGKANG,4 ROOM,298D,COMPASSVALE ST,10 TO 12,94,Premium Apartment,2001,75 years 01 month,585000,10,44,676708.4102700682
2025-08-01,SENGKANG,4 ROOM,262A,COMPASSVALE ST,10 TO 12,90,Model A,2001,74 years 09 months,648888,10,44,603074.4793439304
2025-08-01,SENGKANG,4 ROOM,298D,COMPASSVALE ST,04 TO 06,94,Premium Apartment,2001,75 years,600000,4,44,647225.085907358
2025-08-01,SENGKANG,4 ROOM,297B,COMPASSVALE ST,10 TO 12,94,Premium Apartment,2001,75 years,595000,10,44,676708.4102700682
2025-09-01,SENGKANG,4 ROOM,298B,COMPASSVALE ST,07 TO 09,94,Premium Apartment,2001,74 years 11 months,583000,7,44,671011.7790287042
2025-09-01,SENGKANG,4 ROOM,299B,COMPASSVALE ST,10 TO 12,94,Premium Apartment,2001,75 years,570000,10,44,676708.4102700682
2025-07-01,SENGKANG,4 ROOM,224A,COMPASSVALE WALK,07 TO 09,102,Model A,1999,72 years 08 months,620000,7,44,617058.6589322857
2025-07-01,SENGKANG,4 ROOM,236,COMPASSVALE WALK,13 TO 15,100,Model A,1999,73 years,628000,13,44,629598.0533848283
2025-08-01,SENGKANG,4 ROOM,223D,COMPASSVALE WALK,07 TO 09,102,Model A,1999,72 years 09 months,615000,7,44,617058.6589322857
2025-08-01,SENGKANG,4 ROOM,231,COMPASSVALE WALK,04 TO 06,101,Model A,1999,73 years 01 month,600000,4,44,610651.3534475832
2025-09-01,SENGKANG,4 ROOM,223D,COMPASSVALE WALK,04 TO 06,102,Model A,1999,72 years 09 months,610000,4,44,605265.5354761585
2025-07-01,SENGKANG,4 ROOM,405B,FERNVALE LANE,01 TO 03,93,Premium Apartment,2004,77 years 08 months,540000,1,44,630612.082412135
2025-08-01,SENGKANG,4 ROOM,403C,FERNVALE LANE,10 TO 12,93,Premium Apartment,2004,77 years 10 months,606888,10,44,713474.4350083526
2025-08-01,SENGKANG,4 ROOM,404B,FERNVALE LANE,16 TO 18,92,Premium Apartment,2004,77 years 09 months,608000,16,44,708449.036619552
2025-08-01,SENGKANG,4 ROOM,403A,FERNVALE LANE,07 TO 09,93,Premium Apartment,2004,77 years 08 months,590000,7,44,703129.2992278463
2025-09-01,SENGKANG,4 ROOM,404B,FERNVALE LANE,13 TO 15,92,Premium Apartment,2004,77 years 09 months,581888,13,44,738163.7125560114
2025-09-01,SENGKANG,4 ROOM,403A,FERNVALE LANE,19 TO 21,94,Premium Apartment,2004,77 years 07 months,600000,19,44,671371.1587188012
2025-07-01,SENGKANG,4 ROOM,470C,FERNVALE LINK,19 TO 21,93,Model A,2016,90 years 03 months,685888,19,44,681966.1945750784
2025-07-01,SENGKANG,4 ROOM,470C,FERNVALE LINK,07 TO 09,93,Model A,2016,90 years 02 months,628888,7,44,659154.4885038995
2025-07-01,SENGKANG,4 ROOM,440A,FERNVALE LINK,13 TO 15,92,Model A,2015,89 years,645000,13,44,681094.2350200331
2025-08-01,SENGKANG,4 ROOM,417A,FERNVALE LINK,16 TO 18,94,Model A,2018,91 years 11 months,728888,16,44,682326.819784342
2025-08-01,SENGKANG,4 ROOM,430A,FERNVALE LINK,13 TO 15,92,Model A,2015,88 years 09 months,648888,13,44,681094.2350200331
2025-08-01,SENGKANG,4 ROOM,430B,FERNVALE LINK,04 TO 06,92,Model A,2015,88 years 09 months,620000,4,44,655817.3577428062
2025-09-01,SENGKANG,4 ROOM,470A,FERNVALE LINK,16 TO 18,93,Model A,2016,90 years 01 month,670000,16,44,682849.7744536414
2025-09-01,SENGKANG,4 ROOM,467B,FERNVALE LINK,19 TO 21,93,Model A,2016,90 years,655000,19,44,681966.1945750784
2025-09-01,SENGKANG,4 ROOM,467B,FERNVALE LINK,22 TO 24,93,Model A,2016,90 years,665000,22,44,682801.0399214765
2025-09-01,SENGKANG,4 ROOM,412B,FERNVALE LINK,07 TO 09,95,Premium Apartment,2004,77 years 08 months,609000,7,44,682719.0937788042
2025-09-01,SENGKANG,4 ROOM,467B,FERNVALE LINK,13 TO 15,93,Model A,2016,89 years 11 months,609000,13,44,676214.1326724371
2025-09-01,SENGKANG,4 ROOM,418B,FERNVALE LINK,19 TO 21,94,Model A,2018,91 years 10 months,728000,19,44,682018.8866080382
2025-09-01,SENGKANG,4 ROOM,416A,FERNVALE LINK,07 TO 09,93,Model A,2016,89 years 04 months,666000,7,44,659154.4885038995
2025-07-01,SENGKANG,4 ROOM,408B,FERNVALE RD,01 TO 03,95,Premium Apartment,2004,78 years 03 months,580000,1,44,606360.185748615
2025-07-01,SENGKANG,4 ROOM,410C,FERNVALE RD,19 TO 21,96,Premium Apartment,2012,86 years 05 months,700000,19,44,678709.7713006856
2025-07-01,SENGKANG,4 ROOM,441D,FERNVALE RD,07 TO 09,93,Model A,2012,85 years 07 months,660888,7,44,659154.4885038995
2025-07-01,SENGKANG,4 ROOM,453B,FERNVALE RD,19 TO 21,92,Model A,2015,89 years,685000,19,44,679513.366935279
2025-07-01,SENGKANG,4 ROOM,410C,FERNVALE RD,13 TO 15,95,Premium Apartment,2012,86 years 04 months,660000,13,44,690428.2627251856
2025-07-01,SENGKANG,4 ROOM,408C,FERNVALE RD,13 TO 15,95,Premium Apartment,2005,78 years 07 months,640000,13,44,690428.2627251856
2025-07-01,SENGKANG,4 ROOM,443B,FERNVALE RD,25 TO 27,95,Model A,2012,86 years 04 months,708000,25,44,686599.7261906032
2025-08-01,SENGKANG,4 ROOM,453D,FERNVALE RD,01 TO 03,92,Model A,2015,89 years,590000,1,44,630764.7994649754
2025-08-01,SENGKANG,4 ROOM,441D,FERNVALE RD,07 TO 09,92,Model A,2012,85 years 06 months,668000,7,44,661597.3042804917
2025-08-01,SENGKANG,4 ROOM,443A,FERNVALE RD,13 TO 15,94,Model A,2012,86 years 03 months,688000,13,44,677325.7950024134
2025-08-01,SENGKANG,4 ROOM,411B,FERNVALE RD,07 TO 09,95,Premium Apartment,2012,86 years 03 months,648000,7,44,682719.0937788042
2025-08-01,SENGKANG,4 ROOM,411A,FERNVALE RD,13 TO 15,95,Premium Apartment,2012,86 years 03 months,675000,13,44,690428.2627251856
2025-08-01,SENGKANG,4 ROOM,411B,FERNVALE RD,19 TO 21,96,Premium Apartment,2012,86 years 03 months,658000,19,44,678709.7713006856
2025-09-01,SENGKANG,4 ROOM,410C,FERNVALE RD,04 TO 06,95,Premium Apartment,2012,86 years 03 months,624500,4,44,653803.8776840155
2025-09-01,SENGKANG,4 ROOM,408A,FERNVALE RD,19 TO 21,95,Premium Apartment,2004,78 years 04 months,645000,19,44,673249.0105376272
2025-09-01,SENGKANG,4 ROOM,441D,FERNVALE RD,16 TO 18,93,Model A,2012,85 years 06 months,679888,16,44,682849.7744536414
2025-09-01,SENGKANG,4 ROOM,441D,FERNVALE RD,07 TO 09,92,Model A,2012,85 years 06 months,670000,7,44,661597.3042804917
2025-09-01,SENGKANG,4 ROOM,434B,FERNVALE RD,13 TO 15,94,Premium Apartment,2013,86 years 09 months,600000,13,44,683845.0994976589
2025-09-01,SENGKANG,4 ROOM,434B,FERNVALE RD,22 TO 24,94,Premium Apartment,2013,86 years 09 months,648000,22,44,681958.522608847
2025-09-01,SENGKANG,4 ROOM,436B,FERNVALE RD,01 TO 03,96,Model A,2010,83 years 06 months,575000,1,44,632784.5498336297
2025-07-01,SENGKANG,4 ROOM,471B,FERNVALE ST,13 TO 15,93,Model A,2016,90 years 02 months,665000,13,44,676214.1326724371
2025-08-01,SENGKANG,4 ROOM,471B,FERNVALE ST,19 TO 21,93,Model A,2016,90 years 02 months,645000,19,44,681966.1945750784
2025-08-01,SENGKANG,4 ROOM,471B,FERNVALE ST,19 TO 21,93,Model A,2016,90 years 01 month,688888,19,44,681966.1945750784
2025-09-01,SENGKANG,4 ROOM,471B,FERNVALE ST,07 TO 09,93,Model A,2016,90 years,638888,7,44,659154.4885038995
2025-09-01,SENGKANG,4 ROOM,472C,FERNVALE ST,01 TO 03,93,Model A,2016,90 years 01 month,610000,1,44,628023.719243279
2025-09-01,SENGKANG,4 ROOM,471A,FERNVALE ST,22 TO 24,93,Model A,2016,90 years,673888,22,44,682801.0399214765
2025-07-01,SENGKANG,4 ROOM,446C,JLN KAYU,16 TO 18,93,Model A,2013,87 years 05 months,692500,16,44,682849.7744536414
2025-07-01,SENGKANG,4 ROOM,446C,JLN KAYU,16 TO 18,93,Model A,2013,87 years 04 months,676000,16,44,682849.7744536414
2025-08-01,SENGKANG,4 ROOM,446C,JLN KAYU,19 TO 21,93,Model A,2013,87 years 04 months,675000,19,44,681966.1945750784
2025-09-01,SENGKANG,4 ROOM,446C,JLN KAYU,07 TO 09,93,Model A,2013,87 years 02 months,650000,7,44,659154.4885038995
2025-07-01,SENGKANG,4 ROOM,185C,RIVERVALE CRES,01 TO 03,88,Model A2,2000,74 years 06 months,525000,1,44,550894.1182729673
2025-07-01,SENGKANG,4 ROOM,158A,RIVERVALE CRES,07 TO 09,91,Premium Apartment,2003,77 years 05 months,560000,7,44,653524.7297217764
2025-07-01,SENGKANG,4 ROOM,156,RIVERVALE CRES,01 TO 03,90,Model A,2005,79 years 06 months,570000,1,44,565551.9024784878
2025-07-01,SENGKANG,4 ROOM,162A,RIVERVALE CRES,13 TO 15,93,Model A,2017,90 years 11 months,650000,13,44,676214.1326724371
2025-07-01,SENGKANG,4 ROOM,183C,RIVERVALE CRES,13 TO 15,90,Model A,2003,76 years 11 months,580000,13,44,605507.382991837
2025-07-01,SENGKANG,4 ROOM,162C,RIVERVALE CRES,13 TO 15,93,Model A,2017,90 years 11 months,618000,13,44,676214.1326724371
2025-07-01,SENGKANG,4 ROOM,156,RIVERVALE CRES,16 TO 18,90,Model A,2005,79 years 06 months,585000,16,44,616722.3636563228
2025-07-01,SENGKANG,4 ROOM,149,RIVERVALE CRES,16 TO 18,100,Model A,1999,73 years 02 months,635000,16,44,643972.2685472674
2025-07-01,SENGKANG,4 ROOM,178B,RIVERVALE CRES,16 TO 18,93,Model A,2015,88 years 08 months,630000,16,44,682849.7744536414
2025-08-01,SENGKANG,4 ROOM,159A,RIVERVALE CRES,04 TO 06,91,Premium Apartment,2003,77 years 03 months,570000,4,44,635541.4590257655
2025-08-01,SENGKANG,4 ROOM,153,RIVERVALE CRES,04 TO 06,90,Model A,2005,79 years 05 months,554000,4,44,586707.5092324066
2025-08-01,SENGKANG,4 ROOM,158B,RIVERVALE CRES,10 TO 12,91,Premium Apartment,2003,77 years 04 months,568000,10,44,683680.5847136189
2025-08-01,SENGKANG,4 ROOM,159A,RIVERVALE CRES,07 TO 09,96,Premium Apartment,2003,77 years 03 months,588888,7,44,684629.6155189914
2025-08-01,SENGKANG,4 ROOM,185B,RIVERVALE CRES,07 TO 09,88,Model A2,2000,74 years 04 months,550000,7,44,592360.4607908617
2025-08-01,SENGKANG,4 ROOM,178A,RIVERVALE CRES,07 TO 09,93,Model A,2015,88 years 07 months,645000,7,44,659154.4885038995
2025-08-01,SENGKANG,4 ROOM,163C,RIVERVALE CRES,07 TO 09,93,Model A,2017,90 years 09 months,622000,7,44,659154.4885038995
2025-09-01,SENGKANG,4 ROOM,164A,RIVERVALE CRES,13 TO 15,93,Model A,2017,90 years 09 months,668000,13,44,676214.1326724371
2025-09-01,SENGKANG,4 ROOM,156,RIVERVALE CRES,16 TO 18,90,Model A,2005,79 years 04 months,595000,16,44,616722.3636563228
2025-09-01,SENGKANG,4 ROOM,163B,RIVERVALE CRES,07 TO 09,93,Model A,2017,90 years 08 months,660000,7,44,659154.4885038995
2025-09-01,SENGKANG,4 ROOM,155,RIVERVALE CRES,01 TO 03,91,Model A,2005,79 years 03 months,550000,1,44,563328.9441706964
2025-09-01,SENGKANG,4 ROOM,158D,RIVERVALE CRES,01 TO 03,90,Premium Apartment,2003,77 years,520000,1,44,631644.0614579727
2025-07-01,SENGKANG,4 ROOM,188B,RIVERVALE DR,04 TO 06,96,Model A,2000,74 years 02 months,565000,4,44,644254.8928462105
2025-07-01,SENGKANG,4 ROOM,124A,RIVERVALE DR,10 TO 12,101,Model A,1999,73 years 01 month,600888,10,44,624528.756983655
2025-07-01,SENGKANG,4 ROOM,187A,RIVERVALE DR,01 TO 03,91,Model A,2000,74 years 06 months,540000,1,44,563328.9441706964
2025-07-01,SENGKANG,4 ROOM,187B,RIVERVALE DR,04 TO 06,91,Model A,2000,74 years 05 months,572000,4,44,585518.7323140778
2025-07-01,SENGKANG,4 ROOM,123,RIVERVALE DR,07 TO 09,101,Model A,1999,73 years 03 months,588000,7,44,619022.9603528369
2025-07-01,SENGKANG,4 ROOM,194,RIVERVALE DR,04 TO 06,91,Model A,2001,74 years 10 months,585000,4,44,585518.7323140778
2025-07-01,SENGKANG,4 ROOM,119A,RIVERVALE DR,13 TO 15,101,Premium Apartment,2001,74 years 08 months,650000,13,44,654704.2517356492
2025-08-01,SENGKANG,4 ROOM,121,RIVERVALE DR,01 TO 03,90,Model A,2000,74 years,542000,1,44,565551.9024784878
2025-08-01,SENGKANG,4 ROOM,124C,RIVERVALE DR,07 TO 09,90,Model A2,1999,72 years 11 months,570000,7,44,598776.0030839747
2025-08-01,SENGKANG,4 ROOM,193,RIVERVALE DR,07 TO 09,91,Model A,2001,74 years 08 months,579888,7,44,586502.6406310778
2025-08-01,SENGKANG,4 ROOM,186C,RIVERVALE DR,01 TO 03,91,Model A,2001,74 years 05 months,555000,1,44,563328.9441706964
2025-09-01,SENGKANG,4 ROOM,116A,RIVERVALE DR,04 TO 06,95,Model A,2000,73 years 11 months,570000,4,44,641573.1633251952
2025-09-01,SENGKANG,4 ROOM,195,RIVERVALE DR,07 TO 09,92,Model A,2001,74 years 10 months,560000,7,44,661597.3042804917
2025-07-01,SENGKANG,4 ROOM,127,RIVERVALE ST,01 TO 03,100,Model A,1999,73 years 01 month,565000,1,44,585592.2040739616
2025-09-01,SENGKANG,4 ROOM,131,RIVERVALE ST,01 TO 03,89,Model A2,1999,72 years 09 months,535000,1,44,556978.2005028786
2025-09-01,SENGKANG,4 ROOM,141,RIVERVALE ST,10 TO 12,100,Model A,1999,72 years 07 months,615000,10,44,626716.4470055458
2025-07-01,SENGKANG,4 ROOM,104,RIVERVALE WALK,10 TO 12,102,Model A,1999,72 years 08 months,625000,10,44,623808.8046285908
2025-08-01,SENGKANG,4 ROOM,113,RIVERVALE WALK,07 TO 09,100,Model A,1998,72 years 05 months,610000,7,44,616588.8724291723
2025-08-01,SENGKANG,4 ROOM,112,RIVERVALE WALK,10 TO 12,100,Model A,1998,72 years 03 months,602888,10,44,626716.4470055458
2025-09-01,SENGKANG,4 ROOM,106,RIVERVALE WALK,04 TO 06,101,Model A,1999,72 years 06 months,570000,4,44,610651.3534475832
2025-09-01,SENGKANG,4 ROOM,113,RIVERVALE WALK,04 TO 06,101,Model A,1998,72 years 03 months,570000,4,44,610651.3534475832
2025-09-01,SENGKANG,4 ROOM,106,RIVERVALE WALK,10 TO 12,100,Model A,1999,72 years 05 months,620000,10,44,626716.4470055458
2025-09-01,SENGKANG,4 ROOM,108,RIVERVALE WALK,07 TO 09,100,Model A,1999,72 years 05 months,606000,7,44,616588.8724291723
2025-07-01,SENGKANG,4 ROOM,272B,SENGKANG CTRL,13 TO 15,90,Premium Apartment,2009,83 years 06 months,780000,13,44,727780.1863796007
2025-08-01,SENGKANG,4 ROOM,272C,SENGKANG CTRL,10 TO 12,90,Premium Apartment,2009,83 years 04 months,830000,10,44,735702.9177554356
2025-08-01,SENGKANG,4 ROOM,272C,SENGKANG CTRL,07 TO 09,90,Premium Apartment,2009,83 years 04 months,868000,7,44,693833.5474586056
2025-08-01,SENGKANG,4 ROOM,271C,SENGKANG CTRL,10 TO 12,93,Premium Apartment,2010,83 years 09 months,832888,10,44,713474.4350083526
2025-09-01,SENGKANG,4 ROOM,272D,SENGKANG CTRL,07 TO 09,90,Premium Apartment,2009,83 years 04 months,835000,7,44,693833.5474586056
2025-07-01,SENGKANG,4 ROOM,279B,SENGKANG EAST AVE,13 TO 15,92,Premium Apartment,2015,89 years 02 months,850888,13,44,738163.7125560114
2025-07-01,SENGKANG,4 ROOM,281A,SENGKANG EAST AVE,07 TO 09,92,Premium Apartment,2015,89 years 03 months,773000,7,44,721013.0434157802
2025-07-01,SENGKANG,4 ROOM,281B,SENGKANG EAST AVE,04 TO 06,92,Premium Apartment,2015,89 years 01 month,814000,4,44,693604.1729259505
2025-07-01,SENGKANG,4 ROOM,281B,SENGKANG EAST AVE,01 TO 03,92,Premium Apartment,2015,89 years 01 month,785000,1,44,645803.3753635144
2025-08-01,SENGKANG,4 ROOM,282B,SENGKANG EAST AVE,04 TO 06,92,Premium Apartment,2015,89 years 01 month,838000,4,44,693604.1729259505
2025-08-01,SENGKANG,4 ROOM,282A,SENGKANG EAST AVE,04 TO 06,92,Premium Apartment,2015,89 years 01 month,823000,4,44,693604.1729259505
2025-08-01,SENGKANG,4 ROOM,282B,SENGKANG EAST AVE,04 TO 06,92,Premium Apartment,2015,89 years 01 month,820888,4,44,693604.1729259505
2025-08-01,SENGKANG,4 ROOM,282A,SENGKANG EAST AVE,04 TO 06,92,Premium Apartment,2015,89 years 01 month,840000,4,44,693604.1729259505
2025-08-01,SENGKANG,4 ROOM,280A,SENGKANG EAST AVE,04 TO 06,92,Premium Apartment,2015,89 years,825000,4,44,693604.1729259505
2025-09-01,SENGKANG,4 ROOM,282C,SENGKANG EAST AVE,01 TO 03,92,Premium Apartment,2015,88 years 11 months,760000,1,44,645803.3753635144
2025-09-01,SENGKANG,4 ROOM,281B,SENGKANG EAST AVE,01 TO 03,92,Premium Apartment,2015,88 years 11 months,800000,1,44,645803.3753635144
2025-09-01,SENGKANG,4 ROOM,281B,SENGKANG EAST AVE,10 TO 12,92,Premium Apartment,2015,88 years 11 months,845000,10,44,728688.5706489349
2025-09-01,SENGKANG,4 ROOM,200A,SENGKANG EAST RD,01 TO 03,90,Model A,2001,74 years 11 months,552000,1,44,565551.9024784878
2025-09-01,SENGKANG,4 ROOM,200B,SENGKANG EAST RD,13 TO 15,90,Model A,2001,74 years 08 months,630000,13,44,605507.382991837
2025-07-01,SENGKANG,4 ROOM,455A,SENGKANG WEST AVE,01 TO 03,93,Model A,2020,94 years 03 months,615000,1,44,628023.719243279
2025-07-01,SENGKANG,4 ROOM,438A,SENGKANG WEST AVE,01 TO 03,94,Model A,2011,84 years 07 months,613000,1,44,632652.2515153949
2025-07-01,SENGKANG,4 ROOM,439A,SENGKANG WEST AVE,13 TO 15,94,Model A,2011,84 years 07 months,680000,13,44,677325.7950024134
2025-08-01,SENGKANG,4 ROOM,455B,SENGKANG WEST AVE,07 TO 09,93,Model A,2020,94 years 01 month,645000,7,44,659154.4885038995
2025-08-01,SENGKANG,4 ROOM,455A,SENGKANG WEST AVE,10 TO 12,93,Model A,2020,94 years 01 month,657500,10,44,671646.887784709
2025-07-01,SENGKANG,4 ROOM,457A,SENGKANG WEST RD,01 TO 03,93,Model A,2020,94 years 02 months,620000,1,44,628023.719243279
2025-07-01,SENGKANG,4 ROOM,458B,SENGKANG WEST RD,07 TO 09,93,Model A,2020,94 years 03 months,679088,7,44,659154.4885038995
2025-08-01,SENGKANG,4 ROOM,457A,SENGKANG WEST RD,01 TO 03,93,Model A,2020,94 years 01 month,590000,1,44,628023.719243279
2025-08-01,SENGKANG,4 ROOM,456A,SENGKANG WEST RD,01 TO 03,93,Model A,2020,94 years 01 month,630000,1,44,628023.719243279
2025-07-01,SENGKANG,4 ROOM,433A,SENGKANG WEST WAY,25 TO 27,93,Model A,2014,88 years 03 months,695000,25,44,691532.3999007529
2025-07-01,SENGKANG,4 ROOM,432B,SENGKANG WEST WAY,04 TO 06,93,Model A,2014,88 years 03 months,618000,4,44,645508.6063763823
2025-07-01,SENGKANG,4 ROOM,432A,SENGKANG WEST WAY,01 TO 03,93,Model A,2014,88 years 03 months,585000,1,44,628023.719243279
2025-08-01,SENGKANG,4 ROOM,452B,SENGKANG WEST WAY,19 TO 21,92,Model A,2015,88 years 10 months,672000,19,44,679513.366935279
2025-08-01,SENGKANG,4 ROOM,451A,SENGKANG WEST WAY,19 TO 21,92,Model A,2015,88 years 10 months,658000,19,44,679513.366935279
2025-08-01,SENGKANG,4 ROOM,452A,SENGKANG WEST WAY,13 TO 15,92,Model A,2015,88 years 10 months,666888,13,44,681094.2350200331
2025-08-01,SENGKANG,4 ROOM,448A,SENGKANG WEST WAY,22 TO 24,92,Model A,2014,88 years,700000,22,44,675705.5582920756
2025-08-01,SENGKANG,4 ROOM,451B,SENGKANG WEST WAY,10 TO 12,92,Model A,2015,88 years 11 months,635000,10,44,678328.9530302437
2025-08-01,SENGKANG,4 ROOM,452A,SENGKANG WEST WAY,22 TO 24,92,Model A,2015,88 years 10 months,678000,22,44,675705.5582920756
2025-08-01,SENGKANG,4 ROOM,469C,SENGKANG WEST WAY,16 TO 18,93,Model A,2016,90 years,628000,16,44,682849.7744536414
2025-08-01,SENGKANG,4 ROOM,433B,SENGKANG WEST WAY,13 TO 15,93,Model A,2014,88 years 02 months,682000,13,44,676214.1326724371
2025-08-01,SENGKANG,4 ROOM,469C,SENGKANG WEST WAY,07 TO 09,93,Model A,2016,90 years,627000,7,44,659154.4885038995
2025-09-01,SENGKANG,4 ROOM,448A,SENGKANG WEST WAY,10 TO 12,92,Model A,2014,87 years 11 months,668888,10,44,678328.9530302437
2025-09-01,SENGKANG,4 ROOM,452A,SENGKANG WEST WAY,07 TO 09,92,Model A,2015,88 years 09 months,630000,7,44,661597.3042804917
2025-09-01,SENGKANG,4 ROOM,469C,SENGKANG WEST WAY,16 TO 18,93,Model A,2016,89 years 11 months,630000,16,44,682849.7744536414
2025-07-01,SENGKANG,5 ROOM,335A,ANCHORVALE CRES,16 TO 18,111,Premium Apartment,2015,89 years 06 months,905000,16,44,677426.1232689137
2025-07-01,SENGKANG,5 ROOM,338D,ANCHORVALE CRES,04 TO 06,113,Improved,2018,91 years 10 months,838000,4,44,786366.2948279313
2025-07-01,SENGKANG,5 ROOM,319A,ANCHORVALE DR,04 TO 06,110,Improved,2002,76 years 04 months,670000,4,44,667618.7151601625
2025-08-01,SENGKANG,5 ROOM,320B,ANCHORVALE DR,04 TO 06,110,Improved,2002,76 years 02 months,690000,4,44,667618.7151601625
2025-08-01,SENGKANG,5 ROOM,319B,ANCHORVALE DR,10 TO 12,110,Improved,2002,76 years 01 month,688000,10,44,696723.5357811488
2025-09-01,SENGKANG,5 ROOM,322C,ANCHORVALE DR,01 TO 03,110,Improved,2002,75 years 10 months,672800,1,44,629542.7222641587
2025-09-01,SENGKANG,5 ROOM,319B,ANCHORVALE DR,10 TO 12,110,Improved,2002,75 years 11 months,690000,10,44,696723.5357811488
2025-09-01,SENGKANG,5 ROOM,320B,ANCHORVALE DR,13 TO 15,110,Improved,2002,76 years 01 month,739000,13,44,680779.5153346715
2025-09-01,SENGKANG,5 ROOM,301C,ANCHORVALE DR,07 TO 09,110,Improved,2001,75 years 01 month,668000,7,44,682486.2098472043
2025-07-01,SENGKANG,5 ROOM,311D,ANCHORVALE LANE,04 TO 06,111,Premium Apartment,2002,76 years 06 months,647888,4,44,650950.8352701347
2025-07-01,SENGKANG,5 ROOM,356B,ANCHORVALE LANE,16 TO 18,113,Improved,2021,94 years 08 months,900000,16,44,798925.9224323292
2025-07-01,SENGKANG,5 ROOM,356B,ANCHORVALE LANE,01 TO 03,113,Improved,2021,94 years 07 months,742888,1,44,735645.3884069266
2025-07-01,SENGKANG,5 ROOM,356A,ANCHORVALE LANE,16 TO 18,113,Improved,2021,94 years 07 months,890000,16,44,798925.9224323292
2025-07-01,SENGKANG,5 ROOM,356B,ANCHORVALE LANE,13 TO 15,113,Improved,2021,94 years 07 months,880000,13,44,812966.478435134
2025-08-01,SENGKANG,5 ROOM,356B,ANCHORVALE LANE,13 TO 15,113,Improved,2021,94 years 06 months,888000,13,44,812966.478435134
2025-08-01,SENGKANG,5 ROOM,311C,ANCHORVALE LANE,04 TO 06,112,Premium Apartment,2002,76 years 03 months,630000,4,44,837958.3564912984
2025-09-01,SENGKANG,5 ROOM,356A,ANCHORVALE LANE,04 TO 06,113,Improved,2021,94 years 06 months,845000,4,44,786366.2948279313
2025-09-01,SENGKANG,5 ROOM,356B,ANCHORVALE LANE,01 TO 03,113,Improved,2021,94 years 05 months,788000,1,44,735645.3884069266
2025-09-01,SENGKANG,5 ROOM,356B,ANCHORVALE LANE,16 TO 18,113,Improved,2021,94 years 05 months,860000,16,44,798925.9224323292
2025-07-01,SENGKANG,5 ROOM,305A,ANCHORVALE LINK,07 TO 09,110,Improved,2002,75 years 08 months,635000,7,44,682486.2098472043
2025-07-01,SENGKANG,5 ROOM,314B,ANCHORVALE LINK,07 TO 09,110,Premium Apartment,2003,77 years 03 months,685000,7,44,676102.7234901906
2025-07-01,SENGKANG,5 ROOM,314B,ANCHORVALE LINK,04 TO 06,110,Premium Apartment,2003,77 years 02 months,650000,4,44,662183.3571578354
2025-07-01,SENGKANG,5 ROOM,333B,ANCHORVALE LINK,01 TO 03,112,Improved,2015,88 years 11 months,750000,1,44,745009.2602732772
2025-07-01,SENGKANG,5 ROOM,304B,ANCHORVALE LINK,07 TO 09,110,Improved,2001,75 years 05 months,668000,7,44,682486.2098472043
2025-07-01,SENGKANG,5 ROOM,305B,ANCHORVALE LINK,10 TO 12,110,Improved,2001,75 years 05 months,638000,10,44,696723.5357811488
2025-07-01,SENGKANG,5 ROOM,316A,ANCHORVALE LINK,16 TO 18,110,Premium Apartment,2003,76 years 11 months,682000,16,44,694455.703252292
2025-07-01,SENGKANG,5 ROOM,333C,ANCHORVALE LINK,04 TO 06,112,Improved,2015,88 years 11 months,793888,4,44,798883.11830133
2025-08-01,SENGKANG,5 ROOM,305A,ANCHORVALE LINK,10 TO 12,110,Improved,2002,75 years 07 months,655000,10,44,696723.5357811488
2025-08-01,SENGKANG,5 ROOM,304A,ANCHORVALE LINK,04 TO 06,110,Improved,2002,75 years 05 months,615000,4,44,667618.7151601625
2025-08-01,SENGKANG,5 ROOM,316A,ANCHORVALE LINK,16 TO 18,110,Premium Apartment,2003,76 years 10 months,650000,16,44,694455.703252292
2025-08-01,SENGKANG,5 ROOM,306A,ANCHORVALE LINK,07 TO 09,110,Improved,2002,75 years 08 months,608888,7,44,682486.2098472043
2025-09-01,SENGKANG,5 ROOM,333A,ANCHORVALE LINK,07 TO 09,112,Improved,2015,88 years 10 months,818888,7,44,797640.839100467
2025-09-01,SENGKANG,5 ROOM,314C,ANCHORVALE LINK,10 TO 12,110,Premium Apartment,2003,76 years 08 months,675000,10,44,686760.2788259503
2025-09-01,SENGKANG,5 ROOM,306C,ANCHORVALE LINK,07 TO 09,110,Improved,2002,75 years 04 months,636888,7,44,682486.2098472043
2025-09-01,SENGKANG,5 ROOM,304A,ANCHORVALE LINK,04 TO 06,110,Improved,2002,75 years 04 months,632000,4,44,667618.7151601625
2025-07-01,SENGKANG,5 ROOM,310A,ANCHORVALE RD,04 TO 06,111,Premium Apartment,2003,76 years 06 months,646000,4,44,650950.8352701347
2025-07-01,SENGKANG,5 ROOM,309A,ANCHORVALE RD,01 TO 03,111,Premium Apartment,2002,76 years 02 months,630000,1,44,632986.8809958998
2025-07-01,SENGKANG,5 ROOM,315C,ANCHORVALE RD,13 TO 15,110,Premium Apartment,2003,76 years 11 months,708000,13,44,681981.5538488171
2025-08-01,SENGKANG,5 ROOM,307A,ANCHORVALE RD,01 TO 03,110,Improved,2001,75 years 02 months,636000,1,44,629542.7222641587
2025-08-01,SENGKANG,5 ROOM,307C,ANCHORVALE RD,04 TO 06,110,Improved,2001,75 years 04 months,670000,4,44,667618.7151601625
2025-08-01,SENGKANG,5 ROOM,309D,ANCHORVALE RD,16 TO 18,111,Premium Apartment,2002,76 years 04 months,692888,16,44,677426.1232689137
2025-09-01,SENGKANG,5 ROOM,308A,ANCHORVALE RD,01 TO 03,110,Improved,2002,75 years 06 months,610000,1,44,629542.7222641587
2025-09-01,SENGKANG,5 ROOM,309A,ANCHORVALE RD,07 TO 09,111,Premium Apartment,2002,76 years 01 month,628000,7,44,691494.4200879665
2025-09-01,SENGKANG,5 ROOM,313B,ANCHORVALE RD,07 TO 09,110,Premium Apartment,2003,77 years,678000,7,44,676102.7234901906
2025-09-01,SENGKANG,5 ROOM,307A,ANCHORVALE RD,01 TO 03,110,Improved,2001,75 years 01 month,620000,1,44,629542.7222641587
2025-09-01,SENGKANG,5 ROOM,308B,ANCHORVALE RD,16 TO 18,110,Improved,2001,75 years 02 months,675000,16,44,681632.6275931487
2025-07-01,SENGKANG,5 ROOM,331A,ANCHORVALE ST,01 TO 03,113,Improved,2015,89 years 02 months,738000,1,44,735645.3884069266
2025-08-01,SENGKANG,5 ROOM,329B,ANCHORVALE ST,10 TO 12,112,Improved,2015,89 years 01 month,845000,10,44,815230.746151352
2025-08-01,SENGKANG,5 ROOM,329B,ANCHORVALE ST,07 TO 09,112,Improved,2015,89 years,867000,7,44,797640.839100467
2025-08-01,SENGKANG,5 ROOM,331B,ANCHORVALE ST,13 TO 15,112,Improved,2015,89 years,856888,13,44,824144.9871842982
2025-08-01,SENGKANG,5 ROOM,330B,ANCHORVALE ST,07 TO 09,112,Improved,2015,89 years,840000,7,44,797640.839100467
2025-09-01,SENGKANG,5 ROOM,278A,COMPASSVALE BOW,13 TO 15,113,Improved,2017,91 years 03 months,1010000,13,44,812966.478435134
2025-09-01,SENGKANG,5 ROOM,274A,COMPASSVALE BOW,13 TO 15,113,Improved,2017,91 years 03 months,988888,13,44,812966.478435134
2025-09-01,SENGKANG,5 ROOM,278B,COMPASSVALE BOW,07 TO 09,113,Improved,2017,91 years 03 months,928000,7,44,792845.9360446238
2025-09-01,SENGKANG,5 ROOM,274A,COMPASSVALE BOW,16 TO 18,113,Improved,2017,91 years 03 months,978000,16,44,798925.9224323292
2025-07-01,SENGKANG,5 ROOM,288A,COMPASSVALE CRES,13 TO 15,113,Premium Apartment,2017,91 years 05 months,815000,13,44,810911.3069704229
2025-07-01,SENGKANG,5 ROOM,295B,COMPASSVALE CRES,13 TO 15,110,Improved,2002,75 years 09 months,638000,13,44,680779.5153346715
2025-07-01,SENGKANG,5 ROOM,296B,COMPASSVALE CRES,13 TO 15,110,Improved,2002,75 years 07 months,675000,13,44,680779.5153346715
2025-07-01,SENGKANG,5 ROOM,293C,COMPASSVALE CRES,13 TO 15,113,Improved,2016,90 years 05 months,876000,13,44,812966.478435134
2025-07-01,SENGKANG,5 ROOM,287B,COMPASSVALE CRES,01 TO 03,113,Premium Apartment,2017,91 years 05 months,818000,1,44,736863.4095962804
2025-07-01,SENGKANG,5 ROOM,293B,COMPASSVALE CRES,07 TO 09,113,Improved,2016,90 years 04 months,835000,7,44,792845.9360446238
2025-07-01,SENGKANG,5 ROOM,286B,COMPASSVALE CRES,10 TO 12,113,Premium Apartment,2017,91 years 04 months,840000,10,44,820078.7656958813
2025-07-01,SENGKANG,5 ROOM,295A,COMPASSVALE CRES,10 TO 12,110,Improved,2002,75 years 07 months,615000,10,44,696723.5357811488
2025-08-01,SENGKANG,5 ROOM,287B,COMPASSVALE CRES,13 TO 15,113,Premium Apartment,2017,91 years 04 months,842000,13,44,810911.3069704229
2025-08-01,SENGKANG,5 ROOM,289B,COMPASSVALE CRES,04 TO 06,113,Premium Apartment,2017,91 years 03 months,800000,4,44,794990.4883961086
2025-09-01,SENGKANG,5 ROOM,288C,COMPASSVALE CRES,13 TO 15,113,Premium Apartment,2017,91 years 03 months,838000,13,44,810911.3069704229
2025-09-01,SENGKANG,5 ROOM,294A,COMPASSVALE CRES,13 TO 15,113,Improved,2016,90 years 03 months,883888,13,44,812966.478435134
2025-09-01,SENGKANG,5 ROOM,286B,COMPASSVALE CRES,10 TO 12,113,Premium Apartment,2017,91 years 02 months,836500,10,44,820078.7656958813
2025-07-01,SENGKANG,5 ROOM,201C,COMPASSVALE DR,04 TO 06,110,Improved,2001,75 years 01 month,700000,4,44,667618.7151601625
2025-07-01,SENGKANG,5 ROOM,204B,COMPASSVALE DR,04 TO 06,110,Improved,2001,74 years 07 months,670000,4,44,667618.7151601625
2025-07-01,SENGKANG,5 ROOM,215B,COMPASSVALE DR,10 TO 12,112,Premium Apartment,2017,90 years 11 months,1048800,10,44,872185.799184738
2025-08-01,SENGKANG,5 ROOM,217C,COMPASSVALE DR,10 TO 12,112,Premium Apartment,2017,90 years 10 months,1020000,10,44,872185.799184738
2025-08-01,SENGKANG,5 ROOM,217C,COMPASSVALE DR,10 TO 12,112,Premium Apartment,2017,90 years 10 months,988000,10,44,872185.799184738
2025-08-01,SENGKANG,5 ROOM,212B,COMPASSVALE DR,07 TO 09,115,Premium Apartment,2012,86 years 02 months,810000,7,44,698326.4516743621
2025-09-01,SENGKANG,5 ROOM,212B,COMPASSVALE DR,07 TO 09,115,Premium Apartment,2012,86 years 02 months,810000,7,44,698326.4516743621
2025-09-01,SENGKANG,5 ROOM,204C,COMPASSVALE DR,10 TO 12,110,Improved,2001,74 years 04 months,750000,10,44,696723.5357811488
2025-09-01,SENGKANG,5 ROOM,216B,COMPASSVALE DR,07 TO 09,112,Premium Apartment,2017,90 years 08 months,1000000,7,44,830883.2170540085
2025-09-01,SENGKANG,5 ROOM,205C,COMPASSVALE LANE,10 TO 12,122,Improved,1999,72 years 09 months,728888,10,44,714914.3665415162
2025-07-01,SENGKANG,5 ROOM,267B,COMPASSVALE LINK,16 TO 18,110,Premium Apartment,2006,79 years 08 months,808888,16,44,694455.703252292
2025-07-01,SENGKANG,5 ROOM,268C,COMPASSVALE LINK,16 TO 18,110,Premium Apartment,2006,79 years 08 months,810800,16,44,694455.703252292
2025-08-01,SENGKANG,5 ROOM,268B,COMPASSVALE LINK,07 TO 09,110,Premium Apartment,2006,79 years 07 months,781000,7,44,676102.7234901906
2025-07-01,SENGKANG,5 ROOM,258A,COMPASSVALE RD,04 TO 06,110,Improved,2001,74 years 08 months,690000,4,44,667618.7151601625
2025-08-01,SENGKANG,5 ROOM,259C,COMPASSVALE RD,10 TO 12,110,Improved,2000,74 years 05 months,675000,10,44,696723.5357811488
2025-08-01,SENGKANG,5 ROOM,258C,COMPASSVALE RD,10 TO 12,110,Improved,2001,74 years 06 months,732888,10,44,696723.5357811488
2025-09-01,SENGKANG,5 ROOM,258B,COMPASSVALE RD,10 TO 12,110,Improved,2001,74 years 04 months,725000,10,44,696723.5357811488
2025-07-01,SENGKANG,5 ROOM,298C,COMPASSVALE ST,07 TO 09,115,Premium Apartment,2001,75 years 02 months,680000,7,44,698326.4516743621
2025-07-01,SENGKANG,5 ROOM,299A,COMPASSVALE ST,10 TO 12,114,Premium Apartment,2001,75 years 02 months,670000,10,44,719612.9665886032
2025-07-01,SENGKANG,5 ROOM,291D,COMPASSVALE ST,01 TO 03,113,Improved,2001,75 years 03 months,630000,1,44,735645.3884069266
2025-07-01,SENGKANG,5 ROOM,299B,COMPASSVALE ST,01 TO 03,114,Premium Apartment,2001,75 years 02 months,640000,1,44,684797.6396087
2025-07-01,SENGKANG,5 ROOM,253,COMPASSVALE ST,07 TO 09,116,Improved,2000,74 years 03 months,620000,7,44,694897.5375717066
2025-07-01,SENGKANG,5 ROOM,297A,COMPASSVALE ST,13 TO 15,115,Premium Apartment,2001,75 years 01 month,718000,13,44,729037.3199177226
2025-07-01,SENGKANG,5 ROOM,297A,COMPASSVALE ST,13 TO 15,121,Premium Apartment,2001,75 years 01 month,720000,13,44,741144.2724403375
2025-07-01,SENGKANG,5 ROOM,292B,COMPASSVALE ST,07 TO 09,110,Improved,2002,75 years 07 months,660000,7,44,682486.2098472043
2025-07-01,SENGKANG,5 ROOM,298D,COMPASSVALE ST,10 TO 12,113,Premium Apartment,2001,75 years 01 month,715000,10,44,820078.7656958813
2025-08-01,SENGKANG,5 ROOM,291B,COMPASSVALE ST,13 TO 15,110,Improved,2002,75 years 06 months,600000,13,44,680779.5153346715
2025-08-01,SENGKANG,5 ROOM,299A,COMPASSVALE ST,07 TO 09,113,Premium Apartment,2001,75 years,650000,7,44,810155.5203264167
2025-09-01,SENGKANG,5 ROOM,262A,COMPASSVALE ST,13 TO 15,110,Improved,2001,74 years 07 months,738000,13,44,680779.5153346715
2025-09-01,SENGKANG,5 ROOM,262D,COMPASSVALE ST,07 TO 09,110,Improved,2001,74 years 04 months,761688,7,44,682486.2098472043
2025-07-01,SENGKANG,5 ROOM,232,COMPASSVALE WALK,07 TO 09,123,Improved,1999,73 years 01 month,690000,7,44,701637.1075634011
2025-08-01,SENGKANG,5 ROOM,236,COMPASSVALE WALK,13 TO 15,123,Improved,1999,72 years 11 months,708000,13,44,733557.3352826551
2025-09-01,SENGKANG,5 ROOM,237,COMPASSVALE WALK,10 TO 12,122,Improved,1999,73 years 02 months,738000,10,44,714914.3665415162
2025-09-01,SENGKANG,5 ROOM,233,COMPASSVALE WALK,04 TO 06,123,Improved,1999,72 years 11 months,690000,4,44,690537.4663903572
2025-07-01,SENGKANG,5 ROOM,404B,FERNVALE LANE,01 TO 03,114,Premium Apartment,2004,77 years 11 months,590000,1,44,684797.6396087
2025-07-01,SENGKANG,5 ROOM,403D,FERNVALE LANE,04 TO 06,114,Premium Apartment,2004,77 years 11 months,685000,4,44,696197.780063445
2025-07-01,SENGKANG,5 ROOM,404B,FERNVALE LANE,04 TO 06,114,Premium Apartment,2004,77 years 10 months,590000,4,44,696197.780063445
2025-08-01,SENGKANG,5 ROOM,404B,FERNVALE LANE,10 TO 12,112,Premium Apartment,2004,77 years 09 months,635000,10,44,872185.799184738
2025-08-01,SENGKANG,5 ROOM,404B,FERNVALE LANE,13 TO 15,114,Premium Apartment,2004,77 years 09 months,685000,13,44,733257.6331153205
2025-08-01,SENGKANG,5 ROOM,403A,FERNVALE LANE,19 TO 21,111,Premium Apartment,2004,77 years 08 months,672888,19,44,717615.1456816596
2025-09-01,SENGKANG,5 ROOM,404B,FERNVALE LANE,13 TO 15,114,Premium Apartment,2004,77 years 09 months,680000,13,44,733257.6331153205
2025-07-01,SENGKANG,5 ROOM,415B,FERNVALE LINK,10 TO 12,113,Improved,2016,89 years 07 months,800000,10,44,808841.0708931065
2025-07-01,SENGKANG,5 ROOM,416C,FERNVALE LINK,10 TO 12,112,Improved,2016,89 years 07 months,825000,10,44,815230.746151352
2025-07-01,SENGKANG,5 ROOM,440B,FERNVALE LINK,22 TO 24,113,Improved,2015,89 years,835800,22,44,809929.882151727
2025-08-01,SENGKANG,5 ROOM,415B,FERNVALE LINK,10 TO 12,113,Improved,2016,89 years 06 months,802888,10,44,808841.0708931065
2025-08-01,SENGKANG,5 ROOM,412B,FERNVALE LINK,13 TO 15,114,Premium Apartment,2004,77 years 09 months,715000,13,44,733257.6331153205
2025-08-01,SENGKANG,5 ROOM,416A,FERNVALE LINK,07 TO 09,113,Improved,2016,89 years 05 months,808000,7,44,792845.9360446238
2025-08-01,SENGKANG,5 ROOM,415B,FERNVALE LINK,19 TO 21,113,Improved,2016,89 years 05 months,830000,19,44,800580.6515766002
2025-09-01,SENGKANG,5 ROOM,415B,FERNVALE LINK,13 TO 15,113,Improved,2016,89 years 05 months,830000,13,44,812966.478435134
2025-09-01,SENGKANG,5 ROOM,415B,FERNVALE LINK,04 TO 06,113,Improved,2016,89 years 05 months,778000,4,44,786366.2948279313
2025-09-01,SENGKANG,5 ROOM,416A,FERNVALE LINK,16 TO 18,113,Improved,2016,89 years 04 months,808000,16,44,798925.9224323292
2025-09-01,SENGKANG,5 ROOM,412B,FERNVALE LINK,07 TO 09,114,Premium Apartment,2004,77 years 08 months,700000,7,44,697194.5451901843
2025-09-01,SENGKANG,5 ROOM,440B,FERNVALE LINK,16 TO 18,113,Improved,2015,88 years 10 months,808000,16,44,798925.9224323292
2025-09-01,SENGKANG,5 ROOM,416A,FERNVALE LINK,04 TO 06,113,Improved,2016,89 years 04 months,806000,4,44,786366.2948279313
2025-07-01,SENGKANG,5 ROOM,434B,FERNVALE RD,19 TO 21,113,Premium Apartment,2013,86 years 11 months,820000,19,44,795194.1261818929
2025-07-01,SENGKANG,5 ROOM,407A,FERNVALE RD,22 TO 24,110,Premium Apartment,2005,78 years 06 months,743000,22,44,724821.9570768067
2025-07-01,SENGKANG,5 ROOM,409B,FERNVALE RD,19 TO 21,115,Premium Apartment,2004,78 years 05 months,698888,19,44,716248.2444358412
2025-08-01,SENGKANG,5 ROOM,435A,FERNVALE RD,04 TO 06,113,Premium Apartment,2013,86 years 11 months,750000,4,44,794990.4883961086
2025-08-01,SENGKANG,5 ROOM,407A,FERNVALE RD,19 TO 21,110,Premium Apartment,2005,78 years 05 months,708000,19,44,708777.7022705646
2025-07-01,SENGKANG,5 ROOM,152,RIVERVALE CRES,04 TO 06,110,Improved,2005,79 years 06 months,642000,4,44,667618.7151601625
2025-07-01,SENGKANG,5 ROOM,184A,RIVERVALE CRES,13 TO 15,110,Improved,2003,76 years 11 months,650000,13,44,680779.5153346715
2025-07-01,SENGKANG,5 ROOM,157C,RIVERVALE CRES,13 TO 15,109,Premium Apartment,2003,77 years 03 months,660000,13,44,678630.7216197182
2025-07-01,SENGKANG,5 ROOM,151,RIVERVALE CRES,04 TO 06,110,Improved,2005,79 years 06 months,648888,4,44,667618.7151601625
2025-07-01,SENGKANG,5 ROOM,149,RIVERVALE CRES,13 TO 15,122,Improved,1999,73 years 02 months,718000,13,44,734746.7653937307
2025-07-01,SENGKANG,5 ROOM,185A,RIVERVALE CRES,01 TO 03,110,Improved,2000,74 years 05 months,605000,1,44,629542.7222641587
2025-07-01,SENGKANG,5 ROOM,183A,RIVERVALE CRES,04 TO 06,110,Improved,2003,76 years 10 months,648000,4,44,667618.7151601625
2025-08-01,SENGKANG,5 ROOM,157A,RIVERVALE CRES,04 TO 06,109,Premium Apartment,2003,77 years 03 months,625000,4,44,653370.9950727969
2025-08-01,SENGKANG,5 ROOM,158C,RIVERVALE CRES,13 TO 15,110,Premium Apartment,2003,77 years,625000,13,44,681981.5538488171
2025-08-01,SENGKANG,5 ROOM,164A,RIVERVALE CRES,13 TO 15,113,Improved,2017,90 years 09 months,750000,13,44,812966.478435134
2025-09-01,SENGKANG,5 ROOM,157B,RIVERVALE CRES,07 TO 09,111,Premium Apartment,2003,77 years 02 months,585000,7,44,691494.4200879665
2025-09-01,SENGKANG,5 ROOM,157A,RIVERVALE CRES,13 TO 15,111,Premium Apartment,2003,77 years 02 months,665000,13,44,688507.8233821838
2025-09-01,SENGKANG,5 ROOM,184B,RIVERVALE CRES,10 TO 12,110,Improved,2003,76 years 09 months,645000,10,44,696723.5357811488
2025-09-01,SENGKANG,5 ROOM,142,RIVERVALE CRES,07 TO 09,116,Improved,1999,73 years 02 months,643888,7,44,694897.5375717066
2025-07-01,SENGKANG,5 ROOM,144,RIVERVALE DR,10 TO 12,116,Improved,1999,73 years 06 months,657888,10,44,704984.1733712789
2025-07-01,SENGKANG,5 ROOM,192A,RIVERVALE DR,07 TO 09,115,Improved,2000,74 years 03 months,680000,7,44,694182.1186508932
2025-07-01,SENGKANG,5 ROOM,188C,RIVERVALE DR,01 TO 03,115,Improved,2000,74 years 02 months,625000,1,44,665450.5034996935
2025-07-01,SENGKANG,5 ROOM,186D,RIVERVALE DR,04 TO 06,110,Improved,2001,74 years 07 months,618000,4,44,667618.7151601625
2025-07-01,SENGKANG,5 ROOM,122E,RIVERVALE DR,10 TO 12,110,Improved,2000,74 years,640000,10,44,696723.5357811488
2025-07-01,SENGKANG,5 ROOM,197,RIVERVALE DR,10 TO 12,111,Improved,2001,74 years 10 months,600000,10,44,696408.2107741387
2025-08-01,SENGKANG,5 ROOM,122D,RIVERVALE DR,13 TO 15,110,Improved,2000,74 years,600000,13,44,680779.5153346715
2025-08-01,SENGKANG,5 ROOM,191B,RIVERVALE DR,10 TO 12,115,Improved,2000,74 years 01 month,665000,10,44,698165.0723095315
2025-08-01,SENGKANG,5 ROOM,187A,RIVERVALE DR,01 TO 03,110,Improved,2000,74 years 04 months,610000,1,44,629542.7222641587
2025-08-01,SENGKANG,5 ROOM,186C,RIVERVALE DR,10 TO 12,110,Improved,2001,74 years 05 months,666000,10,44,696723.5357811488
2025-08-01,SENGKANG,5 ROOM,122D,RIVERVALE DR,04 TO 06,110,Improved,2000,74 years,610000,4,44,667618.7151601625
2025-08-01,SENGKANG,5 ROOM,186C,RIVERVALE DR,04 TO 06,110,Improved,2001,74 years 05 months,625000,4,44,667618.7151601625
2025-08-01,SENGKANG,5 ROOM,194,RIVERVALE DR,04 TO 06,111,Improved,2001,74 years 09 months,630000,4,44,660000.6123828791
2025-09-01,SENGKANG,5 ROOM,194,RIVERVALE DR,16 TO 18,111,Improved,2001,74 years 09 months,680000,16,44,685912.0530416797
2025-09-01,SENGKANG,5 ROOM,191A,RIVERVALE DR,01 TO 03,114,Improved,2000,74 years 01 month,655000,1,44,685855.2439958389
2025-09-01,SENGKANG,5 ROOM,186A,RIVERVALE DR,01 TO 03,109,Improved,2001,74 years 04 months,560000,1,44,613667.0519105137
2025-09-01,SENGKANG,5 ROOM,117A,RIVERVALE DR,13 TO 15,115,Improved,2000,73 years 10 months,700000,13,44,720757.4585364506
2025-07-01,SENGKANG,5 ROOM,141,RIVERVALE ST,16 TO 18,122,Improved,1999,72 years 10 months,700000,16,44,736156.3610048888
2025-08-01,SENGKANG,5 ROOM,141,RIVERVALE ST,07 TO 09,120,Improved,1999,72 years 09 months,718000,7,44,687995.4238542485
2025-08-01,SENGKANG,5 ROOM,134,RIVERVALE ST,04 TO 06,121,Improved,1999,72 years 07 months,685000,4,44,684795.28058579
2025-09-01,SENGKANG,5 ROOM,126,RIVERVALE ST,04 TO 06,120,Improved,1999,72 years 09 months,647000,4,44,679631.6783046707
2025-07-01,SENGKANG,5 ROOM,113,RIVERVALE WALK,10 TO 12,122,Improved,1998,72 years 06 months,700000,10,44,714914.3665415162
2025-07-01,SENGKANG,5 ROOM,113,RIVERVALE WALK,04 TO 06,122,Improved,1998,72 years 05 months,650000,4,44,683043.9478143206
2025-08-01,SENGKANG,5 ROOM,101,RIVERVALE WALK,04 TO 06,121,Improved,1999,72 years 08 months,668000,4,44,684795.28058579
2025-08-01,SENGKANG,5 ROOM,101,RIVERVALE WALK,07 TO 09,120,Improved,1999,72 years 07 months,710000,7,44,687995.4238542485
2025-09-01,SENGKANG,5 ROOM,112,RIVERVALE WALK,13 TO 15,121,Improved,1998,72 years 02 months,750000,13,44,729415.7517595598
2025-09-01,SENGKANG,5 ROOM,107,RIVERVALE WALK,16 TO 18,124,Improved,1999,72 years 06 months,750000,16,44,736059.7037444175
2025-09-01,SENGKANG,5 ROOM,110,RIVERVALE WALK,01 TO 03,120,Improved,1999,72 years 05 months,605000,1,44,667029.745396121
2025-08-01,SENGKANG,5 ROOM,279B,SENGKANG EAST AVE,04 TO 06,112,Premium Apartment,2015,89 years,1030000,4,44,837958.3564912984
2025-07-01,SENGKANG,5 ROOM,200A,SENGKANG EAST RD,16 TO 18,110,Improved,2001,75 years 02 months,718000,16,44,681632.6275931487
2025-07-01,SENGKANG,5 ROOM,122,SENGKANG EAST WAY,07 TO 09,110,Improved,2000,74 years 02 months,650000,7,44,682486.2098472043
2025-08-01,SENGKANG,5 ROOM,121D,SENGKANG EAST WAY,04 TO 06,110,Improved,2000,74 years 01 month,622000,4,44,667618.7151601625
2025-09-01,SENGKANG,5 ROOM,323A,SENGKANG EAST WAY,13 TO 15,110,Improved,2003,76 years 07 months,742000,13,44,680779.5153346715
2025-09-01,SENGKANG,5 ROOM,323C,SENGKANG EAST WAY,13 TO 15,110,Improved,2003,76 years 08 months,736888,13,44,680779.5153346715
2025-09-01,SENGKANG,5 ROOM,260A,SENGKANG EAST WAY,13 TO 15,110,Improved,2001,74 years 04 months,670000,13,44,680779.5153346715
2025-09-01,SENGKANG,5 ROOM,260A,SENGKANG EAST WAY,01 TO 03,110,Improved,2001,74 years 04 months,675000,1,44,629542.7222641587
2025-07-01,SENGKANG,5 ROOM,457A,SENGKANG WEST RD,04 TO 06,113,Improved,2020,94 years 02 months,798888,4,44,786366.2948279313
2025-07-01,SENGKANG,5 ROOM,458A,SENGKANG WEST RD,10 TO 12,113,Improved,2020,94 years 02 months,762888,10,44,808841.0708931065
2025-08-01,SENGKANG,5 ROOM,458A,SENGKANG WEST RD,13 TO 15,113,Improved,2020,94 years 02 months,840888,13,44,812966.478435134
2025-08-01,SENGKANG,5 ROOM,458B,SENGKANG WEST RD,07 TO 09,113,Improved,2020,94 years 01 month,775000,7,44,792845.9360446238
2025-08-01,SENGKANG,5 ROOM,458B,SENGKANG WEST RD,01 TO 03,113,Improved,2020,94 years 01 month,755000,1,44,735645.3884069266
2025-08-01,SENGKANG,5 ROOM,458A,SENGKANG WEST RD,10 TO 12,113,Improved,2020,94 years 01 month,805000,10,44,808841.0708931065
2025-09-01,SENGKANG,5 ROOM,458A,SENGKANG WEST RD,10 TO 12,113,Improved,2020,94 years 01 month,838000,10,44,808841.0708931065
2025-07-01,SENGKANG,5 ROOM,469A,SENGKANG WEST WAY,04 TO 06,113,Improved,2016,90 years 01 month,665000,4,44,786366.2948279313
2025-08-01,SENGKANG,5 ROOM,452B,SENGKANG WEST WAY,04 TO 06,111,Improved,2015,88 years 09 months,723000,4,44,660000.6123828791
2025-09-01,SENGKANG,5 ROOM,451A,SENGKANG WEST WAY,19 TO 21,111,Improved,2015,88 years 09 months,750000,19,44,736559.9021147166
2025-08-01,SENGKANG,EXECUTIVE,320C,ANCHORVALE DR,13 TO 15,125,Apartment,2002,75 years 08 months,900000,13,44,841444.1333971655
2025-08-01,SENGKANG,EXECUTIVE,312B,ANCHORVALE LANE,16 TO 18,126,Premium Apartment,2002,76 years 03 months,830000,16,44,807258.2006410013
2025-07-01,SENGKANG,EXECUTIVE,306B,ANCHORVALE LINK,13 TO 15,125,Apartment,2001,75 years 05 months,798000,13,44,841444.1333971655
2025-08-01,SENGKANG,EXECUTIVE,316A,ANCHORVALE LINK,04 TO 06,125,Premium Apartment,2003,76 years 09 months,805888,4,44,791659.2992208558
2025-09-01,SENGKANG,EXECUTIVE,314D,ANCHORVALE LINK,07 TO 09,125,Premium Apartment,2003,76 years 09 months,870000,7,44,790883.6525157962
2025-09-01,SENGKANG,EXECUTIVE,314D,ANCHORVALE LINK,07 TO 09,125,Premium Apartment,2003,76 years 08 months,835000,7,44,790883.6525157962
2025-07-01,SENGKANG,EXECUTIVE,310A,ANCHORVALE RD,04 TO 06,126,Premium Apartment,2003,76 years 07 months,740000,4,44,787409.8113103218
2025-07-01,SENGKANG,EXECUTIVE,313D,ANCHORVALE RD,13 TO 15,125,Premium Apartment,2003,76 years 10 months,855800,13,44,811174.828672658
2025-08-01,SENGKANG,EXECUTIVE,310A,ANCHORVALE RD,16 TO 18,130,Premium Apartment,2003,76 years 05 months,870000,16,44,811439.3677803238
2025-09-01,SENGKANG,EXECUTIVE,307B,ANCHORVALE RD,10 TO 12,125,Apartment,2001,75 years 03 months,865000,10,44,835532.7766377671
2025-07-01,SENGKANG,EXECUTIVE,202A,COMPASSVALE DR,10 TO 12,130,Apartment,2001,75 years,840000,10,44,841889.4664249863
2025-09-01,SENGKANG,EXECUTIVE,204D,COMPASSVALE DR,07 TO 09,130,Apartment,2001,74 years 05 months,922888,7,44,830675.2335483162
2025-08-01,SENGKANG,EXECUTIVE,203D,COMPASSVALE RD,07 TO 09,130,Apartment,2001,74 years 06 months,860000,7,44,830675.2335483162
2025-07-01,SENGKANG,EXECUTIVE,291C,COMPASSVALE ST,04 TO 06,125,Apartment,2001,75 years,788000,4,44,776702.6917012435
2025-07-01,SENGKANG,EXECUTIVE,250B,COMPASSVALE ST,04 TO 06,131,Apartment,2000,74 years,820000,4,44,785818.957953283
2025-07-01,SENGKANG,EXECUTIVE,262B,COMPASSVALE ST,10 TO 12,130,Apartment,2001,74 years 10 months,893000,10,44,841889.4664249863
2025-08-01,SENGKANG,EXECUTIVE,299A,COMPASSVALE ST,07 TO 09,134,Premium Apartment,2001,75 years 01 month,850000,7,44,785539.0346145467
2025-08-01,SENGKANG,EXECUTIVE,297B,COMPASSVALE ST,04 TO 06,134,Premium Apartment,2001,75 years 01 month,770000,4,44,782920.2105892313
2025-09-01,SENGKANG,EXECUTIVE,250C,COMPASSVALE ST,01 TO 03,130,Apartment,2000,73 years 11 months,798888,1,44,785149.1505131306
2025-09-01,SENGKANG,EXECUTIVE,250C,COMPASSVALE ST,13 TO 15,131,Apartment,2000,73 years 11 months,868888,13,44,850149.8277136419
2025-09-01,SENGKANG,EXECUTIVE,226C,COMPASSVALE WALK,13 TO 15,135,Apartment,1999,73 years 04 months,800000,13,44,849093.3190448835
2025-07-01,SENGKANG,EXECUTIVE,116B,RIVERVALE DR,07 TO 09,130,Apartment,2000,74 years 01 month,808000,7,44,830675.2335483162
2025-07-01,SENGKANG,EXECUTIVE,189B,RIVERVALE DR,13 TO 15,131,Apartment,2000,74 years 01 month,820000,13,44,850149.8277136419
2025-07-01,SENGKANG,EXECUTIVE,120A,RIVERVALE DR,01 TO 03,141,Premium Apartment,2001,74 years 08 months,850000,1,44,781396.6976325195
2025-07-01,SENGKANG,EXECUTIVE,136,RIVERVALE ST,04 TO 06,142,Apartment,1998,72 years 06 months,858000,4,44,844428.7449697524
2025-07-01,SENGKANG,EXECUTIVE,102,RIVERVALE WALK,01 TO 03,140,Apartment,1999,72 years 08 months,850000,1,44,805573.5598606878
2025-09-01,SENGKANG,EXECUTIVE,202B,SENGKANG EAST RD,04 TO 06,130,Apartment,2001,74 years 09 months,811888,4,44,789023.6280319487
2025-07-01,SENGKANG,EXECUTIVE,122B,SENGKANG EAST WAY,10 TO 12,130,Apartment,2000,74 years 02 months,755000,10,44,841889.4664249863
2025-07-01,SENGKANG,EXECUTIVE,122B,SENGKANG EAST WAY,04 TO 06,131,Apartment,2000,74 years 02 months,790000,4,44,785818.957953283
2025-07-01,SENGKANG,EXECUTIVE,122B,SENGKANG EAST WAY,04 TO 06,131,Apartment,2000,74 years 02 months,770000,4,44,785818.957953283
2025-08-01,SENGKANG,EXECUTIVE,324C,SENGKANG EAST WAY,07 TO 09,127,Apartment,2002,75 years 11 months,868000,7,44,821294.738681354
2025-09-01,SENGKANG,EXECUTIVE,324C,SENGKANG EAST WAY,07 TO 09,125,Apartment,2002,75 years 09 months,870888,7,44,816316.5981448464
2025-08-01,SERANGOON,2 ROOM,8,LOR LEW LIAN,07 TO 09,44,Improved,1978,51 years 09 months,290000,7,44,358040.61788722174
2025-07-01,SERANGOON,3 ROOM,1,LOR LEW LIAN,10 TO 12,64,Improved,1978,51 years 11 months,373000,10,44,453490.6193206651
2025-07-01,SERANGOON,3 ROOM,1,LOR LEW LIAN,13 TO 15,64,Improved,1978,51 years 11 months,438000,13,44,464045.58294152445
2025-07-01,SERANGOON,3 ROOM,1,LOR LEW LIAN,01 TO 03,64,Improved,1978,51 years 10 months,470000,1,44,428905.83405546023
2025-08-01,SERANGOON,3 ROOM,2,LOR LEW LIAN,10 TO 12,64,Improved,1983,56 years 10 months,445000,10,44,453490.6193206651
2025-07-01,SERANGOON,3 ROOM,306,SERANGOON AVE 2,10 TO 12,60,Improved,1985,58 years 08 months,475000,10,44,446403.7695301345
2025-07-01,SERANGOON,3 ROOM,305,SERANGOON AVE 2,10 TO 12,60,Improved,1985,58 years 09 months,476888,10,44,446403.7695301345
2025-09-01,SERANGOON,3 ROOM,305,SERANGOON AVE 2,04 TO 06,60,Improved,1985,58 years 08 months,469888,4,44,422078.08935749053
2025-07-01,SERANGOON,3 ROOM,237,SERANGOON AVE 3,04 TO 06,64,Simplified,1985,59 years 05 months,468000,4,44,465793.0371128027
2025-07-01,SERANGOON,3 ROOM,218,SERANGOON AVE 4,04 TO 06,67,New Generation,1985,58 years 08 months,480000,4,44,471052.87630794547
2025-07-01,SERANGOON,3 ROOM,221,SERANGOON AVE 4,04 TO 06,71,New Generation,1984,58 years 06 months,495000,4,44,466864.1424642086
2025-07-01,SERANGOON,3 ROOM,217,SERANGOON AVE 4,10 TO 12,67,New Generation,1984,58 years 03 months,515000,10,44,476746.70065228053
2025-08-01,SERANGOON,3 ROOM,218,SERANGOON AVE 4,10 TO 12,67,New Generation,1985,58 years 07 months,490000,10,44,476746.70065228053
2025-08-01,SERANGOON,3 ROOM,221,SERANGOON AVE 4,07 TO 09,67,New Generation,1984,58 years 04 months,495000,7,44,476059.6431899462
2025-08-01,SERANGOON,3 ROOM,215,SERANGOON AVE 4,07 TO 09,67,New Generation,1985,58 years 09 months,490000,7,44,476059.6431899462
2025-08-01,SERANGOON,3 ROOM,215,SERANGOON AVE 4,04 TO 06,67,New Generation,1985,58 years 09 months,500000,4,44,471052.87630794547
2025-09-01,SERANGOON,3 ROOM,219,SERANGOON AVE 4,10 TO 12,67,New Generation,1984,58 years 03 months,485000,10,44,476746.70065228053
2025-08-01,SERANGOON,3 ROOM,209,SERANGOON CTRL,10 TO 12,64,Simplified,1985,59 years 02 months,545000,10,44,473101.2834525136
2025-09-01,SERANGOON,3 ROOM,210,SERANGOON CTRL,04 TO 06,64,Simplified,1985,59 years,500000,4,44,465793.0371128027
2025-09-01,SERANGOON,3 ROOM,203,SERANGOON CTRL,10 TO 12,64,Simplified,1986,59 years 05 months,588000,10,44,473101.2834525136
2025-09-01,SERANGOON,3 ROOM,253,SERANGOON CTRL DR,01 TO 03,64,Simplified,1988,61 years 10 months,505000,1,44,480628.4417085624
2025-09-01,SERANGOON,3 ROOM,261,SERANGOON CTRL DR,01 TO 03,65,Simplified,1988,61 years 11 months,503000,1,44,481948.6985618381
2025-07-01,SERANGOON,3 ROOM,108,SERANGOON NTH AVE 1,07 TO 09,60,Improved,1985,58 years 06 months,450000,7,44,443466.93031741993
2025-07-01,SERANGOON,3 ROOM,124,SERANGOON NTH AVE 1,01 TO 03,67,New Generation,1985,58 years 06 months,415000,1,44,446612.7745552245
2025-08-01,SERANGOON,3 ROOM,154,SERANGOON NTH AVE 1,01 TO 03,63,Simplified,1986,59 years 11 months,438000,1,44,481106.7481618441
2025-08-01,SERANGOON,3 ROOM,122,SERANGOON NTH AVE 1,01 TO 03,76,New Generation,1985,58 years 06 months,445000,1,44,457089.23394104966
2025-08-01,SERANGOON,3 ROOM,124,SERANGOON NTH AVE 1,01 TO 03,71,New Generation,1985,58 years 06 months,443000,1,44,446832.1668661889
2025-08-01,SERANGOON,3 ROOM,115,SERANGOON NTH AVE 1,01 TO 03,77,New Generation,1985,58 years 08 months,465000,1,44,456286.31395853043
2025-08-01,SERANGOON,3 ROOM,106,SERANGOON NTH AVE 1,07 TO 09,69,Improved,1984,58 years,451000,7,44,456356.04371826386
2025-09-01,SERANGOON,3 ROOM,152,SERANGOON NTH AVE 1,04 TO 06,64,Simplified,1986,60 years 04 months,455000,4,44,465793.0371128027
2025-09-01,SERANGOON,3 ROOM,105,SERANGOON NTH AVE 1,04 TO 06,60,Improved,1985,58 years 07 months,390000,4,44,422078.08935749053
2025-08-01,SERANGOON,3 ROOM,151,SERANGOON NTH AVE 2,04 TO 06,64,Simplified,1986,59 years 11 months,450000,4,44,465793.0371128027
2025-08-01,SERANGOON,4 ROOM,6,LOR LEW LIAN,04 TO 06,98,New Generation,1978,51 years 09 months,615000,4,44,618926.5291537733
2025-08-01,SERANGOON,4 ROOM,7,LOR LEW LIAN,10 TO 12,98,New Generation,1978,51 years 09 months,668000,10,44,625588.3224940522
2025-07-01,SERANGOON,4 ROOM,407,SERANGOON AVE 1,10 TO 12,109,Model A,1989,62 years 08 months,920000,10,44,743587.688290161
2025-07-01,SERANGOON,4 ROOM,401,SERANGOON AVE 1,10 TO 12,109,Model A,1989,62 years 07 months,855000,10,44,743587.688290161
2025-09-01,SERANGOON,4 ROOM,425,SERANGOON AVE 1,04 TO 06,106,Model A,1989,62 years 09 months,845000,4,44,710133.1543752337
2025-09-01,SERANGOON,4 ROOM,401,SERANGOON AVE 1,04 TO 06,103,Model A,1989,62 years 05 months,790000,4,44,679292.8778138777
2025-07-01,SERANGOON,4 ROOM,309,SERANGOON AVE 2,04 TO 06,95,New Generation,1985,58 years 09 months,658888,4,44,625462.14866292
2025-07-01,SERANGOON,4 ROOM,307,SERANGOON AVE 2,07 TO 09,95,New Generation,1985,59 years 04 months,690000,7,44,633483.2319280547
2025-07-01,SERANGOON,4 ROOM,307,SERANGOON AVE 2,10 TO 12,95,New Generation,1985,59 years 03 months,685000,10,44,638844.6589788605
2025-09-01,SERANGOON,4 ROOM,240,SERANGOON AVE 2,10 TO 12,105,Model A,1985,58 years 11 months,850000,10,44,736222.90923245
2025-07-01,SERANGOON,4 ROOM,323,SERANGOON AVE 3,10 TO 12,84,Simplified,1985,59 years 06 months,800000,10,44,648817.3403873538
2025-07-01,SERANGOON,4 ROOM,332,SERANGOON AVE 3,04 TO 06,84,Simplified,1986,59 years 09 months,689000,4,44,630069.3650310606
2025-07-01,SERANGOON,4 ROOM,332,SERANGOON AVE 3,10 TO 12,103,Model A,1986,59 years 08 months,875000,10,44,700716.384622535
2025-08-01,SERANGOON,4 ROOM,234,SERANGOON AVE 3,04 TO 06,84,Simplified,1985,58 years 11 months,650000,4,44,630069.3650310606
2025-08-01,SERANGOON,4 ROOM,327,SERANGOON AVE 3,04 TO 06,104,Model A,1986,59 years 09 months,790000,4,44,687630.6632000387
2025-09-01,SERANGOON,4 ROOM,332,SERANGOON AVE 3,04 TO 06,103,Model A,1986,59 years 07 months,875000,4,44,679292.8778138777
2025-09-01,SERANGOON,4 ROOM,242,SERANGOON AVE 3,04 TO 06,84,Simplified,1986,59 years 09 months,630000,4,44,630069.3650310606
2025-09-01,SERANGOON,4 ROOM,235,SERANGOON AVE 3,07 TO 09,104,Model A,1985,58 years 09 months,815000,7,44,736550.7389475768
2025-09-01,SERANGOON,4 ROOM,328,SERANGOON AVE 3,07 TO 09,84,Simplified,1986,59 years 08 months,649000,7,44,642636.5438027709
2025-07-01,SERANGOON,4 ROOM,222,SERANGOON AVE 4,01 TO 03,99,New Generation,1985,59 years 03 months,630000,1,44,623133.6593883284
2025-07-01,SERANGOON,4 ROOM,213,SERANGOON AVE 4,04 TO 06,99,New Generation,1985,58 years 09 months,679188,4,44,627870.5552726195
2025-07-01,SERANGOON,4 ROOM,220,SERANGOON AVE 4,04 TO 06,91,New Generation,1984,58 years 06 months,620000,4,44,608334.1496273912
2025-08-01,SERANGOON,4 ROOM,222,SERANGOON AVE 4,01 TO 03,92,New Generation,1985,59 years 02 months,610000,1,44,593484.3420302062
2025-08-01,SERANGOON,4 ROOM,229,SERANGOON AVE 4,07 TO 09,91,New Generation,1984,58 years,620000,7,44,623305.8894358036
2025-08-01,SERANGOON,4 ROOM,227,SERANGOON AVE 4,07 TO 09,96,New Generation,1984,58 years 04 months,680000,7,44,626390.9603492455
2025-08-01,SERANGOON,4 ROOM,215,SERANGOON AVE 4,10 TO 12,92,New Generation,1985,58 years 09 months,668888,10,44,626862.6495569885
2025-08-01,SERANGOON,4 ROOM,222,SERANGOON AVE 4,07 TO 09,94,New Generation,1985,59 years 02 months,645000,7,44,638367.998825421
2025-07-01,SERANGOON,4 ROOM,411,SERANGOON CTRL,07 TO 09,105,Model A,1989,62 years 10 months,905000,7,44,759913.286711463
2025-07-01,SERANGOON,4 ROOM,206,SERANGOON CTRL,04 TO 06,84,Simplified,1985,59 years 05 months,732888,4,44,630069.3650310606
2025-08-01,SERANGOON,4 ROOM,207,SERANGOON CTRL,04 TO 06,83,Simplified,1986,59 years 09 months,665000,4,44,589826.3316235266
2025-08-01,SERANGOON,4 ROOM,410,SERANGOON CTRL,10 TO 12,93,New Generation,1989,62 years 06 months,868000,10,44,639890.3698268691
2025-08-01,SERANGOON,4 ROOM,205,SERANGOON CTRL,10 TO 12,84,Simplified,1986,60 years 04 months,720000,10,44,648817.3403873538
2025-09-01,SERANGOON,4 ROOM,427,SERANGOON CTRL,10 TO 12,111,Model A,1989,62 years 04 months,880888,10,44,731184.0359954418
2025-09-01,SERANGOON,4 ROOM,205,SERANGOON CTRL,07 TO 09,84,Simplified,1986,60 years 02 months,715000,7,44,642636.5438027709
2025-07-01,SERANGOON,4 ROOM,256,SERANGOON CTRL DR,01 TO 03,99,Model A,1999,72 years 11 months,770000,1,44,646775.0349683383
2025-07-01,SERANGOON,4 ROOM,258,SERANGOON CTRL DR,10 TO 12,99,Model A,1999,72 years 11 months,865000,10,44,672632.6474078101
2025-08-01,SERANGOON,4 ROOM,257,SERANGOON CTRL DR,04 TO 06,99,Model A,1999,72 years 09 months,770000,4,44,679277.6951785381
2025-07-01,SERANGOON,4 ROOM,120,SERANGOON NTH AVE 1,01 TO 03,93,New Generation,1985,58 years 11 months,500000,1,44,603940.3199835347
2025-07-01,SERANGOON,4 ROOM,111,SERANGOON NTH AVE 1,04 TO 06,91,New Generation,1985,59 years 02 months,618000,4,44,608334.1496273912
2025-07-01,SERANGOON,4 ROOM,103,SERANGOON NTH AVE 1,01 TO 03,96,New Generation,1985,59 years 02 months,560000,1,44,614606.0432757097
2025-07-01,SERANGOON,4 ROOM,118,SERANGOON NTH AVE 1,10 TO 12,93,New Generation,1986,59 years 06 months,600000,10,44,639890.3698268691
2025-08-01,SERANGOON,4 ROOM,127,SERANGOON NTH AVE 1,01 TO 03,91,New Generation,1985,58 years 06 months,588888,1,44,581212.4499514186
2025-09-01,SERANGOON,4 ROOM,118,SERANGOON NTH AVE 1,10 TO 12,91,New Generation,1986,59 years 05 months,550000,10,44,618907.2456074557
2025-07-01,SERANGOON,4 ROOM,548,SERANGOON NTH AVE 3,04 TO 06,101,Model A,1998,71 years 07 months,600000,4,44,679884.2771889097
2025-09-01,SERANGOON,4 ROOM,548,SERANGOON NTH AVE 3,13 TO 15,100,Model A,1998,71 years 04 months,660000,13,44,706567.7619978702
2025-07-01,SERANGOON,4 ROOM,541,SERANGOON NTH AVE 4,01 TO 03,104,Model A,1992,66 years 04 months,608000,1,44,674233.6749970037
2025-07-01,SERANGOON,4 ROOM,531,SERANGOON NTH AVE 4,07 TO 09,103,Model A,1992,66 years 04 months,642888,7,44,726360.9698015584
2025-07-01,SERANGOON,4 ROOM,509,SERANGOON NTH AVE 4,01 TO 03,101,Model A,1997,71 years,623000,1,44,643093.1064152452
2025-07-01,SERANGOON,4 ROOM,533,SERANGOON NTH AVE 4,01 TO 03,104,Model A,1992,66 years 04 months,580000,1,44,674233.6749970037
2025-08-01,SERANGOON,4 ROOM,523,SERANGOON NTH AVE 4,10 TO 12,104,Model A,1992,66 years 03 months,670000,10,44,706118.3185448503
2025-08-01,SERANGOON,4 ROOM,536,SERANGOON NTH AVE 4,01 TO 03,103,Model A,1992,66 years 03 months,584000,1,44,651943.0323058047
2025-09-01,SERANGOON,4 ROOM,528,SERANGOON NTH AVE 4,04 TO 06,104,Model A,1992,66 years 02 months,640000,4,44,687630.6632000387
2025-07-01,SERANGOON,5 ROOM,408,SERANGOON AVE 1,07 TO 09,121,Improved,1989,62 years 07 months,1090000,7,44,802363.2070668887
2025-07-01,SERANGOON,5 ROOM,310,SERANGOON AVE 2,04 TO 06,121,Improved,1985,59 years,800000,4,44,802837.8215585713
2025-07-01,SERANGOON,5 ROOM,331,SERANGOON AVE 3,01 TO 03,121,Improved,1986,59 years 11 months,800000,1,44,740403.8128264004
2025-07-01,SERANGOON,5 ROOM,331,SERANGOON AVE 3,07 TO 09,122,Improved,1986,59 years 11 months,950000,7,44,801292.2218192138
2025-08-01,SERANGOON,5 ROOM,216,SERANGOON AVE 4,13 TO 15,121,Improved,1985,59 years,786888,13,44,857028.3135771541
2025-08-01,SERANGOON,5 ROOM,422,SERANGOON CTRL,10 TO 12,121,Improved,1989,62 years 08 months,1110000,10,44,851976.5272406896
2025-08-01,SERANGOON,5 ROOM,409,SERANGOON CTRL,04 TO 06,121,Improved,1989,62 years 05 months,968888,4,44,802837.8215585713
2025-07-01,SERANGOON,5 ROOM,256,SERANGOON CTRL DR,07 TO 09,115,Improved,1999,72 years 10 months,1000000,7,44,904797.1655583571
2025-08-01,SERANGOON,5 ROOM,257,SERANGOON CTRL DR,13 TO 15,115,Improved,1999,72 years 10 months,1060000,13,44,872022.872103161
2025-08-01,SERANGOON,5 ROOM,257,SERANGOON CTRL DR,10 TO 12,115,Improved,1999,72 years 09 months,1000000,10,44,879148.4415506285
2025-07-01,SERANGOON,5 ROOM,114,SERANGOON NTH AVE 1,07 TO 09,121,Improved,1986,59 years 08 months,730000,7,44,802363.2070668887
2025-07-01,SERANGOON,5 ROOM,135,SERANGOON NTH AVE 2,13 TO 15,131,Improved,1989,62 years 11 months,890000,13,44,837185.549626867
2025-08-01,SERANGOON,5 ROOM,549,SERANGOON NTH AVE 3,13 TO 15,119,Improved,1997,71 years 04 months,838888,13,44,830792.1905890437
2025-09-01,SERANGOON,5 ROOM,548,SERANGOON NTH AVE 3,10 TO 12,121,Improved,1998,71 years 04 months,800000,10,44,851976.5272406896
2025-07-01,SERANGOON,5 ROOM,502,SERANGOON NTH AVE 4,10 TO 12,124,Improved,1992,66 years 05 months,813000,10,44,819521.9354172094
2025-07-01,SERANGOON,5 ROOM,522,SERANGOON NTH AVE 4,01 TO 03,122,Improved,1992,66 years 04 months,790000,1,44,745532.11003813
2025-07-01,SERANGOON,5 ROOM,511,SERANGOON NTH AVE 4,04 TO 06,121,Improved,1997,70 years 10 months,770000,4,44,802837.8215585713
2025-08-01,SERANGOON,5 ROOM,501,SERANGOON NTH AVE 4,01 TO 03,124,Improved,1992,66 years 03 months,770888,1,44,754793.3219217221
2025-09-01,SERANGOON,5 ROOM,507,SERANGOON NTH AVE 4,04 TO 06,121,Improved,1997,70 years 09 months,840000,4,44,802837.8215585713
2025-07-01,SERANGOON,EXECUTIVE,321,SERANGOON AVE 2,07 TO 09,150,Apartment,1986,59 years 06 months,1050000,7,44,1121709.3550743586
2025-09-01,SERANGOON,EXECUTIVE,321,SERANGOON AVE 2,07 TO 09,146,Maisonette,1986,59 years 04 months,1195000,7,44,1102738.5435078107
2025-09-01,SERANGOON,EXECUTIVE,318,SERANGOON AVE 2,01 TO 03,146,Apartment,1985,58 years 09 months,1050000,1,44,999948.5717230542
2025-07-01,SERANGOON,EXECUTIVE,142,SERANGOON NTH AVE 1,01 TO 03,151,Maisonette,1986,60 years 06 months,1058000,1,44,1039344.786030616
2025-08-01,SERANGOON,EXECUTIVE,125,SERANGOON NTH AVE 1,10 TO 12,155,Maisonette,1986,59 years 06 months,975000,10,44,1134020.6048073764
2025-08-01,SERANGOON,EXECUTIVE,138,SERANGOON NTH AVE 2,01 TO 03,146,Maisonette,1989,62 years 07 months,985000,1,44,1032148.1731203911
2025-07-01,SERANGOON,EXECUTIVE,537,SERANGOON NTH AVE 4,07 TO 09,147,Maisonette,1992,66 years 04 months,1048888,7,44,1086988.0596833744
2025-07-01,SERANGOON,EXECUTIVE,526,SERANGOON NTH AVE 4,04 TO 06,148,Maisonette,1992,66 years 04 months,1083000,4,44,1080164.011018473
2025-07-01,SERANGOON,EXECUTIVE,506B,SERANGOON NTH AVE 4,01 TO 03,146,Apartment,1992,66 years 05 months,970000,1,44,999948.5717230542
2025-08-01,SERANGOON,EXECUTIVE,539,SERANGOON NTH AVE 4,01 TO 03,147,Maisonette,1992,66 years 03 months,992888,1,44,1017076.657351288
2025-08-01,SERANGOON,EXECUTIVE,537,SERANGOON NTH AVE 4,10 TO 12,149,Maisonette,1992,66 years 03 months,1097000,10,44,1124688.3895349312
2025-08-01,SERANGOON,EXECUTIVE,537,SERANGOON NTH AVE 4,04 TO 06,147,Maisonette,1992,66 years 03 months,1065000,4,44,1082968.6650614336
2025-09-01,SERANGOON,EXECUTIVE,535,SERANGOON NTH AVE 4,01 TO 03,147,Maisonette,1992,66 years 03 months,983888,1,44,1017076.657351288
2025-09-01,SERANGOON,EXECUTIVE,535,SERANGOON NTH AVE 4,04 TO 06,152,Maisonette,1992,66 years 02 months,1050000,4,44,1117559.2347753192
2025-07-01,TAMPINES,2 ROOM,499B,TAMPINES AVE 9,04 TO 06,46,Model A,2014,87 years 08 months,412000,4,44,374840.7830413355
2025-08-01,TAMPINES,2 ROOM,499A,TAMPINES AVE 9,07 TO 09,46,Model A,2014,87 years 08 months,392000,7,44,377581.4282264011
2025-07-01,TAMPINES,3 ROOM,890C,TAMPINES AVE 1,10 TO 12,69,Model A,2015,89 years 03 months,635000,10,44,590213.1298416094
2025-07-01,TAMPINES,3 ROOM,890C,TAMPINES AVE 1,10 TO 12,69,Model A,2015,89 years 02 months,655000,10,44,590213.1298416094
2025-08-01,TAMPINES,3 ROOM,890B,TAMPINES AVE 1,10 TO 12,69,Model A,2015,89 years 02 months,680000,10,44,590213.1298416094
2025-07-01,TAMPINES,3 ROOM,879A,TAMPINES AVE 8,13 TO 15,68,Model A,2017,90 years 11 months,570888,13,44,591258.6883986684
2025-08-01,TAMPINES,3 ROOM,879B,TAMPINES AVE 8,07 TO 09,68,Model A,2017,90 years 11 months,565000,7,44,574971.3440594228
2025-08-01,TAMPINES,3 ROOM,869B,TAMPINES AVE 8,10 TO 12,67,Model A,2015,88 years 11 months,580000,10,44,551762.6244459072
2025-08-01,TAMPINES,3 ROOM,879B,TAMPINES AVE 8,04 TO 06,68,Model A,2017,90 years 11 months,560000,4,44,561420.4332776831
2025-09-01,TAMPINES,3 ROOM,868C,TAMPINES AVE 8,01 TO 03,67,Model A,2015,88 years 10 months,530000,1,44,536946.445156212
2025-09-01,TAMPINES,3 ROOM,878B,TAMPINES AVE 8,07 TO 09,68,Model A,2017,90 years 09 months,572000,7,44,574971.3440594228
2025-07-01,TAMPINES,3 ROOM,601D,TAMPINES AVE 9,01 TO 03,68,Model A,2020,93 years 08 months,608000,1,44,552225.1981928471
2025-08-01,TAMPINES,3 ROOM,604A,TAMPINES AVE 9,10 TO 12,68,Model A,2020,93 years 06 months,635000,10,44,579941.3857624985
2025-09-01,TAMPINES,3 ROOM,601B,TAMPINES AVE 9,07 TO 09,68,Model A,2020,93 years 06 months,630000,7,44,574971.3440594228
2025-09-01,TAMPINES,3 ROOM,601B,TAMPINES AVE 9,07 TO 09,68,Model A,2020,93 years 06 months,630000,7,44,574971.3440594228
2025-08-01,TAMPINES,3 ROOM,523B,TAMPINES CTRL 7,13 TO 15,67,Model A,2015,89 years,635000,13,44,571425.273670547
2025-09-01,TAMPINES,3 ROOM,524B,TAMPINES CTRL 7,01 TO 03,67,Model A,2015,89 years,565000,1,44,536946.445156212
2025-09-01,TAMPINES,3 ROOM,523B,TAMPINES CTRL 7,13 TO 15,67,Model A,2015,89 years,640000,13,44,571425.273670547
2025-08-01,TAMPINES,3 ROOM,520A,TAMPINES CTRL 8,10 TO 12,61,DBSS,2014,87 years 11 months,670000,10,44,644435.1031440399
2025-08-01,TAMPINES,3 ROOM,520A,TAMPINES CTRL 8,10 TO 12,61,DBSS,2014,87 years 10 months,688000,10,44,644435.1031440399
2025-09-01,TAMPINES,3 ROOM,608C,TAMPINES NTH DR 1,13 TO 15,68,Model A,2020,94 years 01 month,630000,13,44,591258.6883986684
2025-07-01,TAMPINES,3 ROOM,112,TAMPINES ST 11,01 TO 03,79,Model A,1982,56 years,488000,1,44,477949.6347289945
2025-07-01,TAMPINES,3 ROOM,107,TAMPINES ST 11,07 TO 09,78,Model A,1984,58 years 04 months,520000,7,44,483951.9553393259
2025-07-01,TAMPINES,3 ROOM,111,TAMPINES ST 11,04 TO 06,74,Model A,1984,58 years,485000,4,44,473267.403807585
2025-08-01,TAMPINES,3 ROOM,111,TAMPINES ST 11,04 TO 06,74,Model A,1984,57 years 10 months,510000,4,44,473267.403807585
2025-08-01,TAMPINES,3 ROOM,103,TAMPINES ST 11,01 TO 03,75,Model A,1982,56 years 03 months,465000,1,44,469252.5530812581
2025-09-01,TAMPINES,3 ROOM,105,TAMPINES ST 11,10 TO 12,75,Model A,1982,56 years 03 months,490000,10,44,485779.8223414196
2025-09-01,TAMPINES,3 ROOM,108,TAMPINES ST 11,07 TO 09,74,Model A,1984,57 years 10 months,488000,7,44,478948.97743344854
2025-09-01,TAMPINES,3 ROOM,105,TAMPINES ST 11,04 TO 06,75,Model A,1982,56 years 03 months,496000,4,44,476047.4502387068
2025-07-01,TAMPINES,3 ROOM,145,TAMPINES ST 12,10 TO 12,78,Model A,1984,58 years 06 months,510000,10,44,487244.9938454067
2025-07-01,TAMPINES,3 ROOM,150,TAMPINES ST 12,04 TO 06,73,Model A,1984,58 years,520000,4,44,470940.8453332127
2025-09-01,TAMPINES,3 ROOM,157,TAMPINES ST 12,07 TO 09,68,New Generation,1985,58 years 04 months,530000,7,44,476724.33583911014
2025-07-01,TAMPINES,3 ROOM,206,TAMPINES ST 21,04 TO 06,75,Model A,1982,56 years 02 months,485888,4,44,476047.4502387068
2025-07-01,TAMPINES,3 ROOM,243,TAMPINES ST 21,04 TO 06,74,Model A,1984,57 years 11 months,500000,4,44,473267.403807585
2025-07-01,TAMPINES,3 ROOM,269,TAMPINES ST 21,01 TO 03,79,Model A,1984,57 years 08 months,465000,1,44,477949.6347289945
2025-07-01,TAMPINES,3 ROOM,250,TAMPINES ST 21,01 TO 03,74,Model A,1984,58 years 05 months,475000,1,44,467383.251039473
2025-07-01,TAMPINES,3 ROOM,252,TAMPINES ST 21,01 TO 03,82,New Generation,1985,58 years 07 months,505000,1,44,496425.5345052798
2025-08-01,TAMPINES,3 ROOM,246,TAMPINES ST 21,10 TO 12,82,New Generation,1984,58 years 02 months,540000,10,44,521664.34876792366
2025-08-01,TAMPINES,3 ROOM,266,TAMPINES ST 21,07 TO 09,78,Model A,1984,57 years 11 months,465000,7,44,483951.9553393259
2025-09-01,TAMPINES,3 ROOM,203,TAMPINES ST 21,04 TO 06,79,Model A,1983,57 years 02 months,475000,4,44,479875.6972823916
2025-09-01,TAMPINES,3 ROOM,269,TAMPINES ST 21,01 TO 03,79,Model A,1984,57 years 07 months,505000,1,44,477949.6347289945
2025-09-01,TAMPINES,3 ROOM,253,TAMPINES ST 21,10 TO 12,79,Model A,1984,57 years 10 months,495000,10,44,489774.7831453197
2025-09-01,TAMPINES,3 ROOM,205,TAMPINES ST 21,01 TO 03,75,Model A,1983,56 years 10 months,470000,1,44,469252.5530812581
2025-09-01,TAMPINES,3 ROOM,202,TAMPINES ST 21,04 TO 06,75,Model A,1983,57 years 03 months,450000,4,44,476047.4502387068
2025-07-01,TAMPINES,3 ROOM,273,TAMPINES ST 22,07 TO 09,73,Model A,1984,58 years 01 month,488000,7,44,477340.51153843803
2025-07-01,TAMPINES,3 ROOM,287,TAMPINES ST 22,01 TO 03,74,Model A,1984,58 years 01 month,475000,1,44,467383.251039473
2025-07-01,TAMPINES,3 ROOM,283,TAMPINES ST 22,01 TO 03,84,Model A,1984,58 years 02 months,493000,1,44,501407.83731497655
2025-08-01,TAMPINES,3 ROOM,275,TAMPINES ST 22,01 TO 03,73,Model A,1985,58 years 05 months,482500,1,44,462431.49444971763
2025-08-01,TAMPINES,3 ROOM,280,TAMPINES ST 22,01 TO 03,74,Model A,1984,57 years 11 months,440000,1,44,467383.251039473
2025-08-01,TAMPINES,3 ROOM,287,TAMPINES ST 22,04 TO 06,74,Model A,1984,57 years 11 months,485000,4,44,473267.403807585
2025-09-01,TAMPINES,3 ROOM,283,TAMPINES ST 22,04 TO 06,84,Model A,1984,58 years,530000,4,44,505791.7884668317
2025-07-01,TAMPINES,3 ROOM,201E,TAMPINES ST 23,04 TO 06,68,New Generation,1987,61 years 05 months,440000,4,44,464306.53873234737
2025-07-01,TAMPINES,3 ROOM,225,TAMPINES ST 23,10 TO 12,73,Model A,1984,58 years 05 months,490000,10,44,482084.7977963886
2025-08-01,TAMPINES,3 ROOM,226,TAMPINES ST 23,07 TO 09,73,Model A,1985,58 years 07 months,485000,7,44,477340.51153843803
2025-09-01,TAMPINES,3 ROOM,214,TAMPINES ST 23,10 TO 12,67,New Generation,1985,59 years 03 months,495888,10,44,478676.8668474046
2025-08-01,TAMPINES,3 ROOM,219,TAMPINES ST 24,10 TO 12,73,Model A,1985,58 years 06 months,495000,10,44,482084.7977963886
2025-08-01,TAMPINES,3 ROOM,222,TAMPINES ST 24,07 TO 09,73,Model A,1985,58 years 05 months,490000,7,44,477340.51153843803
2025-07-01,TAMPINES,3 ROOM,408,TAMPINES ST 41,04 TO 06,60,Improved,1985,59 years,458000,4,44,431277.9234585627
2025-07-01,TAMPINES,3 ROOM,424,TAMPINES ST 41,07 TO 09,74,Model A,1985,58 years 09 months,480000,7,44,478948.97743344854
2025-07-01,TAMPINES,3 ROOM,422,TAMPINES ST 41,04 TO 06,64,Simplified,1985,59 years 03 months,453000,4,44,459081.10057356075
2025-07-01,TAMPINES,3 ROOM,407,TAMPINES ST 41,01 TO 03,69,Improved,1985,59 years 04 months,455000,1,44,438721.3726319449
2025-08-01,TAMPINES,3 ROOM,418,TAMPINES ST 41,07 TO 09,74,Model A,1985,58 years 11 months,498000,7,44,478948.97743344854
2025-08-01,TAMPINES,3 ROOM,406,TAMPINES ST 41,10 TO 12,64,Simplified,1986,60 years 02 months,500000,10,44,471595.06058794307
2025-08-01,TAMPINES,3 ROOM,406,TAMPINES ST 41,04 TO 06,64,Simplified,1986,60 years 02 months,470000,4,44,459081.10057356075
2025-09-01,TAMPINES,3 ROOM,406,TAMPINES ST 41,10 TO 12,64,Simplified,1986,60 years 02 months,488000,10,44,471595.06058794307
2025-09-01,TAMPINES,3 ROOM,419,TAMPINES ST 41,10 TO 12,64,Simplified,1985,59 years 04 months,450000,10,44,471595.06058794307
2025-07-01,TAMPINES,3 ROOM,445,TAMPINES ST 42,07 TO 09,64,Simplified,1986,59 years 09 months,463000,7,44,470475.9697667178
2025-07-01,TAMPINES,3 ROOM,437,TAMPINES ST 43,07 TO 09,74,Model A,1986,60 years 02 months,475000,7,44,478948.97743344854
2025-07-01,TAMPINES,3 ROOM,434,TAMPINES ST 43,07 TO 09,74,Model A,1986,60 years 01 month,500000,7,44,478948.97743344854
2025-08-01,TAMPINES,3 ROOM,433,TAMPINES ST 43,10 TO 12,64,Simplified,1987,61 years 01 month,470000,10,44,471595.06058794307
2025-08-01,TAMPINES,3 ROOM,434,TAMPINES ST 43,07 TO 09,74,Model A,1986,60 years 01 month,485000,7,44,478948.97743344854
2025-08-01,TAMPINES,3 ROOM,494D,TAMPINES ST 43,04 TO 06,67,Model A,2015,89 years 03 months,528000,4,44,541137.4767807699
2025-09-01,TAMPINES,3 ROOM,438,TAMPINES ST 43,10 TO 12,74,Model A,1985,59 years 04 months,500000,10,44,484881.08507044613
2025-08-01,TAMPINES,3 ROOM,465,TAMPINES ST 44,07 TO 09,74,Model A,1987,60 years 09 months,480000,7,44,478948.97743344854
2025-09-01,TAMPINES,3 ROOM,462,TAMPINES ST 44,04 TO 06,64,Simplified,1987,60 years 11 months,455000,4,44,459081.10057356075
2025-07-01,TAMPINES,3 ROOM,606C,TAMPINES ST 61,07 TO 09,68,Model A,2020,93 years 08 months,610888,7,44,574971.3440594228
2025-08-01,TAMPINES,3 ROOM,606A,TAMPINES ST 61,13 TO 15,68,Model A,2020,93 years 06 months,631000,13,44,591258.6883986684
2025-08-01,TAMPINES,3 ROOM,606C,TAMPINES ST 61,10 TO 12,68,Model A,2020,93 years 06 months,628000,10,44,579941.3857624985
2025-09-01,TAMPINES,3 ROOM,605B,TAMPINES ST 61,01 TO 03,68,Model A,2020,93 years 06 months,560000,1,44,552225.1981928471
2025-07-01,TAMPINES,3 ROOM,828,TAMPINES ST 81,01 TO 03,67,New Generation,1987,61 years 03 months,450000,1,44,446326.6777861961
2025-08-01,TAMPINES,3 ROOM,827,TAMPINES ST 81,04 TO 06,67,New Generation,1987,60 years 10 months,465000,4,44,468384.99336229765
2025-08-01,TAMPINES,3 ROOM,825,TAMPINES ST 81,04 TO 06,67,New Generation,1987,61 years 04 months,435000,4,44,468384.99336229765
2025-08-01,TAMPINES,3 ROOM,894A,TAMPINES ST 81,04 TO 06,74,Model A,1988,62 years 01 month,505000,4,44,473267.403807585
2025-09-01,TAMPINES,3 ROOM,898,TAMPINES ST 81,10 TO 12,74,Model A,1988,61 years 08 months,508000,10,44,484881.08507044613
2025-07-01,TAMPINES,3 ROOM,854,TAMPINES ST 82,07 TO 09,74,Model A,1985,59 years 03 months,481888,7,44,478948.97743344854
2025-08-01,TAMPINES,3 ROOM,848,TAMPINES ST 82,10 TO 12,74,Model A,1985,59 years 01 month,490000,10,44,484881.08507044613
2025-09-01,TAMPINES,3 ROOM,848,TAMPINES ST 82,10 TO 12,74,Model A,1985,59 years,501000,10,44,484881.08507044613
2025-07-01,TAMPINES,3 ROOM,845,TAMPINES ST 83,07 TO 09,74,Model A,1987,61 years 06 months,480000,7,44,478948.97743344854
2025-07-01,TAMPINES,3 ROOM,847,TAMPINES ST 83,10 TO 12,74,Model A,1987,61 years 04 months,458000,10,44,484881.08507044613
2025-07-01,TAMPINES,3 ROOM,851,TAMPINES ST 83,10 TO 12,74,Model A,1987,61 years 05 months,484888,10,44,484881.08507044613
2025-07-01,TAMPINES,3 ROOM,883,TAMPINES ST 84,01 TO 03,74,Model A,1988,61 years 11 months,445000,1,44,467383.251039473
2025-07-01,TAMPINES,3 ROOM,875,TAMPINES ST 84,10 TO 12,74,Model A,1988,62 years,531000,10,44,484881.08507044613
2025-09-01,TAMPINES,3 ROOM,877,TAMPINES ST 84,04 TO 06,74,Model A,1988,61 years 11 months,508000,4,44,473267.403807585
2025-09-01,TAMPINES,3 ROOM,883,TAMPINES ST 84,04 TO 06,74,Model A,1988,61 years 08 months,473000,4,44,473267.403807585
2025-07-01,TAMPINES,3 ROOM,929,TAMPINES ST 91,10 TO 12,73,Model A,1984,58 years 02 months,498000,10,44,482084.7977963886
2025-08-01,TAMPINES,3 ROOM,924,TAMPINES ST 91,10 TO 12,73,Model A,1983,57 years 03 months,490000,10,44,482084.7977963886
2025-09-01,TAMPINES,3 ROOM,929,TAMPINES ST 91,07 TO 09,73,Model A,1984,58 years,488000,7,44,477340.51153843803
2025-08-01,TAMPINES,4 ROOM,168A,SIMEI LANE,07 TO 09,94,DBSS,2011,84 years 07 months,865000,7,44,842655.0398006891
2025-09-01,TAMPINES,4 ROOM,167C,SIMEI LANE,07 TO 09,94,DBSS,2011,84 years 06 months,885000,7,44,842655.0398006891
2025-07-01,TAMPINES,4 ROOM,163,SIMEI RD,04 TO 06,104,Model A,1989,62 years 11 months,640000,4,44,641252.9375769289
2025-08-01,TAMPINES,4 ROOM,157,SIMEI RD,04 TO 06,104,Model A,1989,62 years 08 months,645000,4,44,641252.9375769289
2025-08-01,TAMPINES,4 ROOM,165,SIMEI RD,01 TO 03,104,Model A,1989,62 years 09 months,620000,1,44,622331.5913696808
2025-09-01,TAMPINES,4 ROOM,165,SIMEI RD,01 TO 03,104,Model A,1989,62 years 08 months,625000,1,44,622331.5913696808
2025-07-01,TAMPINES,4 ROOM,256,SIMEI ST 1,01 TO 03,101,Model A,1996,70 years 05 months,623000,1,44,619221.0180152048
2025-07-01,TAMPINES,4 ROOM,110,SIMEI ST 1,01 TO 03,108,Model A,1988,61 years 11 months,676000,1,44,620236.9307526522
2025-07-01,TAMPINES,4 ROOM,138,SIMEI ST 1,07 TO 09,88,Simplified,1988,62 years,584000,7,44,595046.5105788247
2025-07-01,TAMPINES,4 ROOM,138,SIMEI ST 1,04 TO 06,88,Simplified,1988,62 years,580000,4,44,585939.8822184466
2025-07-01,TAMPINES,4 ROOM,123,SIMEI ST 1,01 TO 03,104,Model A,1988,62 years 04 months,660000,1,44,622331.5913696808
2025-08-01,TAMPINES,4 ROOM,123,SIMEI ST 1,01 TO 03,104,Model A,1988,62 years 03 months,645000,1,44,622331.5913696808
2025-08-01,TAMPINES,4 ROOM,127,SIMEI ST 1,07 TO 09,84,Simplified,1987,61 years 04 months,583000,7,44,570215.9507523892
2025-09-01,TAMPINES,4 ROOM,117,SIMEI ST 1,07 TO 09,84,Simplified,1988,61 years 08 months,580000,7,44,570215.9507523892
2025-09-01,TAMPINES,4 ROOM,101,SIMEI ST 1,10 TO 12,104,Model A,1988,62 years,680000,10,44,654523.8340441922
2025-07-01,TAMPINES,4 ROOM,233,SIMEI ST 4,01 TO 03,104,Model A,1989,62 years 11 months,636000,1,44,622331.5913696808
2025-08-01,TAMPINES,4 ROOM,230,SIMEI ST 4,04 TO 06,104,Model A,1988,62 years,660000,4,44,641252.9375769289
2025-08-01,TAMPINES,4 ROOM,228,SIMEI ST 4,04 TO 06,103,Model A,1988,61 years 11 months,670000,4,44,638783.8753724182
2025-09-01,TAMPINES,4 ROOM,232,SIMEI ST 4,04 TO 06,104,Model A,1989,63 years,628000,4,44,641252.9375769289
2025-09-01,TAMPINES,4 ROOM,224,SIMEI ST 4,04 TO 06,108,Model A,1989,62 years 10 months,668000,4,44,638014.5520730864
2025-07-01,TAMPINES,4 ROOM,890A,TAMPINES AVE 1,04 TO 06,93,Model A,2015,89 years 02 months,792000,4,44,721376.9190407763
2025-07-01,TAMPINES,4 ROOM,890B,TAMPINES AVE 1,13 TO 15,93,Model A,2015,89 years 02 months,830000,13,44,768927.279419479
2025-07-01,TAMPINES,4 ROOM,890A,TAMPINES AVE 1,01 TO 03,93,Model A,2015,89 years 02 months,748888,1,44,698035.0819520538
2025-08-01,TAMPINES,4 ROOM,890A,TAMPINES AVE 1,10 TO 12,93,Model A,2015,89 years 02 months,820000,10,44,756999.2704147153
2025-08-01,TAMPINES,4 ROOM,890B,TAMPINES AVE 1,04 TO 06,93,Model A,2015,89 years 02 months,790000,4,44,721376.9190407763
2025-08-01,TAMPINES,4 ROOM,890B,TAMPINES AVE 1,07 TO 09,93,Model A,2015,89 years 01 month,825000,7,44,748041.4665741139
2025-09-01,TAMPINES,4 ROOM,890A,TAMPINES AVE 1,10 TO 12,93,Model A,2015,89 years 01 month,838888,10,44,756999.2704147153
2025-09-01,TAMPINES,4 ROOM,890C,TAMPINES AVE 1,07 TO 09,93,Model A,2015,89 years,801888,7,44,748041.4665741139
2025-07-01,TAMPINES,4 ROOM,909,TAMPINES AVE 4,10 TO 12,105,Model A,1984,57 years 10 months,680000,10,44,664313.0447471114
2025-07-01,TAMPINES,4 ROOM,812,TAMPINES AVE 4,10 TO 12,91,New Generation,1984,58 years 03 months,610000,10,44,612708.430904689
2025-07-01,TAMPINES,4 ROOM,902,TAMPINES AVE 4,01 TO 03,104,Model A,1984,58 years 01 month,630000,1,44,622331.5913696808
2025-07-01,TAMPINES,4 ROOM,812,TAMPINES AVE 4,01 TO 03,91,New Generation,1984,58 years 02 months,585000,1,44,588251.3912746637
2025-07-01,TAMPINES,4 ROOM,945,TAMPINES AVE 4,04 TO 06,104,Model A,1988,62 years,674888,4,44,641252.9375769289
2025-08-01,TAMPINES,4 ROOM,802,TAMPINES AVE 4,04 TO 06,93,New Generation,1984,57 years 11 months,565000,4,44,625709.4563896912
2025-08-01,TAMPINES,4 ROOM,946,TAMPINES AVE 4,07 TO 09,104,Model A,1988,62 years,735000,7,44,652001.7261368345
2025-08-01,TAMPINES,4 ROOM,946,TAMPINES AVE 4,10 TO 12,104,Model A,1988,62 years,692000,10,44,654523.8340441922
2025-09-01,TAMPINES,4 ROOM,812,TAMPINES AVE 4,07 TO 09,91,New Generation,1984,58 years 01 month,615000,7,44,614380.886714241
2025-09-01,TAMPINES,4 ROOM,812,TAMPINES AVE 4,04 TO 06,91,New Generation,1984,58 years 01 month,605000,4,44,608697.8830646613
2025-09-01,TAMPINES,4 ROOM,807,TAMPINES AVE 4,07 TO 09,104,Model A,1984,57 years 07 months,628000,7,44,652001.7261368345
2025-07-01,TAMPINES,4 ROOM,936,TAMPINES AVE 5,04 TO 06,104,Model A,1988,62 years 03 months,666000,4,44,641252.9375769289
2025-08-01,TAMPINES,4 ROOM,859,TAMPINES AVE 5,04 TO 06,104,Model A,1988,61 years 11 months,638800,4,44,641252.9375769289
2025-09-01,TAMPINES,4 ROOM,393,TAMPINES AVE 7,07 TO 09,105,Model A,1994,68 years 02 months,670000,7,44,655512.9006676907
2025-08-01,TAMPINES,4 ROOM,879A,TAMPINES AVE 8,10 TO 12,93,Model A,2017,90 years 11 months,730000,10,44,756999.2704147153
2025-08-01,TAMPINES,4 ROOM,878B,TAMPINES AVE 8,07 TO 09,93,Model A,2017,90 years 10 months,730000,7,44,748041.4665741139
2025-09-01,TAMPINES,4 ROOM,868B,TAMPINES AVE 8,01 TO 03,92,Model A,2015,88 years 10 months,688000,1,44,694750.3494699203
2025-09-01,TAMPINES,4 ROOM,880,TAMPINES AVE 8,07 TO 09,108,Model A,1988,61 years 07 months,668888,7,44,656557.5636533906
2025-09-01,TAMPINES,4 ROOM,879A,TAMPINES AVE 8,10 TO 12,93,Model A,2017,90 years 09 months,765000,10,44,756999.2704147153
2025-07-01,TAMPINES,4 ROOM,604B,TAMPINES AVE 9,13 TO 15,92,Model A,2020,93 years 08 months,795888,13,44,760159.1068948655
2025-07-01,TAMPINES,4 ROOM,486B,TAMPINES AVE 9,01 TO 03,107,Model A,1993,67 years 03 months,628000,1,44,620256.529195487
2025-07-01,TAMPINES,4 ROOM,601B,TAMPINES AVE 9,10 TO 12,92,Model A,2020,93 years 07 months,785000,10,44,749537.3601075562
2025-08-01,TAMPINES,4 ROOM,601C,TAMPINES AVE 9,04 TO 06,92,Model A,2020,93 years 07 months,750000,4,44,719932.4775502465
2025-08-01,TAMPINES,4 ROOM,601C,TAMPINES AVE 9,07 TO 09,92,Model A,2020,93 years 07 months,785000,7,44,742904.5630038672
2025-08-01,TAMPINES,4 ROOM,601A,TAMPINES AVE 9,04 TO 06,92,Model A,2020,93 years 06 months,735000,4,44,719932.4775502465
2025-08-01,TAMPINES,4 ROOM,485B,TAMPINES AVE 9,07 TO 09,104,Model A,1989,62 years 09 months,648000,7,44,652001.7261368345
2025-09-01,TAMPINES,4 ROOM,486B,TAMPINES AVE 9,01 TO 03,107,Model A,1993,67 years 01 month,610000,1,44,620256.529195487
2025-09-01,TAMPINES,4 ROOM,601C,TAMPINES AVE 9,16 TO 18,92,Model A,2020,93 years 06 months,790000,16,44,763672.7982406386
2025-09-01,TAMPINES,4 ROOM,604A,TAMPINES AVE 9,13 TO 15,92,Model A,2020,93 years 05 months,761888,13,44,760159.1068948655
2025-08-01,TAMPINES,4 ROOM,508,TAMPINES CTRL 1,01 TO 03,114,Model A,1989,63 years 04 months,790000,1,44,647808.1546241372
2025-07-01,TAMPINES,4 ROOM,522B,TAMPINES CTRL 7,16 TO 18,93,Model A,2015,89 years 02 months,830888,16,44,776479.8183227245
2025-07-01,TAMPINES,4 ROOM,522C,TAMPINES CTRL 7,07 TO 09,93,Model A,2015,89 years 02 months,800000,7,44,748041.4665741139
2025-07-01,TAMPINES,4 ROOM,523C,TAMPINES CTRL 7,07 TO 09,93,Model A,2015,89 years 01 month,780000,7,44,748041.4665741139
2025-08-01,TAMPINES,4 ROOM,524B,TAMPINES CTRL 7,10 TO 12,93,Model A,2015,89 years 01 month,805000,10,44,756999.2704147153
2025-08-01,TAMPINES,4 ROOM,522C,TAMPINES CTRL 7,07 TO 09,93,Model A,2015,89 years,788000,7,44,748041.4665741139
2025-08-01,TAMPINES,4 ROOM,523C,TAMPINES CTRL 7,10 TO 12,93,Model A,2015,89 years 01 month,790000,10,44,756999.2704147153
2025-08-01,TAMPINES,4 ROOM,515A,TAMPINES CTRL 7,10 TO 12,92,DBSS,2008,82 years 04 months,850888,10,44,840591.2614772103
2025-09-01,TAMPINES,4 ROOM,522B,TAMPINES CTRL 7,13 TO 15,93,Model A,2015,89 years,825000,13,44,768927.279419479
2025-09-01,TAMPINES,4 ROOM,522C,TAMPINES CTRL 7,10 TO 12,93,Model A,2015,88 years 11 months,828000,10,44,756999.2704147153
2025-09-01,TAMPINES,4 ROOM,520A,TAMPINES CTRL 8,01 TO 03,84,DBSS,2014,87 years 10 months,780000,1,44,802736.2250368078
2025-09-01,TAMPINES,4 ROOM,519B,TAMPINES CTRL 8,10 TO 12,84,DBSS,2014,87 years 09 months,858888,10,44,871359.9503730644
2025-07-01,TAMPINES,4 ROOM,614A,TAMPINES NTH DR 1,10 TO 12,93,Model A,2021,94 years 07 months,765000,10,44,756999.2704147153
2025-07-01,TAMPINES,4 ROOM,610A,TAMPINES NTH DR 1,10 TO 12,93,Model A,2020,94 years 04 months,775000,10,44,756999.2704147153
2025-07-01,TAMPINES,4 ROOM,613A,TAMPINES NTH DR 1,07 TO 09,93,Model A,2020,94 years 04 months,765000,7,44,748041.4665741139
2025-07-01,TAMPINES,4 ROOM,609B,TAMPINES NTH DR 1,04 TO 06,93,Model A,2020,94 years 03 months,775000,4,44,721376.9190407763
2025-07-01,TAMPINES,4 ROOM,614A,TAMPINES NTH DR 1,04 TO 06,93,Model A,2021,94 years 07 months,763000,4,44,721376.9190407763
2025-07-01,TAMPINES,4 ROOM,613B,TAMPINES NTH DR 1,04 TO 06,93,Model A,2020,94 years 03 months,752000,4,44,721376.9190407763
2025-07-01,TAMPINES,4 ROOM,609B,TAMPINES NTH DR 1,01 TO 03,93,Model A,2020,94 years 03 months,748000,1,44,698035.0819520538
2025-07-01,TAMPINES,4 ROOM,608B,TAMPINES NTH DR 1,13 TO 15,93,Model A,2020,94 years 03 months,785000,13,44,768927.279419479
2025-08-01,TAMPINES,4 ROOM,610A,TAMPINES NTH DR 1,07 TO 09,93,Model A,2020,94 years 03 months,796000,7,44,748041.4665741139
2025-08-01,TAMPINES,4 ROOM,612B,TAMPINES NTH DR 1,10 TO 12,93,Model A,2020,94 years 03 months,770000,10,44,756999.2704147153
2025-08-01,TAMPINES,4 ROOM,609C,TAMPINES NTH DR 1,04 TO 06,93,Model A,2020,94 years 02 months,760000,4,44,721376.9190407763
2025-08-01,TAMPINES,4 ROOM,612B,TAMPINES NTH DR 1,04 TO 06,93,Model A,2020,94 years 02 months,770888,4,44,721376.9190407763
2025-08-01,TAMPINES,4 ROOM,609A,TAMPINES NTH DR 1,04 TO 06,93,Model A,2020,94 years 02 months,762000,4,44,721376.9190407763
2025-08-01,TAMPINES,4 ROOM,608A,TAMPINES NTH DR 1,10 TO 12,93,Model A,2020,94 years 02 months,780088,10,44,756999.2704147153
2025-08-01,TAMPINES,4 ROOM,609A,TAMPINES NTH DR 1,13 TO 15,93,Model A,2020,94 years 02 months,820000,13,44,768927.279419479
2025-09-01,TAMPINES,4 ROOM,608A,TAMPINES NTH DR 1,07 TO 09,93,Model A,2020,94 years 02 months,775000,7,44,748041.4665741139
2025-09-01,TAMPINES,4 ROOM,609C,TAMPINES NTH DR 1,04 TO 06,93,Model A,2020,94 years 02 months,739888,4,44,721376.9190407763
2025-09-01,TAMPINES,4 ROOM,614A,TAMPINES NTH DR 1,13 TO 15,93,Model A,2021,94 years 05 months,795000,13,44,768927.279419479
2025-09-01,TAMPINES,4 ROOM,612A,TAMPINES NTH DR 1,07 TO 09,93,Model A,2020,94 years 02 months,778000,7,44,748041.4665741139
2025-09-01,TAMPINES,4 ROOM,609C,TAMPINES NTH DR 1,07 TO 09,93,Model A,2020,94 years 02 months,760000,7,44,748041.4665741139
2025-09-01,TAMPINES,4 ROOM,614A,TAMPINES NTH DR 1,04 TO 06,93,Model A,2021,94 years 04 months,745000,4,44,721376.9190407763
2025-09-01,TAMPINES,4 ROOM,613B,TAMPINES NTH DR 1,01 TO 03,93,Model A,2020,94 years 01 month,725000,1,44,698035.0819520538
2025-08-01,TAMPINES,4 ROOM,103,TAMPINES ST 11,01 TO 03,104,Model A,1982,55 years 11 months,595000,1,44,622331.5913696808
2025-08-01,TAMPINES,4 ROOM,109,TAMPINES ST 11,04 TO 06,107,Model A,1984,58 years 02 months,618000,4,44,636384.9308637724
2025-09-01,TAMPINES,4 ROOM,107,TAMPINES ST 11,04 TO 06,115,Model A,1984,58 years 01 month,630000,4,44,668714.0115213027
2025-07-01,TAMPINES,4 ROOM,162,TAMPINES ST 12,04 TO 06,103,Model A,1984,58 years 01 month,640000,4,44,638783.8753724182
2025-07-01,TAMPINES,4 ROOM,166,TAMPINES ST 12,01 TO 03,107,Model A,1984,58 years 01 month,628000,1,44,620256.529195487
2025-07-01,TAMPINES,4 ROOM,166,TAMPINES ST 12,04 TO 06,103,Model A,1984,57 years 11 months,650000,4,44,638783.8753724182
2025-07-01,TAMPINES,4 ROOM,164,TAMPINES ST 12,07 TO 09,106,Model A,1984,58 years 04 months,655000,7,44,651352.1250898353
2025-08-01,TAMPINES,4 ROOM,166,TAMPINES ST 12,04 TO 06,104,Model A,1984,57 years 11 months,629000,4,44,641252.9375769289
2025-08-01,TAMPINES,4 ROOM,166,TAMPINES ST 12,01 TO 03,108,Model A,1984,57 years 10 months,625000,1,44,620236.9307526522
2025-08-01,TAMPINES,4 ROOM,141,TAMPINES ST 12,04 TO 06,103,Model A,1984,58 years 01 month,620000,4,44,638783.8753724182
2025-08-01,TAMPINES,4 ROOM,144,TAMPINES ST 12,04 TO 06,103,Model A,1985,58 years 07 months,633000,4,44,638783.8753724182
2025-09-01,TAMPINES,4 ROOM,158,TAMPINES ST 12,10 TO 12,91,New Generation,1984,57 years 10 months,650000,10,44,612708.430904689
2025-09-01,TAMPINES,4 ROOM,161,TAMPINES ST 12,07 TO 09,105,Model A,1984,58 years,670000,7,44,655512.9006676907
2025-07-01,TAMPINES,4 ROOM,251,TAMPINES ST 21,04 TO 06,102,Model A,1985,58 years 07 months,625000,4,44,641842.5797718677
2025-07-01,TAMPINES,4 ROOM,203,TAMPINES ST 21,07 TO 09,108,Model A,1983,57 years 04 months,658000,7,44,656557.5636533906
2025-07-01,TAMPINES,4 ROOM,240,TAMPINES ST 21,10 TO 12,105,Model A,1984,58 years 01 month,688000,10,44,664313.0447471114
2025-07-01,TAMPINES,4 ROOM,267,TAMPINES ST 21,01 TO 03,104,Model A,1983,57 years 01 month,585000,1,44,622331.5913696808
2025-07-01,TAMPINES,4 ROOM,259,TAMPINES ST 21,01 TO 03,103,Model A,1985,58 years 07 months,600000,1,44,621864.5040606663
2025-07-01,TAMPINES,4 ROOM,234,TAMPINES ST 21,07 TO 09,104,Model A,1984,58 years 05 months,655000,7,44,652001.7261368345
2025-08-01,TAMPINES,4 ROOM,269,TAMPINES ST 21,01 TO 03,104,Model A,1984,57 years 08 months,608000,1,44,622331.5913696808
2025-08-01,TAMPINES,4 ROOM,247,TAMPINES ST 21,10 TO 12,91,New Generation,1984,57 years 08 months,630000,10,44,612708.430904689
2025-09-01,TAMPINES,4 ROOM,250,TAMPINES ST 21,07 TO 09,117,Model A,1984,58 years 04 months,660000,7,44,675939.7064624967
2025-09-01,TAMPINES,4 ROOM,269,TAMPINES ST 21,01 TO 03,104,Model A,1984,57 years 07 months,650000,1,44,622331.5913696808
2025-09-01,TAMPINES,4 ROOM,271,TAMPINES ST 21,07 TO 09,116,Model A,1984,58 years 01 month,600000,7,44,672166.8715993359
2025-09-01,TAMPINES,4 ROOM,253,TAMPINES ST 21,01 TO 03,103,Model A,1984,57 years 10 months,580000,1,44,621864.5040606663
2025-09-01,TAMPINES,4 ROOM,206,TAMPINES ST 21,01 TO 03,133,Model A,1982,55 years 11 months,710000,1,44,689449.9502157087
2025-07-01,TAMPINES,4 ROOM,289,TAMPINES ST 22,10 TO 12,97,New Generation,1985,58 years 10 months,555000,10,44,616858.4105254678
2025-07-01,TAMPINES,4 ROOM,277,TAMPINES ST 22,07 TO 09,104,Model A,1985,58 years 07 months,600000,7,44,652001.7261368345
2025-08-01,TAMPINES,4 ROOM,272,TAMPINES ST 22,01 TO 03,103,Model A,1984,57 years 11 months,610000,1,44,621864.5040606663
2025-08-01,TAMPINES,4 ROOM,283,TAMPINES ST 22,01 TO 03,103,Model A,1984,58 years 02 months,585000,1,44,621864.5040606663
2025-09-01,TAMPINES,4 ROOM,290,TAMPINES ST 22,01 TO 03,97,New Generation,1985,59 years,585000,1,44,619060.0575252365
2025-09-01,TAMPINES,4 ROOM,274,TAMPINES ST 22,10 TO 12,105,Model A,1984,57 years 10 months,665000,10,44,664313.0447471114
2025-09-01,TAMPINES,4 ROOM,282,TAMPINES ST 22,01 TO 03,104,Model A,1984,57 years 05 months,560000,1,44,622331.5913696808
2025-09-01,TAMPINES,4 ROOM,274,TAMPINES ST 22,04 TO 06,105,Model A,1984,57 years 10 months,620000,4,44,640192.0668659962
2025-07-01,TAMPINES,4 ROOM,218,TAMPINES ST 24,07 TO 09,104,Model A,1985,58 years 07 months,685000,7,44,652001.7261368345
2025-07-01,TAMPINES,4 ROOM,354,TAMPINES ST 33,04 TO 06,107,Model A,1996,70 years 02 months,620000,4,44,636384.9308637724
2025-07-01,TAMPINES,4 ROOM,319,TAMPINES ST 33,01 TO 03,112,Model A,1995,69 years 03 months,608000,1,44,635617.1129729954
2025-08-01,TAMPINES,4 ROOM,342,TAMPINES ST 33,04 TO 06,111,Model A,1995,69 years 04 months,575000,4,44,640980.919288969
2025-08-01,TAMPINES,4 ROOM,320,TAMPINES ST 33,10 TO 12,112,Model A,1995,69 years 02 months,666000,10,44,693214.4403634268
2025-08-01,TAMPINES,4 ROOM,340,TAMPINES ST 33,01 TO 03,112,Model A,1995,69 years 04 months,600000,1,44,635617.1129729954
2025-08-01,TAMPINES,4 ROOM,353,TAMPINES ST 33,07 TO 09,107,Model A,1996,70 years,625000,7,44,652789.096617752
2025-08-01,TAMPINES,4 ROOM,322,TAMPINES ST 33,01 TO 03,109,Model A,1995,69 years 02 months,590000,1,44,619472.8859577974
2025-09-01,TAMPINES,4 ROOM,342,TAMPINES ST 33,07 TO 09,108,Model A,1995,69 years 03 months,618888,7,44,656557.5636533906
2025-07-01,TAMPINES,4 ROOM,359,TAMPINES ST 34,01 TO 03,103,Model A,1996,69 years 10 months,620000,1,44,621864.5040606663
2025-07-01,TAMPINES,4 ROOM,359,TAMPINES ST 34,01 TO 03,107,Model A,1996,69 years 09 months,620000,1,44,620256.529195487
2025-08-01,TAMPINES,4 ROOM,362,TAMPINES ST 34,04 TO 06,109,Model A,1996,69 years 08 months,610000,4,44,636154.9003688218
2025-08-01,TAMPINES,4 ROOM,370,TAMPINES ST 34,01 TO 03,101,Model A,1997,70 years 06 months,620000,1,44,619221.0180152048
2025-09-01,TAMPINES,4 ROOM,362,TAMPINES ST 34,07 TO 09,107,Model A,1996,69 years 07 months,622000,7,44,652789.096617752
2025-09-01,TAMPINES,4 ROOM,364,TAMPINES ST 34,01 TO 03,100,Model A,1997,70 years 08 months,625000,1,44,618008.9834443678
2025-09-01,TAMPINES,4 ROOM,371,TAMPINES ST 34,07 TO 09,107,Model A,1995,69 years,632888,7,44,652789.096617752
2025-07-01,TAMPINES,4 ROOM,420,TAMPINES ST 41,07 TO 09,105,Model A,1985,59 years,673000,7,44,655512.9006676907
2025-07-01,TAMPINES,4 ROOM,406,TAMPINES ST 41,01 TO 03,84,Simplified,1986,60 years 04 months,564888,1,44,548080.5738693348
2025-07-01,TAMPINES,4 ROOM,401,TAMPINES ST 41,01 TO 03,84,Simplified,1985,59 years 02 months,565000,1,44,548080.5738693348
2025-07-01,TAMPINES,4 ROOM,418,TAMPINES ST 41,07 TO 09,105,Model A,1985,58 years 11 months,700000,7,44,655512.9006676907
2025-08-01,TAMPINES,4 ROOM,416,TAMPINES ST 41,10 TO 12,84,Simplified,1987,60 years 09 months,600000,10,44,576852.058558226
2025-08-01,TAMPINES,4 ROOM,406,TAMPINES ST 41,07 TO 09,84,Simplified,1986,60 years 03 months,618000,7,44,570215.9507523892
2025-09-01,TAMPINES,4 ROOM,414,TAMPINES ST 41,10 TO 12,104,Model A,1987,60 years 10 months,665000,10,44,654523.8340441922
2025-09-01,TAMPINES,4 ROOM,401,TAMPINES ST 41,07 TO 09,84,Simplified,1985,59 years 01 month,616000,7,44,570215.9507523892
2025-09-01,TAMPINES,4 ROOM,424,TAMPINES ST 41,04 TO 06,105,Model A,1985,58 years 07 months,640000,4,44,640192.0668659962
2025-09-01,TAMPINES,4 ROOM,416,TAMPINES ST 41,07 TO 09,84,Simplified,1987,60 years 07 months,578888,7,44,570215.9507523892
2025-09-01,TAMPINES,4 ROOM,406,TAMPINES ST 41,01 TO 03,89,Simplified,1986,60 years 01 month,610000,1,44,590852.4033382826
2025-07-01,TAMPINES,4 ROOM,456,TAMPINES ST 42,10 TO 12,84,Simplified,1987,61 years 04 months,575888,10,44,576852.058558226
2025-08-01,TAMPINES,4 ROOM,456,TAMPINES ST 42,10 TO 12,84,Simplified,1987,61 years 04 months,582000,10,44,576852.058558226
2025-09-01,TAMPINES,4 ROOM,450D,TAMPINES ST 42,07 TO 09,105,Model A,1996,70 years,640000,7,44,655512.9006676907
2025-09-01,TAMPINES,4 ROOM,456,TAMPINES ST 42,10 TO 12,84,Simplified,1987,61 years 03 months,586888,10,44,576852.058558226
2025-09-01,TAMPINES,4 ROOM,450G,TAMPINES ST 42,07 TO 09,106,Model A,1996,70 years 02 months,730888,7,44,651352.1250898353
2025-09-01,TAMPINES,4 ROOM,458,TAMPINES ST 42,04 TO 06,84,Simplified,1988,61 years 05 months,540000,4,44,550955.1960260711
2025-09-01,TAMPINES,4 ROOM,446,TAMPINES ST 42,10 TO 12,104,Model A,1985,58 years 09 months,640000,10,44,654523.8340441922
2025-08-01,TAMPINES,4 ROOM,438,TAMPINES ST 43,04 TO 06,105,Model A,1985,59 years 04 months,640000,4,44,640192.0668659962
2025-09-01,TAMPINES,4 ROOM,437,TAMPINES ST 43,07 TO 09,105,Model A,1986,59 years 11 months,638000,7,44,655512.9006676907
2025-07-01,TAMPINES,4 ROOM,463,TAMPINES ST 44,04 TO 06,108,Model A,1986,60 years 03 months,650000,4,44,638014.5520730864
2025-07-01,TAMPINES,4 ROOM,470,TAMPINES ST 44,01 TO 03,84,Simplified,1986,59 years 11 months,545000,1,44,548080.5738693348
2025-09-01,TAMPINES,4 ROOM,464,TAMPINES ST 44,01 TO 03,84,Simplified,1985,59 years 02 months,535000,1,44,548080.5738693348
2025-07-01,TAMPINES,4 ROOM,498G,TAMPINES ST 45,04 TO 06,106,Premium Apartment,1997,71 years 01 month,630000,4,44,641451.468912926
2025-07-01,TAMPINES,4 ROOM,489C,TAMPINES ST 45,01 TO 03,104,Model A,1989,62 years 11 months,600000,1,44,622331.5913696808
2025-07-01,TAMPINES,4 ROOM,494G,TAMPINES ST 45,01 TO 03,92,Model A,2018,92 years 04 months,720000,1,44,694750.3494699203
2025-07-01,TAMPINES,4 ROOM,497C,TAMPINES ST 45,07 TO 09,102,Premium Apartment,1996,69 years 11 months,658888,7,44,635976.40454735
2025-08-01,TAMPINES,4 ROOM,494H,TAMPINES ST 45,07 TO 09,93,Model A,2018,92 years 03 months,730000,7,44,748041.4665741139
2025-09-01,TAMPINES,4 ROOM,489A,TAMPINES ST 45,07 TO 09,104,Model A,1989,62 years 09 months,605000,7,44,652001.7261368345
2025-09-01,TAMPINES,4 ROOM,498E,TAMPINES ST 45,04 TO 06,106,Premium Apartment,1997,70 years 08 months,630000,4,44,641451.468912926
2025-09-01,TAMPINES,4 ROOM,490A,TAMPINES ST 45,10 TO 12,107,Model A,1993,67 years 01 month,660000,10,44,664736.8968949256
2025-09-01,TAMPINES,4 ROOM,489C,TAMPINES ST 45,10 TO 12,104,Model A,1989,62 years 10 months,650000,10,44,654523.8340441922
2025-09-01,TAMPINES,4 ROOM,497B,TAMPINES ST 45,04 TO 06,109,Premium Apartment,1996,69 years 10 months,685000,4,44,641670.4205125666
2025-09-01,TAMPINES,4 ROOM,498L,TAMPINES ST 45,07 TO 09,106,Premium Apartment,1997,70 years 07 months,665000,7,44,634763.0038521196
2025-07-01,TAMPINES,4 ROOM,605C,TAMPINES ST 61,04 TO 06,92,Model A,2020,93 years 08 months,738000,4,44,719932.4775502465
2025-07-01,TAMPINES,4 ROOM,606C,TAMPINES ST 61,04 TO 06,92,Model A,2020,93 years 08 months,758000,4,44,719932.4775502465
2025-07-01,TAMPINES,4 ROOM,605A,TAMPINES ST 61,07 TO 09,92,Model A,2020,93 years 07 months,746000,7,44,742904.5630038672
2025-08-01,TAMPINES,4 ROOM,606A,TAMPINES ST 61,04 TO 06,92,Model A,2020,93 years 07 months,790888,4,44,719932.4775502465
2025-08-01,TAMPINES,4 ROOM,606A,TAMPINES ST 61,07 TO 09,92,Model A,2020,93 years 07 months,790000,7,44,742904.5630038672
2025-09-01,TAMPINES,4 ROOM,606D,TAMPINES ST 61,13 TO 15,92,Model A,2020,93 years 06 months,802000,13,44,760159.1068948655
2025-09-01,TAMPINES,4 ROOM,606A,TAMPINES ST 61,07 TO 09,92,Model A,2020,93 years 06 months,790000,7,44,742904.5630038672
2025-09-01,TAMPINES,4 ROOM,605A,TAMPINES ST 61,13 TO 15,92,Model A,2020,93 years 05 months,818000,13,44,760159.1068948655
2025-09-01,TAMPINES,4 ROOM,606B,TAMPINES ST 61,13 TO 15,92,Model A,2020,93 years 05 months,813000,13,44,760159.1068948655
2025-07-01,TAMPINES,4 ROOM,714,TAMPINES ST 71,04 TO 06,100,Model A,1997,70 years 08 months,640000,4,44,645334.6984316349
2025-08-01,TAMPINES,4 ROOM,706,TAMPINES ST 71,01 TO 03,99,Model A,1997,71 years,607000,1,44,642005.7176273569
2025-08-01,TAMPINES,4 ROOM,711,TAMPINES ST 71,10 TO 12,99,Model A,1997,70 years 08 months,670000,10,44,680199.84198617
2025-08-01,TAMPINES,4 ROOM,724,TAMPINES ST 71,07 TO 09,103,Model A,1997,71 years,708888,7,44,650520.1789188642
2025-08-01,TAMPINES,4 ROOM,713,TAMPINES ST 71,07 TO 09,100,Model A,1997,70 years 07 months,660000,7,44,649272.5801405878
2025-09-01,TAMPINES,4 ROOM,705,TAMPINES ST 71,16 TO 18,99,Model A,1997,70 years 11 months,695000,16,44,709946.2577637413
2025-09-01,TAMPINES,4 ROOM,703,TAMPINES ST 71,07 TO 09,100,Model A,1997,71 years,645000,7,44,649272.5801405878
2025-09-01,TAMPINES,4 ROOM,702,TAMPINES ST 71,07 TO 09,100,Model A,1997,70 years 11 months,665000,7,44,649272.5801405878
2025-09-01,TAMPINES,4 ROOM,724,TAMPINES ST 71,10 TO 12,103,Model A,1997,70 years 11 months,680000,10,44,655311.5946761974
2025-09-01,TAMPINES,4 ROOM,711,TAMPINES ST 71,07 TO 09,99,Model A,1997,70 years 07 months,685000,7,44,671299.5683849084
2025-07-01,TAMPINES,4 ROOM,735,TAMPINES ST 72,01 TO 03,100,Model A,1997,71 years 05 months,618888,1,44,618008.9834443678
2025-08-01,TAMPINES,4 ROOM,719,TAMPINES ST 72,07 TO 09,100,Model A,1997,70 years 09 months,633800,7,44,649272.5801405878
2025-09-01,TAMPINES,4 ROOM,742,TAMPINES ST 72,13 TO 15,100,Model A,1997,71 years 02 months,630000,13,44,667142.168722244
2025-09-01,TAMPINES,4 ROOM,742,TAMPINES ST 72,01 TO 03,100,Model A,1997,71 years 01 month,630000,1,44,618008.9834443678
2025-09-01,TAMPINES,4 ROOM,888,TAMPINES ST 81,01 TO 03,108,Model A,1988,62 years 01 month,666000,1,44,620236.9307526522
2025-07-01,TAMPINES,4 ROOM,840,TAMPINES ST 82,01 TO 03,84,Simplified,1986,59 years 06 months,540000,1,44,548080.5738693348
2025-09-01,TAMPINES,4 ROOM,842B,TAMPINES ST 82,04 TO 06,107,Model A,1995,68 years 05 months,718000,4,44,636384.9308637724
2025-07-01,TAMPINES,4 ROOM,867,TAMPINES ST 83,04 TO 06,104,Model A,1989,62 years 07 months,630000,4,44,641252.9375769289
2025-08-01,TAMPINES,4 ROOM,855,TAMPINES ST 83,10 TO 12,84,Simplified,1987,60 years 10 months,565000,10,44,576852.058558226
2025-08-01,TAMPINES,4 ROOM,884,TAMPINES ST 83,04 TO 06,104,Model A,1988,61 years 10 months,630000,4,44,641252.9375769289
2025-08-01,TAMPINES,4 ROOM,833,TAMPINES ST 83,10 TO 12,105,Model A,1985,58 years 05 months,668000,10,44,664313.0447471114
2025-08-01,TAMPINES,4 ROOM,855,TAMPINES ST 83,04 TO 06,103,Model A,1987,60 years 09 months,669999,4,44,638783.8753724182
2025-08-01,TAMPINES,4 ROOM,837,TAMPINES ST 83,04 TO 06,84,Simplified,1985,58 years 07 months,562000,4,44,550955.1960260711
2025-09-01,TAMPINES,4 ROOM,864,TAMPINES ST 83,01 TO 03,104,Model A,1988,61 years 11 months,600800,1,44,622331.5913696808
2025-09-01,TAMPINES,4 ROOM,841,TAMPINES ST 83,04 TO 06,84,Simplified,1986,59 years 09 months,533000,4,44,550955.1960260711
2025-07-01,TAMPINES,4 ROOM,871,TAMPINES ST 84,01 TO 03,104,Model A,1988,62 years 05 months,620000,1,44,622331.5913696808
2025-07-01,TAMPINES,4 ROOM,872,TAMPINES ST 84,10 TO 12,104,Model A,1988,62 years 05 months,600000,10,44,654523.8340441922
2025-08-01,TAMPINES,4 ROOM,872,TAMPINES ST 84,10 TO 12,104,Model A,1988,62 years 04 months,638888,10,44,654523.8340441922
2025-09-01,TAMPINES,4 ROOM,874,TAMPINES ST 84,10 TO 12,104,Model A,1989,62 years 06 months,630000,10,44,654523.8340441922
2025-07-01,TAMPINES,4 ROOM,871B,TAMPINES ST 86,07 TO 09,94,Model A,2017,90 years 08 months,740888,7,44,743159.1778854243
2025-07-01,TAMPINES,4 ROOM,871B,TAMPINES ST 86,13 TO 15,94,Model A,2017,90 years 08 months,728888,13,44,764063.3807002646
2025-07-01,TAMPINES,4 ROOM,870A,TAMPINES ST 86,04 TO 06,94,Model A,2017,90 years 08 months,710000,4,44,726464.892144785
2025-07-01,TAMPINES,4 ROOM,871B,TAMPINES ST 86,01 TO 03,94,Model A,2017,90 years 08 months,705000,1,44,708183.9947526429
2025-08-01,TAMPINES,4 ROOM,870A,TAMPINES ST 86,13 TO 15,94,Model A,2017,90 years 06 months,747888,13,44,764063.3807002646
2025-09-01,TAMPINES,4 ROOM,871B,TAMPINES ST 86,04 TO 06,94,Model A,2017,90 years 06 months,738000,4,44,726464.892144785
2025-09-01,TAMPINES,4 ROOM,870A,TAMPINES ST 86,10 TO 12,93,Model A,2017,90 years 05 months,745000,10,44,756999.2704147153
2025-09-01,TAMPINES,4 ROOM,870A,TAMPINES ST 86,01 TO 03,94,Model A,2017,90 years 05 months,700000,1,44,708183.9947526429
2025-07-01,TAMPINES,4 ROOM,930,TAMPINES ST 91,07 TO 09,104,Model A,1984,58 years 06 months,668000,7,44,652001.7261368345
2025-08-01,TAMPINES,4 ROOM,921,TAMPINES ST 91,10 TO 12,104,Model A,1984,58 years 02 months,690000,10,44,654523.8340441922
2025-09-01,TAMPINES,4 ROOM,910,TAMPINES ST 91,01 TO 03,110,Model A,1984,58 years 02 months,635000,1,44,621248.7738133086
2025-09-01,TAMPINES,4 ROOM,910,TAMPINES ST 91,04 TO 06,104,Model A,1984,58 years 02 months,650000,4,44,641252.9375769289
2025-07-01,TAMPINES,5 ROOM,167A,SIMEI LANE,01 TO 03,111,DBSS,2011,84 years 09 months,930000,1,44,898209.497646376
2025-07-01,TAMPINES,5 ROOM,167C,SIMEI LANE,04 TO 06,107,DBSS,2011,84 years 08 months,970000,4,44,933274.4125154653
2025-09-01,TAMPINES,5 ROOM,167A,SIMEI LANE,07 TO 09,111,DBSS,2011,84 years 06 months,965000,7,44,950294.1958635136
2025-07-01,TAMPINES,5 ROOM,162,SIMEI RD,07 TO 09,120,Improved,1989,62 years 08 months,788000,7,44,769008.0935495821
2025-07-01,TAMPINES,5 ROOM,130,SIMEI ST 1,07 TO 09,121,Improved,1987,61 years 04 months,785000,7,44,743007.2908817948
2025-07-01,TAMPINES,5 ROOM,154,SIMEI ST 1,07 TO 09,122,Improved,1988,61 years 08 months,835000,7,44,750228.5056129592
2025-08-01,TAMPINES,5 ROOM,114,SIMEI ST 1,01 TO 03,122,Improved,1988,61 years 06 months,690000,1,44,726726.5456569616
2025-08-01,TAMPINES,5 ROOM,130,SIMEI ST 1,10 TO 12,123,Improved,1987,61 years 03 months,810000,10,44,787991.6917826635
2025-09-01,TAMPINES,5 ROOM,114,SIMEI ST 1,07 TO 09,122,Improved,1988,61 years 05 months,735000,7,44,750228.5056129592
2025-09-01,TAMPINES,5 ROOM,131,SIMEI ST 1,01 TO 03,128,Improved,1988,62 years,722000,1,44,734727.6349778047
2025-09-01,TAMPINES,5 ROOM,131,SIMEI ST 1,07 TO 09,121,Improved,1988,62 years,788000,7,44,743007.2908817948
2025-07-01,TAMPINES,5 ROOM,224,SIMEI ST 4,10 TO 12,122,Improved,1989,63 years 01 month,768000,10,44,773499.7276668968
2025-08-01,TAMPINES,5 ROOM,223,SIMEI ST 4,07 TO 09,122,Improved,1988,61 years 11 months,775000,7,44,750228.5056129592
2025-07-01,TAMPINES,5 ROOM,243,SIMEI ST 5,04 TO 06,124,Improved,1997,70 years 09 months,882000,4,44,741687.2661648339
2025-09-01,TAMPINES,5 ROOM,804,TAMPINES AVE 4,07 TO 09,125,Improved,1984,58 years 04 months,832000,7,44,745351.2833586553
2025-09-01,TAMPINES,5 ROOM,816,TAMPINES AVE 4,01 TO 03,121,Improved,1984,58 years,750000,1,44,725235.4285894188
2025-07-01,TAMPINES,5 ROOM,936,TAMPINES AVE 5,07 TO 09,122,Improved,1988,62 years 04 months,772000,7,44,750228.5056129592
2025-09-01,TAMPINES,5 ROOM,393,TAMPINES AVE 7,10 TO 12,127,Improved,1994,68 years 02 months,830000,10,44,806537.8059107031
2025-07-01,TAMPINES,5 ROOM,493A,TAMPINES AVE 9,13 TO 15,125,Improved,1993,67 years 01 month,800000,13,44,812026.2345546049
2025-08-01,TAMPINES,5 ROOM,604B,TAMPINES AVE 9,04 TO 06,119,3Gen,2020,93 years 07 months,860000,4,44,762191.7351409314
2025-08-01,TAMPINES,5 ROOM,601A,TAMPINES AVE 9,07 TO 09,112,Improved,2020,93 years 07 months,920000,7,44,873796.0615362694
2025-07-01,TAMPINES,5 ROOM,515B,TAMPINES CTRL 7,04 TO 06,113,DBSS,2008,82 years 06 months,950000,4,44,928415.521091103
2025-07-01,TAMPINES,5 ROOM,518D,TAMPINES CTRL 7,07 TO 09,110,DBSS,2008,82 years 06 months,968000,7,44,950243.8253780239
2025-07-01,TAMPINES,5 ROOM,518B,TAMPINES CTRL 7,10 TO 12,108,DBSS,2008,82 years 07 months,950000,10,44,958640.0787868064
2025-07-01,TAMPINES,5 ROOM,515A,TAMPINES CTRL 7,10 TO 12,110,DBSS,2008,82 years 06 months,978888,10,44,958600.054534533
2025-07-01,TAMPINES,5 ROOM,523A,TAMPINES CTRL 7,13 TO 15,113,Improved,2015,89 years 02 months,988000,13,44,913074.3046023685
2025-08-01,TAMPINES,5 ROOM,515D,TAMPINES CTRL 7,13 TO 15,109,DBSS,2008,82 years 05 months,1010000,13,44,985288.9009926267
2025-08-01,TAMPINES,5 ROOM,522C,TAMPINES CTRL 7,04 TO 06,113,Improved,2015,89 years,945000,4,44,866789.8460826265
2025-08-01,TAMPINES,5 ROOM,518A,TAMPINES CTRL 7,07 TO 09,110,DBSS,2008,82 years 05 months,985000,7,44,950243.8253780239
2025-08-01,TAMPINES,5 ROOM,515A,TAMPINES CTRL 7,16 TO 18,109,DBSS,2008,82 years 04 months,1008000,16,44,986218.7671240324
2025-09-01,TAMPINES,5 ROOM,515B,TAMPINES CTRL 7,13 TO 15,107,DBSS,2008,82 years 04 months,1050000,13,44,982535.6860040171
2025-09-01,TAMPINES,5 ROOM,523A,TAMPINES CTRL 7,07 TO 09,113,Improved,2015,88 years 11 months,978888,7,44,890609.3595016156
2025-07-01,TAMPINES,5 ROOM,519B,TAMPINES CTRL 8,04 TO 06,109,DBSS,2014,87 years 11 months,970000,4,44,927746.4972320268
2025-09-01,TAMPINES,5 ROOM,519D,TAMPINES CTRL 8,07 TO 09,108,DBSS,2014,87 years 10 months,1050000,7,44,945835.712536237
2025-09-01,TAMPINES,5 ROOM,519D,TAMPINES CTRL 8,13 TO 15,108,DBSS,2014,87 years 09 months,1068000,13,44,985632.8673698938
2025-09-01,TAMPINES,5 ROOM,520B,TAMPINES CTRL 8,01 TO 03,108,DBSS,2014,87 years 09 months,899000,1,44,902581.1032583601
2025-07-01,TAMPINES,5 ROOM,609A,TAMPINES NTH DR 1,13 TO 15,113,Improved,2020,94 years 04 months,938000,13,44,913074.3046023685
2025-07-01,TAMPINES,5 ROOM,608B,TAMPINES NTH DR 1,04 TO 06,113,Improved,2020,94 years 04 months,865000,4,44,866789.8460826265
2025-07-01,TAMPINES,5 ROOM,609A,TAMPINES NTH DR 1,07 TO 09,113,Improved,2020,94 years 04 months,885000,7,44,890609.3595016156
2025-07-01,TAMPINES,5 ROOM,608A,TAMPINES NTH DR 1,04 TO 06,113,Improved,2020,94 years 04 months,878800,4,44,866789.8460826265
2025-07-01,TAMPINES,5 ROOM,609A,TAMPINES NTH DR 1,07 TO 09,113,Improved,2020,94 years 04 months,875000,7,44,890609.3595016156
2025-07-01,TAMPINES,5 ROOM,608B,TAMPINES NTH DR 1,04 TO 06,113,Improved,2020,94 years 03 months,852000,4,44,866789.8460826265
2025-07-01,TAMPINES,5 ROOM,612A,TAMPINES NTH DR 1,10 TO 12,113,Improved,2020,94 years 03 months,956000,10,44,902453.5809935102
2025-07-01,TAMPINES,5 ROOM,610A,TAMPINES NTH DR 1,01 TO 03,113,Improved,2020,94 years 03 months,830000,1,44,818890.4614619743
2025-08-01,TAMPINES,5 ROOM,613B,TAMPINES NTH DR 1,07 TO 09,113,Improved,2020,94 years 03 months,942888,7,44,890609.3595016156
2025-08-01,TAMPINES,5 ROOM,609B,TAMPINES NTH DR 1,01 TO 03,113,Improved,2020,94 years 03 months,830000,1,44,818890.4614619743
2025-08-01,TAMPINES,5 ROOM,608A,TAMPINES NTH DR 1,13 TO 15,113,Improved,2020,94 years 03 months,955888,13,44,913074.3046023685
2025-08-01,TAMPINES,5 ROOM,613A,TAMPINES NTH DR 1,01 TO 03,113,Improved,2020,94 years 02 months,840000,1,44,818890.4614619743
2025-08-01,TAMPINES,5 ROOM,609B,TAMPINES NTH DR 1,04 TO 06,113,Improved,2020,94 years 03 months,890000,4,44,866789.8460826265
2025-08-01,TAMPINES,5 ROOM,610B,TAMPINES NTH DR 1,07 TO 09,113,Improved,2020,94 years 03 months,945000,7,44,890609.3595016156
2025-08-01,TAMPINES,5 ROOM,609B,TAMPINES NTH DR 1,07 TO 09,113,Improved,2020,94 years 03 months,908000,7,44,890609.3595016156
2025-08-01,TAMPINES,5 ROOM,612B,TAMPINES NTH DR 1,10 TO 12,113,Improved,2020,94 years 02 months,930000,10,44,902453.5809935102
2025-08-01,TAMPINES,5 ROOM,608C,TAMPINES NTH DR 1,04 TO 06,113,Improved,2020,94 years 02 months,958888,4,44,866789.8460826265
2025-08-01,TAMPINES,5 ROOM,610C,TAMPINES NTH DR 1,07 TO 09,113,Improved,2020,94 years 02 months,890000,7,44,890609.3595016156
2025-09-01,TAMPINES,5 ROOM,608A,TAMPINES NTH DR 1,10 TO 12,113,Improved,2020,94 years 02 months,880000,10,44,902453.5809935102
2025-09-01,TAMPINES,5 ROOM,608B,TAMPINES NTH DR 1,07 TO 09,113,Improved,2020,94 years 02 months,876888,7,44,890609.3595016156
2025-09-01,TAMPINES,5 ROOM,609A,TAMPINES NTH DR 1,04 TO 06,113,Improved,2020,94 years 02 months,860000,4,44,866789.8460826265
2025-09-01,TAMPINES,5 ROOM,608A,TAMPINES NTH DR 1,04 TO 06,113,Improved,2020,94 years 02 months,830000,4,44,866789.8460826265
2025-09-01,TAMPINES,5 ROOM,610C,TAMPINES NTH DR 1,10 TO 12,113,Improved,2020,94 years 02 months,910000,10,44,902453.5809935102
2025-09-01,TAMPINES,5 ROOM,608B,TAMPINES NTH DR 1,10 TO 12,113,Improved,2020,94 years 01 month,910000,10,44,902453.5809935102
2025-09-01,TAMPINES,5 ROOM,610A,TAMPINES NTH DR 1,04 TO 06,113,Improved,2020,94 years 01 month,870000,4,44,866789.8460826265
2025-09-01,TAMPINES,5 ROOM,610B,TAMPINES NTH DR 1,01 TO 03,113,Improved,2020,94 years 01 month,830000,1,44,818890.4614619743
2025-08-01,TAMPINES,5 ROOM,114,TAMPINES ST 11,10 TO 12,133,Model A,1982,56 years 01 month,745000,10,44,811492.0379150468
2025-09-01,TAMPINES,5 ROOM,165,TAMPINES ST 12,07 TO 09,133,Model A,1984,57 years 11 months,830000,7,44,760896.9408444262
2025-09-01,TAMPINES,5 ROOM,160,TAMPINES ST 12,01 TO 03,121,Improved,1984,57 years 07 months,788000,1,44,725235.4285894188
2025-07-01,TAMPINES,5 ROOM,232,TAMPINES ST 21,04 TO 06,123,Improved,1985,58 years 07 months,773000,4,44,741342.0958428065
2025-09-01,TAMPINES,5 ROOM,256,TAMPINES ST 21,10 TO 12,121,Improved,1984,58 years 03 months,748888,10,44,772722.3178835737
2025-07-01,TAMPINES,5 ROOM,229,TAMPINES ST 23,01 TO 03,121,Improved,1985,58 years 11 months,750000,1,44,725235.4285894188
2025-07-01,TAMPINES,5 ROOM,216,TAMPINES ST 23,07 TO 09,121,Improved,1985,58 years 09 months,729000,7,44,743007.2908817948
2025-08-01,TAMPINES,5 ROOM,210,TAMPINES ST 23,01 TO 03,121,Improved,1985,58 years 09 months,750000,1,44,725235.4285894188
2025-08-01,TAMPINES,5 ROOM,210,TAMPINES ST 23,04 TO 06,121,Improved,1985,58 years 09 months,725000,4,44,738720.3783795299
2025-09-01,TAMPINES,5 ROOM,216,TAMPINES ST 23,10 TO 12,121,Improved,1985,58 years 07 months,718888,10,44,772722.3178835737
2025-09-01,TAMPINES,5 ROOM,216,TAMPINES ST 23,04 TO 06,121,Improved,1985,58 years 06 months,730000,4,44,738720.3783795299
2025-09-01,TAMPINES,5 ROOM,230,TAMPINES ST 24,01 TO 03,121,Improved,1985,58 years 06 months,728000,1,44,725235.4285894188
2025-07-01,TAMPINES,5 ROOM,383,TAMPINES ST 32,01 TO 03,126,Improved,1993,67 years 03 months,716000,1,44,719430.5994525532
2025-07-01,TAMPINES,5 ROOM,383,TAMPINES ST 32,10 TO 12,128,Improved,1993,67 years 02 months,808000,10,44,815380.5847870866
2025-07-01,TAMPINES,5 ROOM,349,TAMPINES ST 33,04 TO 06,134,Model A,1996,69 years 11 months,770000,4,44,764764.4663331757
2025-07-01,TAMPINES,5 ROOM,351,TAMPINES ST 33,10 TO 12,126,Improved,1996,69 years 10 months,770000,10,44,797488.699708256
2025-07-01,TAMPINES,5 ROOM,349,TAMPINES ST 33,04 TO 06,126,Improved,1996,69 years 10 months,740000,4,44,740732.4913053616
2025-08-01,TAMPINES,5 ROOM,339,TAMPINES ST 33,04 TO 06,137,Model A,1995,69 years 04 months,735000,4,44,779747.4905857448
2025-09-01,TAMPINES,5 ROOM,340,TAMPINES ST 33,01 TO 03,137,Model A,1995,69 years 04 months,750000,1,44,756895.7602519621
2025-09-01,TAMPINES,5 ROOM,323,TAMPINES ST 33,04 TO 06,130,Improved,1995,69 years,758000,4,44,758357.2738760478
2025-09-01,TAMPINES,5 ROOM,345,TAMPINES ST 33,07 TO 09,126,Improved,1996,69 years 09 months,740000,7,44,749973.6598227266
2025-08-01,TAMPINES,5 ROOM,359,TAMPINES ST 34,07 TO 09,126,Improved,1996,69 years 07 months,743800,7,44,749973.6598227266
2025-08-01,TAMPINES,5 ROOM,371,TAMPINES ST 34,07 TO 09,125,Improved,1995,69 years 01 month,788000,7,44,745351.2833586553
2025-09-01,TAMPINES,5 ROOM,359,TAMPINES ST 34,04 TO 06,121,Improved,1996,69 years 06 months,730000,4,44,738720.3783795299
2025-09-01,TAMPINES,5 ROOM,364,TAMPINES ST 34,10 TO 12,121,Improved,1997,70 years 07 months,765888,10,44,772722.3178835737
2025-09-01,TAMPINES,5 ROOM,367,TAMPINES ST 34,01 TO 03,120,Improved,1997,70 years 08 months,726888,1,44,732195.629347955
2025-07-01,TAMPINES,5 ROOM,411,TAMPINES ST 41,10 TO 12,123,Improved,1985,59 years 02 months,758000,10,44,787991.6917826635
2025-08-01,TAMPINES,5 ROOM,412,TAMPINES ST 41,04 TO 06,123,Improved,1985,59 years 03 months,756000,4,44,741342.0958428065
2025-09-01,TAMPINES,5 ROOM,412,TAMPINES ST 41,04 TO 06,138,Model A,1985,59 years 01 month,830000,4,44,774871.7400996275
2025-08-01,TAMPINES,5 ROOM,450D,TAMPINES ST 42,07 TO 09,135,Model A,1996,70 years 01 month,880000,7,44,772041.7616927422
2025-07-01,TAMPINES,5 ROOM,440,TAMPINES ST 43,01 TO 03,122,Improved,1986,59 years 11 months,705000,1,44,726726.5456569616
2025-07-01,TAMPINES,5 ROOM,496B,TAMPINES ST 43,01 TO 03,121,Improved,1993,67 years,715000,1,44,725235.4285894188
2025-07-01,TAMPINES,5 ROOM,496B,TAMPINES ST 43,10 TO 12,126,Improved,1993,67 years,775000,10,44,797488.699708256
2025-07-01,TAMPINES,5 ROOM,496C,TAMPINES ST 43,04 TO 06,121,Improved,1993,67 years,755000,4,44,738720.3783795299
2025-09-01,TAMPINES,5 ROOM,496B,TAMPINES ST 43,10 TO 12,126,Improved,1993,66 years 11 months,790000,10,44,797488.699708256
2025-07-01,TAMPINES,5 ROOM,490A,TAMPINES ST 45,10 TO 12,127,Improved,1993,67 years 03 months,780000,10,44,806537.8059107031
2025-07-01,TAMPINES,5 ROOM,491C,TAMPINES ST 45,01 TO 03,123,Improved,1993,67 years 01 month,715000,1,44,725411.4659411624
2025-07-01,TAMPINES,5 ROOM,491D,TAMPINES ST 45,07 TO 09,124,Improved,1993,67 years 01 month,750000,7,44,747577.7072556184
2025-07-01,TAMPINES,5 ROOM,489B,TAMPINES ST 45,04 TO 06,140,Model A,1993,67 years 02 months,750000,4,44,787687.4462544705
2025-07-01,TAMPINES,5 ROOM,492C,TAMPINES ST 45,10 TO 12,122,Improved,1993,67 years,768000,10,44,773499.7276668968
2025-07-01,TAMPINES,5 ROOM,498G,TAMPINES ST 45,04 TO 06,125,Premium Apartment,1997,71 years,718000,4,44,756705.712076982
2025-08-01,TAMPINES,5 ROOM,494J,TAMPINES ST 45,01 TO 03,113,Improved,2018,92 years 03 months,785000,1,44,818890.4614619743
2025-08-01,TAMPINES,5 ROOM,498J,TAMPINES ST 45,04 TO 06,125,Premium Apartment,1997,70 years 08 months,745000,4,44,756705.712076982
2025-08-01,TAMPINES,5 ROOM,497B,TAMPINES ST 45,10 TO 12,131,Premium Apartment,1996,69 years 11 months,830000,10,44,801292.5506631878
2025-08-01,TAMPINES,5 ROOM,494J,TAMPINES ST 45,07 TO 09,113,Improved,2018,92 years 03 months,830000,7,44,890609.3595016156
2025-07-01,TAMPINES,5 ROOM,605A,TAMPINES ST 61,04 TO 06,112,Improved,2020,93 years 08 months,878888,4,44,860948.3069841062
2025-07-01,TAMPINES,5 ROOM,605C,TAMPINES ST 61,04 TO 06,112,Improved,2020,93 years 07 months,902888,4,44,860948.3069841062
2025-09-01,TAMPINES,5 ROOM,605D,TAMPINES ST 61,01 TO 03,112,Improved,2020,93 years 06 months,922000,1,44,806984.1740528427
2025-09-01,TAMPINES,5 ROOM,605A,TAMPINES ST 61,07 TO 09,112,Improved,2020,93 years 06 months,878000,7,44,873796.0615362694
2025-07-01,TAMPINES,5 ROOM,730,TAMPINES ST 71,10 TO 12,120,Improved,1997,71 years 06 months,830000,10,44,789719.951223357
2025-07-01,TAMPINES,5 ROOM,724,TAMPINES ST 71,13 TO 15,120,Improved,1997,71 years 02 months,840888,13,44,825333.0971042956
2025-07-01,TAMPINES,5 ROOM,725,TAMPINES ST 71,07 TO 09,125,Improved,1997,71 years 02 months,824888,7,44,745351.2833586553
2025-09-01,TAMPINES,5 ROOM,716,TAMPINES ST 71,10 TO 12,120,Improved,1997,70 years 07 months,782888,10,44,789719.951223357
2025-08-01,TAMPINES,5 ROOM,722,TAMPINES ST 72,07 TO 09,120,Improved,1997,70 years 08 months,818000,7,44,769008.0935495821
2025-09-01,TAMPINES,5 ROOM,720,TAMPINES ST 72,04 TO 06,120,Improved,1997,70 years 08 months,780000,4,44,756326.4085861259
2025-09-01,TAMPINES,5 ROOM,741,TAMPINES ST 72,07 TO 09,122,Improved,1997,71 years 03 months,780766,7,44,750228.5056129592
2025-09-01,TAMPINES,5 ROOM,720,TAMPINES ST 72,01 TO 03,120,Improved,1997,70 years 07 months,780000,1,44,732195.629347955
2025-09-01,TAMPINES,5 ROOM,819,TAMPINES ST 81,04 TO 06,136,Adjoined flat,1984,58 years 03 months,932888,4,44,837780.1514412137
2025-07-01,TAMPINES,5 ROOM,856,TAMPINES ST 82,04 TO 06,122,Improved,1986,59 years 10 months,750000,4,44,739840.0144018364
2025-08-01,TAMPINES,5 ROOM,842G,TAMPINES ST 82,10 TO 12,133,Model A,1995,69 years 01 month,950000,10,44,811492.0379150468
2025-07-01,TAMPINES,5 ROOM,868,TAMPINES ST 83,10 TO 12,121,Improved,1989,62 years 08 months,768000,10,44,772722.3178835737
2025-09-01,TAMPINES,5 ROOM,843,TAMPINES ST 83,07 TO 09,122,Improved,1988,61 years 05 months,700000,7,44,750228.5056129592
2025-07-01,TAMPINES,5 ROOM,873,TAMPINES ST 84,07 TO 09,121,Improved,1988,62 years 05 months,721000,7,44,743007.2908817948
2025-07-01,TAMPINES,5 ROOM,882,TAMPINES ST 84,07 TO 09,122,Improved,1986,60 years 03 months,770000,7,44,750228.5056129592
2025-07-01,TAMPINES,5 ROOM,870A,TAMPINES ST 86,04 TO 06,114,Improved,2017,90 years 07 months,880000,4,44,824824.4718897061
2025-09-01,TAMPINES,5 ROOM,871C,TAMPINES ST 86,10 TO 12,114,Improved,2017,90 years 05 months,910000,10,44,859819.8193569793
2025-07-01,TAMPINES,EXECUTIVE,147,SIMEI ST 2,01 TO 03,146,Maisonette,1988,61 years 09 months,965000,1,44,941713.853071962
2025-08-01,TAMPINES,EXECUTIVE,229,SIMEI ST 4,10 TO 12,146,Maisonette,1988,62 years,1108000,10,44,998942.7045864942
2025-07-01,TAMPINES,EXECUTIVE,938,TAMPINES AVE 5,07 TO 09,146,Maisonette,1988,62 years 04 months,1000000,7,44,1009306.289534916
2025-07-01,TAMPINES,EXECUTIVE,941,TAMPINES AVE 5,04 TO 06,146,Maisonette,1988,62 years 04 months,1045000,4,44,1006688.7132784962
2025-07-01,TAMPINES,EXECUTIVE,944,TAMPINES AVE 5,10 TO 12,146,Maisonette,1989,62 years 10 months,1188888,10,44,998942.7045864942
2025-07-01,TAMPINES,EXECUTIVE,147,TAMPINES AVE 5,04 TO 06,148,Maisonette,1985,58 years 09 months,920000,4,44,980609.4299634903
2025-08-01,TAMPINES,EXECUTIVE,148,TAMPINES AVE 5,01 TO 03,148,Apartment,1985,58 years 06 months,970000,1,44,917049.5019795864
2025-09-01,TAMPINES,EXECUTIVE,147,TAMPINES AVE 5,01 TO 03,150,Maisonette,1985,58 years 08 months,970000,1,44,953215.0872156122
2025-09-01,TAMPINES,EXECUTIVE,125,TAMPINES ST 11,07 TO 09,146,Maisonette,1985,59 years 03 months,925000,7,44,1009306.289534916
2025-09-01,TAMPINES,EXECUTIVE,230G,TAMPINES ST 21,10 TO 12,147,Apartment,1993,66 years 10 months,1035000,10,44,955787.4553270342
2025-07-01,TAMPINES,EXECUTIVE,332,TAMPINES ST 32,10 TO 12,149,Apartment,1996,69 years 06 months,918000,10,44,981146.5960080706
2025-08-01,TAMPINES,EXECUTIVE,326,TAMPINES ST 32,04 TO 06,146,Maisonette,1995,69 years 05 months,938000,4,44,1006688.7132784962
2025-09-01,TAMPINES,EXECUTIVE,327,TAMPINES ST 32,04 TO 06,147,Apartment,1995,69 years 04 months,958000,4,44,934446.1581900504
2025-09-01,TAMPINES,EXECUTIVE,334,TAMPINES ST 32,07 TO 09,147,Apartment,1996,69 years 04 months,948000,7,44,958671.5566022107
2025-07-01,TAMPINES,EXECUTIVE,314,TAMPINES ST 33,01 TO 03,144,Apartment,1993,67 years 01 month,810000,1,44,927749.6426679582
2025-07-01,TAMPINES,EXECUTIVE,431,TAMPINES ST 41,01 TO 03,148,Maisonette,1986,59 years 08 months,855000,1,44,920272.9389592189
2025-07-01,TAMPINES,EXECUTIVE,427,TAMPINES ST 41,10 TO 12,154,Maisonette,1986,59 years 10 months,990000,10,44,1035270.8416370745
2025-08-01,TAMPINES,EXECUTIVE,428,TAMPINES ST 41,01 TO 03,148,Maisonette,1986,59 years 06 months,835000,1,44,920272.9389592189
2025-08-01,TAMPINES,EXECUTIVE,431,TAMPINES ST 41,01 TO 03,143,Apartment,1986,59 years 07 months,852000,1,44,929016.261868047
2025-08-01,TAMPINES,EXECUTIVE,427,TAMPINES ST 41,07 TO 09,148,Maisonette,1986,59 years 09 months,938000,7,44,971255.2353428431
2025-09-01,TAMPINES,EXECUTIVE,427,TAMPINES ST 41,04 TO 06,148,Maisonette,1986,59 years 09 months,985000,4,44,980609.4299634903
2025-09-01,TAMPINES,EXECUTIVE,429,TAMPINES ST 41,07 TO 09,148,Maisonette,1985,59 years 03 months,880000,7,44,971255.2353428431
2025-09-01,TAMPINES,EXECUTIVE,428,TAMPINES ST 41,01 TO 03,143,Apartment,1986,59 years 05 months,850000,1,44,929016.261868047
2025-09-01,TAMPINES,EXECUTIVE,495F,TAMPINES ST 43,10 TO 12,146,Apartment,1994,67 years 05 months,938000,10,44,954262.2788117947
2025-07-01,TAMPINES,EXECUTIVE,498F,TAMPINES ST 45,07 TO 09,147,Premium Maisonette,1997,71 years,1000000,7,44,1004299.278126261
2025-08-01,TAMPINES,EXECUTIVE,497J,TAMPINES ST 45,01 TO 03,144,Premium Apartment,1996,69 years 11 months,865000,1,44,841903.9093028085
2025-08-01,TAMPINES,EXECUTIVE,498J,TAMPINES ST 45,07 TO 09,147,Premium Maisonette,1997,70 years 08 months,1208000,7,44,1004299.278126261
2025-07-01,TAMPINES,EXECUTIVE,895,TAMPINES ST 81,10 TO 12,146,Maisonette,1988,62 years 03 months,950000,10,44,998942.7045864942
2025-07-01,TAMPINES,EXECUTIVE,894,TAMPINES ST 81,04 TO 06,146,Maisonette,1989,62 years 07 months,994000,4,44,1006688.7132784962
2025-07-01,TAMPINES,EXECUTIVE,894,TAMPINES ST 81,07 TO 09,146,Apartment,1989,62 years 07 months,1043000,7,44,954260.9347314329
2025-09-01,TAMPINES,EXECUTIVE,894,TAMPINES ST 81,01 TO 03,149,Maisonette,1989,62 years 05 months,1000000,1,44,942406.088096823
2025-09-01,TAMPINES,EXECUTIVE,894,TAMPINES ST 81,10 TO 12,146,Maisonette,1989,62 years 05 months,1100000,10,44,998942.7045864942
2025-09-01,TAMPINES,EXECUTIVE,889,TAMPINES ST 81,01 TO 03,149,Maisonette,1989,62 years 05 months,945000,1,44,942406.088096823
2025-09-01,TAMPINES,EXECUTIVE,896A,TAMPINES ST 81,01 TO 03,146,Maisonette,1988,62 years 01 month,1010000,1,44,941713.853071962
2025-07-01,TAMPINES,EXECUTIVE,856D,TAMPINES ST 82,10 TO 12,154,Maisonette,1995,69 years 05 months,1188000,10,44,1035270.8416370745
2025-07-01,TAMPINES,EXECUTIVE,863,TAMPINES ST 83,07 TO 09,146,Maisonette,1988,61 years 08 months,1088000,7,44,1009306.289534916
2025-07-01,TAMPINES,EXECUTIVE,857,TAMPINES ST 83,04 TO 06,146,Maisonette,1988,61 years 08 months,1008888,4,44,1006688.7132784962
2025-07-01,TAMPINES,EXECUTIVE,874A,TAMPINES ST 84,04 TO 06,146,Maisonette,1989,62 years 07 months,960000,4,44,1006688.7132784962
2025-09-01,TOA PAYOH,2 ROOM,161,LOR 1 TOA PAYOH,04 TO 06,41,Improved,1972,45 years 04 months,280000,4,44,300066.0668534119
2025-09-01,TOA PAYOH,2 ROOM,54,LOR 5 TOA PAYOH,04 TO 06,43,Standard,1967,40 years 09 months,275000,4,44,288197.56950736215
2025-07-01,TOA PAYOH,2 ROOM,51,LOR 6 TOA PAYOH,16 TO 18,50,Standard,1983,57 years,360000,16,44,362302.1204293573
2025-07-01,TOA PAYOH,3 ROOM,118A,ALKAFF CRES,10 TO 12,68,Model A,2020,94 years 05 months,820000,10,44,736249.9859784936
2025-07-01,TOA PAYOH,3 ROOM,115C,ALKAFF CRES,13 TO 15,71,Model A,2020,94 years 05 months,920000,13,44,756786.3276061802
2025-08-01,TOA PAYOH,3 ROOM,118A,ALKAFF CRES,10 TO 12,68,Model A,2020,94 years 04 months,810000,10,44,736249.9859784936
2025-09-01,TOA PAYOH,3 ROOM,115A,ALKAFF CRES,16 TO 18,68,Model A,2020,94 years 04 months,800000,16,44,751356.4120944181
2025-09-01,TOA PAYOH,3 ROOM,118A,ALKAFF CRES,13 TO 15,68,Model A,2020,94 years 03 months,800000,13,44,734377.1488075319
2025-07-01,TOA PAYOH,3 ROOM,102B,BIDADARI PK DR,10 TO 12,68,Model A,2021,94 years 11 months,825000,10,44,736249.9859784936
2025-07-01,TOA PAYOH,3 ROOM,102B,BIDADARI PK DR,10 TO 12,68,Model A,2021,95 years,800000,10,44,736249.9859784936
2025-08-01,TOA PAYOH,3 ROOM,102B,BIDADARI PK DR,10 TO 12,68,Model A,2021,94 years 10 months,840000,10,44,736249.9859784936
2025-09-01,TOA PAYOH,3 ROOM,102B,BIDADARI PK DR,07 TO 09,68,Model A,2021,94 years 09 months,810000,7,44,752190.6973997288
2025-08-01,TOA PAYOH,3 ROOM,195,KIM KEAT AVE,01 TO 03,66,Improved,1973,46 years 11 months,320000,1,44,358502.6427012262
2025-09-01,TOA PAYOH,3 ROOM,195,KIM KEAT AVE,10 TO 12,66,Improved,1973,46 years 11 months,351000,10,44,383168.18233663205
2025-09-01,TOA PAYOH,3 ROOM,195,KIM KEAT AVE,10 TO 12,66,Improved,1973,46 years 10 months,325888,10,44,383168.18233663205
2025-07-01,TOA PAYOH,3 ROOM,159,LOR 1 TOA PAYOH,07 TO 09,65,Improved,1972,45 years 07 months,390000,7,44,386418.2431367997
2025-07-01,TOA PAYOH,3 ROOM,159,LOR 1 TOA PAYOH,07 TO 09,65,Improved,1972,45 years 07 months,395000,7,44,386418.2431367997
2025-07-01,TOA PAYOH,3 ROOM,126,LOR 1 TOA PAYOH,16 TO 18,67,Improved,1970,43 years 07 months,459000,16,44,419796.4751919897
2025-07-01,TOA PAYOH,3 ROOM,112,LOR 1 TOA PAYOH,04 TO 06,65,Improved,1967,41 years,375000,4,44,376652.2340628385
2025-07-01,TOA PAYOH,3 ROOM,98,LOR 1 TOA PAYOH,16 TO 18,68,Improved,1970,43 years 07 months,416000,16,44,429606.01032089576
2025-07-01,TOA PAYOH,3 ROOM,169,LOR 1 TOA PAYOH,01 TO 03,76,Improved,1972,46 years 01 month,400000,1,44,419083.08624792116
2025-07-01,TOA PAYOH,3 ROOM,107,LOR 1 TOA PAYOH,04 TO 06,67,Improved,1970,43 years 06 months,380000,4,44,379537.7174765456
2025-07-01,TOA PAYOH,3 ROOM,158,LOR 1 TOA PAYOH,04 TO 06,65,Improved,1972,45 years 06 months,378088,4,44,376652.2340628385
2025-07-01,TOA PAYOH,3 ROOM,128,LOR 1 TOA PAYOH,04 TO 06,67,Improved,1970,43 years 06 months,395000,4,44,379537.7174765456
2025-08-01,TOA PAYOH,3 ROOM,159,LOR 1 TOA PAYOH,07 TO 09,65,Improved,1972,45 years 05 months,388888,7,44,386418.2431367997
2025-08-01,TOA PAYOH,3 ROOM,113,LOR 1 TOA PAYOH,07 TO 09,65,Improved,1967,40 years 11 months,397000,7,44,386418.2431367997
2025-08-01,TOA PAYOH,3 ROOM,173,LOR 1 TOA PAYOH,01 TO 03,66,Improved,1972,46 years,340000,1,44,358502.6427012262
2025-08-01,TOA PAYOH,3 ROOM,98,LOR 1 TOA PAYOH,01 TO 03,68,Improved,1970,43 years 05 months,380000,1,44,381249.74965737987
2025-08-01,TOA PAYOH,3 ROOM,163,LOR 1 TOA PAYOH,07 TO 09,76,Improved,1972,45 years 11 months,435000,7,44,429968.9054315348
2025-08-01,TOA PAYOH,3 ROOM,163,LOR 1 TOA PAYOH,07 TO 09,65,Improved,1972,45 years 11 months,448000,7,44,386418.2431367997
2025-08-01,TOA PAYOH,3 ROOM,98,LOR 1 TOA PAYOH,10 TO 12,68,Improved,1970,43 years 05 months,425000,10,44,405881.3860480534
2025-08-01,TOA PAYOH,3 ROOM,115,LOR 1 TOA PAYOH,07 TO 09,65,Improved,1967,40 years 10 months,398000,7,44,386418.2431367997
2025-08-01,TOA PAYOH,3 ROOM,158,LOR 1 TOA PAYOH,07 TO 09,65,Improved,1972,45 years 05 months,410888,7,44,386418.2431367997
2025-08-01,TOA PAYOH,3 ROOM,123,LOR 1 TOA PAYOH,07 TO 09,67,Improved,1970,43 years 05 months,415000,7,44,391125.8767319151
2025-08-01,TOA PAYOH,3 ROOM,126,LOR 1 TOA PAYOH,13 TO 15,67,Improved,1970,43 years 05 months,426500,13,44,403641.19613899465
2025-08-01,TOA PAYOH,3 ROOM,114,LOR 1 TOA PAYOH,07 TO 09,65,Improved,1967,40 years 10 months,355000,7,44,386418.2431367997
2025-09-01,TOA PAYOH,3 ROOM,157,LOR 1 TOA PAYOH,01 TO 03,67,Improved,1971,44 years 11 months,410000,1,44,379123.68360793224
2025-09-01,TOA PAYOH,3 ROOM,108,LOR 1 TOA PAYOH,01 TO 03,66,Improved,1970,43 years 05 months,369000,1,44,358502.6427012262
2025-09-01,TOA PAYOH,3 ROOM,157,LOR 1 TOA PAYOH,07 TO 09,67,Improved,1971,44 years 11 months,418000,7,44,391125.8767319151
2025-09-01,TOA PAYOH,3 ROOM,107,LOR 1 TOA PAYOH,07 TO 09,67,Improved,1970,43 years 05 months,385000,7,44,391125.8767319151
2025-09-01,TOA PAYOH,3 ROOM,126,LOR 1 TOA PAYOH,13 TO 15,67,Improved,1970,43 years 04 months,390000,13,44,403641.19613899465
2025-09-01,TOA PAYOH,3 ROOM,163,LOR 1 TOA PAYOH,07 TO 09,65,Improved,1972,45 years 10 months,420000,7,44,386418.2431367997
2025-09-01,TOA PAYOH,3 ROOM,118,LOR 1 TOA PAYOH,01 TO 03,65,Improved,1968,41 years 09 months,355888,1,44,365366.20999136555
2025-08-01,TOA PAYOH,3 ROOM,116,LOR 2 TOA PAYOH,16 TO 18,63,Improved,1970,43 years 06 months,410000,16,44,413755.22319682996
2025-08-01,TOA PAYOH,3 ROOM,116,LOR 2 TOA PAYOH,10 TO 12,72,Improved,1970,43 years 06 months,478000,10,44,436280.1557120692
2025-09-01,TOA PAYOH,3 ROOM,116,LOR 2 TOA PAYOH,13 TO 15,72,Improved,1970,43 years 05 months,430000,13,44,443645.74653144914
2025-08-01,TOA PAYOH,3 ROOM,91,LOR 3 TOA PAYOH,01 TO 03,68,Improved,1970,43 years 05 months,375000,1,44,381249.74965737987
2025-09-01,TOA PAYOH,3 ROOM,96,LOR 3 TOA PAYOH,13 TO 15,68,Improved,1970,43 years 04 months,378000,13,44,413255.5590963271
2025-07-01,TOA PAYOH,3 ROOM,73,LOR 4 TOA PAYOH,10 TO 12,72,Standard,1973,46 years 07 months,405000,10,44,455837.2903682196
2025-07-01,TOA PAYOH,3 ROOM,95,LOR 4 TOA PAYOH,01 TO 03,60,Standard,1967,40 years 11 months,345000,1,44,346634.94152229495
2025-07-01,TOA PAYOH,3 ROOM,95,LOR 4 TOA PAYOH,01 TO 03,60,Standard,1967,40 years 11 months,348000,1,44,346634.94152229495
2025-08-01,TOA PAYOH,3 ROOM,70,LOR 4 TOA PAYOH,04 TO 06,64,Standard,1969,42 years 06 months,348000,4,44,379385.8604074417
2025-08-01,TOA PAYOH,3 ROOM,85B,LOR 4 TOA PAYOH,13 TO 15,68,Improved,1972,45 years 06 months,422000,13,44,413255.5590963271
2025-08-01,TOA PAYOH,3 ROOM,69,LOR 4 TOA PAYOH,10 TO 12,62,Standard,1973,46 years 05 months,385000,10,44,393082.6378241388
2025-08-01,TOA PAYOH,3 ROOM,95,LOR 4 TOA PAYOH,04 TO 06,60,Standard,1967,40 years 10 months,358000,4,44,356791.8486961214
2025-08-01,TOA PAYOH,3 ROOM,73,LOR 4 TOA PAYOH,07 TO 09,62,Standard,1973,46 years 05 months,378000,7,44,397787.5149586622
2025-09-01,TOA PAYOH,3 ROOM,85A,LOR 4 TOA PAYOH,07 TO 09,78,Improved,1972,45 years 04 months,472000,7,44,430376.6626890147
2025-07-01,TOA PAYOH,3 ROOM,57,LOR 5 TOA PAYOH,10 TO 12,61,Standard,1973,46 years 06 months,366000,10,44,367605.4356107089
2025-08-01,TOA PAYOH,3 ROOM,57,LOR 5 TOA PAYOH,07 TO 09,61,Standard,1973,46 years 05 months,355000,7,44,368430.14609844325
2025-08-01,TOA PAYOH,3 ROOM,53,LOR 5 TOA PAYOH,01 TO 03,68,Improved,1968,41 years 10 months,353000,1,44,381249.74965737987
2025-09-01,TOA PAYOH,3 ROOM,61,LOR 5 TOA PAYOH,07 TO 09,78,Improved,1967,40 years 10 months,395000,7,44,430376.6626890147
2025-07-01,TOA PAYOH,3 ROOM,51,LOR 6 TOA PAYOH,07 TO 09,73,Standard,1983,56 years 11 months,398000,7,44,449111.81538999075
2025-09-01,TOA PAYOH,3 ROOM,47,LOR 6 TOA PAYOH,04 TO 06,58,Standard,1969,42 years 04 months,333000,4,44,342264.46727386746
2025-07-01,TOA PAYOH,3 ROOM,1,LOR 7 TOA PAYOH,10 TO 12,67,Improved,1969,43 years,398000,10,44,393156.0352068993
2025-07-01,TOA PAYOH,3 ROOM,12,LOR 7 TOA PAYOH,01 TO 03,66,Improved,1970,44 years 01 month,330000,1,44,358502.6427012262
2025-07-01,TOA PAYOH,3 ROOM,12,LOR 7 TOA PAYOH,10 TO 12,66,Improved,1970,44 years,385000,10,44,383168.18233663205
2025-07-01,TOA PAYOH,3 ROOM,4,LOR 7 TOA PAYOH,04 TO 06,68,Improved,1969,42 years 11 months,368000,4,44,391077.115398621
2025-08-01,TOA PAYOH,3 ROOM,4,LOR 7 TOA PAYOH,07 TO 09,68,Improved,1969,42 years 11 months,360000,7,44,393702.3483913089
2025-08-01,TOA PAYOH,3 ROOM,18,LOR 7 TOA PAYOH,07 TO 09,67,Improved,1970,44 years,362000,7,44,391125.8767319151
2025-08-01,TOA PAYOH,3 ROOM,13,LOR 7 TOA PAYOH,04 TO 06,66,Improved,1970,43 years 11 months,365000,4,44,368471.0732807653
2025-08-01,TOA PAYOH,3 ROOM,13,LOR 7 TOA PAYOH,07 TO 09,66,Improved,1970,43 years 11 months,388000,7,44,377969.02652645187
2025-09-01,TOA PAYOH,3 ROOM,13,LOR 7 TOA PAYOH,10 TO 12,66,Improved,1970,43 years 10 months,373000,10,44,383168.18233663205
2025-09-01,TOA PAYOH,3 ROOM,18,LOR 7 TOA PAYOH,04 TO 06,67,Improved,1970,43 years 10 months,365000,4,44,379537.7174765456
2025-09-01,TOA PAYOH,3 ROOM,13,LOR 7 TOA PAYOH,04 TO 06,66,Improved,1970,43 years 10 months,340000,4,44,368471.0732807653
2025-07-01,TOA PAYOH,3 ROOM,235,LOR 8 TOA PAYOH,07 TO 09,65,Improved,1976,49 years 11 months,375000,7,44,386418.2431367997
2025-07-01,TOA PAYOH,3 ROOM,232,LOR 8 TOA PAYOH,04 TO 06,65,Improved,1976,50 years 05 months,385000,4,44,376652.2340628385
2025-08-01,TOA PAYOH,3 ROOM,232,LOR 8 TOA PAYOH,04 TO 06,65,Improved,1976,50 years 05 months,383000,4,44,376652.2340628385
2025-08-01,TOA PAYOH,3 ROOM,231,LOR 8 TOA PAYOH,10 TO 12,65,Improved,1976,50 years 03 months,390000,10,44,392667.17170654825
2025-08-01,TOA PAYOH,3 ROOM,233,LOR 8 TOA PAYOH,10 TO 12,66,Improved,1981,55 years 02 months,390088,10,44,383168.18233663205
2025-09-01,TOA PAYOH,3 ROOM,232,LOR 8 TOA PAYOH,04 TO 06,65,Improved,1976,50 years 02 months,343000,4,44,376652.2340628385
2025-09-01,TOA PAYOH,3 ROOM,231,LOR 8 TOA PAYOH,01 TO 03,65,Improved,1976,50 years 02 months,350000,1,44,365366.20999136555
2025-07-01,TOA PAYOH,3 ROOM,146,POTONG PASIR AVE 1,04 TO 06,64,Simplified,1998,72 years 03 months,625000,4,44,481734.2506664846
2025-07-01,TOA PAYOH,3 ROOM,119,POTONG PASIR AVE 1,10 TO 12,67,New Generation,1984,58 years 03 months,480000,10,44,436788.8863403666
2025-07-01,TOA PAYOH,3 ROOM,105,POTONG PASIR AVE 1,07 TO 09,74,Model A,1984,58 years,590000,7,44,575476.5728346747
2025-07-01,TOA PAYOH,3 ROOM,115,POTONG PASIR AVE 1,10 TO 12,67,New Generation,1984,58 years 03 months,475000,10,44,436788.8863403666
2025-08-01,TOA PAYOH,3 ROOM,109,POTONG PASIR AVE 1,01 TO 03,90,Model A,1984,58 years,668000,1,44,723432.8895760198
2025-08-01,TOA PAYOH,3 ROOM,108,POTONG PASIR AVE 1,01 TO 03,74,Model A,1984,58 years,533000,1,44,562244.5437941052
2025-08-01,TOA PAYOH,3 ROOM,108,POTONG PASIR AVE 1,07 TO 09,74,Model A,1984,58 years,610000,7,44,575476.5728346747
2025-08-01,TOA PAYOH,3 ROOM,108,POTONG PASIR AVE 1,01 TO 03,74,Model A,1984,58 years,548000,1,44,562244.5437941052
2025-08-01,TOA PAYOH,3 ROOM,118,POTONG PASIR AVE 1,01 TO 03,73,New Generation,1984,58 years 03 months,448000,1,44,430528.94672465225
2025-08-01,TOA PAYOH,3 ROOM,104,POTONG PASIR AVE 1,13 TO 15,74,Model A,1984,58 years 03 months,626000,13,44,619657.4565359668
2025-09-01,TOA PAYOH,3 ROOM,101,POTONG PASIR AVE 1,16 TO 18,74,Model A,1984,58 years 01 month,617888,16,44,664860.9034187518
2025-09-01,TOA PAYOH,3 ROOM,104,POTONG PASIR AVE 1,13 TO 15,74,Model A,1984,58 years 02 months,600000,13,44,619657.4565359668
2025-09-01,TOA PAYOH,3 ROOM,101,POTONG PASIR AVE 1,07 TO 09,74,Model A,1984,58 years,600000,7,44,575476.5728346747
2025-07-01,TOA PAYOH,3 ROOM,145,POTONG PASIR AVE 2,04 TO 06,74,Model A,1984,58 years 01 month,542000,4,44,565260.719089397
2025-07-01,TOA PAYOH,3 ROOM,143,POTONG PASIR AVE 2,07 TO 09,74,Model A,1984,58 years 01 month,570000,7,44,575476.5728346747
2025-09-01,TOA PAYOH,3 ROOM,145,POTONG PASIR AVE 2,01 TO 03,74,Model A,1984,57 years 11 months,565000,1,44,562244.5437941052
2025-09-01,TOA PAYOH,3 ROOM,143,POTONG PASIR AVE 2,04 TO 06,74,Model A,1984,57 years 10 months,600000,4,44,565260.719089397
2025-08-01,TOA PAYOH,3 ROOM,142,POTONG PASIR AVE 3,04 TO 06,74,Model A,1984,57 years 11 months,625000,4,44,565260.719089397
2025-09-01,TOA PAYOH,3 ROOM,140,POTONG PASIR AVE 3,04 TO 06,74,Model A,1984,57 years 10 months,560000,4,44,565260.719089397
2025-09-01,TOA PAYOH,3 ROOM,178,TOA PAYOH CTRL,01 TO 03,67,Improved,1972,45 years 11 months,458688,1,44,379123.68360793224
2025-09-01,TOA PAYOH,3 ROOM,177,TOA PAYOH CTRL,01 TO 03,67,Improved,1972,45 years 10 months,430000,1,44,379123.68360793224
2025-07-01,TOA PAYOH,3 ROOM,27,TOA PAYOH EAST,04 TO 06,67,Improved,1971,44 years 07 months,373000,4,44,379537.7174765456
2025-07-01,TOA PAYOH,3 ROOM,25,TOA PAYOH EAST,10 TO 12,67,Improved,1971,44 years 06 months,388888,10,44,393156.0352068993
2025-08-01,TOA PAYOH,3 ROOM,263,TOA PAYOH EAST,10 TO 12,68,Model A,2019,93 years 04 months,710000,10,44,736249.9859784936
2025-08-01,TOA PAYOH,3 ROOM,263,TOA PAYOH EAST,16 TO 18,68,Model A,2019,93 years 04 months,760000,16,44,751356.4120944181
2025-09-01,TOA PAYOH,3 ROOM,26,TOA PAYOH EAST,07 TO 09,67,Improved,1971,44 years 05 months,380000,7,44,391125.8767319151
2025-09-01,TOA PAYOH,3 ROOM,23,TOA PAYOH EAST,04 TO 06,67,Improved,1970,44 years,375000,4,44,379537.7174765456
2025-09-01,TOA PAYOH,3 ROOM,262,TOA PAYOH EAST,22 TO 24,68,Model A,2019,93 years 03 months,768000,22,44,770273.6273170783
2025-07-01,TOA PAYOH,3 ROOM,203,TOA PAYOH NTH,07 TO 09,65,Improved,1982,55 years 06 months,430000,7,44,386418.2431367997
2025-08-01,TOA PAYOH,3 ROOM,199,TOA PAYOH NTH,10 TO 12,65,Improved,1982,55 years 05 months,448000,10,44,392667.17170654825
2025-08-01,TOA PAYOH,3 ROOM,199,TOA PAYOH NTH,04 TO 06,65,Improved,1982,55 years 05 months,418000,4,44,376652.2340628385
2025-08-01,TOA PAYOH,3 ROOM,5,UPP ALJUNIED LANE,04 TO 06,57,Standard,1968,41 years 10 months,344388,4,44,340165.9862085437
2025-09-01,TOA PAYOH,3 ROOM,7,UPP ALJUNIED LANE,01 TO 03,68,Model A,2017,90 years 05 months,600000,1,44,703196.7765178035
2025-07-01,TOA PAYOH,4 ROOM,115A,ALKAFF CRES,07 TO 09,93,Model A,2020,94 years 06 months,1070000,7,44,999582.0854266026
2025-07-01,TOA PAYOH,4 ROOM,118A,ALKAFF CRES,04 TO 06,93,Model A,2020,94 years 05 months,1070000,4,44,999733.5878177428
2025-07-01,TOA PAYOH,4 ROOM,118A,ALKAFF CRES,10 TO 12,93,Model A,2020,94 years 05 months,1090000,10,44,1018598.8199189497
2025-07-01,TOA PAYOH,4 ROOM,118A,ALKAFF CRES,07 TO 09,93,Model A,2020,94 years 05 months,1052888,7,44,999582.0854266026
2025-08-01,TOA PAYOH,4 ROOM,115C,ALKAFF CRES,07 TO 09,97,Model A,2020,94 years 04 months,1208888,7,44,1045796.0100555185
2025-08-01,TOA PAYOH,4 ROOM,118A,ALKAFF CRES,10 TO 12,93,Model A,2020,94 years 04 months,1176888,10,44,1018598.8199189497
2025-09-01,TOA PAYOH,4 ROOM,118A,ALKAFF CRES,01 TO 03,93,Model A,2020,94 years 04 months,1008000,1,44,942647.7300083843
2025-09-01,TOA PAYOH,4 ROOM,118A,ALKAFF CRES,04 TO 06,93,Model A,2020,94 years 04 months,1080000,4,44,999733.5878177428
2025-09-01,TOA PAYOH,4 ROOM,118A,ALKAFF CRES,07 TO 09,93,Model A,2020,94 years 03 months,1030000,7,44,999582.0854266026
2025-09-01,TOA PAYOH,4 ROOM,118A,ALKAFF CRES,07 TO 09,93,Model A,2020,94 years 03 months,1060000,7,44,999582.0854266026
2025-07-01,TOA PAYOH,4 ROOM,102A,BIDADARI PK DR,10 TO 12,97,Model A,2021,95 years,1200000,10,44,1091627.717134759
2025-07-01,TOA PAYOH,4 ROOM,102B,BIDADARI PK DR,07 TO 09,93,Model A,2021,95 years,1058000,7,44,999582.0854266026
2025-07-01,TOA PAYOH,4 ROOM,102B,BIDADARI PK DR,04 TO 06,93,Model A,2021,95 years,1090000,4,44,999733.5878177428
2025-07-01,TOA PAYOH,4 ROOM,102A,BIDADARI PK DR,13 TO 15,93,Model A,2021,95 years,1140000,13,44,1040342.1900003159
2025-07-01,TOA PAYOH,4 ROOM,102B,BIDADARI PK DR,10 TO 12,93,Model A,2021,94 years 11 months,1090000,10,44,1018598.8199189497
2025-07-01,TOA PAYOH,4 ROOM,102A,BIDADARI PK DR,04 TO 06,93,Model A,2021,94 years 11 months,1051990,4,44,999733.5878177428
2025-08-01,TOA PAYOH,4 ROOM,102A,BIDADARI PK DR,04 TO 06,93,Model A,2021,94 years 11 months,1100000,4,44,999733.5878177428
2025-08-01,TOA PAYOH,4 ROOM,102A,BIDADARI PK DR,07 TO 09,97,Model A,2021,94 years 11 months,1168000,7,44,1045796.0100555185
2025-08-01,TOA PAYOH,4 ROOM,102A,BIDADARI PK DR,13 TO 15,93,Model A,2021,94 years 11 months,1120000,13,44,1040342.1900003159
2025-08-01,TOA PAYOH,4 ROOM,102A,BIDADARI PK DR,04 TO 06,97,Model A,2021,94 years 11 months,1038000,4,44,1036691.7686186762
2025-08-01,TOA PAYOH,4 ROOM,102A,BIDADARI PK DR,07 TO 09,97,Model A,2021,94 years 11 months,1200000,7,44,1045796.0100555185
2025-08-01,TOA PAYOH,4 ROOM,102A,BIDADARI PK DR,07 TO 09,97,Model A,2021,94 years 10 months,1150000,7,44,1045796.0100555185
2025-08-01,TOA PAYOH,4 ROOM,106B,BIDADARI PK DR,04 TO 06,94,Model A,2020,94 years,1158000,4,44,995959.0286745045
2025-08-01,TOA PAYOH,4 ROOM,102A,BIDADARI PK DR,07 TO 09,93,Model A,2021,94 years 10 months,1130000,7,44,999582.0854266026
2025-09-01,TOA PAYOH,4 ROOM,105B,BIDADARI PK DR,16 TO 18,94,Model A,2020,94 years,1100000,16,44,1086825.3351968392
2025-09-01,TOA PAYOH,4 ROOM,102A,BIDADARI PK DR,04 TO 06,97,Model A,2021,94 years 09 months,1058000,4,44,1036691.7686186762
2025-09-01,TOA PAYOH,4 ROOM,106B,BIDADARI PK DR,13 TO 15,94,Model A,2020,93 years 11 months,1180000,13,44,1074215.3044548437
2025-09-01,TOA PAYOH,4 ROOM,102B,BIDADARI PK DR,10 TO 12,93,Model A,2021,94 years 09 months,1065000,10,44,1018598.8199189497
2025-09-01,TOA PAYOH,4 ROOM,105B,BIDADARI PK DR,13 TO 15,94,Model A,2020,93 years 11 months,1160000,13,44,1074215.3044548437
2025-09-01,TOA PAYOH,4 ROOM,102B,BIDADARI PK DR,13 TO 15,93,Model A,2021,94 years 09 months,1060000,13,44,1040342.1900003159
2025-09-01,TOA PAYOH,4 ROOM,105A,BIDADARI PK DR,13 TO 15,94,Model A,2020,93 years 11 months,1175000,13,44,1074215.3044548437
2025-07-01,TOA PAYOH,4 ROOM,15,JOO SENG RD,07 TO 09,106,Model A,1984,57 years 08 months,612000,7,44,792925.3125084959
2025-08-01,TOA PAYOH,4 ROOM,18,JOO SENG RD,10 TO 12,102,Model A,1984,57 years 07 months,625000,10,44,819526.3800155373
2025-09-01,TOA PAYOH,4 ROOM,9,JOO SENG RD,01 TO 03,93,Model A,2017,90 years 06 months,828888,1,44,942647.7300083843
2025-08-01,TOA PAYOH,4 ROOM,256,KIM KEAT AVE,10 TO 12,108,Model A,1988,62 years 05 months,702000,10,44,798374.8701155826
2025-07-01,TOA PAYOH,4 ROOM,248,KIM KEAT LINK,10 TO 12,104,Model A,1989,62 years 08 months,685000,10,44,804386.991838114
2025-07-01,TOA PAYOH,4 ROOM,249,KIM KEAT LINK,01 TO 03,104,Model A,1988,62 years 06 months,640000,1,44,756413.3533526852
2025-07-01,TOA PAYOH,4 ROOM,130B,LOR 1 TOA PAYOH,13 TO 15,93,Model A,2018,92 years 02 months,1110000,13,44,1040342.1900003159
2025-07-01,TOA PAYOH,4 ROOM,131A,LOR 1 TOA PAYOH,34 TO 36,93,Model A,2018,92 years 01 month,1190000,34,44,1083287.5738811851
2025-07-01,TOA PAYOH,4 ROOM,130A,LOR 1 TOA PAYOH,07 TO 09,93,Model A,2018,92 years 01 month,1075000,7,44,999582.0854266026
2025-07-01,TOA PAYOH,4 ROOM,130B,LOR 1 TOA PAYOH,28 TO 30,93,Model A,2018,92 years 01 month,1165000,28,44,1077404.3394382414
2025-07-01,TOA PAYOH,4 ROOM,130B,LOR 1 TOA PAYOH,34 TO 36,93,Model A,2018,92 years 01 month,1150000,34,44,1083287.5738811851
2025-07-01,TOA PAYOH,4 ROOM,130B,LOR 1 TOA PAYOH,19 TO 21,93,Model A,2018,92 years 01 month,1101888,19,44,1011960.0720304119
2025-08-01,TOA PAYOH,4 ROOM,130B,LOR 1 TOA PAYOH,28 TO 30,93,Model A,2018,92 years 01 month,1153000,28,44,1077404.3394382414
2025-08-01,TOA PAYOH,4 ROOM,130A,LOR 1 TOA PAYOH,25 TO 27,93,Model A,2018,92 years,1168888,25,44,1062034.1071254318
2025-08-01,TOA PAYOH,4 ROOM,172A,LOR 1 TOA PAYOH,04 TO 06,105,Model A,1995,68 years 08 months,760000,4,44,755679.827008287
2025-08-01,TOA PAYOH,4 ROOM,155,LOR 1 TOA PAYOH,07 TO 09,101,Model A,1999,72 years 11 months,855000,7,44,813456.2657539807
2025-09-01,TOA PAYOH,4 ROOM,239,LOR 1 TOA PAYOH,10 TO 12,103,Model A,1986,60 years 01 month,782000,10,44,777992.9955581644
2025-09-01,TOA PAYOH,4 ROOM,130A,LOR 1 TOA PAYOH,25 TO 27,93,Model A,2018,92 years,1138000,25,44,1062034.1071254318
2025-09-01,TOA PAYOH,4 ROOM,172,LOR 1 TOA PAYOH,19 TO 21,109,Model A,1995,68 years 07 months,840000,19,44,915373.5507272715
2025-09-01,TOA PAYOH,4 ROOM,156,LOR 1 TOA PAYOH,16 TO 18,101,Model A,1999,72 years 06 months,900000,16,44,926601.4635537841
2025-09-01,TOA PAYOH,4 ROOM,130B,LOR 1 TOA PAYOH,22 TO 24,93,Model A,2018,91 years 11 months,1160888,22,44,1054829.0661376778
2025-07-01,TOA PAYOH,4 ROOM,138C,LOR 1A TOA PAYOH,28 TO 30,91,DBSS,2012,85 years 10 months,1190000,28,44,1064918.253347381
2025-07-01,TOA PAYOH,4 ROOM,138A,LOR 1A TOA PAYOH,19 TO 21,91,DBSS,2012,85 years 11 months,1048000,19,44,1037430.2834067291
2025-07-01,TOA PAYOH,4 ROOM,139B,LOR 1A TOA PAYOH,31 TO 33,91,DBSS,2012,85 years 10 months,1070000,31,44,1069935.4422760617
2025-09-01,TOA PAYOH,4 ROOM,139A,LOR 1A TOA PAYOH,40 TO 42,91,DBSS,2012,85 years 09 months,1218888,40,44,1096357.086164334
2025-09-01,TOA PAYOH,4 ROOM,139B,LOR 1A TOA PAYOH,40 TO 42,91,DBSS,2012,85 years 09 months,1110000,40,44,1096357.086164334
2025-09-01,TOA PAYOH,4 ROOM,138A,LOR 1A TOA PAYOH,28 TO 30,91,DBSS,2012,85 years 09 months,1098000,28,44,1064918.253347381
2025-09-01,TOA PAYOH,4 ROOM,139A,LOR 1A TOA PAYOH,28 TO 30,91,DBSS,2012,85 years 09 months,1070000,28,44,1064918.253347381
2025-09-01,TOA PAYOH,4 ROOM,138A,LOR 1A TOA PAYOH,37 TO 39,91,DBSS,2012,85 years 08 months,1200000,37,44,1090851.949260305
2025-09-01,TOA PAYOH,4 ROOM,139A,LOR 1A TOA PAYOH,16 TO 18,91,DBSS,2012,85 years 08 months,1030000,16,44,1026308.0176344336
2025-09-01,TOA PAYOH,4 ROOM,139A,LOR 1A TOA PAYOH,13 TO 15,91,DBSS,2012,85 years 08 months,1020000,13,44,980399.0111883434
2025-09-01,TOA PAYOH,4 ROOM,138C,LOR 1A TOA PAYOH,19 TO 21,91,DBSS,2012,85 years 08 months,1053000,19,44,1037430.2834067291
2025-07-01,TOA PAYOH,4 ROOM,121,LOR 2 TOA PAYOH,10 TO 12,101,Model A,2002,75 years 07 months,880000,10,44,822896.7290338939
2025-07-01,TOA PAYOH,4 ROOM,146,LOR 2 TOA PAYOH,34 TO 36,91,Model A,2006,79 years 07 months,1038000,34,44,1049367.6981893382
2025-07-01,TOA PAYOH,4 ROOM,146,LOR 2 TOA PAYOH,25 TO 27,91,Model A,2006,79 years 06 months,1080000,25,44,1016644.2440650373
2025-07-01,TOA PAYOH,4 ROOM,121,LOR 2 TOA PAYOH,25 TO 27,101,Model A,2002,75 years 06 months,958000,25,44,941983.2498383479
2025-08-01,TOA PAYOH,4 ROOM,122,LOR 2 TOA PAYOH,01 TO 03,100,Model A,1999,73 years 05 months,760000,1,44,823699.8757474485
2025-08-01,TOA PAYOH,4 ROOM,147,LOR 2 TOA PAYOH,22 TO 24,91,Model A,2006,79 years 05 months,981000,22,44,1005524.6148727556
2025-08-01,TOA PAYOH,4 ROOM,152,LOR 2 TOA PAYOH,22 TO 24,91,Model A,2006,79 years 06 months,928000,22,44,1005524.6148727556
2025-08-01,TOA PAYOH,4 ROOM,144,LOR 2 TOA PAYOH,13 TO 15,90,Model A,2002,76 years 01 month,850000,13,44,943319.2818273336
2025-09-01,TOA PAYOH,4 ROOM,152,LOR 2 TOA PAYOH,07 TO 09,86,Model A,2006,79 years 05 months,903888,7,44,855147.5428565209
2025-09-01,TOA PAYOH,4 ROOM,144,LOR 2 TOA PAYOH,04 TO 06,90,Model A,2002,76 years 01 month,805000,4,44,882848.0081954601
2025-09-01,TOA PAYOH,4 ROOM,147,LOR 2 TOA PAYOH,28 TO 30,91,Model A,2006,79 years 05 months,1088000,28,44,1027596.0518930982
2025-09-01,TOA PAYOH,4 ROOM,145,LOR 2 TOA PAYOH,04 TO 06,91,Model A,2006,79 years 04 months,870000,4,44,890549.3728747952
2025-09-01,TOA PAYOH,4 ROOM,146,LOR 2 TOA PAYOH,22 TO 24,91,Model A,2006,79 years 04 months,980000,22,44,1005524.6148727556
2025-09-01,TOA PAYOH,4 ROOM,152,LOR 2 TOA PAYOH,04 TO 06,86,Model A,2006,79 years 04 months,888000,4,44,828324.5201732992
2025-07-01,TOA PAYOH,4 ROOM,60,LOR 4 TOA PAYOH,13 TO 15,100,Model A,1999,73 years 04 months,905000,13,44,901815.6612212615
2025-07-01,TOA PAYOH,4 ROOM,80,LOR 4 TOA PAYOH,10 TO 12,105,Model A,1996,70 years 02 months,850000,10,44,809521.1570736243
2025-09-01,TOA PAYOH,4 ROOM,81,LOR 4 TOA PAYOH,16 TO 18,104,Model A,1997,70 years 08 months,975000,16,44,893516.1979483829
2025-07-01,TOA PAYOH,4 ROOM,35,LOR 5 TOA PAYOH,13 TO 15,102,Model A,1997,71 years 03 months,835000,13,44,868775.3212771422
2025-07-01,TOA PAYOH,4 ROOM,14,LOR 7 TOA PAYOH,07 TO 09,104,Model A,1998,72 years 01 month,760000,7,44,796899.9343587168
2025-07-01,TOA PAYOH,4 ROOM,14B,LOR 7 TOA PAYOH,07 TO 09,104,Model A,1998,72 years 01 month,780000,7,44,796899.9343587168
2025-08-01,TOA PAYOH,4 ROOM,14B,LOR 7 TOA PAYOH,04 TO 06,104,Model A,1998,72 years,782000,4,44,738557.5090714988
2025-08-01,TOA PAYOH,4 ROOM,7,LOR 7 TOA PAYOH,07 TO 09,106,Model A,1998,72 years 01 month,840000,7,44,792925.3125084959
2025-07-01,TOA PAYOH,4 ROOM,213,LOR 8 TOA PAYOH,04 TO 06,82,Improved,1975,48 years 07 months,455000,4,44,495112.148735523
2025-07-01,TOA PAYOH,4 ROOM,220,LOR 8 TOA PAYOH,04 TO 06,82,Improved,1976,49 years 10 months,520000,4,44,495112.148735523
2025-08-01,TOA PAYOH,4 ROOM,219,LOR 8 TOA PAYOH,16 TO 18,82,Improved,1978,51 years 05 months,470000,16,44,532158.4875751265
2025-08-01,TOA PAYOH,4 ROOM,213,LOR 8 TOA PAYOH,16 TO 18,82,Improved,1975,48 years 05 months,522000,16,44,532158.4875751265
2025-08-01,TOA PAYOH,4 ROOM,228,LOR 8 TOA PAYOH,13 TO 15,82,Improved,1976,50 years 01 month,520000,13,44,539617.1941241656
2025-08-01,TOA PAYOH,4 ROOM,222,LOR 8 TOA PAYOH,16 TO 18,82,Improved,1976,49 years 07 months,465000,16,44,532158.4875751265
2025-09-01,TOA PAYOH,4 ROOM,227,LOR 8 TOA PAYOH,01 TO 03,82,Improved,1976,49 years 09 months,472000,1,44,480873.1516045514
2025-09-01,TOA PAYOH,4 ROOM,214,LOR 8 TOA PAYOH,04 TO 06,82,Improved,1975,49 years,475000,4,44,495112.148735523
2025-09-01,TOA PAYOH,4 ROOM,11,LOR 8 TOA PAYOH,13 TO 15,101,Model A,1998,71 years 05 months,737000,13,44,880448.2270770106
2025-08-01,TOA PAYOH,4 ROOM,146,POTONG PASIR AVE 1,04 TO 06,88,Simplified,1998,72 years 01 month,791888,4,44,596596.5289222846
2025-08-01,TOA PAYOH,4 ROOM,107,POTONG PASIR AVE 1,04 TO 06,103,Model A,1984,57 years 11 months,755000,4,44,725620.5405991374
2025-08-01,TOA PAYOH,4 ROOM,119,POTONG PASIR AVE 1,10 TO 12,96,New Generation,1984,58 years 03 months,635000,10,44,619139.6549086418
2025-09-01,TOA PAYOH,4 ROOM,145,POTONG PASIR AVE 2,04 TO 06,104,Model A,1984,57 years 11 months,775000,4,44,738557.5090714988
2025-07-01,TOA PAYOH,4 ROOM,140,POTONG PASIR AVE 3,04 TO 06,106,Model A,1984,58 years 01 month,790000,4,44,755616.7059261074
2025-07-01,TOA PAYOH,4 ROOM,79D,TOA PAYOH CTRL,01 TO 03,91,Model A,2009,82 years 10 months,780000,1,44,847499.8674122657
2025-07-01,TOA PAYOH,4 ROOM,79B,TOA PAYOH CTRL,07 TO 09,92,Model A,2009,82 years 09 months,1002000,7,44,953758.9526305484
2025-07-01,TOA PAYOH,4 ROOM,79D,TOA PAYOH CTRL,04 TO 06,91,Model A,2009,82 years 09 months,880000,4,44,890549.3728747952
2025-08-01,TOA PAYOH,4 ROOM,79E,TOA PAYOH CTRL,16 TO 18,91,Model A,2009,82 years 09 months,990000,16,44,980248.3244678641
2025-08-01,TOA PAYOH,4 ROOM,79D,TOA PAYOH CTRL,07 TO 09,92,Model A,2009,82 years 08 months,945888,7,44,953758.9526305484
2025-08-01,TOA PAYOH,4 ROOM,79A,TOA PAYOH CTRL,01 TO 03,92,Model A,2009,82 years 08 months,820000,1,44,870775.8754157587
2025-08-01,TOA PAYOH,4 ROOM,79E,TOA PAYOH CTRL,34 TO 36,91,Model A,2009,82 years 08 months,1010000,34,44,1049367.6981893382
2025-08-01,TOA PAYOH,4 ROOM,179,TOA PAYOH CTRL,10 TO 12,84,Improved,1974,47 years 11 months,630000,10,44,553079.9278341883
2025-09-01,TOA PAYOH,4 ROOM,79D,TOA PAYOH CTRL,07 TO 09,91,Model A,2009,82 years 08 months,981888,7,44,926707.072567273
2025-09-01,TOA PAYOH,4 ROOM,79B,TOA PAYOH CTRL,28 TO 30,91,Model A,2009,82 years 08 months,1040000,28,44,1027596.0518930982
2025-09-01,TOA PAYOH,4 ROOM,79A,TOA PAYOH CTRL,31 TO 33,76,Model A,2009,82 years 08 months,868000,31,44,900714.6437274026
2025-09-01,TOA PAYOH,4 ROOM,79A,TOA PAYOH CTRL,13 TO 15,76,Model A,2009,82 years 08 months,845000,13,44,822161.2070870361
2025-09-01,TOA PAYOH,4 ROOM,79D,TOA PAYOH CTRL,37 TO 39,90,Model A,2009,82 years 08 months,1060000,37,44,1049361.396683254
2025-09-01,TOA PAYOH,4 ROOM,79A,TOA PAYOH CTRL,13 TO 15,91,Model A,2009,82 years 07 months,1018888,13,44,947691.8875764285
2025-07-01,TOA PAYOH,4 ROOM,264,TOA PAYOH EAST,19 TO 21,93,Model A,2019,93 years 06 months,940000,19,44,1011960.0720304119
2025-07-01,TOA PAYOH,4 ROOM,264,TOA PAYOH EAST,07 TO 09,93,Model A,2019,93 years 06 months,938888,7,44,999582.0854266026
2025-08-01,TOA PAYOH,4 ROOM,264,TOA PAYOH EAST,22 TO 24,93,Model A,2019,93 years 05 months,1000000,22,44,1054829.0661376778
2025-08-01,TOA PAYOH,4 ROOM,261,TOA PAYOH EAST,10 TO 12,93,Model A,2019,93 years 04 months,995000,10,44,1018598.8199189497
2025-09-01,TOA PAYOH,4 ROOM,264,TOA PAYOH EAST,31 TO 33,93,Model A,2019,93 years 04 months,1068000,31,44,1067688.5783893473
2025-09-01,TOA PAYOH,4 ROOM,261,TOA PAYOH EAST,07 TO 09,93,Model A,2019,93 years 04 months,960000,7,44,999582.0854266026
2025-09-01,TOA PAYOH,4 ROOM,263,TOA PAYOH EAST,07 TO 09,93,Model A,2019,93 years 03 months,935000,7,44,999582.0854266026
2025-09-01,TOA PAYOH,4 ROOM,263,TOA PAYOH EAST,19 TO 21,93,Model A,2019,93 years 04 months,986000,19,44,1011960.0720304119
2025-09-01,TOA PAYOH,4 ROOM,264,TOA PAYOH EAST,01 TO 03,93,Model A,2019,93 years 03 months,850000,1,44,942647.7300083843
2025-09-01,TOA PAYOH,4 ROOM,264,TOA PAYOH EAST,25 TO 27,93,Model A,2019,93 years 03 months,1090000,25,44,1062034.1071254318
2025-07-01,TOA PAYOH,4 ROOM,209,TOA PAYOH NTH,13 TO 15,81,Improved,1973,47 years 02 months,500000,13,44,540693.663434551
2025-07-01,TOA PAYOH,4 ROOM,204,TOA PAYOH NTH,10 TO 12,87,Improved,1973,47 years 02 months,480000,10,44,545733.984196071
2025-07-01,TOA PAYOH,4 ROOM,202,TOA PAYOH NTH,16 TO 18,87,Improved,1973,47 years,528000,16,44,601152.1054102838
2025-07-01,TOA PAYOH,4 ROOM,204,TOA PAYOH NTH,04 TO 06,87,Improved,1973,47 years,525000,4,44,513656.9983579443
2025-08-01,TOA PAYOH,4 ROOM,201,TOA PAYOH NTH,10 TO 12,87,Improved,1973,46 years 11 months,500000,10,44,545733.984196071
2025-08-01,TOA PAYOH,4 ROOM,209,TOA PAYOH NTH,01 TO 03,81,Improved,1973,47 years,501000,1,44,485412.239238657
2025-08-01,TOA PAYOH,4 ROOM,202,TOA PAYOH NTH,07 TO 09,87,Improved,1973,46 years 11 months,490000,7,44,525234.4357691783
2025-09-01,TOA PAYOH,4 ROOM,200,TOA PAYOH NTH,01 TO 03,87,Improved,1973,46 years 11 months,480000,1,44,496356.72452869813
2025-07-01,TOA PAYOH,5 ROOM,105B,BIDADARI PK DR,07 TO 09,114,Improved,2020,94 years 02 months,1335000,7,44,1198166.4951443132
2025-08-01,TOA PAYOH,5 ROOM,105B,BIDADARI PK DR,04 TO 06,114,Improved,2020,94 years,1265000,4,44,1152633.2494374546
2025-08-01,TOA PAYOH,5 ROOM,106A,BIDADARI PK DR,07 TO 09,113,Improved,2020,94 years 01 month,1350000,7,44,1224840.700867683
2025-08-01,TOA PAYOH,5 ROOM,106A,BIDADARI PK DR,04 TO 06,113,Improved,2020,94 years,1200000,4,44,1179980.502701764
2025-08-01,TOA PAYOH,5 ROOM,105A,BIDADARI PK DR,10 TO 12,113,Improved,2020,94 years 01 month,1350000,10,44,1258415.155833506
2025-09-01,TOA PAYOH,5 ROOM,105B,BIDADARI PK DR,16 TO 18,114,Improved,2020,94 years,1430000,16,44,1259336.7496491869
2025-07-01,TOA PAYOH,5 ROOM,12,JOO SENG RD,07 TO 09,132,Model A,1984,58 years,815000,7,44,927917.807776825
2025-07-01,TOA PAYOH,5 ROOM,19,JOO SENG RD,16 TO 18,120,Improved,1988,62 years,823000,16,44,1010505.749161178
2025-08-01,TOA PAYOH,5 ROOM,16,JOO SENG RD,04 TO 06,132,Model A,1984,57 years 06 months,838000,4,44,922044.9629494316
2025-07-01,TOA PAYOH,5 ROOM,259,KIM KEAT AVE,01 TO 03,121,Improved,1989,62 years 07 months,690000,1,44,877974.1417082634
2025-08-01,TOA PAYOH,5 ROOM,258,KIM KEAT AVE,07 TO 09,127,Improved,1988,62 years 04 months,909000,7,44,928459.4755726787
2025-09-01,TOA PAYOH,5 ROOM,259,KIM KEAT AVE,10 TO 12,128,Improved,1989,62 years 06 months,850128,10,44,931435.1065624967
2025-09-01,TOA PAYOH,5 ROOM,259,KIM KEAT AVE,01 TO 03,121,Improved,1989,62 years 05 months,790003,1,44,877974.1417082634
2025-07-01,TOA PAYOH,5 ROOM,249,KIM KEAT LINK,07 TO 09,121,Improved,1988,62 years 05 months,835000,7,44,938599.8168680884
2025-07-01,TOA PAYOH,5 ROOM,246,KIM KEAT LINK,04 TO 06,121,Improved,1989,62 years 08 months,787000,4,44,905347.9783458215
2025-09-01,TOA PAYOH,5 ROOM,250,KIM KEAT LINK,04 TO 06,121,Improved,1989,62 years 05 months,795000,4,44,905347.9783458215
2025-07-01,TOA PAYOH,5 ROOM,139A,LOR 1A TOA PAYOH,19 TO 21,117,DBSS,2012,85 years 11 months,1423888,19,44,1468906.4245054321
2025-07-01,TOA PAYOH,5 ROOM,138C,LOR 1A TOA PAYOH,10 TO 12,113,DBSS,2012,85 years 10 months,1240000,10,44,1276751.8363885728
2025-07-01,TOA PAYOH,5 ROOM,138B,LOR 1A TOA PAYOH,34 TO 36,117,DBSS,2012,85 years 09 months,1500000,34,44,1482434.0302367357
2025-09-01,TOA PAYOH,5 ROOM,138A,LOR 1A TOA PAYOH,04 TO 06,113,DBSS,2012,85 years 08 months,1225000,4,44,1220196.571503828
2025-09-01,TOA PAYOH,5 ROOM,139B,LOR 1A TOA PAYOH,40 TO 42,117,DBSS,2012,85 years 08 months,1540000,40,44,1477148.4708268773
2025-07-01,TOA PAYOH,5 ROOM,144,LOR 2 TOA PAYOH,25 TO 27,110,Improved,2002,76 years 03 months,1180000,25,44,1172673.3929207744
2025-07-01,TOA PAYOH,5 ROOM,122,LOR 2 TOA PAYOH,13 TO 15,123,Improved,1999,73 years 06 months,1130000,13,44,978937.1787042941
2025-07-01,TOA PAYOH,5 ROOM,143,LOR 2 TOA PAYOH,28 TO 30,110,Improved,2002,76 years 02 months,1085000,28,44,1177955.8275996612
2025-08-01,TOA PAYOH,5 ROOM,144,LOR 2 TOA PAYOH,28 TO 30,110,Improved,2002,76 years 02 months,1168000,28,44,1177955.8275996612
2025-08-01,TOA PAYOH,5 ROOM,147,LOR 2 TOA PAYOH,13 TO 15,110,Improved,2006,79 years 05 months,1175000,13,44,1175627.527190547
2025-09-01,TOA PAYOH,5 ROOM,142,LOR 2 TOA PAYOH,25 TO 27,116,Improved,2001,74 years 04 months,1210000,25,44,1084295.3625778528
2025-09-01,TOA PAYOH,5 ROOM,121,LOR 2 TOA PAYOH,07 TO 09,122,Improved,2002,75 years 05 months,1160000,7,44,945442.592043337
2025-09-01,TOA PAYOH,5 ROOM,121,LOR 2 TOA PAYOH,22 TO 24,126,Improved,2002,75 years 04 months,1250000,22,44,1105679.9366036407
2025-08-01,TOA PAYOH,5 ROOM,81,LOR 4 TOA PAYOH,16 TO 18,122,Improved,1997,70 years 08 months,1185000,16,44,1017417.9001339144
2025-09-01,TOA PAYOH,5 ROOM,80,LOR 4 TOA PAYOH,10 TO 12,123,Improved,1996,70 years 01 month,1070000,10,44,948400.1387944357
2025-09-01,TOA PAYOH,5 ROOM,80A,LOR 4 TOA PAYOH,04 TO 06,124,Improved,1997,70 years 07 months,1060000,4,44,950257.7758463218
2025-07-01,TOA PAYOH,5 ROOM,35,LOR 5 TOA PAYOH,04 TO 06,119,Improved,1997,71 years 03 months,1018000,4,44,879073.5862544002
2025-08-01,TOA PAYOH,5 ROOM,50,LOR 5 TOA PAYOH,01 TO 03,124,Improved,1993,66 years 08 months,888000,1,44,898344.623077585
2025-09-01,TOA PAYOH,5 ROOM,50,LOR 5 TOA PAYOH,04 TO 06,123,Improved,1993,66 years 07 months,970000,4,44,926428.5994820605
2025-08-01,TOA PAYOH,5 ROOM,7,LOR 7 TOA PAYOH,10 TO 12,120,Improved,1998,72 years,975888,10,44,939429.2543857452
2025-09-01,TOA PAYOH,5 ROOM,6,LOR 7 TOA PAYOH,07 TO 09,121,Improved,1998,72 years 01 month,960000,7,44,938599.8168680884
2025-09-01,TOA PAYOH,5 ROOM,6,LOR 7 TOA PAYOH,22 TO 24,120,Improved,1998,72 years,958000,22,44,1047719.5414891484
2025-09-01,TOA PAYOH,5 ROOM,14A,LOR 7 TOA PAYOH,13 TO 15,120,Improved,1998,71 years 11 months,965000,13,44,973498.1539400412
2025-07-01,TOA PAYOH,5 ROOM,215,LOR 8 TOA PAYOH,22 TO 24,117,Standard,1975,49 years 02 months,750000,22,44,829279.4580890047
2025-07-01,TOA PAYOH,5 ROOM,229,LOR 8 TOA PAYOH,25 TO 27,117,Standard,1976,50 years 03 months,745000,25,44,859330.2278760041
2025-07-01,TOA PAYOH,5 ROOM,216,LOR 8 TOA PAYOH,22 TO 24,114,Standard,1975,49 years 01 month,730000,22,44,871746.7731989174
2025-08-01,TOA PAYOH,5 ROOM,224,LOR 8 TOA PAYOH,04 TO 06,117,Standard,1976,49 years 08 months,695000,4,44,703011.4181139696
2025-09-01,TOA PAYOH,5 ROOM,218,LOR 8 TOA PAYOH,04 TO 06,117,Standard,1978,51 years 04 months,695000,4,44,703011.4181139696
2025-09-01,TOA PAYOH,5 ROOM,223,LOR 8 TOA PAYOH,13 TO 15,114,Standard,1976,49 years 07 months,638000,13,44,865639.8389991487
2025-09-01,TOA PAYOH,5 ROOM,122,POTONG PASIR AVE 1,13 TO 15,140,Model A,1984,57 years 08 months,1100000,13,44,998555.8750286022
2025-07-01,TOA PAYOH,5 ROOM,139,POTONG PASIR AVE 3,10 TO 12,158,Model A-Maisonette,1984,58 years 01 month,1305000,10,44,1147326.066141025
2025-07-01,TOA PAYOH,EXECUTIVE,254,KIM KEAT AVE,04 TO 06,146,Maisonette,1989,62 years 07 months,1000000,4,44,1070918.9304900146
2025-09-01,TOA PAYOH,EXECUTIVE,254,KIM KEAT AVE,01 TO 03,146,Maisonette,1989,62 years 04 months,905000,1,44,1024541.4064736215
2025-07-01,TOA PAYOH,EXECUTIVE,237,LOR 1 TOA PAYOH,01 TO 03,146,Maisonette,1986,60 years 02 months,950000,1,44,1024541.4064736215
2025-08-01,TOA PAYOH,EXECUTIVE,101B,LOR 2 TOA PAYOH,04 TO 06,144,Apartment,1993,66 years 09 months,1250000,4,44,1111391.5522551509
2025-07-01,TOA PAYOH,EXECUTIVE,131,POTONG PASIR AVE 1,01 TO 03,161,Maisonette,1984,57 years 08 months,1260000,1,44,1129124.4001689877
2025-09-01,TOA PAYOH,EXECUTIVE,128,POTONG PASIR AVE 1,01 TO 03,161,Maisonette,1984,57 years 06 months,1260000,1,44,1129124.4001689877
2025-09-01,WOODLANDS,2 ROOM,16,MARSILING LANE,10 TO 12,45,Improved,1984,58 years 02 months,300000,10,44,319237.9724331602
2025-07-01,WOODLANDS,2 ROOM,780F,WOODLANDS CRES,04 TO 06,47,Model A,2015,89 years,342000,4,44,361307.66264394665
2025-08-01,WOODLANDS,2 ROOM,780A,WOODLANDS CRES,10 TO 12,47,Model A,2015,89 years,365000,10,44,366001.64737208746
2025-09-01,WOODLANDS,2 ROOM,780B,WOODLANDS CRES,01 TO 03,47,Model A,2015,89 years,350000,1,44,355319.1851599186
2025-08-01,WOODLANDS,2 ROOM,694D,WOODLANDS DR 62,07 TO 09,47,2-room,2018,92 years 01 month,380000,7,44,367513.5370037796
2025-08-01,WOODLANDS,2 ROOM,182A,WOODLANDS ST 13,28 TO 30,38,Model A,2019,93 years 03 months,413000,28,44,382719.5063940514
2025-08-01,WOODLANDS,2 ROOM,185B,WOODLANDS ST 13,22 TO 24,38,Model A,2019,93 years 02 months,385000,22,44,380419.7824855377
2025-07-01,WOODLANDS,3 ROOM,31,MARSILING DR,01 TO 03,73,New Generation,1977,50 years 10 months,390000,1,44,404786.18922075717
2025-08-01,WOODLANDS,3 ROOM,6,MARSILING DR,07 TO 09,76,Improved,1976,49 years 06 months,370000,7,44,378183.7382939384
2025-08-01,WOODLANDS,3 ROOM,1,MARSILING DR,07 TO 09,65,Improved,1974,47 years 11 months,350000,7,44,355080.8089894429
2025-08-01,WOODLANDS,3 ROOM,1,MARSILING DR,04 TO 06,65,Improved,1974,48 years,358000,4,44,351689.06717520894
2025-08-01,WOODLANDS,3 ROOM,6,MARSILING DR,04 TO 06,65,Improved,1976,49 years 06 months,380000,4,44,351689.06717520894
2025-08-01,WOODLANDS,3 ROOM,23,MARSILING DR,04 TO 06,82,New Generation,1977,51 years 03 months,385000,4,44,449980.2311564298
2025-09-01,WOODLANDS,3 ROOM,203,MARSILING DR,04 TO 06,82,New Generation,1981,55 years 01 month,421888,4,44,449980.2311564298
2025-07-01,WOODLANDS,3 ROOM,12,MARSILING LANE,10 TO 12,65,Improved,1976,49 years 08 months,345000,10,44,357662.0709191475
2025-08-01,WOODLANDS,3 ROOM,12A,MARSILING LANE,22 TO 24,67,Model A,2013,86 years 11 months,520000,22,44,532402.1763121712
2025-09-01,WOODLANDS,3 ROOM,15,MARSILING LANE,04 TO 06,65,Improved,1976,49 years 05 months,345000,4,44,351689.06717520894
2025-09-01,WOODLANDS,3 ROOM,18,MARSILING LANE,04 TO 06,60,Improved,1987,60 years 08 months,345000,4,44,367345.98998383904
2025-07-01,WOODLANDS,3 ROOM,180A,MARSILING RD,28 TO 30,66,Model A,2015,89 years 01 month,499000,28,44,528481.8530727733
2025-07-01,WOODLANDS,3 ROOM,180B,MARSILING RD,25 TO 27,67,Model A,2015,89 years 01 month,525000,25,44,529790.649205421
2025-09-01,WOODLANDS,3 ROOM,180A,MARSILING RD,25 TO 27,66,Model A,2015,88 years 10 months,490000,25,44,523913.39115579554
2025-08-01,WOODLANDS,3 ROOM,130,MARSILING RISE,04 TO 06,69,Improved,1985,58 years 05 months,400000,4,44,376587.6125503316
2025-09-01,WOODLANDS,3 ROOM,125,MARSILING RISE,07 TO 09,60,Improved,1985,58 years 05 months,390000,7,44,372489.21099094115
2025-09-01,WOODLANDS,3 ROOM,339,WOODLANDS AVE 1,01 TO 03,68,New Generation,1995,68 years 11 months,438000,1,44,399662.73636015016
2025-09-01,WOODLANDS,3 ROOM,693B,WOODLANDS AVE 6,01 TO 03,68,Model A,2018,92 years,490000,1,44,485047.24745673273
2025-07-01,WOODLANDS,3 ROOM,780F,WOODLANDS CRES,13 TO 15,67,Model A,2015,89 years,500000,13,44,511437.74973599263
2025-07-01,WOODLANDS,3 ROOM,574A,WOODLANDS DR 16,01 TO 03,68,Model A,2018,91 years 11 months,470000,1,44,485047.24745673273
2025-07-01,WOODLANDS,3 ROOM,886D,WOODLANDS DR 50,10 TO 12,67,Premium Apartment,2015,88 years 08 months,538000,10,44,521096.85428765794
2025-08-01,WOODLANDS,3 ROOM,887B,WOODLANDS DR 50,07 TO 09,67,Premium Apartment,2015,88 years 06 months,525000,7,44,522134.3546428007
2025-07-01,WOODLANDS,3 ROOM,694B,WOODLANDS DR 62,13 TO 15,68,Model A,2018,92 years 02 months,535000,13,44,519505.6373424502
2025-09-01,WOODLANDS,3 ROOM,694C,WOODLANDS DR 62,10 TO 12,68,Model A,2018,92 years,528000,10,44,507919.5302565117
2025-07-01,WOODLANDS,3 ROOM,717B,WOODLANDS DR 70,13 TO 15,71,Model A,2017,91 years 06 months,545000,13,44,532720.9486783213
2025-09-01,WOODLANDS,3 ROOM,784C,WOODLANDS RISE,01 TO 03,68,Model A,2018,91 years 11 months,480000,1,44,485047.24745673273
2025-09-01,WOODLANDS,3 ROOM,784C,WOODLANDS RISE,13 TO 15,68,Model A,2018,91 years 10 months,505000,13,44,519505.6373424502
2025-07-01,WOODLANDS,3 ROOM,166,WOODLANDS ST 13,04 TO 06,67,New Generation,1986,60 years 03 months,445000,4,44,393410.94988217036
2025-07-01,WOODLANDS,3 ROOM,101,WOODLANDS ST 13,07 TO 09,67,New Generation,1985,58 years 10 months,430000,7,44,401214.5716138868
2025-07-01,WOODLANDS,3 ROOM,159,WOODLANDS ST 13,04 TO 06,73,Model A,1990,63 years 11 months,420000,4,44,444754.95946274674
2025-07-01,WOODLANDS,3 ROOM,182A,WOODLANDS ST 13,22 TO 24,68,Model A,2019,93 years 03 months,560000,22,44,535765.5533577475
2025-09-01,WOODLANDS,3 ROOM,161,WOODLANDS ST 13,10 TO 12,73,Model A,1990,63 years 08 months,463000,10,44,444679.9748876163
2025-07-01,WOODLANDS,3 ROOM,318,WOODLANDS ST 31,04 TO 06,83,Model A,1993,67 years 06 months,489000,4,44,467401.0023064377
2025-07-01,WOODLANDS,3 ROOM,313,WOODLANDS ST 31,10 TO 12,73,Model A,1993,67 years 02 months,482000,10,44,444679.9748876163
2025-08-01,WOODLANDS,3 ROOM,319,WOODLANDS ST 31,07 TO 09,73,Model A,1993,66 years 08 months,472000,7,44,446060.4823202966
2025-09-01,WOODLANDS,3 ROOM,314,WOODLANDS ST 31,10 TO 12,73,Model A,1993,67 years 01 month,468888,10,44,444679.9748876163
2025-09-01,WOODLANDS,3 ROOM,311,WOODLANDS ST 31,10 TO 12,73,Model A,1993,67 years,468000,10,44,444679.9748876163
2025-07-01,WOODLANDS,4 ROOM,31,MARSILING DR,07 TO 09,97,New Generation,1977,50 years 11 months,455000,7,44,494990.00807483675
2025-07-01,WOODLANDS,4 ROOM,5,MARSILING DR,07 TO 09,90,Improved,1974,48 years 01 month,400000,7,44,454375.04833224823
2025-07-01,WOODLANDS,4 ROOM,205,MARSILING DR,10 TO 12,91,New Generation,1980,54 years 03 months,455000,10,44,514332.90497487405
2025-09-01,WOODLANDS,4 ROOM,8,MARSILING DR,01 TO 03,90,Improved,1976,49 years 05 months,400000,1,44,454710.5536439593
2025-09-01,WOODLANDS,4 ROOM,25,MARSILING DR,10 TO 12,92,New Generation,1977,50 years 10 months,448000,10,44,499094.3901239527
2025-09-01,WOODLANDS,4 ROOM,5A,MARSILING DR,04 TO 06,90,Model A,2002,75 years 07 months,488000,4,44,544888.788038523
2025-07-01,WOODLANDS,4 ROOM,12B,MARSILING LANE,04 TO 06,93,Model A,2013,87 years,545000,4,44,613790.0342432265
2025-08-01,WOODLANDS,4 ROOM,12C,MARSILING LANE,16 TO 18,93,Model A,2013,86 years 11 months,604000,16,44,667701.5187811573
2025-07-01,WOODLANDS,4 ROOM,336,WOODLANDS AVE 1,04 TO 06,83,Simplified,1985,59 years 05 months,502000,4,44,499619.8195684131
2025-07-01,WOODLANDS,4 ROOM,308,WOODLANDS AVE 1,01 TO 03,103,Model A,1994,67 years 07 months,508888,1,44,545389.4757104862
2025-08-01,WOODLANDS,4 ROOM,336,WOODLANDS AVE 1,04 TO 06,83,Simplified,1985,59 years 04 months,495000,4,44,499619.8195684131
2025-08-01,WOODLANDS,4 ROOM,309,WOODLANDS AVE 1,01 TO 03,84,Simplified,1989,63 years,465000,1,44,487227.6813058638
2025-08-01,WOODLANDS,4 ROOM,570C,WOODLANDS AVE 1,07 TO 09,92,Model A,2013,87 years 03 months,598000,7,44,610978.6577799303
2025-09-01,WOODLANDS,4 ROOM,337,WOODLANDS AVE 1,07 TO 09,104,Model A,1985,59 years 03 months,545000,7,44,572012.1888719802
2025-07-01,WOODLANDS,4 ROOM,613,WOODLANDS AVE 4,01 TO 03,101,Model A,1998,72 years 02 months,520000,1,44,551117.0490906033
2025-07-01,WOODLANDS,4 ROOM,617,WOODLANDS AVE 4,07 TO 09,96,Model A2,1998,71 years 10 months,560000,7,44,533835.8098374832
2025-07-01,WOODLANDS,4 ROOM,618,WOODLANDS AVE 4,10 TO 12,96,Model A2,1998,72 years,570000,10,44,539824.5947787692
2025-07-01,WOODLANDS,4 ROOM,844,WOODLANDS AVE 4,04 TO 06,106,Model A,1996,70 years 01 month,580000,4,44,572924.2360179324
2025-08-01,WOODLANDS,4 ROOM,617,WOODLANDS AVE 4,10 TO 12,91,Model A2,1998,71 years 09 months,556888,10,44,533947.9732971999
2025-08-01,WOODLANDS,4 ROOM,612,WOODLANDS AVE 4,10 TO 12,102,Model A,1998,72 years,580000,10,44,575243.741151945
2025-09-01,WOODLANDS,4 ROOM,614,WOODLANDS AVE 4,04 TO 06,101,Model A,1998,71 years 11 months,530000,4,44,568650.202148332
2025-07-01,WOODLANDS,4 ROOM,363,WOODLANDS AVE 5,04 TO 06,105,Model A,1996,70 years 05 months,625000,4,44,577786.7768346026
2025-07-01,WOODLANDS,4 ROOM,365,WOODLANDS AVE 5,07 TO 09,105,Model A,1996,70 years,622888,7,44,575687.0970206375
2025-07-01,WOODLANDS,4 ROOM,680,WOODLANDS AVE 6,01 TO 03,101,Model A,1998,72 years 02 months,590000,1,44,551117.0490906033
2025-07-01,WOODLANDS,4 ROOM,763,WOODLANDS AVE 6,01 TO 03,103,Model A,1998,71 years 09 months,545000,1,44,545389.4757104862
2025-07-01,WOODLANDS,4 ROOM,626,WOODLANDS AVE 6,10 TO 12,90,Model A2,1998,72 years 01 month,523000,10,44,538802.6707789014
2025-07-01,WOODLANDS,4 ROOM,693A,WOODLANDS AVE 6,07 TO 09,92,Model A,2018,92 years 02 months,650000,7,44,610978.6577799303
2025-08-01,WOODLANDS,4 ROOM,791,WOODLANDS AVE 6,07 TO 09,100,Model A,1997,71 years 04 months,565888,7,44,571616.2830399453
2025-08-01,WOODLANDS,4 ROOM,724,WOODLANDS AVE 6,01 TO 03,101,Model A,1997,71 years 01 month,555000,1,44,551117.0490906033
2025-08-01,WOODLANDS,4 ROOM,722,WOODLANDS AVE 6,10 TO 12,103,Model A,1997,70 years 11 months,570000,10,44,571129.6739623306
2025-07-01,WOODLANDS,4 ROOM,728,WOODLANDS CIRCLE,07 TO 09,100,Model A2,1997,71 years 03 months,578000,7,44,547608.0807426304
2025-07-01,WOODLANDS,4 ROOM,727,WOODLANDS CIRCLE,07 TO 09,102,Model A,1997,71 years,548000,7,44,564033.244599664
2025-07-01,WOODLANDS,4 ROOM,751,WOODLANDS CIRCLE,01 TO 03,101,Model A,1998,71 years 07 months,530000,1,44,551117.0490906033
2025-07-01,WOODLANDS,4 ROOM,733,WOODLANDS CIRCLE,10 TO 12,101,Model A,1997,71 years 02 months,558000,10,44,577075.7308720378
2025-07-01,WOODLANDS,4 ROOM,753,WOODLANDS CIRCLE,07 TO 09,102,Model A,1997,71 years 05 months,530000,7,44,564033.244599664
2025-09-01,WOODLANDS,4 ROOM,765,WOODLANDS CIRCLE,13 TO 15,90,Model A,2003,76 years 11 months,535000,13,44,573694.4009508868
2025-09-01,WOODLANDS,4 ROOM,743,WOODLANDS CIRCLE,10 TO 12,103,Model A2,1997,71 years 02 months,577000,10,44,560181.3450445968
2025-07-01,WOODLANDS,4 ROOM,774,WOODLANDS CRES,04 TO 06,94,Model A2,1997,71 years 04 months,525000,4,44,529538.3167643505
2025-07-01,WOODLANDS,4 ROOM,782E,WOODLANDS CRES,04 TO 06,92,Model A,2015,88 years 11 months,560000,4,44,600155.848637146
2025-07-01,WOODLANDS,4 ROOM,782E,WOODLANDS CRES,07 TO 09,92,Model A,2015,89 years,575000,7,44,610978.6577799303
2025-07-01,WOODLANDS,4 ROOM,782D,WOODLANDS CRES,07 TO 09,92,Model A,2015,88 years 11 months,581000,7,44,610978.6577799303
2025-07-01,WOODLANDS,4 ROOM,787B,WOODLANDS CRES,04 TO 06,101,Model A,1997,71 years 03 months,561888,4,44,568650.202148332
2025-07-01,WOODLANDS,4 ROOM,787D,WOODLANDS CRES,10 TO 12,100,Model A,1997,71 years 02 months,570000,10,44,574509.965925273
2025-08-01,WOODLANDS,4 ROOM,787D,WOODLANDS CRES,01 TO 03,100,Model A,1997,71 years 03 months,555000,1,44,551141.9335374084
2025-08-01,WOODLANDS,4 ROOM,782B,WOODLANDS CRES,13 TO 15,92,Model A,2015,88 years 11 months,570000,13,44,625787.1261294875
2025-08-01,WOODLANDS,4 ROOM,780C,WOODLANDS CRES,07 TO 09,92,Model A,2015,88 years 11 months,575000,7,44,610978.6577799303
2025-08-01,WOODLANDS,4 ROOM,782C,WOODLANDS CRES,13 TO 15,92,Model A,2015,88 years 10 months,575000,13,44,625787.1261294875
2025-09-01,WOODLANDS,4 ROOM,779,WOODLANDS CRES,04 TO 06,101,Model A,1997,71 years 03 months,543888,4,44,568650.202148332
2025-09-01,WOODLANDS,4 ROOM,780D,WOODLANDS CRES,04 TO 06,92,Model A,2015,88 years 11 months,575000,4,44,600155.848637146
2025-09-01,WOODLANDS,4 ROOM,780C,WOODLANDS CRES,01 TO 03,92,Model A,2015,88 years 11 months,568000,1,44,583268.3384484203
2025-09-01,WOODLANDS,4 ROOM,782C,WOODLANDS CRES,01 TO 03,92,Model A,2015,88 years 09 months,545888,1,44,583268.3384484203
2025-09-01,WOODLANDS,4 ROOM,780E,WOODLANDS CRES,04 TO 06,92,Model A,2015,88 years 10 months,555000,4,44,600155.848637146
2025-09-01,WOODLANDS,4 ROOM,775,WOODLANDS CRES,01 TO 03,91,Model A2,1997,71 years 01 month,560000,1,44,517091.38425141707
2025-07-01,WOODLANDS,4 ROOM,515,WOODLANDS DR 14,10 TO 12,107,Premium Apartment,1999,72 years 09 months,648888,10,44,605830.2492756655
2025-07-01,WOODLANDS,4 ROOM,516,WOODLANDS DR 14,01 TO 03,107,Premium Apartment,1999,72 years 09 months,580000,1,44,578299.363990832
2025-07-01,WOODLANDS,4 ROOM,524,WOODLANDS DR 14,07 TO 09,102,Premium Apartment,2000,73 years 08 months,595000,7,44,583010.4915049629
2025-07-01,WOODLANDS,4 ROOM,531,WOODLANDS DR 14,04 TO 06,105,Premium Apartment,1999,73 years 01 month,608888,4,44,586139.8303245711
2025-07-01,WOODLANDS,4 ROOM,516,WOODLANDS DR 14,10 TO 12,107,Premium Apartment,1999,72 years 08 months,626000,10,44,605830.2492756655
2025-07-01,WOODLANDS,4 ROOM,505,WOODLANDS DR 14,01 TO 03,101,Model A,1999,72 years 06 months,580000,1,44,551117.0490906033
2025-07-01,WOODLANDS,4 ROOM,518,WOODLANDS DR 14,10 TO 12,105,Premium Apartment,2000,74 years 02 months,615000,10,44,600826.2215183993
2025-07-01,WOODLANDS,4 ROOM,510,WOODLANDS DR 14,07 TO 09,107,Premium Apartment,1999,72 years 08 months,639888,7,44,598294.1920768683
2025-07-01,WOODLANDS,4 ROOM,523,WOODLANDS DR 14,07 TO 09,104,Premium Apartment,2000,74 years,582000,7,44,586290.5014104908
2025-07-01,WOODLANDS,4 ROOM,520,WOODLANDS DR 14,10 TO 12,104,Premium Apartment,2000,74 years 02 months,585000,10,44,593486.2606720331
2025-08-01,WOODLANDS,4 ROOM,515,WOODLANDS DR 14,07 TO 09,107,Premium Apartment,1999,72 years 08 months,666000,7,44,598294.1920768683
2025-08-01,WOODLANDS,4 ROOM,524,WOODLANDS DR 14,01 TO 03,103,Premium Apartment,2000,73 years 08 months,602800,1,44,567981.939801849
2025-08-01,WOODLANDS,4 ROOM,521,WOODLANDS DR 14,01 TO 03,104,Premium Apartment,2000,73 years 10 months,533000,1,44,569148.221618425
2025-08-01,WOODLANDS,4 ROOM,512,WOODLANDS DR 14,07 TO 09,107,Premium Apartment,1999,72 years 07 months,650000,7,44,598294.1920768683
2025-08-01,WOODLANDS,4 ROOM,517,WOODLANDS DR 14,07 TO 09,104,Premium Apartment,2000,74 years 01 month,605000,7,44,586290.5014104908
2025-08-01,WOODLANDS,4 ROOM,507,WOODLANDS DR 14,04 TO 06,101,Model A,1999,72 years 05 months,575000,4,44,568650.202148332
2025-09-01,WOODLANDS,4 ROOM,531,WOODLANDS DR 14,01 TO 03,105,Premium Apartment,1999,73 years,588888,1,44,571323.7172110245
2025-09-01,WOODLANDS,4 ROOM,630,WOODLANDS RING RD,04 TO 06,101,Model A,1998,72 years,550000,4,44,568650.202148332
2025-09-01,WOODLANDS,4 ROOM,513,WOODLANDS DR 14,10 TO 12,107,Premium Apartment,1999,72 years 06 months,628000,10,44,605830.2492756655
2025-07-01,WOODLANDS,4 ROOM,574A,WOODLANDS DR 16,04 TO 06,93,Model A,2018,92 years,638888,4,44,613790.0342432265
2025-07-01,WOODLANDS,4 ROOM,579,WOODLANDS DR 16,07 TO 09,91,Model A,2001,74 years 10 months,545000,7,44,563109.5177485171
2025-07-01,WOODLANDS,4 ROOM,574A,WOODLANDS DR 16,07 TO 09,93,Model A,2018,91 years 11 months,685000,7,44,623735.8804252618
2025-07-01,WOODLANDS,4 ROOM,574B,WOODLANDS DR 16,01 TO 03,93,Model A,2018,91 years 11 months,632000,1,44,586997.5539522078
2025-08-01,WOODLANDS,4 ROOM,588,WOODLANDS DR 16,01 TO 03,91,Model A,2001,74 years 08 months,545000,1,44,533610.9114292349
2025-08-01,WOODLANDS,4 ROOM,545,WOODLANDS DR 16,04 TO 06,101,Model A,2000,74 years 01 month,578888,4,44,568650.202148332
2025-08-01,WOODLANDS,4 ROOM,546,WOODLANDS DR 16,04 TO 06,100,Model A,2000,74 years 01 month,580000,4,44,566210.7019669327
2025-08-01,WOODLANDS,4 ROOM,574B,WOODLANDS DR 16,07 TO 09,93,Model A,2018,91 years 10 months,680000,7,44,623735.8804252618
2025-08-01,WOODLANDS,4 ROOM,573C,WOODLANDS DR 16,07 TO 09,93,Model A,2018,91 years 10 months,670000,7,44,623735.8804252618
2025-08-01,WOODLANDS,4 ROOM,573C,WOODLANDS DR 16,04 TO 06,93,Model A,2018,91 years 10 months,640000,4,44,613790.0342432265
2025-09-01,WOODLANDS,4 ROOM,573C,WOODLANDS DR 16,04 TO 06,93,Model A,2018,91 years 09 months,658888,4,44,613790.0342432265
2025-09-01,WOODLANDS,4 ROOM,577,WOODLANDS DR 16,01 TO 03,91,Model A,2000,74 years 02 months,525000,1,44,533610.9114292349
2025-07-01,WOODLANDS,4 ROOM,707,WOODLANDS DR 40,10 TO 12,99,Model A,1996,70 years 04 months,595000,10,44,582683.0862474005
2025-09-01,WOODLANDS,4 ROOM,706,WOODLANDS DR 40,01 TO 03,100,Model A,1996,70 years 02 months,535000,1,44,551141.9335374084
2025-09-01,WOODLANDS,4 ROOM,706,WOODLANDS DR 40,01 TO 03,100,Model A,1996,70 years 01 month,535000,1,44,551141.9335374084
2025-09-01,WOODLANDS,4 ROOM,705,WOODLANDS DR 40,01 TO 03,102,Model A,1996,70 years 01 month,520000,1,44,550049.1133871909
2025-07-01,WOODLANDS,4 ROOM,605,WOODLANDS DR 42,07 TO 09,93,Model A2,1997,70 years 11 months,550000,7,44,530212.9044247644
2025-07-01,WOODLANDS,4 ROOM,602,WOODLANDS DR 42,01 TO 03,102,Model A,1997,70 years 09 months,550888,1,44,550049.1133871909
2025-08-01,WOODLANDS,4 ROOM,602,WOODLANDS DR 42,07 TO 09,102,Model A,1997,70 years 09 months,558000,7,44,564033.244599664
2025-09-01,WOODLANDS,4 ROOM,605,WOODLANDS DR 42,07 TO 09,101,Model A2,1997,70 years 09 months,598000,7,44,548721.4425545827
2025-08-01,WOODLANDS,4 ROOM,552,WOODLANDS DR 44,10 TO 12,102,Model A,2000,73 years 07 months,565000,10,44,575243.741151945
2025-09-01,WOODLANDS,4 ROOM,553,WOODLANDS DR 44,01 TO 03,102,Model A,2000,73 years 09 months,555000,1,44,550049.1133871909
2025-09-01,WOODLANDS,4 ROOM,550,WOODLANDS DR 44,10 TO 12,100,Model A,2000,73 years 05 months,555000,10,44,574509.965925273
2025-07-01,WOODLANDS,4 ROOM,886A,WOODLANDS DR 50,13 TO 15,92,Premium Apartment,2015,88 years 08 months,695000,13,44,631909.0989431228
2025-07-01,WOODLANDS,4 ROOM,895A,WOODLANDS DR 50,04 TO 06,99,Model A,1997,70 years 07 months,550000,4,44,570167.8060693376
2025-07-01,WOODLANDS,4 ROOM,897B,WOODLANDS DR 50,04 TO 06,99,Model A,1997,71 years,550000,4,44,570167.8060693376
2025-07-01,WOODLANDS,4 ROOM,895A,WOODLANDS DR 50,10 TO 12,97,Model A,1997,70 years 06 months,602000,10,44,604473.2944367933
2025-07-01,WOODLANDS,4 ROOM,897C,WOODLANDS DR 50,10 TO 12,99,Model A,1997,71 years,585000,10,44,582683.0862474005
2025-07-01,WOODLANDS,4 ROOM,889C,WOODLANDS DR 50,13 TO 15,93,Model A,2017,91 years,660000,13,44,647412.4800599847
2025-08-01,WOODLANDS,4 ROOM,894A,WOODLANDS DR 50,01 TO 03,100,Model A,1996,70 years 01 month,585800,1,44,551141.9335374084
2025-08-01,WOODLANDS,4 ROOM,894C,WOODLANDS DR 50,04 TO 06,100,Model A,1996,70 years 01 month,570000,4,44,566210.7019669327
2025-08-01,WOODLANDS,4 ROOM,895A,WOODLANDS DR 50,10 TO 12,99,Model A,1997,70 years 05 months,600088,10,44,582683.0862474005
2025-09-01,WOODLANDS,4 ROOM,890B,WOODLANDS DR 50,04 TO 06,93,Model A,2017,90 years 11 months,628888,4,44,613790.0342432265
2025-09-01,WOODLANDS,4 ROOM,894B,WOODLANDS DR 50,07 TO 09,100,Model A,1996,70 years 01 month,618000,7,44,571616.2830399453
2025-09-01,WOODLANDS,4 ROOM,897A,WOODLANDS DR 50,10 TO 12,97,Model A,1997,71 years,602000,10,44,604473.2944367933
2025-09-01,WOODLANDS,4 ROOM,887A,WOODLANDS DR 50,13 TO 15,95,Premium Apartment,2015,88 years 05 months,690000,13,44,626696.3869001104
2025-09-01,WOODLANDS,4 ROOM,886A,WOODLANDS DR 50,13 TO 15,95,Premium Apartment,2015,88 years 05 months,690000,13,44,626696.3869001104
2025-09-01,WOODLANDS,4 ROOM,887A,WOODLANDS DR 50,10 TO 12,92,Premium Apartment,2015,88 years 05 months,650000,10,44,626449.7976218503
2025-09-01,WOODLANDS,4 ROOM,887A,WOODLANDS DR 50,16 TO 18,95,Premium Apartment,2015,88 years 05 months,730000,16,44,634373.7913057123
2025-07-01,WOODLANDS,4 ROOM,621,WOODLANDS DR 52,01 TO 03,102,Model A,1998,72 years,545000,1,44,550049.1133871909
2025-07-01,WOODLANDS,4 ROOM,620,WOODLANDS DR 52,04 TO 06,91,Model A2,1998,72 years 01 month,518000,4,44,521354.2488680483
2025-08-01,WOODLANDS,4 ROOM,623,WOODLANDS DR 52,10 TO 12,102,Model A,1998,72 years 02 months,550000,10,44,575243.741151945
2025-08-01,WOODLANDS,4 ROOM,624B,WOODLANDS DR 52,07 TO 09,100,Model A,1998,72 years 02 months,540000,7,44,571616.2830399453
2025-09-01,WOODLANDS,4 ROOM,624B,WOODLANDS DR 52,01 TO 03,101,Model A,1998,72 years 01 month,525000,1,44,551117.0490906033
2025-09-01,WOODLANDS,4 ROOM,619,WOODLANDS DR 52,07 TO 09,91,Model A2,1998,71 years 11 months,538888,7,44,523935.32334074104
2025-09-01,WOODLANDS,4 ROOM,556,WOODLANDS DR 53,01 TO 03,102,Model A,1999,73 years 04 months,570000,1,44,550049.1133871909
2025-07-01,WOODLANDS,4 ROOM,786E,WOODLANDS DR 60,04 TO 06,90,Model A2,1997,71 years 02 months,540000,4,44,519966.0776141037
2025-07-01,WOODLANDS,4 ROOM,771,WOODLANDS DR 60,10 TO 12,101,Model A,1997,71 years 06 months,545000,10,44,577075.7308720378
2025-07-01,WOODLANDS,4 ROOM,769,WOODLANDS DR 60,01 TO 03,103,Model A,1997,71 years 05 months,530000,1,44,545389.4757104862
2025-08-01,WOODLANDS,4 ROOM,786B,WOODLANDS DR 60,10 TO 12,91,Model A2,1997,71 years 01 month,530000,10,44,533947.9732971999
2025-09-01,WOODLANDS,4 ROOM,772,WOODLANDS DR 60,04 TO 06,102,Model A,1997,71 years 02 months,540000,4,44,564606.8494855276
2025-07-01,WOODLANDS,4 ROOM,681C,WOODLANDS DR 62,10 TO 12,105,Premium Apartment,2000,73 years 08 months,630000,10,44,600826.2215183993
2025-07-01,WOODLANDS,4 ROOM,683C,WOODLANDS DR 62,04 TO 06,103,Premium Apartment,2000,73 years 07 months,530000,4,44,581949.8000010194
2025-09-01,WOODLANDS,4 ROOM,694A,WOODLANDS DR 62,10 TO 12,92,Model A,2018,92 years 01 month,660000,10,44,620162.3458185728
2025-09-01,WOODLANDS,4 ROOM,694A,WOODLANDS DR 62,07 TO 09,92,Model A,2018,92 years 01 month,656000,7,44,610978.6577799303
2025-09-01,WOODLANDS,4 ROOM,682A,WOODLANDS DR 62,01 TO 03,101,Premium Apartment,2000,73 years 06 months,570000,1,44,569396.9228450157
2025-09-01,WOODLANDS,4 ROOM,681D,WOODLANDS DR 62,01 TO 03,104,Premium Apartment,2000,73 years 05 months,546000,1,44,569148.221618425
2025-09-01,WOODLANDS,4 ROOM,681B,WOODLANDS DR 62,04 TO 06,101,Premium Apartment,2000,73 years 05 months,575500,4,44,583706.5472665334
2025-07-01,WOODLANDS,4 ROOM,716,WOODLANDS DR 70,07 TO 09,100,Model A,1997,71 years,620000,7,44,571616.2830399453
2025-08-01,WOODLANDS,4 ROOM,717,WOODLANDS DR 70,13 TO 15,101,Model A,1997,70 years 11 months,595000,13,44,596765.2529000775
2025-08-01,WOODLANDS,4 ROOM,713,WOODLANDS DR 70,10 TO 12,102,Model A,1996,70 years 05 months,586888,10,44,575243.741151945
2025-09-01,WOODLANDS,4 ROOM,710,WOODLANDS DR 70,10 TO 12,99,Model A,1997,70 years 06 months,580000,10,44,582683.0862474005
2025-08-01,WOODLANDS,4 ROOM,796,WOODLANDS DR 72,07 TO 09,100,Model A,1997,71 years 02 months,583888,7,44,571616.2830399453
2025-09-01,WOODLANDS,4 ROOM,795,WOODLANDS DR 72,10 TO 12,100,Model A,1998,71 years 05 months,603000,10,44,574509.965925273
2025-09-01,WOODLANDS,4 ROOM,796,WOODLANDS DR 72,10 TO 12,100,Model A,1997,71 years 02 months,598000,10,44,574509.965925273
2025-07-01,WOODLANDS,4 ROOM,691A,WOODLANDS DR 73,10 TO 12,93,Model A,2018,91 years 11 months,668888,10,44,635346.9860629987
2025-08-01,WOODLANDS,4 ROOM,691A,WOODLANDS DR 73,10 TO 12,93,Model A,2018,91 years 10 months,680000,10,44,635346.9860629987
2025-08-01,WOODLANDS,4 ROOM,691A,WOODLANDS DR 73,07 TO 09,93,Model A,2018,91 years 10 months,680000,7,44,623735.8804252618
2025-08-01,WOODLANDS,4 ROOM,686A,WOODLANDS DR 73,13 TO 15,94,Premium Apartment,2003,76 years 06 months,585000,13,44,623347.8714676446
2025-08-01,WOODLANDS,4 ROOM,691A,WOODLANDS DR 73,07 TO 09,93,Model A,2018,91 years 10 months,648000,7,44,623735.8804252618
2025-09-01,WOODLANDS,4 ROOM,684B,WOODLANDS DR 73,01 TO 03,101,Premium Apartment,2000,73 years 06 months,580000,1,44,569396.9228450157
2025-09-01,WOODLANDS,4 ROOM,684D,WOODLANDS DR 73,04 TO 06,103,Premium Apartment,2000,73 years 06 months,595000,4,44,581949.8000010194
2025-09-01,WOODLANDS,4 ROOM,691B,WOODLANDS DR 73,01 TO 03,93,Model A,2018,91 years 09 months,610000,1,44,586997.5539522078
2025-07-01,WOODLANDS,4 ROOM,689B,WOODLANDS DR 75,13 TO 15,90,Premium Apartment,2004,77 years 07 months,568000,13,44,567970.0821035164
2025-07-01,WOODLANDS,4 ROOM,688B,WOODLANDS DR 75,16 TO 18,90,Premium Apartment,2004,77 years 08 months,562000,16,44,597407.5424685363
2025-07-01,WOODLANDS,4 ROOM,690E,WOODLANDS DR 75,10 TO 12,90,Premium Apartment,2004,77 years 06 months,545000,10,44,560513.9874479736
2025-08-01,WOODLANDS,4 ROOM,690F,WOODLANDS DR 75,16 TO 18,90,Premium Apartment,2004,77 years 06 months,555000,16,44,597407.5424685363
2025-08-01,WOODLANDS,4 ROOM,689E,WOODLANDS DR 75,01 TO 03,90,Premium Apartment,2004,77 years 08 months,528000,1,44,527314.6567121095
2025-08-01,WOODLANDS,4 ROOM,689F,WOODLANDS DR 75,07 TO 09,90,Premium Apartment,2004,77 years 05 months,545000,7,44,553884.3271784979
2025-08-01,WOODLANDS,4 ROOM,688C,WOODLANDS DR 75,16 TO 18,90,Premium Apartment,2004,77 years 07 months,562888,16,44,597407.5424685363
2025-09-01,WOODLANDS,4 ROOM,689B,WOODLANDS DR 75,01 TO 03,90,Premium Apartment,2004,77 years 07 months,505000,1,44,527314.6567121095
2025-09-01,WOODLANDS,4 ROOM,690B,WOODLANDS DR 75,07 TO 09,90,Premium Apartment,2004,77 years 04 months,532000,7,44,553884.3271784979
2025-07-01,WOODLANDS,4 ROOM,663,WOODLANDS RING RD,04 TO 06,100,Model A,1998,71 years 08 months,545000,4,44,566210.7019669327
2025-07-01,WOODLANDS,4 ROOM,649,WOODLANDS RING RD,01 TO 03,101,Model A,1998,72 years,582828,1,44,551117.0490906033
2025-07-01,WOODLANDS,4 ROOM,667,WOODLANDS RING RD,10 TO 12,90,Model A,2001,74 years 06 months,560000,10,44,573140.9821124234
2025-07-01,WOODLANDS,4 ROOM,659,WOODLANDS RING RD,04 TO 06,101,Model A,1998,71 years 07 months,573000,4,44,568650.202148332
2025-07-01,WOODLANDS,4 ROOM,668,WOODLANDS RING RD,07 TO 09,91,Model A,2000,74 years 03 months,536000,7,44,563109.5177485171
2025-08-01,WOODLANDS,4 ROOM,662,WOODLANDS RING RD,10 TO 12,100,Model A,1998,71 years 06 months,555000,10,44,574509.965925273
2025-08-01,WOODLANDS,4 ROOM,655,WOODLANDS RING RD,04 TO 06,101,Model A,1998,71 years 07 months,562000,4,44,568650.202148332
2025-09-01,WOODLANDS,4 ROOM,608,WOODLANDS RING RD,10 TO 12,102,Model A,1998,71 years 11 months,575000,10,44,575243.741151945
2025-09-01,WOODLANDS,4 ROOM,638,WOODLANDS RING RD,04 TO 06,102,Model A,1999,72 years 11 months,545000,4,44,564606.8494855276
2025-09-01,WOODLANDS,4 ROOM,607,WOODLANDS RING RD,07 TO 09,102,Model A,1998,71 years 08 months,555000,7,44,564033.244599664
2025-09-01,WOODLANDS,4 ROOM,665,WOODLANDS RING RD,01 TO 03,85,Model A2,2000,74 years 02 months,523000,1,44,516369.1695707625
2025-09-01,WOODLANDS,4 ROOM,639,WOODLANDS RING RD,01 TO 03,102,Model A,1999,72 years 10 months,568000,1,44,550049.1133871909
2025-09-01,WOODLANDS,4 ROOM,644,WOODLANDS RING RD,01 TO 03,101,Model A,1998,71 years 10 months,545000,1,44,551117.0490906033
2025-07-01,WOODLANDS,4 ROOM,785D,WOODLANDS RISE,04 TO 06,93,Model A,2018,92 years 01 month,598888,4,44,613790.0342432265
2025-07-01,WOODLANDS,4 ROOM,785C,WOODLANDS RISE,01 TO 03,93,Model A,2018,92 years,560000,1,44,586997.5539522078
2025-08-01,WOODLANDS,4 ROOM,785D,WOODLANDS RISE,01 TO 03,93,Model A,2018,92 years,610000,1,44,586997.5539522078
2025-08-01,WOODLANDS,4 ROOM,784C,WOODLANDS RISE,13 TO 15,93,Model A,2018,92 years,620000,13,44,647412.4800599847
2025-08-01,WOODLANDS,4 ROOM,784A,WOODLANDS RISE,01 TO 03,93,Model A,2018,91 years 11 months,600000,1,44,586997.5539522078
2025-09-01,WOODLANDS,4 ROOM,783B,WOODLANDS RISE,04 TO 06,93,Model A,2018,91 years 11 months,588000,4,44,613790.0342432265
2025-09-01,WOODLANDS,4 ROOM,783B,WOODLANDS RISE,07 TO 09,93,Model A,2018,91 years 10 months,602888,7,44,623735.8804252618
2025-07-01,WOODLANDS,4 ROOM,104,WOODLANDS ST 13,10 TO 12,92,New Generation,1985,58 years 10 months,510000,10,44,499094.3901239527
2025-07-01,WOODLANDS,4 ROOM,110,WOODLANDS ST 13,07 TO 09,91,New Generation,1987,60 years 07 months,525000,7,44,499963.47657210444
2025-07-01,WOODLANDS,4 ROOM,149,WOODLANDS ST 13,04 TO 06,93,New Generation,1985,58 years 09 months,508000,4,44,505086.11836806923
2025-07-01,WOODLANDS,4 ROOM,104,WOODLANDS ST 13,04 TO 06,91,New Generation,1985,58 years 09 months,475000,4,44,504017.47860846156
2025-07-01,WOODLANDS,4 ROOM,183C,WOODLANDS ST 13,16 TO 18,93,Model A,2019,93 years 03 months,708888,16,44,667701.5187811573
2025-07-01,WOODLANDS,4 ROOM,183B,WOODLANDS ST 13,04 TO 06,93,Model A,2019,93 years 03 months,645000,4,44,613790.0342432265
2025-07-01,WOODLANDS,4 ROOM,148,WOODLANDS ST 13,07 TO 09,93,New Generation,1985,58 years 08 months,500000,7,44,491353.5527303058
2025-07-01,WOODLANDS,4 ROOM,182B,WOODLANDS ST 13,07 TO 09,93,Model A,2019,93 years 03 months,668000,7,44,623735.8804252618
2025-08-01,WOODLANDS,4 ROOM,182B,WOODLANDS ST 13,10 TO 12,93,Model A,2019,93 years 03 months,680000,10,44,635346.9860629987
2025-08-01,WOODLANDS,4 ROOM,183A,WOODLANDS ST 13,04 TO 06,93,Model A,2019,93 years 02 months,640000,4,44,613790.0342432265
2025-08-01,WOODLANDS,4 ROOM,183C,WOODLANDS ST 13,22 TO 24,93,Model A,2019,93 years 02 months,716000,22,44,692926.8387733615
2025-08-01,WOODLANDS,4 ROOM,105,WOODLANDS ST 13,10 TO 12,91,New Generation,1985,58 years 08 months,515555,10,44,514332.90497487405
2025-09-01,WOODLANDS,4 ROOM,183A,WOODLANDS ST 13,28 TO 30,93,Model A,2019,93 years 02 months,740000,28,44,694228.9712307642
2025-09-01,WOODLANDS,4 ROOM,185B,WOODLANDS ST 13,01 TO 03,93,Model A,2019,93 years 02 months,600000,1,44,586997.5539522078
2025-07-01,WOODLANDS,4 ROOM,311,WOODLANDS ST 31,04 TO 06,103,Model A,1993,67 years 03 months,555000,4,44,563387.2629801149
2025-07-01,WOODLANDS,4 ROOM,312,WOODLANDS ST 31,01 TO 03,89,Simplified,1989,63 years 02 months,525000,1,44,502643.8027301223
2025-09-01,WOODLANDS,4 ROOM,317,WOODLANDS ST 31,10 TO 12,103,Model A,1993,66 years 08 months,575888,10,44,571129.6739623306
2025-09-01,WOODLANDS,4 ROOM,317,WOODLANDS ST 31,10 TO 12,107,Model A,1993,66 years 08 months,585000,10,44,573419.0196001341
2025-07-01,WOODLANDS,4 ROOM,321,WOODLANDS ST 32,04 TO 06,89,Simplified,1994,67 years 07 months,531000,4,44,511444.582820959
2025-07-01,WOODLANDS,4 ROOM,321,WOODLANDS ST 32,01 TO 03,109,Model A,1994,67 years 07 months,560000,1,44,556858.6733203296
2025-09-01,WOODLANDS,4 ROOM,321,WOODLANDS ST 32,04 TO 06,89,Simplified,1994,67 years 05 months,520000,4,44,511444.582820959
2025-09-01,WOODLANDS,4 ROOM,335,WOODLANDS ST 32,01 TO 03,90,Simplified,1985,59 years 03 months,495000,1,44,502955.5312420136
2025-07-01,WOODLANDS,4 ROOM,436,WOODLANDS ST 41,07 TO 09,104,Model A,1996,70 years 02 months,550000,7,44,572012.1888719802
2025-07-01,WOODLANDS,4 ROOM,428,WOODLANDS ST 41,07 TO 09,84,Simplified,1996,70 years 01 month,480000,7,44,503565.6122637209
2025-07-01,WOODLANDS,4 ROOM,424,WOODLANDS ST 41,07 TO 09,100,Model A,1997,70 years 10 months,548000,7,44,571616.2830399453
2025-07-01,WOODLANDS,4 ROOM,436,WOODLANDS ST 41,07 TO 09,84,Simplified,1996,70 years 02 months,485000,7,44,503565.6122637209
2025-08-01,WOODLANDS,4 ROOM,421,WOODLANDS ST 41,13 TO 15,106,Model A,1996,69 years 07 months,553000,13,44,593428.8852385478
2025-08-01,WOODLANDS,4 ROOM,436,WOODLANDS ST 41,04 TO 06,84,Simplified,1996,70 years,496000,4,44,499942.08160460595
2025-08-01,WOODLANDS,4 ROOM,409,WOODLANDS ST 41,04 TO 06,103,Model A,1996,69 years 05 months,558000,4,44,563387.2629801149
2025-09-01,WOODLANDS,4 ROOM,410,WOODLANDS ST 41,01 TO 03,103,Model A,1996,69 years 05 months,540000,1,44,545389.4757104862
2025-09-01,WOODLANDS,4 ROOM,413,WOODLANDS ST 41,04 TO 06,106,Model A,1996,69 years 04 months,560000,4,44,572924.2360179324
2025-07-01,WOODLANDS,4 ROOM,824,WOODLANDS ST 81,07 TO 09,103,Model A,1989,63 years 03 months,558000,7,44,564691.1607693678
2025-07-01,WOODLANDS,4 ROOM,809,WOODLANDS ST 81,07 TO 09,105,Model A,1995,69 years 04 months,550000,7,44,575687.0970206375
2025-08-01,WOODLANDS,4 ROOM,871,WOODLANDS ST 81,07 TO 09,111,Model A,1996,69 years 09 months,680000,7,44,572380.9611378332
2025-09-01,WOODLANDS,4 ROOM,872,WOODLANDS ST 81,07 TO 09,115,Model A,1996,69 years 08 months,580000,7,44,591801.0967714865
2025-07-01,WOODLANDS,4 ROOM,840,WOODLANDS ST 82,01 TO 03,84,Simplified,1994,67 years 11 months,500000,1,44,487227.6813058638
2025-08-01,WOODLANDS,4 ROOM,874,WOODLANDS ST 82,01 TO 03,111,Model A,1996,69 years 09 months,596000,1,44,558678.9032274215
2025-08-01,WOODLANDS,4 ROOM,880,WOODLANDS ST 82,10 TO 12,105,Model A,1996,70 years 01 month,566000,10,44,578851.9644157698
2025-09-01,WOODLANDS,4 ROOM,839,WOODLANDS ST 82,10 TO 12,106,Model A,1996,70 years,578000,10,44,572834.9845985796
2025-09-01,WOODLANDS,4 ROOM,875,WOODLANDS ST 82,04 TO 06,115,Model A,1996,69 years 07 months,585000,4,44,584853.7495587737
2025-09-01,WOODLANDS,4 ROOM,875,WOODLANDS ST 82,01 TO 03,115,Model A,1996,69 years 06 months,600000,1,44,572027.9877044191
2025-07-01,WOODLANDS,4 ROOM,835,WOODLANDS ST 83,01 TO 03,103,Model A,1994,67 years 10 months,530000,1,44,545389.4757104862
2025-08-01,WOODLANDS,4 ROOM,854,WOODLANDS ST 83,01 TO 03,104,Model A,1993,67 years 01 month,528888,1,44,548226.107322865
2025-08-01,WOODLANDS,4 ROOM,853,WOODLANDS ST 83,04 TO 06,84,Simplified,1993,67 years,482000,4,44,499942.08160460595
2025-08-01,WOODLANDS,4 ROOM,858,WOODLANDS ST 83,04 TO 06,103,Model A,1996,69 years 07 months,542000,4,44,563387.2629801149
2025-07-01,WOODLANDS,5 ROOM,36,MARSILING DR,13 TO 15,124,Standard,1978,51 years 10 months,548888,13,44,628459.3374162741
2025-07-01,WOODLANDS,5 ROOM,36,MARSILING DR,19 TO 21,124,Standard,1978,51 years 09 months,600000,19,44,642233.3261620988
2025-08-01,WOODLANDS,5 ROOM,10,MARSILING DR,07 TO 09,123,Standard,1976,49 years 08 months,560000,7,44,625616.122288735
2025-08-01,WOODLANDS,5 ROOM,35,MARSILING DR,07 TO 09,118,Standard,1977,51 years 01 month,515000,7,44,623538.2123198708
2025-09-01,WOODLANDS,5 ROOM,10,MARSILING DR,19 TO 21,126,Standard,1976,49 years 06 months,569000,19,44,646834.6721724164
2025-09-01,WOODLANDS,5 ROOM,137,MARSILING RD,04 TO 06,121,Improved,1985,59 years 01 month,600000,4,44,662399.3084901895
2025-08-01,WOODLANDS,5 ROOM,120,MARSILING RISE,10 TO 12,121,Improved,1985,59 years 04 months,578000,10,44,684079.2077521115
2025-07-01,WOODLANDS,5 ROOM,355,WOODLANDS AVE 1,10 TO 12,123,Improved,1996,70 years 03 months,738000,10,44,687619.8839297664
2025-07-01,WOODLANDS,5 ROOM,351,WOODLANDS AVE 1,04 TO 06,123,Improved,1996,70 years 02 months,740000,4,44,664818.966373273
2025-09-01,WOODLANDS,5 ROOM,353,WOODLANDS AVE 1,01 TO 03,120,Improved,1996,69 years 11 months,710000,1,44,648327.1221906067
2025-09-01,WOODLANDS,5 ROOM,572A,WOODLANDS AVE 1,07 TO 09,112,Improved,2013,87 years 02 months,742888,7,44,699219.8720328945
2025-09-01,WOODLANDS,5 ROOM,370,WOODLANDS AVE 1,07 TO 09,125,Improved,1996,70 years 02 months,735000,7,44,676899.1480276645
2025-09-01,WOODLANDS,5 ROOM,348,WOODLANDS AVE 3,01 TO 03,122,Improved,1988,62 years,640000,1,44,647092.1986428057
2025-09-01,WOODLANDS,5 ROOM,347,WOODLANDS AVE 3,07 TO 09,122,Improved,1988,61 years 08 months,688000,7,44,669559.8657760164
2025-08-01,WOODLANDS,5 ROOM,614,WOODLANDS AVE 4,10 TO 12,120,Improved,1998,72 years 01 month,650000,10,44,685410.3437646633
2025-08-01,WOODLANDS,5 ROOM,616,WOODLANDS AVE 4,10 TO 12,121,Improved,1998,71 years 10 months,665000,10,44,684079.2077521115
2025-09-01,WOODLANDS,5 ROOM,757,WOODLANDS AVE 4,04 TO 06,122,Improved,1997,71 years 04 months,665000,4,44,662630.5742474489
2025-09-01,WOODLANDS,5 ROOM,613,WOODLANDS AVE 4,10 TO 12,120,Improved,1998,71 years 11 months,710000,10,44,685410.3437646633
2025-07-01,WOODLANDS,5 ROOM,718,WOODLANDS AVE 6,13 TO 15,120,Improved,1997,71 years,730000,13,44,673406.5190498692
2025-09-01,WOODLANDS,5 ROOM,679,WOODLANDS AVE 6,10 TO 12,123,Improved,1998,72 years,710000,10,44,687619.8839297664
2025-09-01,WOODLANDS,5 ROOM,719,WOODLANDS AVE 6,10 TO 12,120,Improved,1997,70 years 08 months,707000,10,44,685410.3437646633
2025-07-01,WOODLANDS,5 ROOM,747,WOODLANDS CIRCLE,07 TO 09,122,Improved,1998,71 years 09 months,695000,7,44,669559.8657760164
2025-08-01,WOODLANDS,5 ROOM,731,WOODLANDS CIRCLE,04 TO 06,122,Improved,1997,71 years 01 month,658000,4,44,662630.5742474489
2025-08-01,WOODLANDS,5 ROOM,753,WOODLANDS CIRCLE,04 TO 06,121,Improved,1997,71 years 05 months,673000,4,44,662399.3084901895
2025-09-01,WOODLANDS,5 ROOM,751,WOODLANDS CIRCLE,07 TO 09,122,Improved,1998,71 years 04 months,680000,7,44,669559.8657760164
2025-07-01,WOODLANDS,5 ROOM,782B,WOODLANDS CRES,07 TO 09,112,Improved,2015,89 years,670000,7,44,699219.8720328945
2025-07-01,WOODLANDS,5 ROOM,782D,WOODLANDS CRES,04 TO 06,112,Improved,2015,88 years 11 months,680000,4,44,704779.1250836878
2025-08-01,WOODLANDS,5 ROOM,787C,WOODLANDS CRES,04 TO 06,122,Improved,1997,71 years 02 months,650000,4,44,662630.5742474489
2025-08-01,WOODLANDS,5 ROOM,787D,WOODLANDS CRES,04 TO 06,122,Improved,1997,71 years 01 month,670000,4,44,662630.5742474489
2025-08-01,WOODLANDS,5 ROOM,787E,WOODLANDS CRES,10 TO 12,122,Improved,1997,71 years 03 months,665000,10,44,683623.3787807467
2025-07-01,WOODLANDS,5 ROOM,513,WOODLANDS DR 14,10 TO 12,128,Premium Apartment,1999,72 years 09 months,768000,10,44,726010.2982249092
2025-07-01,WOODLANDS,5 ROOM,515,WOODLANDS DR 14,04 TO 06,125,Premium Apartment,1999,72 years 09 months,730000,4,44,679227.0940038289
2025-07-01,WOODLANDS,5 ROOM,522,WOODLANDS DR 14,10 TO 12,126,Premium Apartment,2000,73 years 11 months,728000,10,44,708788.8688099753
2025-08-01,WOODLANDS,5 ROOM,510,WOODLANDS DR 14,07 TO 09,125,Premium Apartment,1999,72 years 08 months,725000,7,44,675094.0664954782
2025-08-01,WOODLANDS,5 ROOM,521,WOODLANDS DR 14,10 TO 12,125,Premium Apartment,2000,73 years 10 months,723888,10,44,709360.8176522377
2025-08-01,WOODLANDS,5 ROOM,511,WOODLANDS DR 14,01 TO 03,128,Premium Apartment,1999,72 years 08 months,740000,1,44,675096.9289928711
2025-08-01,WOODLANDS,5 ROOM,503,WOODLANDS DR 14,01 TO 03,123,Improved,1998,72 years 04 months,700000,1,44,655205.2215029054
2025-08-01,WOODLANDS,5 ROOM,501,WOODLANDS DR 14,07 TO 09,124,Improved,1998,72 years 04 months,680000,7,44,676507.5017856142
2025-08-01,WOODLANDS,5 ROOM,525,WOODLANDS DR 14,04 TO 06,124,Premium Apartment,2000,73 years 07 months,675000,4,44,678294.9584072252
2025-08-01,WOODLANDS,5 ROOM,533,WOODLANDS DR 14,01 TO 03,128,Premium Apartment,1999,73 years,700000,1,44,675096.9289928711
2025-08-01,WOODLANDS,5 ROOM,534,WOODLANDS DR 14,10 TO 12,123,Premium Apartment,1999,73 years,720000,10,44,683888.5595862244
2025-08-01,WOODLANDS,5 ROOM,531,WOODLANDS DR 14,07 TO 09,126,Premium Apartment,1999,73 years,688000,7,44,675303.8124335848
2025-09-01,WOODLANDS,5 ROOM,501,WOODLANDS DR 14,01 TO 03,122,Improved,1998,72 years 04 months,750000,1,44,647092.1986428057
2025-09-01,WOODLANDS,5 ROOM,521,WOODLANDS DR 14,07 TO 09,126,Premium Apartment,2000,73 years 10 months,680000,7,44,675303.8124335848
2025-09-01,WOODLANDS,5 ROOM,532,WOODLANDS DR 14,07 TO 09,124,Premium Apartment,1999,72 years 11 months,670000,7,44,670719.9802571988
2025-09-01,WOODLANDS,5 ROOM,529,WOODLANDS DR 14,07 TO 09,123,Premium Apartment,1999,72 years 11 months,705000,7,44,662887.5647604194
2025-07-01,WOODLANDS,5 ROOM,584,WOODLANDS DR 16,01 TO 03,110,Improved,2001,75 years 01 month,623000,1,44,599838.1298272305
2025-07-01,WOODLANDS,5 ROOM,545,WOODLANDS DR 16,07 TO 09,120,Improved,2000,74 years 03 months,667000,7,44,672882.922158862
2025-07-01,WOODLANDS,5 ROOM,582,WOODLANDS DR 16,01 TO 03,110,Improved,2001,74 years 10 months,590000,1,44,599838.1298272305
2025-07-01,WOODLANDS,5 ROOM,545,WOODLANDS DR 16,01 TO 03,120,Improved,2000,74 years 02 months,710000,1,44,648327.1221906067
2025-08-01,WOODLANDS,5 ROOM,580,WOODLANDS DR 16,01 TO 03,110,Improved,2001,74 years 09 months,600888,1,44,599838.1298272305
2025-08-01,WOODLANDS,5 ROOM,544,WOODLANDS DR 16,07 TO 09,120,Improved,2000,74 years,699000,7,44,672882.922158862
2025-08-01,WOODLANDS,5 ROOM,542,WOODLANDS DR 16,10 TO 12,115,Improved,2000,73 years 10 months,690000,10,44,690970.3403708353
2025-08-01,WOODLANDS,5 ROOM,543,WOODLANDS DR 16,07 TO 09,121,Improved,2000,73 years 10 months,708000,7,44,671412.5112867473
2025-08-01,WOODLANDS,5 ROOM,539,WOODLANDS DR 16,01 TO 03,115,Improved,2000,74 years,620000,1,44,650327.2139933801
2025-09-01,WOODLANDS,5 ROOM,543,WOODLANDS DR 16,01 TO 03,121,Improved,2000,73 years 10 months,660000,1,44,648319.4346349367
2025-09-01,WOODLANDS,5 ROOM,589,WOODLANDS DR 16,07 TO 09,111,Improved,2001,74 years 08 months,656888,7,44,643767.8386770317
2025-09-01,WOODLANDS,5 ROOM,539,WOODLANDS DR 16,04 TO 06,121,Improved,2000,74 years,645000,4,44,662399.3084901895
2025-09-01,WOODLANDS,5 ROOM,586,WOODLANDS DR 16,10 TO 12,111,Improved,2001,74 years 09 months,655000,10,44,641633.8072465739
2025-09-01,WOODLANDS,5 ROOM,545,WOODLANDS DR 16,04 TO 06,115,Improved,2000,74 years,650000,4,44,659538.948689263
2025-09-01,WOODLANDS,5 ROOM,580,WOODLANDS DR 16,10 TO 12,110,Improved,2001,74 years 07 months,635000,10,44,653744.5106377219
2025-07-01,WOODLANDS,5 ROOM,701,WOODLANDS DR 40,10 TO 12,119,Improved,1996,70 years 04 months,658000,10,44,675697.301585702
2025-07-01,WOODLANDS,5 ROOM,553,WOODLANDS DR 44,10 TO 12,120,Improved,2000,73 years 10 months,645000,10,44,685410.3437646633
2025-07-01,WOODLANDS,5 ROOM,894C,WOODLANDS DR 50,07 TO 09,119,Improved,1996,70 years 02 months,688888,7,44,673311.0522728328
2025-07-01,WOODLANDS,5 ROOM,889C,WOODLANDS DR 50,16 TO 18,113,Improved,2017,91 years 01 month,800000,16,44,763087.7024028379
2025-07-01,WOODLANDS,5 ROOM,889A,WOODLANDS DR 50,13 TO 15,113,Improved,2017,91 years,782888,13,44,746674.908562973
2025-07-01,WOODLANDS,5 ROOM,896B,WOODLANDS DR 50,07 TO 09,118,Improved,1997,71 years 02 months,630000,7,44,672255.9617369494
2025-08-01,WOODLANDS,5 ROOM,899A,WOODLANDS DR 50,01 TO 03,118,Improved,1997,71 years 01 month,625000,1,44,647067.0351863235
2025-09-01,WOODLANDS,5 ROOM,894D,WOODLANDS DR 50,01 TO 03,119,Improved,1996,70 years,680500,1,44,650002.671359548
2025-09-01,WOODLANDS,5 ROOM,889B,WOODLANDS DR 50,07 TO 09,113,Improved,2017,90 years 11 months,768000,7,44,718226.2428689726
2025-09-01,WOODLANDS,5 ROOM,891B,WOODLANDS DR 50,04 TO 06,121,Improved,1996,70 years 01 month,725000,4,44,662399.3084901895
2025-09-01,WOODLANDS,5 ROOM,890A,WOODLANDS DR 50,16 TO 18,113,Improved,2017,90 years 10 months,795000,16,44,763087.7024028379
2025-07-01,WOODLANDS,5 ROOM,625B,WOODLANDS DR 52,01 TO 03,124,Improved,1998,72 years 03 months,629000,1,44,669620.5768464933
2025-07-01,WOODLANDS,5 ROOM,622,WOODLANDS DR 52,04 TO 06,121,Improved,1998,72 years 01 month,655000,4,44,662399.3084901895
2025-08-01,WOODLANDS,5 ROOM,786D,WOODLANDS DR 60,07 TO 09,122,Improved,1997,71 years 01 month,718000,7,44,669559.8657760164
2025-09-01,WOODLANDS,5 ROOM,778,WOODLANDS DR 60,04 TO 06,121,Improved,1997,71 years 04 months,670000,4,44,662399.3084901895
2025-09-01,WOODLANDS,5 ROOM,682B,WOODLANDS DR 62,07 TO 09,120,Premium Apartment,2000,73 years 06 months,705000,7,44,666516.5313644361
2025-09-01,WOODLANDS,5 ROOM,683A,WOODLANDS DR 62,07 TO 09,123,Premium Apartment,2000,73 years 06 months,648888,7,44,662887.5647604194
2025-09-01,WOODLANDS,5 ROOM,683B,WOODLANDS DR 62,04 TO 06,121,Premium Apartment,2000,73 years 05 months,700000,4,44,660086.9469823443
2025-08-01,WOODLANDS,5 ROOM,717,WOODLANDS DR 70,10 TO 12,120,Improved,1997,70 years 11 months,705888,10,44,685410.3437646633
2025-09-01,WOODLANDS,5 ROOM,717,WOODLANDS DR 70,04 TO 06,119,Improved,1997,70 years 10 months,680000,4,44,665542.1308458745
2025-08-01,WOODLANDS,5 ROOM,672,WOODLANDS DR 71,10 TO 12,110,Improved,2000,74 years 04 months,688000,10,44,653744.5106377219
2025-09-01,WOODLANDS,5 ROOM,673,WOODLANDS DR 71,01 TO 03,110,Improved,2000,73 years 11 months,650000,1,44,599838.1298272305
2025-09-01,WOODLANDS,5 ROOM,671,WOODLANDS DR 71,07 TO 09,111,Improved,2000,74 years 02 months,688000,7,44,643767.8386770317
2025-07-01,WOODLANDS,5 ROOM,794,WOODLANDS DR 72,07 TO 09,121,Improved,1998,71 years 07 months,708000,7,44,671412.5112867473
2025-07-01,WOODLANDS,5 ROOM,794,WOODLANDS DR 72,13 TO 15,121,Improved,1998,71 years 06 months,690000,13,44,666605.4161603671
2025-08-01,WOODLANDS,5 ROOM,794,WOODLANDS DR 72,04 TO 06,123,Improved,1998,71 years 05 months,690000,4,44,664818.966373273
2025-07-01,WOODLANDS,5 ROOM,684B,WOODLANDS DR 73,01 TO 03,121,Premium Apartment,2000,73 years 08 months,620000,1,44,641919.7288623983
2025-07-01,WOODLANDS,5 ROOM,691A,WOODLANDS DR 73,10 TO 12,113,Improved,2018,91 years 11 months,808000,10,44,742120.3630677691
2025-08-01,WOODLANDS,5 ROOM,691D,WOODLANDS DR 73,10 TO 12,113,Improved,2018,91 years 10 months,775000,10,44,742120.3630677691
2025-08-01,WOODLANDS,5 ROOM,691A,WOODLANDS DR 73,07 TO 09,113,Improved,2018,91 years 10 months,800000,7,44,718226.2428689726
2025-08-01,WOODLANDS,5 ROOM,686A,WOODLANDS DR 73,07 TO 09,114,Premium Apartment,2003,76 years 06 months,645000,7,44,645486.7767188684
2025-09-01,WOODLANDS,5 ROOM,682C,WOODLANDS DR 73,10 TO 12,120,Premium Apartment,2000,73 years 05 months,672888,10,44,674480.0127750345
2025-07-01,WOODLANDS,5 ROOM,690D,WOODLANDS DR 75,10 TO 12,110,Premium Apartment,2004,77 years 07 months,580000,10,44,636764.3401222763
2025-07-01,WOODLANDS,5 ROOM,689D,WOODLANDS DR 75,04 TO 06,110,Premium Apartment,2004,77 years 09 months,580000,4,44,608414.3574982504
2025-07-01,WOODLANDS,5 ROOM,688D,WOODLANDS DR 75,10 TO 12,111,Premium Apartment,2004,77 years 07 months,635000,10,44,643998.6804514187
2025-07-01,WOODLANDS,5 ROOM,689A,WOODLANDS DR 75,07 TO 09,110,Premium Apartment,2004,77 years 08 months,620000,7,44,619287.8606237721
2025-07-01,WOODLANDS,5 ROOM,689B,WOODLANDS DR 75,04 TO 06,110,Premium Apartment,2004,77 years 07 months,600000,4,44,608414.3574982504
2025-08-01,WOODLANDS,5 ROOM,690C,WOODLANDS DR 75,10 TO 12,110,Premium Apartment,2004,77 years 06 months,635000,10,44,636764.3401222763
2025-08-01,WOODLANDS,5 ROOM,690C,WOODLANDS DR 75,10 TO 12,110,Premium Apartment,2004,77 years 06 months,610000,10,44,636764.3401222763
2025-08-01,WOODLANDS,5 ROOM,687A,WOODLANDS DR 75,01 TO 03,115,Premium Apartment,2003,76 years 06 months,625000,1,44,634493.6348887451
2025-08-01,WOODLANDS,5 ROOM,690E,WOODLANDS DR 75,07 TO 09,110,Premium Apartment,2004,77 years 07 months,540000,7,44,619287.8606237721
2025-08-01,WOODLANDS,5 ROOM,687C,WOODLANDS DR 75,07 TO 09,114,Premium Apartment,2003,76 years 07 months,630000,7,44,645486.7767188684
2025-08-01,WOODLANDS,5 ROOM,689A,WOODLANDS DR 75,16 TO 18,110,Premium Apartment,2004,77 years 07 months,616000,16,44,630783.9150429755
2025-09-01,WOODLANDS,5 ROOM,687A,WOODLANDS DR 75,01 TO 03,115,Premium Apartment,2003,76 years 04 months,560000,1,44,634493.6348887451
2025-09-01,WOODLANDS,5 ROOM,689B,WOODLANDS DR 75,04 TO 06,110,Premium Apartment,2004,77 years 05 months,545000,4,44,608414.3574982504
2025-09-01,WOODLANDS,5 ROOM,687A,WOODLANDS DR 75,01 TO 03,115,Premium Apartment,2003,76 years 04 months,600000,1,44,634493.6348887451
2025-09-01,WOODLANDS,5 ROOM,688D,WOODLANDS DR 75,01 TO 03,110,Premium Apartment,2004,77 years 06 months,622000,1,44,598983.5569443108
2025-09-01,WOODLANDS,5 ROOM,690F,WOODLANDS DR 75,10 TO 12,110,Premium Apartment,2004,77 years 04 months,595000,10,44,636764.3401222763
2025-09-01,WOODLANDS,5 ROOM,687A,WOODLANDS DR 75,10 TO 12,114,Premium Apartment,2003,76 years 04 months,645000,10,44,657600.6536284541
2025-07-01,WOODLANDS,5 ROOM,639,WOODLANDS RING RD,01 TO 03,120,Improved,1999,73 years 01 month,650000,1,44,648327.1221906067
2025-07-01,WOODLANDS,5 ROOM,644,WOODLANDS RING RD,07 TO 09,122,Improved,1998,72 years 01 month,667000,7,44,669559.8657760164
2025-07-01,WOODLANDS,5 ROOM,628B,WOODLANDS RING RD,13 TO 15,122,Improved,1998,72 years 03 months,675000,13,44,671108.7541904991
2025-08-01,WOODLANDS,5 ROOM,640,WOODLANDS RING RD,07 TO 09,120,Improved,1999,72 years 11 months,675000,7,44,672882.922158862
2025-08-01,WOODLANDS,5 ROOM,634,WOODLANDS RING RD,10 TO 12,121,Improved,1999,73 years,585000,10,44,684079.2077521115
2025-08-01,WOODLANDS,5 ROOM,630,WOODLANDS RING RD,01 TO 03,120,Improved,1998,72 years 01 month,619888,1,44,648327.1221906067
2025-09-01,WOODLANDS,5 ROOM,653,WOODLANDS RING RD,07 TO 09,121,Improved,1998,71 years 07 months,700000,7,44,671412.5112867473
2025-09-01,WOODLANDS,5 ROOM,649,WOODLANDS RING RD,07 TO 09,122,Improved,1998,71 years 10 months,695000,7,44,669559.8657760164
2025-09-01,WOODLANDS,5 ROOM,608,WOODLANDS RING RD,07 TO 09,120,Improved,1998,71 years 10 months,660000,7,44,672882.922158862
2025-09-01,WOODLANDS,5 ROOM,783A,WOODLANDS RISE,10 TO 12,113,Improved,2018,91 years 11 months,710000,10,44,742120.3630677691
2025-09-01,WOODLANDS,5 ROOM,783D,WOODLANDS RISE,16 TO 18,113,Improved,2018,92 years,710000,16,44,763087.7024028379
2025-09-01,WOODLANDS,5 ROOM,785C,WOODLANDS RISE,13 TO 15,113,Improved,2018,91 years 11 months,745000,13,44,746674.908562973
2025-09-01,WOODLANDS,5 ROOM,783A,WOODLANDS RISE,01 TO 03,113,Improved,2018,91 years 10 months,650000,1,44,678602.427694672
2025-07-01,WOODLANDS,5 ROOM,184A,WOODLANDS ST 13,10 TO 12,113,Improved,2019,93 years 04 months,805000,10,44,742120.3630677691
2025-07-01,WOODLANDS,5 ROOM,184A,WOODLANDS ST 13,22 TO 24,113,Improved,2019,93 years 04 months,835000,22,44,774078.9618718765
2025-07-01,WOODLANDS,5 ROOM,183A,WOODLANDS ST 13,10 TO 12,113,Improved,2019,93 years 04 months,800000,10,44,742120.3630677691
2025-07-01,WOODLANDS,5 ROOM,183A,WOODLANDS ST 13,19 TO 21,113,Improved,2019,93 years 04 months,830000,19,44,774428.2812871275
2025-08-01,WOODLANDS,5 ROOM,175,WOODLANDS ST 13,10 TO 12,138,Model A,1993,67 years,755000,10,44,731009.4881203151
2025-08-01,WOODLANDS,5 ROOM,179,WOODLANDS ST 13,01 TO 03,138,Model A,1994,67 years 06 months,756800,1,44,690746.4121718624
2025-08-01,WOODLANDS,5 ROOM,182B,WOODLANDS ST 13,01 TO 03,113,Improved,2019,93 years 02 months,740000,1,44,678602.427694672
2025-09-01,WOODLANDS,5 ROOM,184A,WOODLANDS ST 13,07 TO 09,113,Improved,2019,93 years 02 months,785000,7,44,718226.2428689726
2025-08-01,WOODLANDS,5 ROOM,301,WOODLANDS ST 31,04 TO 06,132,Model A,1993,66 years 07 months,695000,4,44,685758.3934912148
2025-07-01,WOODLANDS,5 ROOM,344,WOODLANDS ST 32,01 TO 03,122,Improved,1993,66 years 07 months,645000,1,44,647092.1986428057
2025-08-01,WOODLANDS,5 ROOM,344,WOODLANDS ST 32,07 TO 09,122,Improved,1993,66 years 06 months,665000,7,44,669559.8657760164
2025-09-01,WOODLANDS,5 ROOM,344,WOODLANDS ST 32,07 TO 09,122,Improved,1993,66 years 06 months,620000,7,44,669559.8657760164
2025-07-01,WOODLANDS,5 ROOM,409,WOODLANDS ST 41,04 TO 06,135,Model A,1996,69 years 07 months,708000,4,44,692085.3509640909
2025-07-01,WOODLANDS,5 ROOM,421,WOODLANDS ST 41,01 TO 03,121,Improved,1996,69 years 08 months,645000,1,44,648319.4346349367
2025-07-01,WOODLANDS,5 ROOM,409,WOODLANDS ST 41,07 TO 09,126,Improved,1996,69 years 07 months,695000,7,44,676588.474279959
2025-07-01,WOODLANDS,5 ROOM,417,WOODLANDS ST 41,04 TO 06,128,Improved,1996,69 years 07 months,700000,4,44,671281.7230477779
2025-08-01,WOODLANDS,5 ROOM,403,WOODLANDS ST 41,10 TO 12,137,Model A,1995,68 years 11 months,730000,10,44,716711.5426942207
2025-08-01,WOODLANDS,5 ROOM,412,WOODLANDS ST 41,07 TO 09,137,Model A,1995,69 years 01 month,704409,7,44,703868.469732685
2025-07-01,WOODLANDS,5 ROOM,872,WOODLANDS ST 81,01 TO 03,136,Model A,1996,69 years 09 months,675000,1,44,675442.3880031126
2025-09-01,WOODLANDS,5 ROOM,826,WOODLANDS ST 81,10 TO 12,131,Improved,1996,69 years 11 months,760000,10,44,707056.8266495914
2025-09-01,WOODLANDS,5 ROOM,809,WOODLANDS ST 81,04 TO 06,128,Improved,1995,69 years 03 months,715000,4,44,671281.7230477779
2025-08-01,WOODLANDS,5 ROOM,882,WOODLANDS ST 82,01 TO 03,121,Improved,1996,69 years 08 months,620000,1,44,648319.4346349367
2025-09-01,WOODLANDS,5 ROOM,882,WOODLANDS ST 82,01 TO 03,121,Improved,1996,69 years 07 months,600000,1,44,648319.4346349367
2025-08-01,WOODLANDS,5 ROOM,862,WOODLANDS ST 83,10 TO 12,126,Improved,1996,69 years 09 months,712000,10,44,701250.3663905276
2025-08-01,WOODLANDS,5 ROOM,836,WOODLANDS ST 83,01 TO 03,127,Improved,1996,69 years 08 months,720000,1,44,664728.0610966239
2025-07-01,WOODLANDS,EXECUTIVE,136,MARSILING RD,04 TO 06,162,Apartment,1995,68 years 10 months,800000,4,44,937757.5412320715
2025-08-01,WOODLANDS,EXECUTIVE,134,MARSILING RD,01 TO 03,173,Apartment,1995,68 years 09 months,945000,1,44,952701.2624173082
2025-07-01,WOODLANDS,EXECUTIVE,119,MARSILING RISE,07 TO 09,166,Apartment,1995,68 years 08 months,950000,7,44,977165.2254878763
2025-08-01,WOODLANDS,EXECUTIVE,124,MARSILING RISE,04 TO 06,184,Apartment,1995,68 years 08 months,975000,4,44,1021883.292717069
2025-07-01,WOODLANDS,EXECUTIVE,307,WOODLANDS AVE 1,10 TO 12,189,Apartment,1994,67 years 07 months,1080000,10,44,1093444.5761603857
2025-07-01,WOODLANDS,EXECUTIVE,339,WOODLANDS AVE 1,04 TO 06,176,Apartment,1995,69 years 01 month,980000,4,44,1006699.4107986125
2025-08-01,WOODLANDS,EXECUTIVE,308,WOODLANDS AVE 1,04 TO 06,147,Apartment,1994,67 years 06 months,818000,4,44,867231.5199522615
2025-08-01,WOODLANDS,EXECUTIVE,331,WOODLANDS AVE 1,07 TO 09,192,Apartment,1994,67 years 05 months,980000,7,44,1051496.161971129
2025-07-01,WOODLANDS,EXECUTIVE,356,WOODLANDS AVE 5,01 TO 03,144,Maisonette,1996,70 years 01 month,900000,1,44,860822.7658012139
2025-07-01,WOODLANDS,EXECUTIVE,358,WOODLANDS AVE 5,01 TO 03,144,Maisonette,1996,70 years 01 month,920000,1,44,860822.7658012139
2025-09-01,WOODLANDS,EXECUTIVE,360,WOODLANDS AVE 5,10 TO 12,146,Apartment,1996,70 years 02 months,965000,10,44,915755.7448993638
2025-07-01,WOODLANDS,EXECUTIVE,788,WOODLANDS AVE 6,07 TO 09,141,Apartment,1997,71 years 02 months,888000,7,44,884788.0706207157
2025-09-01,WOODLANDS,EXECUTIVE,788D,WOODLANDS CRES,07 TO 09,143,Maisonette,1999,72 years 08 months,868888,7,44,883309.5248475466
2025-08-01,WOODLANDS,EXECUTIVE,521,WOODLANDS DR 14,10 TO 12,142,Premium Apartment,2000,73 years 11 months,870000,10,44,836672.4793267675
2025-08-01,WOODLANDS,EXECUTIVE,520,WOODLANDS DR 14,10 TO 12,141,Premium Apartment,2000,74 years 02 months,850000,10,44,835871.6017277774
2025-08-01,WOODLANDS,EXECUTIVE,526,WOODLANDS DR 14,07 TO 09,141,Premium Apartment,2000,73 years 08 months,835000,7,44,806073.9086486206
2025-08-01,WOODLANDS,EXECUTIVE,535,WOODLANDS DR 14,07 TO 09,145,Premium Apartment,1999,73 years 01 month,905000,7,44,822871.3725914949
2025-09-01,WOODLANDS,EXECUTIVE,536,WOODLANDS DR 14,10 TO 12,145,Premium Apartment,1999,72 years 11 months,900000,10,44,864019.8887205444
2025-09-01,WOODLANDS,EXECUTIVE,893D,WOODLANDS DR 50,04 TO 06,144,Maisonette,1996,70 years 01 month,893000,4,44,876277.2140642942
2025-09-01,WOODLANDS,EXECUTIVE,670,WOODLANDS DR 71,01 TO 03,130,Apartment,2000,73 years 10 months,838000,1,44,787812.4335574233
2025-09-01,WOODLANDS,EXECUTIVE,670,WOODLANDS DR 71,04 TO 06,130,Apartment,2000,73 years 11 months,850000,4,44,800846.0742109341
2025-07-01,WOODLANDS,EXECUTIVE,656,WOODLANDS RING RD,07 TO 09,144,Maisonette,1998,71 years 09 months,908000,7,44,888729.290944149
2025-07-01,WOODLANDS,EXECUTIVE,637,WOODLANDS RING RD,04 TO 06,141,Apartment,1999,73 years 03 months,875000,4,44,857707.9192565688
2025-09-01,WOODLANDS,EXECUTIVE,647,WOODLANDS RING RD,07 TO 09,144,Maisonette,1998,71 years 11 months,958000,7,44,888729.290944149
2025-09-01,WOODLANDS,EXECUTIVE,112,WOODLANDS ST 13,04 TO 06,170,Apartment,1995,68 years 04 months,1020000,4,44,963615.8707700524
2025-07-01,WOODLANDS,EXECUTIVE,322,WOODLANDS ST 32,01 TO 03,172,Apartment,1994,67 years 09 months,970000,1,44,950899.9915771997
2025-08-01,WOODLANDS,EXECUTIVE,325,WOODLANDS ST 32,10 TO 12,151,Apartment,1995,68 years 05 months,940000,10,44,943366.940839167
2025-09-01,WOODLANDS,EXECUTIVE,345,WOODLANDS ST 32,10 TO 12,172,Apartment,1995,68 years 05 months,1033000,10,44,1046580.5993103681
2025-09-01,WOODLANDS,EXECUTIVE,320,WOODLANDS ST 32,01 TO 03,156,Maisonette,1985,59 years 01 month,930000,1,44,879505.3737304318
2025-09-01,WOODLANDS,EXECUTIVE,323,WOODLANDS ST 32,13 TO 15,163,Apartment,1995,68 years 05 months,1008000,13,44,981565.6836875184
2025-07-01,WOODLANDS,EXECUTIVE,404,WOODLANDS ST 41,10 TO 12,177,Apartment,1995,69 years 02 months,1060000,10,44,1088768.6895498903
2025-07-01,WOODLANDS,EXECUTIVE,412,WOODLANDS ST 41,07 TO 09,176,Apartment,1995,69 years 01 month,1000000,7,44,1032040.8296477392
2025-09-01,WOODLANDS,EXECUTIVE,405,WOODLANDS ST 41,04 TO 06,179,Apartment,1995,69 years,968000,4,44,1014366.5603469772
2025-09-01,WOODLANDS,EXECUTIVE,827,WOODLANDS ST 81,07 TO 09,143,Maisonette,1996,69 years 11 months,910888,7,44,883309.5248475466
2025-07-01,WOODLANDS,EXECUTIVE,837,WOODLANDS ST 82,01 TO 03,151,Maisonette,1989,62 years 11 months,885000,1,44,858577.4967833107
2025-09-01,WOODLANDS,EXECUTIVE,847,WOODLANDS ST 82,04 TO 06,179,Apartment,1995,68 years 07 months,980000,4,44,1014366.5603469772
2025-09-01,WOODLANDS,EXECUTIVE,821,WOODLANDS ST 82,01 TO 03,177,Apartment,1995,68 years 06 months,1070000,1,44,983186.5322054136
2025-07-01,WOODLANDS,EXECUTIVE,868,WOODLANDS ST 83,10 TO 12,147,Maisonette,1996,69 years 09 months,910000,10,44,895225.5356834421
2025-07-01,WOODLANDS,EXECUTIVE,865,WOODLANDS ST 83,10 TO 12,146,Apartment,1996,69 years 08 months,860000,10,44,915755.7448993638
2025-09-01,WOODLANDS,EXECUTIVE,834,WOODLANDS ST 83,07 TO 09,147,Apartment,1994,67 years 08 months,928000,7,44,904313.9965815461
2025-09-01,WOODLANDS,EXECUTIVE,832,WOODLANDS ST 83,07 TO 09,192,Apartment,1994,68 years 02 months,1120000,7,44,1051496.161971129
2025-09-01,WOODLANDS,EXECUTIVE,865,WOODLANDS ST 83,10 TO 12,146,Apartment,1996,69 years 07 months,865000,10,44,915755.7448993638
2025-07-01,YISHUN,2 ROOM,459,YISHUN AVE 11,04 TO 06,48,Model A,2013,87 years 02 months,345000,4,44,341180.2544922605
2025-07-01,YISHUN,2 ROOM,459,YISHUN AVE 11,10 TO 12,48,2-room,2013,87 years 02 months,350000,10,44,361344.34820439183
2025-07-01,YISHUN,2 ROOM,424B,YISHUN AVE 11,04 TO 06,47,Model A,2015,89 years 06 months,360900,4,44,356087.11177334364
2025-07-01,YISHUN,2 ROOM,424A,YISHUN AVE 11,01 TO 03,47,Model A,2015,89 years 06 months,350000,1,44,351796.82117963105
2025-07-01,YISHUN,2 ROOM,424A,YISHUN AVE 11,07 TO 09,47,Model A,2015,89 years 06 months,350000,7,44,362562.2985923942
2025-07-01,YISHUN,2 ROOM,675A,YISHUN AVE 4,04 TO 06,47,Model A,2018,92 years 05 months,372000,4,44,356087.11177334364
2025-07-01,YISHUN,2 ROOM,672A,YISHUN AVE 4,10 TO 12,47,Model A,2018,91 years 06 months,380000,10,44,366386.64260226197
2025-08-01,YISHUN,2 ROOM,675A,YISHUN AVE 4,04 TO 06,47,Model A,2018,92 years 04 months,365000,4,44,356087.11177334364
2025-08-01,YISHUN,2 ROOM,672A,YISHUN AVE 4,01 TO 03,47,Model A,2018,91 years 06 months,350000,1,44,351796.82117963105
2025-09-01,YISHUN,2 ROOM,675A,YISHUN AVE 4,10 TO 12,47,Model A,2018,92 years 03 months,368000,10,44,366386.64260226197
2025-07-01,YISHUN,2 ROOM,462B,YISHUN AVE 6,10 TO 12,38,Model A,2019,93 years 02 months,370000,10,44,358901.41755096463
2025-07-01,YISHUN,2 ROOM,462D,YISHUN AVE 6,10 TO 12,47,Model A,2019,93 years 01 month,380000,10,44,366386.64260226197
2025-09-01,YISHUN,2 ROOM,462B,YISHUN AVE 6,10 TO 12,47,Model A,2019,92 years 11 months,372000,10,44,366386.64260226197
2025-07-01,YISHUN,2 ROOM,676A,YISHUN RING RD,07 TO 09,47,Model A,2018,92 years 04 months,375888,7,44,362562.2985923942
2025-08-01,YISHUN,2 ROOM,677A,YISHUN RING RD,07 TO 09,47,Model A,2018,92 years 03 months,390000,7,44,362562.2985923942
2025-08-01,YISHUN,2 ROOM,676A,YISHUN RING RD,04 TO 06,47,Model A,2018,92 years 03 months,390000,4,44,356087.11177334364
2025-07-01,YISHUN,2 ROOM,479A,YISHUN ST 42,07 TO 09,47,2-room,2021,94 years 06 months,375000,7,44,355826.1040972135
2025-07-01,YISHUN,2 ROOM,479A,YISHUN ST 42,13 TO 15,38,2-room,2021,94 years 06 months,378000,13,44,361519.7319753596
2025-08-01,YISHUN,2 ROOM,479A,YISHUN ST 42,10 TO 12,47,2-room,2021,94 years 06 months,368000,10,44,360967.8976824496
2025-07-01,YISHUN,2 ROOM,469A,YISHUN ST 43,10 TO 12,47,Model A,2019,93 years 04 months,390000,10,44,366386.64260226197
2025-09-01,YISHUN,2 ROOM,469A,YISHUN ST 43,07 TO 09,47,Model A,2019,93 years 02 months,390000,7,44,362562.2985923942
2025-07-01,YISHUN,2 ROOM,478B,YISHUN ST 44,01 TO 03,47,2-room,2021,94 years 06 months,350000,1,44,351284.87384431396
2025-09-01,YISHUN,2 ROOM,478C,YISHUN ST 44,10 TO 12,47,2-room,2021,94 years 04 months,382000,10,44,360967.8976824496
2025-09-01,YISHUN,2 ROOM,478C,YISHUN ST 44,10 TO 12,47,2-room,2021,94 years 04 months,365000,10,44,360967.8976824496
2025-07-01,YISHUN,3 ROOM,348A,YISHUN AVE 11,13 TO 15,67,DBSS,2013,87 years 03 months,620000,13,44,560074.9450331065
2025-08-01,YISHUN,3 ROOM,424A,YISHUN AVE 11,01 TO 03,67,Model A,2015,89 years 05 months,462000,1,44,476306.31069207663
2025-08-01,YISHUN,3 ROOM,424C,YISHUN AVE 11,10 TO 12,67,Model A,2015,89 years 04 months,485000,10,44,509530.4140444748
2025-09-01,YISHUN,3 ROOM,424C,YISHUN AVE 11,10 TO 12,67,Model A,2015,89 years 04 months,495000,10,44,509530.4140444748
2025-09-01,YISHUN,3 ROOM,429A,YISHUN AVE 11,07 TO 09,67,Model A,2015,89 years 03 months,487000,7,44,488680.4905341132
2025-07-01,YISHUN,3 ROOM,773,YISHUN AVE 3,10 TO 12,64,Simplified,1987,60 years 07 months,430000,10,44,421705.68554097717
2025-07-01,YISHUN,3 ROOM,675B,YISHUN AVE 4,04 TO 06,68,Model A,2018,92 years 05 months,473000,4,44,495750.53472562454
2025-07-01,YISHUN,3 ROOM,675D,YISHUN AVE 4,01 TO 03,68,Model A,2018,92 years 05 months,480000,1,44,486756.1095794627
2025-07-01,YISHUN,3 ROOM,672A,YISHUN AVE 4,04 TO 06,68,Model A,2018,91 years 06 months,515000,4,44,495750.53472562454
2025-07-01,YISHUN,3 ROOM,671A,YISHUN AVE 4,04 TO 06,68,Model A,2018,91 years 07 months,480000,4,44,495750.53472562454
2025-07-01,YISHUN,3 ROOM,508A,YISHUN AVE 4,01 TO 03,68,Model A,2018,91 years 10 months,480000,1,44,486756.1095794627
2025-07-01,YISHUN,3 ROOM,675A,YISHUN AVE 4,10 TO 12,68,Model A,2018,92 years 05 months,525000,10,44,502975.6659898049
2025-07-01,YISHUN,3 ROOM,672A,YISHUN AVE 4,04 TO 06,68,Model A,2018,91 years 06 months,500000,4,44,495750.53472562454
2025-07-01,YISHUN,3 ROOM,673A,YISHUN AVE 4,07 TO 09,68,Model A,2018,92 years 04 months,530000,7,44,499252.11138689495
2025-07-01,YISHUN,3 ROOM,675C,YISHUN AVE 4,07 TO 09,68,Model A,2018,92 years 04 months,475000,7,44,499252.11138689495
2025-07-01,YISHUN,3 ROOM,675D,YISHUN AVE 4,04 TO 06,68,Model A,2018,92 years 04 months,509000,4,44,495750.53472562454
2025-08-01,YISHUN,3 ROOM,506C,YISHUN AVE 4,01 TO 03,68,Model A,2018,91 years 09 months,483000,1,44,486756.1095794627
2025-09-01,YISHUN,3 ROOM,671A,YISHUN AVE 4,01 TO 03,68,Model A,2018,91 years 04 months,492000,1,44,486756.1095794627
2025-07-01,YISHUN,3 ROOM,740,YISHUN AVE 5,07 TO 09,67,New Generation,1985,58 years 09 months,425000,7,44,430576.5611788854
2025-07-01,YISHUN,3 ROOM,741,YISHUN AVE 5,10 TO 12,67,New Generation,1985,58 years 07 months,448000,10,44,431341.2036794509
2025-08-01,YISHUN,3 ROOM,739,YISHUN AVE 5,04 TO 06,67,New Generation,1985,59 years,450000,4,44,426286.31123369414
2025-08-01,YISHUN,3 ROOM,703,YISHUN AVE 5,01 TO 03,68,New Generation,1984,57 years 06 months,419000,1,44,413562.7639067453
2025-08-01,YISHUN,3 ROOM,701,YISHUN AVE 5,04 TO 06,68,New Generation,1984,57 years 06 months,420000,4,44,425249.08749286813
2025-08-01,YISHUN,3 ROOM,741,YISHUN AVE 5,01 TO 03,67,New Generation,1985,58 years 06 months,440000,1,44,416174.28762074956
2025-08-01,YISHUN,3 ROOM,707,YISHUN AVE 5,07 TO 09,68,New Generation,1984,57 years 08 months,383000,7,44,428370.36139418045
2025-08-01,YISHUN,3 ROOM,709,YISHUN AVE 5,07 TO 09,68,New Generation,1984,57 years 08 months,425888,7,44,428370.36139418045
2025-08-01,YISHUN,3 ROOM,741,YISHUN AVE 5,07 TO 09,67,New Generation,1985,58 years 05 months,443888,7,44,430576.5611788854
2025-08-01,YISHUN,3 ROOM,701,YISHUN AVE 5,10 TO 12,68,New Generation,1984,57 years 05 months,406000,10,44,428821.37252762035
2025-09-01,YISHUN,3 ROOM,740,YISHUN AVE 5,07 TO 09,67,New Generation,1985,58 years 07 months,433000,7,44,430576.5611788854
2025-09-01,YISHUN,3 ROOM,707,YISHUN AVE 5,07 TO 09,68,New Generation,1984,57 years 08 months,448000,7,44,428370.36139418045
2025-07-01,YISHUN,3 ROOM,287,YISHUN AVE 6,10 TO 12,74,Model A,1985,59 years 01 month,428000,10,44,442243.64621890686
2025-08-01,YISHUN,3 ROOM,286,YISHUN AVE 6,07 TO 09,74,Model A,1987,61 years,401888,7,44,436703.96410111815
2025-09-01,YISHUN,3 ROOM,393,YISHUN AVE 6,10 TO 12,73,Model A,1988,62 years 01 month,430000,10,44,451788.6565109639
2025-07-01,YISHUN,3 ROOM,172,YISHUN AVE 7,10 TO 12,64,Simplified,1988,62 years 01 month,432000,10,44,421705.68554097717
2025-07-01,YISHUN,3 ROOM,316A,YISHUN AVE 9,04 TO 06,67,Model A,2015,89 years 03 months,480000,4,44,482815.4964815821
2025-09-01,YISHUN,3 ROOM,316B,YISHUN AVE 9,13 TO 15,67,Model A,2015,89 years 02 months,538000,13,44,505892.63749009627
2025-07-01,YISHUN,3 ROOM,320,YISHUN CTRL,04 TO 06,74,Model A,1988,61 years 08 months,420000,4,44,436862.8755131161
2025-07-01,YISHUN,3 ROOM,320,YISHUN CTRL,04 TO 06,74,Model A,1988,61 years 08 months,435000,4,44,436862.8755131161
2025-08-01,YISHUN,3 ROOM,321,YISHUN CTRL,10 TO 12,74,Model A,1988,61 years 07 months,452888,10,44,442243.64621890686
2025-08-01,YISHUN,3 ROOM,303,YISHUN CTRL,10 TO 12,74,Model A,1988,62 years 03 months,440000,10,44,442243.64621890686
2025-09-01,YISHUN,3 ROOM,304,YISHUN CTRL,04 TO 06,74,Model A,1988,61 years 05 months,437000,4,44,436862.8755131161
2025-07-01,YISHUN,3 ROOM,342B,YISHUN RING RD,01 TO 03,68,Premium Apartment,2016,89 years 07 months,496888,1,44,510838.0245403448
2025-07-01,YISHUN,3 ROOM,409,YISHUN RING RD,04 TO 06,74,Model A,1988,62 years 06 months,450000,4,44,436862.8755131161
2025-07-01,YISHUN,3 ROOM,137,YISHUN RING RD,10 TO 12,68,New Generation,1985,58 years 07 months,430000,10,44,428821.37252762035
2025-07-01,YISHUN,3 ROOM,808,YISHUN RING RD,07 TO 09,74,Model A,1987,60 years 09 months,490000,7,44,436703.96410111815
2025-07-01,YISHUN,3 ROOM,140,YISHUN RING RD,01 TO 03,68,New Generation,1985,58 years 10 months,420000,1,44,413562.7639067453
2025-07-01,YISHUN,3 ROOM,114,YISHUN RING RD,01 TO 03,74,Model A,1983,57 years,415000,1,44,424989.76774546254
2025-07-01,YISHUN,3 ROOM,621,YISHUN RING RD,07 TO 09,73,Model A,1988,61 years 07 months,468000,7,44,444208.69628289336
2025-07-01,YISHUN,3 ROOM,402,YISHUN RING RD,01 TO 03,74,Model A,1989,62 years 07 months,410000,1,44,424989.76774546254
2025-07-01,YISHUN,3 ROOM,801,YISHUN RING RD,01 TO 03,64,Simplified,1986,60 years,450000,1,44,409606.88415698527
2025-07-01,YISHUN,3 ROOM,342B,YISHUN RING RD,04 TO 06,68,Premium Apartment,2016,89 years 06 months,499000,4,44,512173.04337210814
2025-08-01,YISHUN,3 ROOM,363,YISHUN RING RD,07 TO 09,74,Model A,1988,62 years 05 months,450000,7,44,436703.96410111815
2025-08-01,YISHUN,3 ROOM,108,YISHUN RING RD,07 TO 09,68,Improved,1985,58 years 06 months,393888,7,44,449435.10856502113
2025-08-01,YISHUN,3 ROOM,242,YISHUN RING RD,07 TO 09,67,New Generation,1986,59 years 06 months,443000,7,44,430576.5611788854
2025-08-01,YISHUN,3 ROOM,781,YISHUN RING RD,07 TO 09,74,Model A,1988,62 years,425000,7,44,436703.96410111815
2025-08-01,YISHUN,3 ROOM,237,YISHUN RING RD,07 TO 09,67,New Generation,1985,58 years 10 months,448000,7,44,430576.5611788854
2025-08-01,YISHUN,3 ROOM,137,YISHUN RING RD,01 TO 03,68,New Generation,1985,58 years 05 months,415500,1,44,413562.7639067453
2025-09-01,YISHUN,3 ROOM,813A,YISHUN RING RD,10 TO 12,67,Model A,2018,91 years 09 months,595000,10,44,509530.4140444748
2025-09-01,YISHUN,3 ROOM,806,YISHUN RING RD,01 TO 03,74,Model A,1987,60 years 07 months,420000,1,44,424989.76774546254
2025-09-01,YISHUN,3 ROOM,402,YISHUN RING RD,10 TO 12,74,Model A,1989,62 years 06 months,425000,10,44,442243.64621890686
2025-09-01,YISHUN,3 ROOM,813B,YISHUN RING RD,01 TO 03,67,Model A,2018,91 years 09 months,538000,1,44,476306.31069207663
2025-09-01,YISHUN,3 ROOM,119,YISHUN RING RD,01 TO 03,64,Simplified,1985,59 years 01 month,410000,1,44,409606.88415698527
2025-09-01,YISHUN,3 ROOM,165,YISHUN RING RD,01 TO 03,64,Simplified,1988,61 years 10 months,392000,1,44,409606.88415698527
2025-09-01,YISHUN,3 ROOM,242,YISHUN RING RD,07 TO 09,67,New Generation,1986,59 years 05 months,430000,7,44,430576.5611788854
2025-09-01,YISHUN,3 ROOM,114,YISHUN RING RD,07 TO 09,74,Model A,1983,56 years 10 months,423000,7,44,436703.96410111815
2025-09-01,YISHUN,3 ROOM,141,YISHUN RING RD,07 TO 09,68,New Generation,1984,58 years 03 months,433000,7,44,428370.36139418045
2025-09-01,YISHUN,3 ROOM,243,YISHUN RING RD,07 TO 09,64,Simplified,1985,59 years,423000,7,44,422916.6097277084
2025-09-01,YISHUN,3 ROOM,107,YISHUN RING RD,04 TO 06,71,New Generation,1982,55 years 08 months,430000,4,44,427906.6066317956
2025-07-01,YISHUN,3 ROOM,146,YISHUN ST 11,07 TO 09,72,New Generation,1985,58 years 09 months,460000,7,44,437385.79407109704
2025-07-01,YISHUN,3 ROOM,128,YISHUN ST 11,10 TO 12,74,Model A,1985,58 years 08 months,451000,10,44,442243.64621890686
2025-07-01,YISHUN,3 ROOM,134,YISHUN ST 11,04 TO 06,68,New Generation,1984,58 years 02 months,385000,4,44,425249.08749286813
2025-07-01,YISHUN,3 ROOM,121,YISHUN ST 11,01 TO 03,67,New Generation,1984,58 years 06 months,420000,1,44,416174.28762074956
2025-08-01,YISHUN,3 ROOM,148,YISHUN ST 11,01 TO 03,67,New Generation,1985,59 years 02 months,410000,1,44,416174.28762074956
2025-08-01,YISHUN,3 ROOM,123,YISHUN ST 11,10 TO 12,68,New Generation,1985,58 years 11 months,480000,10,44,428821.37252762035
2025-08-01,YISHUN,3 ROOM,151,YISHUN ST 11,07 TO 09,67,New Generation,1985,58 years 08 months,438888,7,44,430576.5611788854
2025-08-01,YISHUN,3 ROOM,132,YISHUN ST 11,10 TO 12,74,Model A,1985,58 years 06 months,438000,10,44,442243.64621890686
2025-08-01,YISHUN,3 ROOM,145,YISHUN ST 11,07 TO 09,67,New Generation,1985,58 years 10 months,446000,7,44,430576.5611788854
2025-08-01,YISHUN,3 ROOM,145,YISHUN ST 11,07 TO 09,67,New Generation,1985,58 years 09 months,460000,7,44,430576.5611788854
2025-08-01,YISHUN,3 ROOM,122,YISHUN ST 11,01 TO 03,67,New Generation,1984,58 years 03 months,408888,1,44,416174.28762074956
2025-08-01,YISHUN,3 ROOM,121,YISHUN ST 11,01 TO 03,67,New Generation,1984,58 years 04 months,380000,1,44,416174.28762074956
2025-08-01,YISHUN,3 ROOM,123,YISHUN ST 11,10 TO 12,68,New Generation,1985,58 years 10 months,428888,10,44,428821.37252762035
2025-08-01,YISHUN,3 ROOM,160,YISHUN ST 11,10 TO 12,67,New Generation,1985,59 years 01 month,448000,10,44,431341.2036794509
2025-09-01,YISHUN,3 ROOM,125,YISHUN ST 11,10 TO 12,67,New Generation,1984,58 years 04 months,430000,10,44,431341.2036794509
2025-07-01,YISHUN,3 ROOM,216,YISHUN ST 21,04 TO 06,68,New Generation,1985,58 years 09 months,450000,4,44,425249.08749286813
2025-07-01,YISHUN,3 ROOM,222,YISHUN ST 21,01 TO 03,67,New Generation,1985,59 years 03 months,440000,1,44,416174.28762074956
2025-07-01,YISHUN,3 ROOM,228,YISHUN ST 21,07 TO 09,67,New Generation,1985,59 years 06 months,440000,7,44,430576.5611788854
2025-08-01,YISHUN,3 ROOM,203,YISHUN ST 21,01 TO 03,67,New Generation,1985,58 years 08 months,435000,1,44,416174.28762074956
2025-08-01,YISHUN,3 ROOM,218,YISHUN ST 21,10 TO 12,68,New Generation,1985,58 years 11 months,460000,10,44,428821.37252762035
2025-08-01,YISHUN,3 ROOM,230,YISHUN ST 21,04 TO 06,67,New Generation,1985,58 years 10 months,430000,4,44,426286.31123369414
2025-09-01,YISHUN,3 ROOM,218,YISHUN ST 21,10 TO 12,68,New Generation,1985,58 years 10 months,450000,10,44,428821.37252762035
2025-09-01,YISHUN,3 ROOM,205,YISHUN ST 21,01 TO 03,67,New Generation,1985,58 years 05 months,439000,1,44,416174.28762074956
2025-09-01,YISHUN,3 ROOM,227,YISHUN ST 21,07 TO 09,67,New Generation,1985,59 years 02 months,448000,7,44,430576.5611788854
2025-09-01,YISHUN,3 ROOM,220,YISHUN ST 21,07 TO 09,67,New Generation,1985,59 years 01 month,420000,7,44,430576.5611788854
2025-09-01,YISHUN,3 ROOM,215,YISHUN ST 21,04 TO 06,67,New Generation,1985,58 years 04 months,450000,4,44,426286.31123369414
2025-08-01,YISHUN,3 ROOM,264,YISHUN ST 22,04 TO 06,64,Simplified,1986,59 years 11 months,420000,4,44,418581.1093946678
2025-08-01,YISHUN,3 ROOM,270,YISHUN ST 22,10 TO 12,74,Model A,1987,61 years 05 months,417000,10,44,442243.64621890686
2025-09-01,YISHUN,3 ROOM,270,YISHUN ST 22,07 TO 09,74,Model A,1987,61 years 04 months,435000,7,44,436703.96410111815
2025-09-01,YISHUN,3 ROOM,274,YISHUN ST 22,07 TO 09,74,Model A,1986,59 years 05 months,405000,7,44,436703.96410111815
2025-07-01,YISHUN,3 ROOM,334A,YISHUN ST 31,04 TO 06,67,Model A,2015,89 years 05 months,465000,4,44,482815.4964815821
2025-07-01,YISHUN,3 ROOM,333B,YISHUN ST 31,07 TO 09,67,Model A,2015,89 years 05 months,488000,7,44,488680.4905341132
2025-08-01,YISHUN,3 ROOM,335A,YISHUN ST 31,04 TO 06,67,Model A,2015,89 years 04 months,475000,4,44,482815.4964815821
2025-08-01,YISHUN,3 ROOM,334A,YISHUN ST 31,01 TO 03,67,Model A,2015,89 years 04 months,470000,1,44,476306.31069207663
2025-08-01,YISHUN,3 ROOM,334A,YISHUN ST 31,13 TO 15,67,Model A,2015,89 years 04 months,482000,13,44,505892.63749009627
2025-08-01,YISHUN,3 ROOM,333B,YISHUN ST 31,07 TO 09,67,Model A,2015,89 years 03 months,485000,7,44,488680.4905341132
2025-07-01,YISHUN,3 ROOM,455,YISHUN ST 41,10 TO 12,67,Model A,2013,87 years 01 month,485000,10,44,509530.4140444748
2025-08-01,YISHUN,3 ROOM,454,YISHUN ST 41,10 TO 12,67,Model A,2013,87 years 01 month,475000,10,44,509530.4140444748
2025-08-01,YISHUN,3 ROOM,479A,YISHUN ST 42,13 TO 15,67,Model A,2021,94 years 06 months,518000,13,44,505892.63749009627
2025-07-01,YISHUN,3 ROOM,478A,YISHUN ST 44,10 TO 12,67,Model A,2021,94 years 06 months,490000,10,44,509530.4140444748
2025-08-01,YISHUN,3 ROOM,478B,YISHUN ST 44,10 TO 12,67,Model A,2021,94 years 06 months,530000,10,44,509530.4140444748
2025-07-01,YISHUN,3 ROOM,512B,YISHUN ST 51,01 TO 03,68,Model A,2017,91 years 02 months,470000,1,44,486756.1095794627
2025-07-01,YISHUN,3 ROOM,512A,YISHUN ST 51,07 TO 09,68,Model A,2017,91 years 02 months,500000,7,44,499252.11138689495
2025-07-01,YISHUN,3 ROOM,513C,YISHUN ST 51,13 TO 15,68,Model A,2018,91 years 08 months,500000,13,44,507410.8003207612
2025-07-01,YISHUN,3 ROOM,513A,YISHUN ST 51,13 TO 15,68,Model A,2018,91 years 07 months,515888,13,44,507410.8003207612
2025-07-01,YISHUN,3 ROOM,628,YISHUN ST 61,07 TO 09,73,Model A,1988,61 years 09 months,450000,7,44,444208.69628289336
2025-09-01,YISHUN,3 ROOM,628,YISHUN ST 61,01 TO 03,73,Model A,1988,61 years 06 months,443000,1,44,430526.84830185317
2025-09-01,YISHUN,3 ROOM,728,YISHUN ST 71,07 TO 09,64,Simplified,1987,60 years 05 months,400000,7,44,422916.6097277084
2025-09-01,YISHUN,3 ROOM,722,YISHUN ST 71,01 TO 03,64,Simplified,1987,61 years 02 months,390000,1,44,409606.88415698527
2025-09-01,YISHUN,3 ROOM,722,YISHUN ST 71,10 TO 12,64,Simplified,1987,61 years 01 month,430000,10,44,421705.68554097717
2025-09-01,YISHUN,3 ROOM,763,YISHUN ST 72,04 TO 06,77,Simplified,1987,60 years 06 months,435000,4,44,453161.7269951787
2025-07-01,YISHUN,4 ROOM,431A,YISHUN AVE 1,04 TO 06,92,Model A,2015,89 years 02 months,570088,4,44,593591.8547735238
2025-08-01,YISHUN,4 ROOM,432A,YISHUN AVE 1,10 TO 12,92,Model A,2015,89 years 02 months,615000,10,44,615589.9603138189
2025-08-01,YISHUN,4 ROOM,431D,YISHUN AVE 1,01 TO 03,92,Model A,2015,89 years 01 month,552000,1,44,574892.5802676132
2025-09-01,YISHUN,4 ROOM,432A,YISHUN AVE 1,10 TO 12,92,Model A,2015,89 years,595000,10,44,615589.9603138189
2025-07-01,YISHUN,4 ROOM,347A,YISHUN AVE 11,10 TO 12,92,DBSS,2013,87 years 04 months,780000,10,44,756484.5173029508
2025-07-01,YISHUN,4 ROOM,440,YISHUN AVE 11,04 TO 06,84,Simplified,1988,62 years 04 months,460000,4,44,497265.8055558686
2025-07-01,YISHUN,4 ROOM,424D,YISHUN AVE 11,01 TO 03,92,Model A,2015,89 years 06 months,570000,1,44,574892.5802676132
2025-07-01,YISHUN,4 ROOM,343,YISHUN AVE 11,01 TO 03,112,Model A,1988,62 years 02 months,550000,1,44,606520.0490874511
2025-07-01,YISHUN,4 ROOM,426A,YISHUN AVE 11,04 TO 06,92,Model A,2015,88 years 08 months,565000,4,44,593591.8547735238
2025-07-01,YISHUN,4 ROOM,439,YISHUN AVE 11,01 TO 03,104,Model A,1988,62 years 01 month,540000,1,44,552467.7898461994
2025-07-01,YISHUN,4 ROOM,348B,YISHUN AVE 11,07 TO 09,92,DBSS,2013,87 years 03 months,768000,7,44,752812.7721451846
2025-07-01,YISHUN,4 ROOM,430A,YISHUN AVE 11,10 TO 12,92,Model A,2015,89 years 05 months,608000,10,44,615589.9603138189
2025-08-01,YISHUN,4 ROOM,348B,YISHUN AVE 11,07 TO 09,92,DBSS,2013,87 years 02 months,765000,7,44,752812.7721451846
2025-08-01,YISHUN,4 ROOM,443,YISHUN AVE 11,04 TO 06,96,Model A,2012,86 years,625000,4,44,601208.3525308262
2025-08-01,YISHUN,4 ROOM,348A,YISHUN AVE 11,13 TO 15,92,DBSS,2013,87 years 02 months,780000,13,44,762654.0399639498
2025-08-01,YISHUN,4 ROOM,346,YISHUN AVE 11,07 TO 09,103,Model A,1988,62 years,530000,7,44,579322.6782316684
2025-08-01,YISHUN,4 ROOM,428B,YISHUN AVE 11,13 TO 15,92,Model A,2015,88 years 07 months,580000,13,44,621294.6443388795
2025-08-01,YISHUN,4 ROOM,426A,YISHUN AVE 11,07 TO 09,92,Model A,2015,88 years 07 months,618000,7,44,611700.9618526229
2025-08-01,YISHUN,4 ROOM,346,YISHUN AVE 11,07 TO 09,108,Model A,1988,62 years,560000,7,44,567081.0103284713
2025-08-01,YISHUN,4 ROOM,439,YISHUN AVE 11,01 TO 03,104,Model A,1988,62 years,536000,1,44,552467.7898461994
2025-08-01,YISHUN,4 ROOM,425,YISHUN AVE 11,10 TO 12,84,Simplified,1988,62 years,500000,10,44,504681.78079091257
2025-09-01,YISHUN,4 ROOM,429A,YISHUN AVE 11,10 TO 12,92,Model A,2015,89 years 04 months,600000,10,44,615589.9603138189
2025-09-01,YISHUN,4 ROOM,439,YISHUN AVE 11,04 TO 06,84,Simplified,1988,61 years 11 months,460000,4,44,497265.8055558686
2025-09-01,YISHUN,4 ROOM,428B,YISHUN AVE 11,10 TO 12,92,Model A,2015,88 years 06 months,600000,10,44,615589.9603138189
2025-09-01,YISHUN,4 ROOM,443,YISHUN AVE 11,10 TO 12,97,Model A,2012,85 years 10 months,636000,10,44,615972.5041280676
2025-09-01,YISHUN,4 ROOM,429A,YISHUN AVE 11,10 TO 12,92,Model A,2015,89 years 03 months,650000,10,44,615589.9603138189
2025-09-01,YISHUN,4 ROOM,424C,YISHUN AVE 11,01 TO 03,92,Model A,2015,89 years 03 months,525000,1,44,574892.5802676132
2025-08-01,YISHUN,4 ROOM,785,YISHUN AVE 2,10 TO 12,104,Model A,1988,61 years 10 months,590000,10,44,572941.5865221423
2025-08-01,YISHUN,4 ROOM,778,YISHUN AVE 2,01 TO 03,108,Model A,1989,62 years 05 months,556000,1,44,555769.3011225171
2025-07-01,YISHUN,4 ROOM,771,YISHUN AVE 3,07 TO 09,84,Simplified,1985,59 years 03 months,510000,7,44,499599.2511912447
2025-07-01,YISHUN,4 ROOM,655,YISHUN AVE 4,04 TO 06,84,Simplified,1987,61 years 02 months,485000,4,44,497265.8055558686
2025-07-01,YISHUN,4 ROOM,861,YISHUN AVE 4,10 TO 12,105,Model A,1989,62 years 08 months,658000,10,44,571911.75563047
2025-07-01,YISHUN,4 ROOM,506B,YISHUN AVE 4,07 TO 09,93,Model A,2018,91 years 10 months,625000,7,44,615943.7738699786
2025-07-01,YISHUN,4 ROOM,674A,YISHUN AVE 4,04 TO 06,93,Model A,2018,92 years 05 months,605000,4,44,600578.4086828822
2025-07-01,YISHUN,4 ROOM,673B,YISHUN AVE 4,07 TO 09,93,Model A,2018,92 years 04 months,650000,7,44,615943.7738699786
2025-07-01,YISHUN,4 ROOM,674B,YISHUN AVE 4,07 TO 09,93,Model A,2018,92 years 04 months,645000,7,44,615943.7738699786
2025-07-01,YISHUN,4 ROOM,675A,YISHUN AVE 4,01 TO 03,93,Model A,2018,92 years 04 months,560000,1,44,580126.191114763
2025-07-01,YISHUN,4 ROOM,675A,YISHUN AVE 4,10 TO 12,93,Model A,2018,92 years 04 months,645000,10,44,622090.9118276134
2025-08-01,YISHUN,4 ROOM,660,YISHUN AVE 4,04 TO 06,104,Model A,1987,61 years 01 month,580000,4,44,572969.1636245952
2025-08-01,YISHUN,4 ROOM,673B,YISHUN AVE 4,10 TO 12,93,Model A,2018,92 years 04 months,630000,10,44,622090.9118276134
2025-08-01,YISHUN,4 ROOM,653,YISHUN AVE 4,10 TO 12,84,Simplified,1987,60 years 06 months,483000,10,44,504681.78079091257
2025-08-01,YISHUN,4 ROOM,674B,YISHUN AVE 4,04 TO 06,93,Model A,2018,92 years 04 months,605000,4,44,600578.4086828822
2025-08-01,YISHUN,4 ROOM,662,YISHUN AVE 4,01 TO 03,84,Simplified,1987,61 years 02 months,482000,1,44,487643.9500352379
2025-08-01,YISHUN,4 ROOM,858,YISHUN AVE 4,04 TO 06,104,Model A,1988,61 years 11 months,575000,4,44,572969.1636245952
2025-08-01,YISHUN,4 ROOM,508A,YISHUN AVE 4,07 TO 09,93,Model A,2018,91 years 08 months,635000,7,44,615943.7738699786
2025-08-01,YISHUN,4 ROOM,672B,YISHUN AVE 4,10 TO 12,93,Model A,2018,91 years 05 months,670000,10,44,622090.9118276134
2025-08-01,YISHUN,4 ROOM,672C,YISHUN AVE 4,04 TO 06,93,Model A,2018,91 years 05 months,608000,4,44,600578.4086828822
2025-08-01,YISHUN,4 ROOM,509B,YISHUN AVE 4,04 TO 06,93,Model A,2018,91 years 08 months,612000,4,44,600578.4086828822
2025-08-01,YISHUN,4 ROOM,665,YISHUN AVE 4,04 TO 06,109,Model A,1992,65 years 10 months,600000,4,44,564124.9198597756
2025-09-01,YISHUN,4 ROOM,673B,YISHUN AVE 4,07 TO 09,93,Model A,2018,92 years 03 months,628000,7,44,615943.7738699786
2025-09-01,YISHUN,4 ROOM,671B,YISHUN AVE 4,13 TO 15,93,Model A,2018,91 years 04 months,660000,13,44,631031.5981816835
2025-09-01,YISHUN,4 ROOM,508B,YISHUN AVE 4,04 TO 06,93,Model A,2018,91 years 08 months,620000,4,44,600578.4086828822
2025-09-01,YISHUN,4 ROOM,506A,YISHUN AVE 4,07 TO 09,93,Model A,2018,91 years 07 months,600000,7,44,615943.7738699786
2025-09-01,YISHUN,4 ROOM,663,YISHUN AVE 4,10 TO 12,85,Simplified,1987,61 years,538000,10,44,527394.4413446039
2025-09-01,YISHUN,4 ROOM,508B,YISHUN AVE 4,07 TO 09,93,Model A,2018,91 years 07 months,625000,7,44,615943.7738699786
2025-07-01,YISHUN,4 ROOM,733,YISHUN AVE 5,04 TO 06,98,New Generation,1984,58 years 02 months,538888,4,44,550986.109474058
2025-08-01,YISHUN,4 ROOM,703,YISHUN AVE 5,10 TO 12,93,New Generation,1984,57 years 06 months,550000,10,44,559838.9795736846
2025-07-01,YISHUN,4 ROOM,408,YISHUN AVE 6,04 TO 06,84,Simplified,1988,62 years 01 month,487000,4,44,497265.8055558686
2025-07-01,YISHUN,4 ROOM,462D,YISHUN AVE 6,07 TO 09,93,Model A,2019,93 years 02 months,610000,7,44,615943.7738699786
2025-07-01,YISHUN,4 ROOM,462D,YISHUN AVE 6,04 TO 06,93,Model A,2019,93 years 02 months,620000,4,44,600578.4086828822
2025-07-01,YISHUN,4 ROOM,287,YISHUN AVE 6,04 TO 06,105,Model A,1985,59 years 01 month,530000,4,44,573347.7314760297
2025-07-01,YISHUN,4 ROOM,289,YISHUN AVE 6,07 TO 09,84,Simplified,1987,61 years,480000,7,44,499599.2511912447
2025-07-01,YISHUN,4 ROOM,288,YISHUN AVE 6,01 TO 03,84,Simplified,1987,61 years 02 months,455000,1,44,487643.9500352379
2025-07-01,YISHUN,4 ROOM,462A,YISHUN AVE 6,10 TO 12,93,Model A,2019,93 years 01 month,635000,10,44,622090.9118276134
2025-07-01,YISHUN,4 ROOM,462C,YISHUN AVE 6,13 TO 15,93,Model A,2019,93 years 01 month,640000,13,44,631031.5981816835
2025-08-01,YISHUN,4 ROOM,287,YISHUN AVE 6,07 TO 09,104,Model A,1985,59 years 01 month,537000,7,44,571785.8215083705
2025-08-01,YISHUN,4 ROOM,462A,YISHUN AVE 6,04 TO 06,93,Model A,2019,93 years 01 month,565888,4,44,600578.4086828822
2025-08-01,YISHUN,4 ROOM,462A,YISHUN AVE 6,13 TO 15,93,Model A,2019,93 years 01 month,625000,13,44,631031.5981816835
2025-08-01,YISHUN,4 ROOM,462B,YISHUN AVE 6,07 TO 09,93,Model A,2019,93 years 01 month,620000,7,44,615943.7738699786
2025-09-01,YISHUN,4 ROOM,435,YISHUN AVE 6,07 TO 09,84,Simplified,1988,62 years 01 month,472500,7,44,499599.2511912447
2025-09-01,YISHUN,4 ROOM,462D,YISHUN AVE 6,01 TO 03,93,Model A,2019,93 years,595000,1,44,580126.191114763
2025-07-01,YISHUN,4 ROOM,174,YISHUN AVE 7,04 TO 06,84,Simplified,1987,61 years 05 months,500000,4,44,497265.8055558686
2025-09-01,YISHUN,4 ROOM,172,YISHUN AVE 7,07 TO 09,103,Model A,1988,62 years,547000,7,44,579322.6782316684
2025-07-01,YISHUN,4 ROOM,317C,YISHUN AVE 9,10 TO 12,92,Model A,2015,89 years 04 months,608000,10,44,615589.9603138189
2025-07-01,YISHUN,4 ROOM,316A,YISHUN AVE 9,04 TO 06,92,Model A,2015,89 years 04 months,610000,4,44,593591.8547735238
2025-07-01,YISHUN,4 ROOM,317B,YISHUN AVE 9,10 TO 12,92,Model A,2015,89 years 04 months,635000,10,44,615589.9603138189
2025-07-01,YISHUN,4 ROOM,250,YISHUN AVE 9,04 TO 06,104,Model A,1985,58 years 10 months,510000,4,44,572969.1636245952
2025-07-01,YISHUN,4 ROOM,245,YISHUN AVE 9,07 TO 09,84,Simplified,1985,58 years 10 months,508000,7,44,499599.2511912447
2025-07-01,YISHUN,4 ROOM,318C,YISHUN AVE 9,13 TO 15,92,Model A,2015,89 years 03 months,600000,13,44,621294.6443388795
2025-07-01,YISHUN,4 ROOM,317B,YISHUN AVE 9,13 TO 15,92,Model A,2015,89 years 03 months,638000,13,44,621294.6443388795
2025-08-01,YISHUN,4 ROOM,316A,YISHUN AVE 9,07 TO 09,92,Model A,2015,89 years 03 months,621888,7,44,611700.9618526229
2025-08-01,YISHUN,4 ROOM,247,YISHUN AVE 9,07 TO 09,84,Simplified,1985,59 years 02 months,480000,7,44,499599.2511912447
2025-08-01,YISHUN,4 ROOM,315A,YISHUN AVE 9,01 TO 03,92,Model A,2015,89 years 02 months,580000,1,44,574892.5802676132
2025-09-01,YISHUN,4 ROOM,315C,YISHUN AVE 9,10 TO 12,92,Model A,2015,89 years 02 months,610000,10,44,615589.9603138189
2025-09-01,YISHUN,4 ROOM,316C,YISHUN AVE 9,10 TO 12,92,Model A,2015,89 years 01 month,630000,10,44,615589.9603138189
2025-09-01,YISHUN,4 ROOM,317A,YISHUN AVE 9,04 TO 06,92,Model A,2015,89 years 01 month,585000,4,44,593591.8547735238
2025-07-01,YISHUN,4 ROOM,304,YISHUN CTRL,04 TO 06,105,Model A,1988,61 years 07 months,573000,4,44,573347.7314760297
2025-08-01,YISHUN,4 ROOM,305,YISHUN CTRL,01 TO 03,108,Model A,1988,61 years 08 months,570000,1,44,555769.3011225171
2025-08-01,YISHUN,4 ROOM,304,YISHUN CTRL,01 TO 03,105,Model A,1988,61 years 05 months,555000,1,44,556282.8834170635
2025-09-01,YISHUN,4 ROOM,304,YISHUN CTRL,10 TO 12,105,Model A,1988,61 years 04 months,630000,10,44,571911.75563047
2025-07-01,YISHUN,4 ROOM,928,YISHUN CTRL 1,07 TO 09,103,Model A,1993,66 years 07 months,650000,7,44,579322.6782316684
2025-09-01,YISHUN,4 ROOM,932,YISHUN CTRL 1,07 TO 09,104,Model A,1993,66 years 06 months,670000,7,44,571785.8215083705
2025-07-01,YISHUN,4 ROOM,449,YISHUN RING RD,10 TO 12,97,Model A,2012,86 years 02 months,620000,10,44,615972.5041280676
2025-07-01,YISHUN,4 ROOM,617,YISHUN RING RD,01 TO 03,107,Model A,1988,61 years 08 months,582000,1,44,555762.939253167
2025-07-01,YISHUN,4 ROOM,107,YISHUN RING RD,07 TO 09,97,New Generation,1982,55 years 11 months,530000,7,44,550169.4516744949
2025-07-01,YISHUN,4 ROOM,448,YISHUN RING RD,04 TO 06,92,Model A,2012,86 years 02 months,565000,4,44,593591.8547735238
2025-07-01,YISHUN,4 ROOM,794,YISHUN RING RD,10 TO 12,84,Simplified,1987,60 years 08 months,530000,10,44,504681.78079091257
2025-07-01,YISHUN,4 ROOM,342C,YISHUN RING RD,13 TO 15,93,Premium Apartment,2016,89 years 06 months,655888,13,44,631565.3246269999
2025-07-01,YISHUN,4 ROOM,138,YISHUN RING RD,10 TO 12,93,New Generation,1984,58 years 03 months,523000,10,44,559838.9795736846
2025-07-01,YISHUN,4 ROOM,142,YISHUN RING RD,04 TO 06,96,New Generation,1984,58 years 02 months,520000,4,44,552575.4059807088
2025-07-01,YISHUN,4 ROOM,115,YISHUN RING RD,07 TO 09,109,Model A,1983,57 years,540000,7,44,567406.0693517048
2025-07-01,YISHUN,4 ROOM,111,YISHUN RING RD,10 TO 12,94,New Generation,1982,55 years 11 months,545000,10,44,560444.604632925
2025-07-01,YISHUN,4 ROOM,388,YISHUN RING RD,01 TO 03,104,Model A,1988,61 years 11 months,550000,1,44,552467.7898461994
2025-07-01,YISHUN,4 ROOM,255,YISHUN RING RD,01 TO 03,84,Simplified,1985,59 years 01 month,450000,1,44,487643.9500352379
2025-07-01,YISHUN,4 ROOM,410,YISHUN RING RD,01 TO 03,104,Model A,1988,62 years 01 month,565000,1,44,552467.7898461994
2025-07-01,YISHUN,4 ROOM,787,YISHUN RING RD,04 TO 06,104,Simplified,1988,61 years 08 months,575000,4,44,555793.3870844368
2025-07-01,YISHUN,4 ROOM,257,YISHUN RING RD,04 TO 06,84,Simplified,1986,59 years 09 months,500000,4,44,497265.8055558686
2025-07-01,YISHUN,4 ROOM,448,YISHUN RING RD,01 TO 03,92,Model A,2012,86 years 01 month,570000,1,44,574892.5802676132
2025-08-01,YISHUN,4 ROOM,365,YISHUN RING RD,10 TO 12,105,Model A,1989,62 years 09 months,570000,10,44,571911.75563047
2025-08-01,YISHUN,4 ROOM,855,YISHUN RING RD,10 TO 12,104,Model A,1988,62 years 05 months,610000,10,44,572941.5865221423
2025-08-01,YISHUN,4 ROOM,452,YISHUN RING RD,01 TO 03,92,Model A,2012,86 years 01 month,565000,1,44,574892.5802676132
2025-08-01,YISHUN,4 ROOM,365,YISHUN RING RD,04 TO 06,104,Model A,1989,62 years 08 months,555000,4,44,572969.1636245952
2025-08-01,YISHUN,4 ROOM,136,YISHUN RING RD,07 TO 09,93,New Generation,1984,58 years 02 months,538000,7,44,549892.0910770128
2025-08-01,YISHUN,4 ROOM,107,YISHUN RING RD,07 TO 09,94,New Generation,1982,55 years 10 months,505000,7,44,551728.1353937093
2025-08-01,YISHUN,4 ROOM,412,YISHUN RING RD,07 TO 09,104,Model A,1993,66 years 06 months,550000,7,44,571785.8215083705
2025-08-01,YISHUN,4 ROOM,449,YISHUN RING RD,01 TO 03,92,Model A,2012,86 years,560000,1,44,574892.5802676132
2025-08-01,YISHUN,4 ROOM,311,YISHUN RING RD,10 TO 12,84,Simplified,1987,60 years 09 months,500000,10,44,504681.78079091257
2025-08-01,YISHUN,4 ROOM,452,YISHUN RING RD,07 TO 09,92,Model A,2012,86 years,592888,7,44,611700.9618526229
2025-09-01,YISHUN,4 ROOM,137,YISHUN RING RD,01 TO 03,96,New Generation,1985,58 years 05 months,545000,1,44,537840.0121580516
2025-09-01,YISHUN,4 ROOM,342C,YISHUN RING RD,01 TO 03,96,Premium Apartment,2016,89 years 05 months,638000,1,44,596468.9148479205
2025-09-01,YISHUN,4 ROOM,118,YISHUN RING RD,07 TO 09,109,Model A,1983,56 years 10 months,510000,7,44,567406.0693517048
2025-09-01,YISHUN,4 ROOM,676A,YISHUN RING RD,10 TO 12,93,Model A,2018,92 years 02 months,645000,10,44,622090.9118276134
2025-09-01,YISHUN,4 ROOM,331,YISHUN RING RD,01 TO 03,103,Model A,1988,62 years 03 months,522000,1,44,549656.1903226678
2025-09-01,YISHUN,4 ROOM,448,YISHUN RING RD,04 TO 06,92,Model A,2012,85 years 11 months,555888,4,44,593591.8547735238
2025-09-01,YISHUN,4 ROOM,367,YISHUN RING RD,01 TO 03,108,Model A,1988,62 years,530000,1,44,555769.3011225171
2025-09-01,YISHUN,4 ROOM,363,YISHUN RING RD,04 TO 06,105,Model A,1988,62 years 03 months,540000,4,44,573347.7314760297
2025-09-01,YISHUN,4 ROOM,398,YISHUN RING RD,04 TO 06,104,Model A,1988,62 years,550000,4,44,572969.1636245952
2025-09-01,YISHUN,4 ROOM,795A,YISHUN RING RD,01 TO 03,89,Simplified,1986,60 years 03 months,560000,1,44,507411.9975230951
2025-09-01,YISHUN,4 ROOM,167,YISHUN RING RD,01 TO 03,84,Simplified,1987,61 years 03 months,440000,1,44,487643.9500352379
2025-09-01,YISHUN,4 ROOM,451,YISHUN RING RD,07 TO 09,92,Model A,2012,86 years,598000,7,44,611700.9618526229
2025-09-01,YISHUN,4 ROOM,855,YISHUN RING RD,07 TO 09,104,Model A,1988,62 years 03 months,598000,7,44,571785.8215083705
2025-07-01,YISHUN,4 ROOM,155,YISHUN ST 11,10 TO 12,98,New Generation,1985,58 years 09 months,588000,10,44,561534.0980923861
2025-07-01,YISHUN,4 ROOM,128,YISHUN ST 11,07 TO 09,108,Model A,1985,58 years 08 months,570000,7,44,567081.0103284713
2025-07-01,YISHUN,4 ROOM,147,YISHUN ST 11,04 TO 06,93,New Generation,1985,59 years 02 months,533000,4,44,537935.9554155889
2025-07-01,YISHUN,4 ROOM,126,YISHUN ST 11,04 TO 06,93,New Generation,1984,58 years 02 months,480000,4,44,537935.9554155889
2025-08-01,YISHUN,4 ROOM,127,YISHUN ST 11,01 TO 03,97,New Generation,1984,58 years 06 months,522888,1,44,537392.3638376385
2025-08-01,YISHUN,4 ROOM,122,YISHUN ST 11,04 TO 06,96,New Generation,1984,58 years 03 months,500000,4,44,552575.4059807088
2025-08-01,YISHUN,4 ROOM,122,YISHUN ST 11,10 TO 12,91,New Generation,1984,58 years 03 months,485000,10,44,563479.9785910127
2025-09-01,YISHUN,4 ROOM,134,YISHUN ST 11,04 TO 06,98,New Generation,1984,58 years,520000,4,44,550986.109474058
2025-09-01,YISHUN,4 ROOM,124,YISHUN ST 11,10 TO 12,91,New Generation,1985,58 years 11 months,515000,10,44,563479.9785910127
2025-09-01,YISHUN,4 ROOM,148,YISHUN ST 11,10 TO 12,93,New Generation,1985,59 years,560000,10,44,559838.9795736846
2025-09-01,YISHUN,4 ROOM,123,YISHUN ST 11,07 TO 09,95,New Generation,1985,58 years 10 months,518888,7,44,551002.439612373
2025-07-01,YISHUN,4 ROOM,214,YISHUN ST 21,07 TO 09,93,New Generation,1985,58 years 06 months,536000,7,44,549892.0910770128
2025-07-01,YISHUN,4 ROOM,228,YISHUN ST 21,01 TO 03,93,New Generation,1985,59 years 05 months,510000,1,44,523675.20722475665
2025-07-01,YISHUN,4 ROOM,216,YISHUN ST 21,07 TO 09,93,New Generation,1985,58 years 08 months,588888,7,44,549892.0910770128
2025-08-01,YISHUN,4 ROOM,220,YISHUN ST 21,04 TO 06,97,New Generation,1985,59 years 03 months,545000,4,44,551232.515075205
2025-08-01,YISHUN,4 ROOM,234,YISHUN ST 21,04 TO 06,93,New Generation,1985,59 years 02 months,505000,4,44,537935.9554155889
2025-08-01,YISHUN,4 ROOM,204,YISHUN ST 21,01 TO 03,99,New Generation,1985,58 years 07 months,585000,1,44,537362.6561155338
2025-09-01,YISHUN,4 ROOM,217,YISHUN ST 21,10 TO 12,93,New Generation,1985,59 years 01 month,522000,10,44,559838.9795736846
2025-09-01,YISHUN,4 ROOM,233,YISHUN ST 21,01 TO 03,93,New Generation,1985,59 years 01 month,568000,1,44,523675.20722475665
2025-09-01,YISHUN,4 ROOM,210,YISHUN ST 21,07 TO 09,96,New Generation,1985,59 years 01 month,575000,7,44,554010.4558065154
2025-09-01,YISHUN,4 ROOM,225,YISHUN ST 21,01 TO 03,93,New Generation,1985,59 years 04 months,500000,1,44,523675.20722475665
2025-09-01,YISHUN,4 ROOM,211,YISHUN ST 21,10 TO 12,93,New Generation,1985,59 years,580000,10,44,559838.9795736846
2025-09-01,YISHUN,4 ROOM,223,YISHUN ST 21,10 TO 12,96,New Generation,1986,59 years 04 months,538000,10,44,559648.2395382705
2025-07-01,YISHUN,4 ROOM,265,YISHUN ST 22,04 TO 06,84,Simplified,1986,60 years 05 months,485000,4,44,497265.8055558686
2025-07-01,YISHUN,4 ROOM,274,YISHUN ST 22,04 TO 06,108,Model A,1986,59 years 08 months,530000,4,44,570588.8285847161
2025-07-01,YISHUN,4 ROOM,259,YISHUN ST 22,07 TO 09,84,Simplified,1986,60 years,498000,7,44,499599.2511912447
2025-08-01,YISHUN,4 ROOM,291,YISHUN ST 22,01 TO 03,96,New Generation,1992,65 years 10 months,560000,1,44,537840.0121580516
2025-08-01,YISHUN,4 ROOM,265,YISHUN ST 22,04 TO 06,84,Simplified,1986,60 years 04 months,485000,4,44,497265.8055558686
2025-08-01,YISHUN,4 ROOM,266,YISHUN ST 22,04 TO 06,104,Model A,1987,60 years 08 months,530000,4,44,572969.1636245952
2025-08-01,YISHUN,4 ROOM,276,YISHUN ST 22,10 TO 12,104,Model A,1985,59 years 02 months,600000,10,44,572941.5865221423
2025-08-01,YISHUN,4 ROOM,260,YISHUN ST 22,10 TO 12,104,Model A,1985,59 years,575000,10,44,572941.5865221423
2025-08-01,YISHUN,4 ROOM,276,YISHUN ST 22,04 TO 06,104,Model A,1985,59 years 01 month,540000,4,44,572969.1636245952
2025-08-01,YISHUN,4 ROOM,278,YISHUN ST 22,10 TO 12,104,Model A,1985,59 years 02 months,562000,10,44,572941.5865221423
2025-09-01,YISHUN,4 ROOM,259,YISHUN ST 22,01 TO 03,84,Simplified,1986,59 years 10 months,500000,1,44,487643.9500352379
2025-09-01,YISHUN,4 ROOM,270,YISHUN ST 22,10 TO 12,104,Model A,1987,61 years 04 months,527000,10,44,572941.5865221423
2025-09-01,YISHUN,4 ROOM,262,YISHUN ST 22,07 TO 09,104,Model A,1985,59 years 01 month,568000,7,44,571785.8215083705
2025-09-01,YISHUN,4 ROOM,280,YISHUN ST 22,01 TO 03,84,Simplified,1985,58 years 08 months,480000,1,44,487643.9500352379
2025-09-01,YISHUN,4 ROOM,275,YISHUN ST 22,01 TO 03,90,Simplified,1986,59 years 04 months,500000,1,44,511947.43930623715
2025-07-01,YISHUN,4 ROOM,334D,YISHUN ST 31,13 TO 15,92,Model A,2015,89 years 05 months,605888,13,44,621294.6443388795
2025-07-01,YISHUN,4 ROOM,335B,YISHUN ST 31,07 TO 09,92,Model A,2015,89 years 04 months,590000,7,44,611700.9618526229
2025-08-01,YISHUN,4 ROOM,333A,YISHUN ST 31,10 TO 12,92,Model A,2015,89 years 04 months,580000,10,44,615589.9603138189
2025-08-01,YISHUN,4 ROOM,333A,YISHUN ST 31,13 TO 15,92,Model A,2015,89 years 03 months,580888,13,44,621294.6443388795
2025-08-01,YISHUN,4 ROOM,335B,YISHUN ST 31,13 TO 15,92,Model A,2015,89 years 03 months,618000,13,44,621294.6443388795
2025-08-01,YISHUN,4 ROOM,334D,YISHUN ST 31,13 TO 15,92,Model A,2015,89 years 03 months,607000,13,44,621294.6443388795
2025-09-01,YISHUN,4 ROOM,336B,YISHUN ST 31,13 TO 15,92,Model A,2015,89 years 03 months,610000,13,44,621294.6443388795
2025-09-01,YISHUN,4 ROOM,334B,YISHUN ST 31,13 TO 15,92,Model A,2015,89 years 02 months,638000,13,44,621294.6443388795
2025-09-01,YISHUN,4 ROOM,335B,YISHUN ST 31,10 TO 12,92,Model A,2015,89 years 02 months,620888,10,44,615589.9603138189
2025-08-01,YISHUN,4 ROOM,456,YISHUN ST 41,13 TO 15,93,Model A,2013,87 years,627000,13,44,631031.5981816835
2025-09-01,YISHUN,4 ROOM,453,YISHUN ST 41,07 TO 09,93,Model A,2013,87 years,593000,7,44,615943.7738699786
2025-09-01,YISHUN,4 ROOM,454,YISHUN ST 41,07 TO 09,93,Model A,2013,86 years 11 months,595000,7,44,615943.7738699786
2025-07-01,YISHUN,4 ROOM,479C,YISHUN ST 42,04 TO 06,93,Model A,2021,94 years 11 months,590000,4,44,600578.4086828822
2025-07-01,YISHUN,4 ROOM,479C,YISHUN ST 42,07 TO 09,93,Model A,2021,94 years 10 months,600000,7,44,615943.7738699786
2025-07-01,YISHUN,4 ROOM,479B,YISHUN ST 42,07 TO 09,93,Model A,2021,94 years 09 months,590000,7,44,615943.7738699786
2025-08-01,YISHUN,4 ROOM,479C,YISHUN ST 42,10 TO 12,93,Model A,2021,94 years 08 months,622000,10,44,622090.9118276134
2025-09-01,YISHUN,4 ROOM,479B,YISHUN ST 42,04 TO 06,93,Model A,2021,94 years 08 months,588000,4,44,600578.4086828822
2025-09-01,YISHUN,4 ROOM,479B,YISHUN ST 42,10 TO 12,93,Model A,2021,94 years 07 months,620000,10,44,622090.9118276134
2025-09-01,YISHUN,4 ROOM,479C,YISHUN ST 42,01 TO 03,93,Model A,2021,94 years 07 months,582000,1,44,580126.191114763
2025-09-01,YISHUN,4 ROOM,479B,YISHUN ST 42,07 TO 09,93,Model A,2021,94 years 07 months,610000,7,44,615943.7738699786
2025-07-01,YISHUN,4 ROOM,468A,YISHUN ST 43,04 TO 06,93,Model A,2019,93 years 05 months,600000,4,44,600578.4086828822
2025-07-01,YISHUN,4 ROOM,478A,YISHUN ST 44,13 TO 15,93,Model A,2021,94 years 07 months,638000,13,44,631031.5981816835
2025-07-01,YISHUN,4 ROOM,478A,YISHUN ST 44,10 TO 12,93,Model A,2021,94 years 06 months,633000,10,44,622090.9118276134
2025-08-01,YISHUN,4 ROOM,478B,YISHUN ST 44,04 TO 06,93,Model A,2021,94 years 05 months,600000,4,44,600578.4086828822
2025-08-01,YISHUN,4 ROOM,478A,YISHUN ST 44,04 TO 06,93,Model A,2021,94 years 05 months,590000,4,44,600578.4086828822
2025-08-01,YISHUN,4 ROOM,478A,YISHUN ST 44,07 TO 09,93,Model A,2021,94 years 05 months,635000,7,44,615943.7738699786
2025-09-01,YISHUN,4 ROOM,478B,YISHUN ST 44,04 TO 06,93,Model A,2021,94 years 04 months,618888,4,44,600578.4086828822
2025-09-01,YISHUN,4 ROOM,478B,YISHUN ST 44,10 TO 12,93,Model A,2021,94 years 04 months,634000,10,44,622090.9118276134
2025-07-01,YISHUN,4 ROOM,513B,YISHUN ST 51,04 TO 06,93,Model A,2018,91 years 08 months,610000,4,44,600578.4086828822
2025-07-01,YISHUN,4 ROOM,504D,YISHUN ST 51,07 TO 09,92,Model A,2016,89 years 09 months,616000,7,44,611700.9618526229
2025-07-01,YISHUN,4 ROOM,504A,YISHUN ST 51,13 TO 15,92,Model A,2016,89 years 09 months,650000,13,44,621294.6443388795
2025-07-01,YISHUN,4 ROOM,505A,YISHUN ST 51,01 TO 03,93,Model A,2016,89 years 08 months,578000,1,44,580126.191114763
2025-07-01,YISHUN,4 ROOM,512A,YISHUN ST 51,07 TO 09,93,Model A,2017,91 years 01 month,598000,7,44,615943.7738699786
2025-07-01,YISHUN,4 ROOM,504C,YISHUN ST 51,10 TO 12,93,Model A,2016,89 years 09 months,630000,10,44,622090.9118276134
2025-08-01,YISHUN,4 ROOM,513D,YISHUN ST 51,01 TO 03,93,Model A,2018,91 years 07 months,568888,1,44,580126.191114763
2025-08-01,YISHUN,4 ROOM,505C,YISHUN ST 51,01 TO 03,93,Model A,2016,89 years 08 months,580000,1,44,580126.191114763
2025-09-01,YISHUN,4 ROOM,513B,YISHUN ST 51,01 TO 03,93,Model A,2018,91 years 06 months,610000,1,44,580126.191114763
2025-09-01,YISHUN,4 ROOM,505D,YISHUN ST 51,04 TO 06,93,Model A,2016,89 years 06 months,595000,4,44,600578.4086828822
2025-07-01,YISHUN,4 ROOM,636,YISHUN ST 61,04 TO 06,85,Simplified,1987,61 years 04 months,505000,4,44,514652.0061333394
2025-07-01,YISHUN,4 ROOM,626,YISHUN ST 61,01 TO 03,83,Simplified,1987,60 years 11 months,495000,1,44,490107.6968348871
2025-07-01,YISHUN,4 ROOM,647,YISHUN ST 61,07 TO 09,85,Simplified,1987,60 years 09 months,490000,7,44,514386.81991210295
2025-08-01,YISHUN,4 ROOM,634,YISHUN ST 61,04 TO 06,84,Simplified,1987,61 years 03 months,520000,4,44,497265.8055558686
2025-08-01,YISHUN,4 ROOM,639,YISHUN ST 61,01 TO 03,84,Simplified,1987,61 years,490000,1,44,487643.9500352379
2025-09-01,YISHUN,4 ROOM,628,YISHUN ST 61,10 TO 12,103,Model A,1988,61 years 07 months,645000,10,44,576410.3988099098
2025-09-01,YISHUN,4 ROOM,634,YISHUN ST 61,04 TO 06,104,Model A,1987,61 years 02 months,576000,4,44,572969.1636245952
2025-09-01,YISHUN,4 ROOM,638,YISHUN ST 61,10 TO 12,84,Simplified,1987,60 years 06 months,530000,10,44,504681.78079091257
2025-08-01,YISHUN,4 ROOM,719,YISHUN ST 71,01 TO 03,89,Simplified,1987,61 years 01 month,490000,1,44,507411.9975230951
2025-09-01,YISHUN,4 ROOM,730,YISHUN ST 71,01 TO 03,84,Simplified,1987,60 years 05 months,460000,1,44,487643.9500352379
2025-07-01,YISHUN,4 ROOM,738,YISHUN ST 72,10 TO 12,91,New Generation,1985,58 years 06 months,581500,10,44,563479.9785910127
2025-07-01,YISHUN,4 ROOM,764,YISHUN ST 72,10 TO 12,84,Simplified,1985,59 years 03 months,510888,10,44,504681.78079091257
2025-07-01,YISHUN,4 ROOM,765,YISHUN ST 72,04 TO 06,84,Simplified,1985,59 years 04 months,490000,4,44,497265.8055558686
2025-07-01,YISHUN,4 ROOM,757,YISHUN ST 72,04 TO 06,103,Model A,1986,60 years 04 months,600000,4,44,576934.4008067253
2025-07-01,YISHUN,4 ROOM,736,YISHUN ST 72,04 TO 06,93,New Generation,1984,58 years 03 months,587500,4,44,537935.9554155889
2025-07-01,YISHUN,4 ROOM,751,YISHUN ST 72,07 TO 09,91,New Generation,1984,57 years 09 months,560000,7,44,553768.2333534923
2025-08-01,YISHUN,4 ROOM,738,YISHUN ST 72,04 TO 06,91,New Generation,1985,58 years 05 months,535000,4,44,538589.5065945673
2025-08-01,YISHUN,4 ROOM,754,YISHUN ST 72,10 TO 12,84,Simplified,1985,59 years 01 month,550000,10,44,504681.78079091257
2025-08-01,YISHUN,4 ROOM,749,YISHUN ST 72,01 TO 03,91,New Generation,1984,57 years 11 months,570000,1,44,524703.8544612292
2025-09-01,YISHUN,4 ROOM,750,YISHUN ST 72,04 TO 06,92,New Generation,1984,57 years 08 months,520000,4,44,537850.1836931772
2025-09-01,YISHUN,4 ROOM,765,YISHUN ST 72,01 TO 03,90,Simplified,1985,59 years 02 months,490000,1,44,511947.43930623715
2025-09-01,YISHUN,4 ROOM,756,YISHUN ST 72,07 TO 09,84,Simplified,1985,59 years 02 months,538000,7,44,499599.2511912447
2025-09-01,YISHUN,4 ROOM,759,YISHUN ST 72,07 TO 09,84,Simplified,1985,59 years,510000,7,44,499599.2511912447
2025-09-01,YISHUN,4 ROOM,737,YISHUN ST 72,01 TO 03,91,New Generation,1985,58 years 04 months,528000,1,44,524703.8544612292
2025-07-01,YISHUN,4 ROOM,852,YISHUN ST 81,04 TO 06,105,Model A,1988,61 years 09 months,625000,4,44,573347.7314760297
2025-07-01,YISHUN,4 ROOM,817,YISHUN ST 81,01 TO 03,104,Model A,1987,61 years 06 months,535000,1,44,552467.7898461994
2025-08-01,YISHUN,4 ROOM,873,YISHUN ST 81,10 TO 12,104,Model A,1988,61 years 08 months,616000,10,44,572941.5865221423
2025-09-01,YISHUN,4 ROOM,850,YISHUN ST 81,04 TO 06,104,Model A,1988,61 years 11 months,630000,4,44,572969.1636245952
2025-07-01,YISHUN,5 ROOM,432C,YISHUN AVE 1,01 TO 03,112,Improved,2015,89 years 03 months,660000,1,44,687348.0275383239
2025-09-01,YISHUN,5 ROOM,432C,YISHUN AVE 1,10 TO 12,112,Improved,2015,89 years,682000,10,44,741631.7572829397
2025-07-01,YISHUN,5 ROOM,348B,YISHUN AVE 11,10 TO 12,112,DBSS,2013,87 years 03 months,925000,10,44,906634.7888051546
2025-07-01,YISHUN,5 ROOM,349,YISHUN AVE 11,10 TO 12,130,Improved,1988,62 years 01 month,775000,10,44,720104.912004654
2025-08-01,YISHUN,5 ROOM,426C,YISHUN AVE 11,07 TO 09,112,Improved,2015,88 years 08 months,700000,7,44,725241.0337747845
2025-08-01,YISHUN,5 ROOM,349,YISHUN AVE 11,04 TO 06,122,Improved,1988,62 years 01 month,653000,4,44,686265.7204406374
2025-09-01,YISHUN,5 ROOM,349,YISHUN AVE 11,04 TO 06,121,Improved,1988,62 years,630888,4,44,678941.1378699573
2025-09-01,YISHUN,5 ROOM,346,YISHUN AVE 11,10 TO 12,121,Improved,1988,61 years 11 months,628000,10,44,695215.390500952
2025-07-01,YISHUN,5 ROOM,673C,YISHUN AVE 4,13 TO 15,112,Improved,2018,92 years 05 months,790000,13,44,757648.3481405916
2025-07-01,YISHUN,5 ROOM,651,YISHUN AVE 4,07 TO 09,121,Improved,1987,61 years 02 months,705000,7,44,688830.1656770001
2025-07-01,YISHUN,5 ROOM,674B,YISHUN AVE 4,04 TO 06,112,Improved,2018,92 years 05 months,735000,4,44,715377.4770909024
2025-07-01,YISHUN,5 ROOM,665,YISHUN AVE 4,04 TO 06,132,Model A,1992,65 years 11 months,735000,4,44,708504.535761934
2025-08-01,YISHUN,5 ROOM,673A,YISHUN AVE 4,04 TO 06,112,Improved,2018,92 years 04 months,715000,4,44,715377.4770909024
2025-08-01,YISHUN,5 ROOM,508B,YISHUN AVE 4,10 TO 12,113,Improved,2018,91 years 09 months,765000,10,44,751866.474560476
2025-08-01,YISHUN,5 ROOM,673C,YISHUN AVE 4,10 TO 12,112,Improved,2018,92 years 04 months,765000,10,44,741631.7572829397
2025-08-01,YISHUN,5 ROOM,674B,YISHUN AVE 4,10 TO 12,112,Improved,2018,92 years 03 months,805000,10,44,741631.7572829397
2025-08-01,YISHUN,5 ROOM,673B,YISHUN AVE 4,07 TO 09,112,Improved,2018,92 years 03 months,800000,7,44,725241.0337747845
2025-08-01,YISHUN,5 ROOM,657,YISHUN AVE 4,10 TO 12,120,Improved,1987,61 years 03 months,720000,10,44,707411.3011855592
2025-09-01,YISHUN,5 ROOM,509B,YISHUN AVE 4,04 TO 06,113,Improved,2018,91 years 08 months,708000,4,44,732590.1402279626
2025-09-01,YISHUN,5 ROOM,863,YISHUN AVE 4,04 TO 06,122,Improved,1988,61 years 10 months,690000,4,44,686265.7204406374
2025-09-01,YISHUN,5 ROOM,733,YISHUN AVE 5,01 TO 03,123,Improved,1984,58 years 01 month,640000,1,44,664880.6074958286
2025-07-01,YISHUN,5 ROOM,288,YISHUN AVE 6,10 TO 12,122,Improved,1987,61 years 01 month,643000,10,44,702452.9473377295
2025-08-01,YISHUN,5 ROOM,288,YISHUN AVE 6,07 TO 09,122,Improved,1987,61 years 01 month,648000,7,44,695870.0423125206
2025-09-01,YISHUN,5 ROOM,174,YISHUN AVE 7,04 TO 06,121,Improved,1987,61 years 03 months,611888,4,44,678941.1378699573
2025-07-01,YISHUN,5 ROOM,316C,YISHUN AVE 9,10 TO 12,112,Improved,2015,89 years 04 months,750000,10,44,741631.7572829397
2025-07-01,YISHUN,5 ROOM,315A,YISHUN AVE 9,10 TO 12,112,Improved,2015,89 years 04 months,750000,10,44,741631.7572829397
2025-08-01,YISHUN,5 ROOM,315B,YISHUN AVE 9,10 TO 12,112,Improved,2015,89 years 02 months,768888,10,44,741631.7572829397
2025-09-01,YISHUN,5 ROOM,318C,YISHUN AVE 9,10 TO 12,112,Improved,2015,89 years 02 months,768000,10,44,741631.7572829397
2025-09-01,YISHUN,5 ROOM,315A,YISHUN AVE 9,04 TO 06,112,Improved,2015,89 years 03 months,721000,4,44,715377.4770909024
2025-09-01,YISHUN,5 ROOM,315B,YISHUN AVE 9,01 TO 03,112,Improved,2015,89 years 02 months,720000,1,44,687348.0275383239
2025-07-01,YISHUN,5 ROOM,306,YISHUN CTRL,01 TO 03,122,Improved,1987,61 years 05 months,630888,1,44,657706.608822868
2025-09-01,YISHUN,5 ROOM,306,YISHUN CTRL,07 TO 09,122,Improved,1987,61 years 04 months,660000,7,44,695870.0423125206
2025-07-01,YISHUN,5 ROOM,677B,YISHUN RING RD,04 TO 06,113,Improved,2018,92 years 04 months,770000,4,44,732590.1402279626
2025-07-01,YISHUN,5 ROOM,796,YISHUN RING RD,04 TO 06,121,Improved,1987,60 years 07 months,765000,4,44,678941.1378699573
2025-07-01,YISHUN,5 ROOM,366,YISHUN RING RD,07 TO 09,122,Improved,1988,62 years 02 months,700000,7,44,695870.0423125206
2025-07-01,YISHUN,5 ROOM,342C,YISHUN RING RD,10 TO 12,113,Premium Apartment,2016,89 years 06 months,770000,10,44,716757.5823930191
2025-08-01,YISHUN,5 ROOM,616,YISHUN RING RD,04 TO 06,132,Model A,1992,65 years 11 months,715000,4,44,708504.535761934
2025-08-01,YISHUN,5 ROOM,805,YISHUN RING RD,07 TO 09,122,Improved,1987,60 years 09 months,762000,7,44,695870.0423125206
2025-08-01,YISHUN,5 ROOM,677B,YISHUN RING RD,13 TO 15,113,Improved,2018,92 years 02 months,822000,13,44,767219.4019899452
2025-08-01,YISHUN,5 ROOM,805,YISHUN RING RD,01 TO 03,122,Improved,1987,60 years 09 months,725000,1,44,657706.608822868
2025-08-01,YISHUN,5 ROOM,115C,YISHUN RING RD,10 TO 12,112,Improved,2001,75 years,678888,10,44,741631.7572829397
2025-08-01,YISHUN,5 ROOM,314,YISHUN RING RD,07 TO 09,126,Improved,1995,68 years 06 months,755000,7,44,724406.8137176019
2025-08-01,YISHUN,5 ROOM,238,YISHUN RING RD,04 TO 06,123,Improved,1985,58 years 11 months,665000,4,44,694063.8482863737
2025-09-01,YISHUN,5 ROOM,677C,YISHUN RING RD,10 TO 12,113,Improved,2018,92 years 02 months,802888,10,44,751866.474560476
2025-09-01,YISHUN,5 ROOM,242,YISHUN RING RD,01 TO 03,134,Model A,1986,59 years 05 months,685000,1,44,687800.2698672625
2025-09-01,YISHUN,5 ROOM,308,YISHUN RING RD,01 TO 03,122,Improved,1988,61 years 09 months,635088,1,44,657706.608822868
2025-09-01,YISHUN,5 ROOM,308,YISHUN RING RD,07 TO 09,122,Improved,1988,61 years 09 months,690000,7,44,695870.0423125206
2025-07-01,YISHUN,5 ROOM,155,YISHUN ST 11,10 TO 12,121,Improved,1985,58 years 08 months,695000,10,44,695215.390500952
2025-08-01,YISHUN,5 ROOM,161,YISHUN ST 11,04 TO 06,125,Improved,1985,58 years 11 months,630000,4,44,699664.1731449248
2025-09-01,YISHUN,5 ROOM,159,YISHUN ST 11,04 TO 06,121,Improved,1985,58 years 07 months,630000,4,44,678941.1378699573
2025-07-01,YISHUN,5 ROOM,224,YISHUN ST 21,01 TO 03,134,Model A,1985,59 years 02 months,700888,1,44,687800.2698672625
2025-07-01,YISHUN,5 ROOM,222,YISHUN ST 21,07 TO 09,134,Model A,1985,59 years 03 months,771000,7,44,734998.1688184941
2025-08-01,YISHUN,5 ROOM,212,YISHUN ST 21,04 TO 06,121,Improved,1985,58 years 08 months,660000,4,44,678941.1378699573
2025-09-01,YISHUN,5 ROOM,224,YISHUN ST 21,01 TO 03,134,Model A,1985,59 years,700000,1,44,687800.2698672625
2025-07-01,YISHUN,5 ROOM,336C,YISHUN ST 31,10 TO 12,112,Improved,2015,89 years 04 months,718000,10,44,741631.7572829397
2025-07-01,YISHUN,5 ROOM,502C,YISHUN ST 51,04 TO 06,112,Improved,2018,91 years 07 months,735000,4,44,715377.4770909024
2025-07-01,YISHUN,5 ROOM,502B,YISHUN ST 51,10 TO 12,112,Improved,2018,91 years 07 months,803888,10,44,741631.7572829397
2025-07-01,YISHUN,5 ROOM,511B,YISHUN ST 51,10 TO 12,113,Improved,2017,91 years 01 month,758888,10,44,751866.474560476
2025-08-01,YISHUN,5 ROOM,513B,YISHUN ST 51,04 TO 06,113,Improved,2018,91 years 06 months,715888,4,44,732590.1402279626
2025-09-01,YISHUN,5 ROOM,505C,YISHUN ST 51,01 TO 03,113,Improved,2016,89 years 06 months,695000,1,44,695002.8547331889
2025-09-01,YISHUN,5 ROOM,511B,YISHUN ST 51,07 TO 09,113,Improved,2017,90 years 11 months,733000,7,44,742700.4246033238
2025-09-01,YISHUN,5 ROOM,513C,YISHUN ST 51,10 TO 12,113,Improved,2018,91 years 05 months,728000,10,44,751866.474560476
2025-09-01,YISHUN,5 ROOM,502D,YISHUN ST 51,07 TO 09,112,Improved,2018,91 years 04 months,770000,7,44,725241.0337747845
2025-08-01,YISHUN,5 ROOM,636,YISHUN ST 61,07 TO 09,121,Improved,1987,61 years 02 months,665000,7,44,688830.1656770001
2025-07-01,YISHUN,5 ROOM,841,YISHUN ST 81,01 TO 03,127,Improved,1988,61 years 07 months,765000,1,44,668848.1664673567
2025-07-01,YISHUN,5 ROOM,871,YISHUN ST 81,10 TO 12,122,Improved,1988,61 years 09 months,735000,10,44,702452.9473377295
2025-07-01,YISHUN,5 ROOM,838,YISHUN ST 81,01 TO 03,122,Improved,1987,61 years 04 months,755000,1,44,657706.608822868
2025-08-01,YISHUN,5 ROOM,844,YISHUN ST 81,01 TO 03,127,Improved,1988,62 years 05 months,735000,1,44,668848.1664673567
2025-08-01,YISHUN,5 ROOM,841,YISHUN ST 81,04 TO 06,127,Improved,1988,61 years 05 months,795000,4,44,708825.4523845274
2025-08-01,YISHUN,5 ROOM,832,YISHUN ST 81,10 TO 12,127,Improved,1988,61 years 08 months,790000,10,44,722793.3241389988
2025-08-01,YISHUN,EXECUTIVE,791,YISHUN AVE 2,04 TO 06,146,Maisonette,1987,61 years 02 months,880000,4,44,895191.5972861475
2025-07-01,YISHUN,EXECUTIVE,661,YISHUN AVE 4,07 TO 09,181,Apartment,1992,66 years,1288888,7,44,1101968.892180575
2025-08-01,YISHUN,EXECUTIVE,664,YISHUN AVE 4,10 TO 12,195,Apartment,1992,65 years 11 months,1260000,10,44,1083704.989515825
2025-07-01,YISHUN,EXECUTIVE,391,YISHUN AVE 6,10 TO 12,146,Maisonette,1988,62 years,940000,10,44,901264.385567339
2025-09-01,YISHUN,EXECUTIVE,405,YISHUN AVE 6,04 TO 06,142,Apartment,1988,62 years,890000,4,44,885359.7992153591
2025-07-01,YISHUN,EXECUTIVE,360,YISHUN RING RD,07 TO 09,142,Apartment,1988,62 years 01 month,875000,7,44,912007.3969545494
2025-07-01,YISHUN,EXECUTIVE,364,YISHUN RING RD,01 TO 03,145,Maisonette,1988,61 years 09 months,950000,1,44,877930.6859479898
2025-07-01,YISHUN,EXECUTIVE,356,YISHUN RING RD,04 TO 06,146,Maisonette,1988,62 years 01 month,1005000,4,44,895191.5972861475
2025-08-01,YISHUN,EXECUTIVE,328,YISHUN RING RD,07 TO 09,142,Apartment,1988,61 years 11 months,850000,7,44,912007.3969545494
2025-08-01,YISHUN,EXECUTIVE,326,YISHUN RING RD,07 TO 09,146,Maisonette,1988,61 years 11 months,870000,7,44,893451.6382569533
2025-08-01,YISHUN,EXECUTIVE,359,YISHUN RING RD,04 TO 06,146,Maisonette,1988,61 years 11 months,880000,4,44,895191.5972861475
2025-09-01,YISHUN,EXECUTIVE,355,YISHUN RING RD,10 TO 12,154,Maisonette,1988,62 years 03 months,980000,10,44,937373.4952807374
2025-09-01,YISHUN,EXECUTIVE,328,YISHUN RING RD,01 TO 03,142,Apartment,1988,61 years 10 months,842500,1,44,860311.5381274129
2025-09-01,YISHUN,EXECUTIVE,326,YISHUN RING RD,10 TO 12,146,Maisonette,1988,61 years 10 months,910000,10,44,901264.385567339
2025-07-01,YISHUN,EXECUTIVE,640,YISHUN ST 61,01 TO 03,164,Apartment,1992,65 years 11 months,1080000,1,44,938643.8704017558
2025-07-01,YISHUN,EXECUTIVE,606,YISHUN ST 61,10 TO 12,146,Maisonette,1987,61 years 04 months,920000,10,44,901264.385567339
2025-08-01,YISHUN,EXECUTIVE,611,YISHUN ST 61,01 TO 03,142,Apartment,1987,61 years 04 months,770000,1,44,860311.5381274129
2025-09-01,YISHUN,EXECUTIVE,631,YISHUN ST 61,01 TO 03,152,Apartment,1992,65 years 10 months,900000,1,44,880283.708516064
2025-08-01,YISHUN,EXECUTIVE,724,YISHUN ST 71,04 TO 06,146,Maisonette,1986,60 years,800000,4,44,895191.5972861475
2025-07-01,YISHUN,EXECUTIVE,746,YISHUN ST 72,10 TO 12,162,Adjoined flat,1984,58 years 05 months,1245000,10,44,919387.1474328082
2025-07-01,YISHUN,EXECUTIVE,824,YISHUN ST 81,04 TO 06,146,Maisonette,1987,61 years 05 months,980000,4,44,895191.5972861475
2025-09-01,YISHUN,EXECUTIVE,877,YISHUN ST 81,10 TO 12,145,Maisonette,1987,61 years 03 months,980000,10,44,908491.3247329255
2025-09-01,YISHUN,EXECUTIVE,834,YISHUN ST 81,04 TO 06,146,Maisonette,1988,61 years 04 months,990000,4,44,895191.5972861475
2025-07-01,YISHUN,MULTI-GENERATION,633,YISHUN ST 61,01 TO 03,171,Multi Generation,1987,61 years 06 months,1095000,1,44,861567.4843798848
