HEX_ID,WK_MORNING,WK_AFTERNOON,WKND_HOL,I_WM,I_WM_p,I_WA,I_WA_p,I_WK,I_WK_p,Gi_WM_z,Gi_WM_p,Gi_WA_z,Gi_WA_p,Gi_WK_z,Gi_WK_p,mk_tau,mk_p,EHSA
H0001,0,0,0,0.17077520189103015,0.5587160933401475,0.1312403111890101,0.6082244294829044,NA,NA,-0.5847496065156478,0.5587160933401476,-0.5126096101104027,0.6082244294829042,NA,NA,1,1,Not_Significant
H0002,0,0,0,0.17077520189103015,0.4737730735094146,0.1312403111890101,0.5300185518190873,NA,NA,-0.7163535424379491,0.47377307350941483,-0.6279776950657879,0.5300185518190872,NA,NA,1,1,Not_Significant
H0003,0,0,0,0.17077520189103015,0.4737730735094146,0.1312403111890101,0.5300185518190873,NA,NA,-0.7163535424379491,0.47377307350941483,-0.6279776950657879,0.5300185518190872,NA,NA,1,1,Not_Significant
H0004,0,0,0,0.17077520189103015,0.5587160933401475,0.1312403111890101,0.6082244294829044,NA,NA,-0.5847496065156478,0.5587160933401476,-0.5126096101104027,0.6082244294829042,NA,NA,1,1,Not_Significant
H0005,0,0,0,0.17077520189103015,0.4737730735094146,0.1312403111890101,0.5300185518190873,NA,NA,-0.7163535424379491,0.47377307350941483,-0.6279776950657879,0.5300185518190872,NA,NA,1,1,Not_Significant
H0006,0,0,0,0.17077520189103015,0.3548175361964155,0.1312403111890101,0.4172888828283537,NA,NA,-0.9252852749300453,0.3548175361964156,-0.8111337207203317,0.41728888282835347,NA,NA,1,1,Not_Significant
H0007,0,0,0,0.17077520189103015,0.3548175361964155,0.1312403111890101,0.4172888828283537,NA,NA,-0.9252852749300453,0.3548175361964156,-0.8111337207203317,0.41728888282835347,NA,NA,1,1,Not_Significant
H0008,0,0,0,0.17077520189103015,0.3548175361964155,0.1312403111890101,0.4172888828283537,NA,NA,-0.9252852749300453,0.3548175361964156,-0.8111337207203317,0.41728888282835347,NA,NA,1,1,Not_Significant
H0009,0,0,0,0.17077520189103015,0.4080177562909884,0.1312403111890101,0.46826000361036674,NA,NA,-0.8273869827863918,0.40801775629098863,-0.7253130466966894,0.46826000361036674,NA,NA,1,1,Not_Significant
H0010,0,0,0,0.16953198093928087,0.4114373619847658,0.12863289553652163,0.4771398195646368,NA,NA,-0.8213668114449707,0.4114373619847658,-0.7109103053570527,0.47713981956463675,NA,NA,1,1,Not_Significant
H0011,0,0,0,0.17077520189103015,0.4080177562909884,0.1312403111890101,0.46826000361036674,NA,NA,-0.8273869827863918,0.40801775629098863,-0.7253130466966894,0.46826000361036674,NA,NA,1,1,Not_Significant
H0012,0,0,0,0.17077520189103015,0.3106492228753715,0.1312403111890101,0.37412041965515186,NA,NA,-1.0138607071981673,0.3106492228753717,-0.8887816871223535,0.3741204196551518,NA,NA,1,1,Not_Significant
H0013,0,0,0,0.17077520189103015,0.3106492228753715,0.1312403111890101,0.37412041965515186,NA,NA,-1.0138607071981673,0.3106492228753717,-0.8887816871223535,0.3741204196551518,NA,NA,1,1,Not_Significant
H0014,0,0,0,0.17077520189103015,0.3106492228753715,0.1312403111890101,0.37412041965515186,NA,NA,-1.0138607071981673,0.3106492228753717,-0.8887816871223535,0.3741204196551518,NA,NA,1,1,Not_Significant
H0015,0,0,0,0.1699463879231973,0.3130021046240368,0.12950203408735114,0.3804780390665459,NA,NA,-1.0089427221837772,0.3130021046240369,-0.8770158316246678,0.3804780390665459,NA,NA,1,1,Not_Significant
H0016,0,0,0,0.16942703371608128,0.4117268064228424,0.12849469329345686,0.4776130395312919,NA,NA,-0.8208586151629027,0.4117268064228424,-0.710146909172973,0.47761303953129175,NA,NA,1,1,Not_Significant
H0017,0,0,0,0.17077520189103015,0.3106492228753715,0.1312403111890101,0.37412041965515186,NA,NA,-1.0138607071981673,0.3106492228753717,-0.8887816871223535,0.3741204196551518,NA,NA,1,1,Not_Significant
H0018,0,0,0,0.17077520189103015,0.3106492228753715,0.1312403111890101,0.37412041965515186,NA,NA,-1.0138607071981673,0.3106492228753717,-0.8887816871223535,0.3741204196551518,NA,NA,1,1,Not_Significant
H0019,0,0,0,0.17077520189103015,0.3106492228753715,0.1312403111890101,0.37412041965515186,NA,NA,-1.0138607071981673,0.3106492228753717,-0.8887816871223535,0.3741204196551518,NA,NA,1,1,Not_Significant
H0020,0,0,0,0.17077520189103015,0.3548175361964155,0.1312403111890101,0.4172888828283537,NA,NA,-0.9252852749300453,0.3548175361964156,-0.8111337207203317,0.41728888282835347,NA,NA,1,1,Not_Significant
H0021,308,849,0,0.1657343906070915,0.3108558573375169,0.12072583570172976,0.37447773028366854,NA,NA,-1.0134278187595527,0.3108558573375169,-0.8881171650731605,0.3744777302836684,NA,NA,1,1,Not_Significant
H0022,0,0,0,0.1706352722600973,0.4741353068724112,0.13105604153159045,0.5305960283244803,NA,NA,-0.7157668790998544,0.47413530687241134,-0.6270964281824126,0.5305960283244802,NA,NA,1,1,Not_Significant
H0023,0,0,0,0.1703769406337598,0.4748044450457099,0.13032715266446368,0.5328833948035687,NA,NA,-0.7146838083218333,0.4748044450457099,-0.6236105280659503,0.5328833948035686,NA,NA,1,1,Not_Significant
H0024,0,0,0,0.17077520189103015,0.3548175361964155,0.1312403111890101,0.4172888828283537,NA,NA,-0.9252852749300453,0.3548175361964156,-0.8111337207203317,0.41728888282835347,NA,NA,1,1,Not_Significant
H0025,0,0,0,0.17077520189103015,0.3548175361964155,0.1312403111890101,0.4172888828283537,NA,NA,-0.9252852749300453,0.3548175361964156,-0.8111337207203317,0.41728888282835347,NA,NA,1,1,Not_Significant
H0026,0,0,0,0.17077520189103015,0.4080177562909884,0.1312403111890101,0.46826000361036674,NA,NA,-0.8273869827863918,0.40801775629098863,-0.7253130466966894,0.46826000361036674,NA,NA,1,1,Not_Significant
H0027,0,0,0,0.17077520189103015,0.3548175361964155,0.1312403111890101,0.4172888828283537,NA,NA,-0.9252852749300453,0.3548175361964156,-0.8111337207203317,0.41728888282835347,NA,NA,1,1,Not_Significant
H0028,0,0,0,0.1699463879231973,0.3130021046240368,0.12950203408735114,0.3804780390665459,NA,NA,-1.0089427221837772,0.3130021046240369,-0.8770158316246678,0.3804780390665459,NA,NA,1,1,Not_Significant
H0029,26,45,0,0.16901055880575336,0.3144831608912987,0.12745597817295037,0.38604403174596924,NA,NA,-1.0058594995084156,0.3144831608912987,-0.8668138143822655,0.38604403174596924,NA,NA,1,1,Not_Significant
H0030,0,0,0,0.16591130173889426,0.4214928280205418,0.12126825156164839,0.5027113284112872,NA,NA,-0.8038340397136242,0.42149282802054183,-0.6702297709254287,0.502711328411287,NA,NA,1,1,Not_Significant
H0031,0,0,0,0.15843986673341415,0.44269254964711796,0.12480008666219228,0.4903584709847698,NA,NA,-0.7676543736325513,0.442692549647118,-0.6897387845185762,0.4903584709847697,NA,NA,1,1,Not_Significant
H0032,0,0,0,0.17077520189103015,0.5587160933401475,0.1312403111890101,0.6082244294829044,NA,NA,-0.5847496065156478,0.5587160933401476,-0.5126096101104027,0.6082244294829042,NA,NA,1,1,Not_Significant
H0033,0,0,0,0.17077520189103015,0.5587160933401475,0.1312403111890101,0.6082244294829044,NA,NA,-0.5847496065156478,0.5587160933401476,-0.5126096101104027,0.6082244294829042,NA,NA,1,1,Not_Significant
H0034,0,0,0,0.17077520189103015,0.4080177562909884,0.1312403111890101,0.46826000361036674,NA,NA,-0.8273869827863918,0.40801775629098863,-0.7253130466966894,0.46826000361036674,NA,NA,1,1,Not_Significant
H0035,0,0,0,0.17077520189103015,0.3106492228753715,0.1312403111890101,0.37412041965515186,NA,NA,-1.0138607071981673,0.3106492228753717,-0.8887816871223535,0.3741204196551518,NA,NA,1,1,Not_Significant
H0036,0,0,0,0.17077520189103015,0.4080177562909884,0.1312403111890101,0.46826000361036674,NA,NA,-0.8273869827863918,0.40801775629098863,-0.7253130466966894,0.46826000361036674,NA,NA,1,1,Not_Significant
H0037,0,0,0,0.17077520189103015,0.5587160933401475,0.1312403111890101,0.6082244294829044,NA,NA,-0.5847496065156478,0.5587160933401476,-0.5126096101104027,0.6082244294829042,NA,NA,1,1,Not_Significant
H0038,0,0,0,0.16935706890061486,0.31468221474035124,0.1279029829490759,0.38638468606074533,NA,NA,-1.00544584322874,0.3146822147403513,-0.8661923532457602,0.38638468606074533,NA,NA,1,1,Not_Significant
H0039,0,0,0,0.16649389337537415,0.32292915759056867,0.11882667860083762,0.42095952721681906,NA,NA,-0.9884564404517563,0.3229291575905689,-0.8047576801936507,0.420959527216819,NA,NA,1,1,Not_Significant
H0040,74,223,0,0.15558648437910524,0.35224953894975597,0.11151298321378757,0.4405088339610782,NA,NA,-0.9302347778023975,0.35224953894975597,-0.771334253847056,0.4405088339610782,NA,NA,1,1,Not_Significant
H0041,103,264,0,0.15310370694991454,0.4537966764237862,0.11914315319037946,0.49957661234703366,NA,NA,-0.7491004291104083,0.45379667642378607,-0.6751560718647925,0.4995766123470335,NA,NA,1,1,Not_Significant
H0042,0,0,0,0.14800165445671423,0.47330721951806426,0.11153574248893225,0.5375845538269767,NA,NA,-0.7171083895776326,0.47330721951806426,-0.6164697152065729,0.5375845538269766,NA,NA,1,1,Not_Significant
H0043,0,0,0,0.17077520189103015,0.3106492228753715,0.1312403111890101,0.37412041965515186,NA,NA,-1.0138607071981673,0.3106492228753717,-0.8887816871223535,0.3741204196551518,NA,NA,1,1,Not_Significant
H0044,0,0,0,0.17077520189103015,0.4080177562909884,0.1312403111890101,0.46826000361036674,NA,NA,-0.8273869827863918,0.40801775629098863,-0.7253130466966894,0.46826000361036674,NA,NA,1,1,Not_Significant
H0045,0,0,0,0.17077520189103015,0.5587160933401475,0.1312403111890101,0.6082244294829044,NA,NA,-0.5847496065156478,0.5587160933401476,-0.5126096101104027,0.6082244294829042,NA,NA,1,1,Not_Significant
H0046,0,0,0,0.17077520189103015,0.4080177562909884,0.1312403111890101,0.46826000361036674,NA,NA,-0.8273869827863918,0.40801775629098863,-0.7253130466966894,0.46826000361036674,NA,NA,1,1,Not_Significant
H0047,0,0,0,0.17077520189103015,0.3106492228753715,0.1312403111890101,0.37412041965515186,NA,NA,-1.0138607071981673,0.3106492228753717,-0.8887816871223535,0.3741204196551518,NA,NA,1,1,Not_Significant
H0048,193,736,0,0.15942970532960687,0.3349903023361558,0.11132668856596098,0.41810593910211874,NA,NA,-0.9641109521751641,0.3349903023361558,-0.8097116180571022,0.41810593910211874,NA,NA,1,1,Not_Significant
H0049,1131,3024,0,0.14844814790017058,0.32375088788234224,0.08224564402780876,0.4372758286825033,NA,NA,-0.98677921184768,0.3237508878823422,-0.7768016067191618,0.43727582868250314,NA,NA,1,1,Not_Significant
H0050,2879,1610,0,0.12026302100605513,0.3266650177038603,0.09670411176140263,0.44065442408012817,NA,NA,-0.9808534459631573,0.32666501770386036,-0.7710885885197565,0.44065442408012806,NA,NA,1,1,Not_Significant
H0051,761,170,0,0.1335817705714695,0.4354427264643479,0.09972690188724759,0.5310403368104165,NA,NA,-0.7799119119512004,0.4354427264643477,-0.6264187157882058,0.5310403368104164,NA,NA,1,1,Not_Significant
H0052,0,0,0,0.1538544803659234,0.40447630142420526,0.11036133053897751,0.49513964769865537,NA,NA,-0.8336534414814959,0.4044763014242052,-0.6821570531589154,0.4951396476986552,NA,NA,1,1,Not_Significant
H0053,0,0,0,0.17077520189103015,0.4737730735094146,0.1312403111890101,0.5300185518190873,NA,NA,-0.7163535424379491,0.47377307350941483,-0.6279776950657879,0.5300185518190872,NA,NA,1,1,Not_Significant
H0054,0,0,0,0.17077520189103015,0.4080177562909884,0.1312403111890101,0.46826000361036674,NA,NA,-0.8273869827863918,0.40801775629098863,-0.7253130466966894,0.46826000361036674,NA,NA,1,1,Not_Significant
H0055,0,0,0,0.17077520189103015,0.3106492228753715,0.1312403111890101,0.37412041965515186,NA,NA,-1.0138607071981673,0.3106492228753717,-0.8887816871223535,0.3741204196551518,NA,NA,1,1,Not_Significant
H0056,0,0,0,0.17077520189103015,0.4080177562909884,0.1312403111890101,0.46826000361036674,NA,NA,-0.8273869827863918,0.40801775629098863,-0.7253130466966894,0.46826000361036674,NA,NA,1,1,Not_Significant
H0057,0,0,0,0.17077520189103015,0.5587160933401475,0.1312403111890101,0.6082244294829044,NA,NA,-0.5847496065156478,0.5587160933401476,-0.5126096101104027,0.6082244294829042,NA,NA,1,1,Not_Significant
H0058,0,0,0,0.16259200943590138,0.3343927747370428,0.12277209671025678,0.4057121305296271,NA,NA,-0.9653035889229719,0.33439277473704304,-0.8314629847213779,0.40571213052962724,NA,NA,1,1,Not_Significant
H0059,241,2258,0,0.15400410048700208,0.34945947743684347,0.08731747622281101,0.45339208248974794,NA,NA,-0.9356382428308228,0.34945947743684336,-0.7497719214334951,0.45339208248974794,NA,NA,1,1,Not_Significant
H0060,1227,3840,0,0.13936779497541485,0.34929905099187797,0.0699436455387184,0.4596880155734244,NA,NA,-0.9359497686166758,0.34929905099187797,-0.7393606737093676,0.45968801557342426,NA,NA,1,1,Not_Significant
H0061,365,1176,0,0.14671354220060692,0.36696156699031585,0.09946212226924842,0.44910729395307514,NA,NA,-0.9021794168551365,0.36696156699031585,-0.7569041415683303,0.44910729395307525,NA,NA,1,1,Not_Significant
H0062,4881,6246,0,0.08485395883741033,0.34968182992499613,0.04571558112591647,0.4561694167806105,NA,NA,-0.9352066153854485,0.34968182992499597,-0.7451692381520066,0.4561694167806103,NA,NA,1,1,Not_Significant
H0063,191,964,0,0.15337901662196896,0.4491712111098104,0.10446937777399705,0.5256664096586507,NA,NA,-0.7567974661509872,0.44917121110981045,-0.6346351317734427,0.5256664096586509,NA,NA,1,1,Not_Significant
H0064,0,0,0,0.17077520189103015,0.3106492228753715,0.1312403111890101,0.37412041965515186,NA,NA,-1.0138607071981673,0.3106492228753717,-0.8887816871223535,0.3741204196551518,NA,NA,1,1,Not_Significant
H0065,0,0,0,0.17077520189103015,0.4080177562909884,0.1312403111890101,0.46826000361036674,NA,NA,-0.8273869827863918,0.40801775629098863,-0.7253130466966894,0.46826000361036674,NA,NA,1,1,Not_Significant
H0066,0,0,0,0.17077520189103015,0.5587160933401475,0.1312403111890101,0.6082244294829044,NA,NA,-0.5847496065156478,0.5587160933401476,-0.5126096101104027,0.6082244294829042,NA,NA,1,1,Not_Significant
H0067,0,0,0,0.17077520189103015,0.4080177562909884,0.1312403111890101,0.46826000361036674,NA,NA,-0.8273869827863918,0.40801775629098863,-0.7253130466966894,0.46826000361036674,NA,NA,1,1,Not_Significant
H0068,0,0,0,0.17077520189103015,0.3106492228753715,0.1312403111890101,0.37412041965515186,NA,NA,-1.0138607071981673,0.3106492228753717,-0.8887816871223535,0.3741204196551518,NA,NA,1,1,Not_Significant
H0069,2848,3400,0,0.12280612204387728,0.318486570044466,0.08373843643509656,0.4055836263989177,NA,NA,-0.9975727711909035,0.3184865700444659,-0.8316905671212044,0.4055836263989177,NA,NA,1,1,Not_Significant
H0070,150,1749,0,0.15899429093431977,0.3383054380306939,0.09020917561347541,0.4650816592546059,NA,NA,-0.9575188474189312,0.33830543803069396,-0.730504833997051,0.4650816592546058,NA,NA,1,1,Not_Significant
H0071,288,2984,0,0.15349752729216676,0.3488526160786015,0.08306618885054637,0.43511080867137,NA,NA,-0.9368171614525488,0.34885261607860146,-0.7804758982449551,0.43511080867137,NA,NA,1,1,Not_Significant
H0072,2962,4484,0,0.10934144101712433,0.3673097340032485,0.06190843657633478,0.47005919467832913,NA,NA,-0.9015240848841821,0.36730973400324846,-0.7223827415387485,0.4700591946783291,NA,NA,1,1,Not_Significant
H0073,168,1288,0,0.14306888482808974,0.3880549339191315,0.08589510675895003,0.5082931365577819,NA,NA,-0.8631501206342114,0.38805493391913165,-0.661497782004188,0.5082931365577819,NA,NA,1,1,Not_Significant
H0074,345,2341,0,0.020900135787456108,0.9163516590056451,0.07027672864755392,0.6188996778812513,NA,NA,-0.10503043453633247,0.9163516590056451,-0.49741039327811654,0.6188996778812513,NA,NA,-1,1,Not_Significant
H0075,0,0,0,0.16330780331721156,0.5760295253299548,0.12275162230387683,0.6316037284908171,NA,NA,-0.5591937101545358,0.576029525329955,-0.47947081117593393,0.6316037284908171,NA,NA,1,1,Not_Significant
H0076,0,0,0,0.17077520189103015,0.4080177562909884,0.1312403111890101,0.46826000361036674,NA,NA,-0.8273869827863918,0.40801775629098863,-0.7253130466966894,0.46826000361036674,NA,NA,1,1,Not_Significant
H0077,0,0,0,0.17077520189103015,0.4080177562909884,0.1312403111890101,0.46826000361036674,NA,NA,-0.8273869827863918,0.40801775629098863,-0.7253130466966894,0.46826000361036674,NA,NA,1,1,Not_Significant
H0078,0,0,0,0.17077520189103015,0.3106492228753715,0.1312403111890101,0.37412041965515186,NA,NA,-1.0138607071981673,0.3106492228753717,-0.8887816871223535,0.3741204196551518,NA,NA,1,1,Not_Significant
H0079,0,0,0,0.17077520189103015,0.4080177562909884,0.1312403111890101,0.46826000361036674,NA,NA,-0.8273869827863918,0.40801775629098863,-0.7253130466966894,0.46826000361036674,NA,NA,1,1,Not_Significant
H0080,0,0,0,0.17077520189103015,0.5587160933401475,0.1312403111890101,0.6082244294829044,NA,NA,-0.5847496065156478,0.5587160933401476,-0.5126096101104027,0.6082244294829042,NA,NA,1,1,Not_Significant
H0081,0,0,0,0.1631113636430174,0.3328519715540659,0.12427901301982218,0.3999767089138547,NA,NA,-0.9683853132988722,0.33285197155406593,-0.8416628311834472,0.39997670891385445,NA,NA,1,1,Not_Significant
H0082,576,1114,0,0.15323391090212696,0.3359947719177474,0.10397119762336977,0.43182121873324325,NA,NA,-0.9621091627786394,0.3359947719177474,-0.7860789788201066,0.43182121873324314,NA,NA,1,1,Not_Significant
H0083,353,1179,0,0.16063820413802235,0.3238388003332276,0.10092253461727099,0.44233628481800413,NA,NA,-0.9865999386377647,0.3238388003332276,-0.768254021466727,0.44233628481800413,NA,NA,1,1,Not_Significant
H0084,0,0,0,0.16104740158675837,0.3390023906788557,0.11354223431416877,0.441899885108181,NA,NA,-0.9561382532143359,0.33900239067885585,-0.7689889251412045,0.44189988510818085,NA,NA,1,1,Not_Significant
H0085,1018,4400,0,0.13318078184249427,0.38163572681430635,0.05506338947485018,0.5261085552261776,NA,NA,-0.8748863868758646,0.3816357268143063,-0.633957505145475,0.5261085552261775,NA,NA,1,1,Not_Significant
H0086,3098,1714,0,0.08111886247612021,0.4958244043858813,0.08076109276422853,0.5147327078953892,NA,NA,-0.6810744162163468,0.4958244043858812,-0.6514861605997302,0.5147327078953892,NA,NA,1,1,Not_Significant
H0087,33402,9584,0,-0.35496223871223526,0.42618415523663616,0.011950757806879344,0.5211587253143557,NA,NA,-0.7957383091643361,0.42618415523663616,-0.6415602869022282,0.5211587253143557,NA,NA,1,1,Not_Significant
H0088,0,0,0,0.16579693617515107,0.48675337171017596,0.1255811852655879,0.5478979274999172,NA,NA,-0.6954818659865006,0.486753371710176,-0.6009130098919064,0.547897927499917,NA,NA,1,1,Not_Significant
H0089,0,0,0,0.17077520189103015,0.3106492228753715,0.1312403111890101,0.37412041965515186,NA,NA,-1.0138607071981673,0.3106492228753717,-0.8887816871223535,0.3741204196551518,NA,NA,1,1,Not_Significant
H0090,0,0,0,0.17077520189103015,0.4080177562909884,0.1312403111890101,0.46826000361036674,NA,NA,-0.8273869827863918,0.40801775629098863,-0.7253130466966894,0.46826000361036674,NA,NA,1,1,Not_Significant
H0091,0,0,0,0.17077520189103015,0.5587160933401475,0.1312403111890101,0.6082244294829044,NA,NA,-0.5847496065156478,0.5587160933401476,-0.5126096101104027,0.6082244294829042,NA,NA,1,1,Not_Significant
H0092,0,0,0,0.17077520189103015,0.4080177562909884,0.1312403111890101,0.46826000361036674,NA,NA,-0.8273869827863918,0.40801775629098863,-0.7253130466966894,0.46826000361036674,NA,NA,1,1,Not_Significant
H0093,0,0,0,0.17077520189103015,0.3106492228753715,0.1312403111890101,0.37412041965515186,NA,NA,-1.0138607071981673,0.3106492228753717,-0.8887816871223535,0.3741204196551518,NA,NA,1,1,Not_Significant
H0094,0,0,0,0.15971860828378484,0.3868138945019667,0.12014973474111094,0.4577097153718866,NA,NA,-0.8654098173483978,0.38681389450196685,-0.7426234033077367,0.4577097153718865,NA,NA,1,1,Not_Significant
H0095,0,0,0,0.16776133291709253,0.31926125958878787,0.12271886325366889,0.4059156348926023,NA,NA,-0.995977125327658,0.31926125958878787,-0.8311026640583158,0.4059156348926022,NA,NA,1,1,Not_Significant
H0096,0,0,0,0.1689399709622574,0.3158749099900184,0.1224711229364713,0.4068635146368001,NA,NA,-1.0029708832377322,0.3158749099900184,-0.8294257871263723,0.40686351463680026,NA,NA,1,1,Not_Significant
H0097,0,0,0,0.15888387421618175,0.3455272732687019,0.10632910094650727,0.4714231180709739,NA,NA,-0.9433003962287202,0.3455272732687022,-0.7201654752962731,0.47142311807097387,NA,NA,1,1,Not_Significant
H0098,250,3072,0,0.04746490710664858,0.7726028574761776,0.060536841510538335,0.5649851213568629,NA,NA,-0.28897193098354196,0.7726028574761775,-0.5754527739401984,0.5649851213568626,NA,NA,-1,1,Not_Significant
H0099,265,1167,0,0.015572485130666404,0.9240876632652771,0.06706187839624486,0.6100587319148572,NA,NA,-0.09528599895649033,0.924087663265277,-0.5099896227959818,0.6100587319148569,NA,NA,-1,1,Not_Significant
H0100,925,1382,0,0.07376367810214228,0.6311460390726797,0.09713232355484264,0.4499272349689597,NA,NA,-0.48011441455757065,0.6311460390726797,-0.7555363423474959,0.44992723496895964,NA,NA,-1,1,Not_Significant
H0101,0,0,0,0.17077520189103015,0.5587160933401475,0.1312403111890101,0.6082244294829044,NA,NA,-0.5847496065156478,0.5587160933401476,-0.5126096101104027,0.6082244294829042,NA,NA,1,1,Not_Significant
H0102,0,0,0,0.17077520189103015,0.4080177562909884,0.1312403111890101,0.46826000361036674,NA,NA,-0.8273869827863918,0.40801775629098863,-0.7253130466966894,0.46826000361036674,NA,NA,1,1,Not_Significant
H0103,0,0,0,0.17077520189103015,0.4080177562909884,0.1312403111890101,0.46826000361036674,NA,NA,-0.8273869827863918,0.40801775629098863,-0.7253130466966894,0.46826000361036674,NA,NA,1,1,Not_Significant
H0104,0,0,0,0.17077520189103015,0.3106492228753715,0.1312403111890101,0.37412041965515186,NA,NA,-1.0138607071981673,0.3106492228753717,-0.8887816871223535,0.3741204196551518,NA,NA,1,1,Not_Significant
H0105,0,0,0,0.17077520189103015,0.4737730735094146,0.1312403111890101,0.5300185518190873,NA,NA,-0.7163535424379491,0.47377307350941483,-0.6279776950657879,0.5300185518190872,NA,NA,1,1,Not_Significant
H0106,0,0,0,0.17077520189103015,0.5587160933401475,0.1312403111890101,0.6082244294829044,NA,NA,-0.5847496065156478,0.5587160933401476,-0.5126096101104027,0.6082244294829042,NA,NA,1,1,Not_Significant
H0107,0,0,0,0.17077520189103015,0.4080177562909884,0.1312403111890101,0.46826000361036674,NA,NA,-0.8273869827863918,0.40801775629098863,-0.7253130466966894,0.46826000361036674,NA,NA,1,1,Not_Significant
H0108,0,0,0,0.1692252121330051,0.31505893990820344,0.12895946231828206,0.38247596825835073,NA,NA,-1.0046634365219054,0.31505893990820355,-0.8733433325588412,0.3824759682583507,NA,NA,1,1,Not_Significant
H0109,41,120,0,0.16916700229880247,0.3133479839783412,0.12737933592293124,0.38297016466297235,NA,NA,-1.008221822149177,0.31334798397834124,-0.8724367402209523,0.3829701646629724,NA,NA,1,1,Not_Significant
H0110,0,0,0,0.1707348375744149,0.3107635401716976,0.12943037366502125,0.38074154840762536,NA,NA,-1.013621194940973,0.3107635401716977,-0.8765307845782377,0.38074154840762536,NA,NA,1,1,Not_Significant
H0111,439,3283,0,0.06415588681049139,0.6908746192900959,0.0728029402213913,0.47665213969851444,NA,NA,-0.39766841942264197,0.6908746192900959,-0.7116974619092489,0.4766521396985142,NA,NA,-1,1,Not_Significant
H0112,19612,8285,0,-0.08125219028492638,0.57276934691654,0.019518896270097078,0.5561244046421181,NA,NA,-0.563977643882622,0.57276934691654,-0.588607793492914,0.5561244046421181,NA,NA,-1,1,Not_Significant
H0113,22,26,0,0.07463598433240536,0.6568145963604837,0.09482659686023373,0.5196576057063709,NA,NA,-0.4443153617544172,0.6568145963604837,-0.6438732863682691,0.5196576057063707,NA,NA,-1,1,Not_Significant
H0114,0,0,0,0.1682860690330906,0.31775071487714857,0.128410748227299,0.3845030432373009,NA,NA,-0.9990907846711842,0.3177507148771486,-0.8696292580318921,0.3845030432373009,NA,NA,1,1,Not_Significant
H0115,0,0,0,0.17077520189103015,0.5587160933401475,0.1312403111890101,0.6082244294829044,NA,NA,-0.5847496065156478,0.5587160933401476,-0.5126096101104027,0.6082244294829042,NA,NA,1,1,Not_Significant
H0116,0,0,0,0.17077520189103015,0.3106492228753715,0.1312403111890101,0.37412041965515186,NA,NA,-1.0138607071981673,0.3106492228753717,-0.8887816871223535,0.3741204196551518,NA,NA,1,1,Not_Significant
H0117,0,0,0,0.17077520189103015,0.4080177562909884,0.1312403111890101,0.46826000361036674,NA,NA,-0.8273869827863918,0.40801775629098863,-0.7253130466966894,0.46826000361036674,NA,NA,1,1,Not_Significant
H0118,0,0,0,0.17077520189103015,0.5587160933401475,0.1312403111890101,0.6082244294829044,NA,NA,-0.5847496065156478,0.5587160933401476,-0.5126096101104027,0.6082244294829042,NA,NA,1,1,Not_Significant
H0119,0,0,0,0.17077520189103015,0.5587160933401475,0.1312403111890101,0.6082244294829044,NA,NA,-0.5847496065156478,0.5587160933401476,-0.5126096101104027,0.6082244294829042,NA,NA,1,1,Not_Significant
H0120,0,0,0,0.17077520189103015,0.4737730735094146,0.1312403111890101,0.5300185518190873,NA,NA,-0.7163535424379491,0.47377307350941483,-0.6279776950657879,0.5300185518190872,NA,NA,1,1,Not_Significant
H0121,0,0,0,0.17077520189103015,0.5587160933401475,0.1312403111890101,0.6082244294829044,NA,NA,-0.5847496065156478,0.5587160933401476,-0.5126096101104027,0.6082244294829042,NA,NA,1,1,Not_Significant
H0122,0,0,0,0.17066487275894848,0.31096175590467645,0.13099461831245054,0.37501501405786913,NA,NA,-1.0132060403618361,0.31096175590467656,-0.8871186686774509,0.37501501405786913,NA,NA,1,1,Not_Significant
H0123,0,0,0,0.17054916171798482,0.4086382401547373,0.12815686558818745,0.4787708794819422,NA,NA,-0.8262924061788607,0.40863824015473743,-0.7082808296118893,0.4787708794819419,NA,NA,1,1,Not_Significant
H0124,0,0,0,0.1255806220541714,0.45585662485461054,0.11356270872054874,0.4418176184173822,NA,NA,-0.745686816559592,0.45585662485461065,-0.769127510011613,0.4418176184173822,NA,NA,-1,1,Not_Significant
H0125,21062,3629,0,-0.06312798859907941,0.7059027590215119,0.050897655477789044,0.6016481719800173,NA,NA,-0.3773644810543484,0.7059027590215119,-0.5220318254903855,0.6016481719800171,NA,NA,-1,1,Not_Significant
H0126,1048,5379,0,0.09954222167140309,0.5117700197997157,0.04822226478410776,0.5107881794381015,NA,NA,-0.6560840912751301,0.5117700197997157,-0.6576109143888873,0.5107881794381013,NA,NA,-1,1,Not_Significant
H0127,0,0,0,0.1681488303565988,0.31814532734625245,0.1280299242686317,0.3859137491977643,NA,NA,-0.9982764429967235,0.3181453273462525,-0.867051579442293,0.3859137491977643,NA,NA,1,1,Not_Significant
H0128,0,0,0,0.17077520189103015,0.3106492228753715,0.1312403111890101,0.37412041965515186,NA,NA,-1.0138607071981673,0.3106492228753717,-0.8887816871223535,0.3741204196551518,NA,NA,1,1,Not_Significant
H0129,0,0,0,0.17077520189103015,0.4737730735094146,0.1312403111890101,0.5300185518190873,NA,NA,-0.7163535424379491,0.47377307350941483,-0.6279776950657879,0.5300185518190872,NA,NA,1,1,Not_Significant
H0130,0,0,0,0.17077520189103015,0.4737730735094146,0.1312403111890101,0.5300185518190873,NA,NA,-0.7163535424379491,0.47377307350941483,-0.6279776950657879,0.5300185518190872,NA,NA,1,1,Not_Significant
H0131,0,0,0,0.17077520189103015,0.4080177562909884,0.1312403111890101,0.46826000361036674,NA,NA,-0.8273869827863918,0.40801775629098863,-0.7253130466966894,0.46826000361036674,NA,NA,1,1,Not_Significant
H0132,0,0,0,0.17077520189103015,0.4080177562909884,0.1312403111890101,0.46826000361036674,NA,NA,-0.8273869827863918,0.40801775629098863,-0.7253130466966894,0.46826000361036674,NA,NA,1,1,Not_Significant
H0133,0,0,0,0.17077520189103015,0.4080177562909884,0.1312403111890101,0.46826000361036674,NA,NA,-0.8273869827863918,0.40801775629098863,-0.7253130466966894,0.46826000361036674,NA,NA,1,1,Not_Significant
H0134,0,0,0,0.1704442144947852,0.5594781152154769,0.13050323255933138,0.6102391290114557,NA,NA,-0.583616858676939,0.5594781152154769,-0.5097321456587846,0.6102391290114557,NA,NA,1,1,Not_Significant
H0135,15,884,0,0.16861708642088888,0.3161142218700868,0.10582788666250191,0.43459650828160545,NA,NA,-1.0024750271922027,0.316114221870087,-0.7813502751290331,0.43459650828160545,NA,NA,1,1,Not_Significant
H0136,16259,1666,0,-0.05373912770667718,0.5529779651377529,0.08130735187521615,0.5141412093503557,NA,NA,-0.593303637091637,0.5529779651377527,-0.6524030313139088,0.5141412093503557,NA,NA,-1,1,Not_Significant
H0137,2391,6672,0,0.041810695496723616,0.7482437357359971,0.030595572697323006,0.5811503377609661,NA,NA,-0.32095599921025103,0.7482437357359971,-0.5517052130416297,0.5811503377609659,NA,NA,-1,1,Not_Significant
H0138,29,160,0,0.16721012857556292,0.319525928162415,0.11766216740594453,0.4185284547754462,NA,NA,-0.9954325622403907,0.319525928162415,-0.8089768631726473,0.4185284547754462,NA,NA,1,1,Not_Significant
H0139,0,0,0,0.17077520189103015,0.3106492228753715,0.1312403111890101,0.37412041965515186,NA,NA,-1.0138607071981673,0.3106492228753717,-0.8887816871223535,0.3741204196551518,NA,NA,1,1,Not_Significant
H0140,0,0,0,0.17077520189103015,0.3106492228753715,0.1312403111890101,0.37412041965515186,NA,NA,-1.0138607071981673,0.3106492228753717,-0.8887816871223535,0.3741204196551518,NA,NA,1,1,Not_Significant
H0141,0,0,0,0.17077520189103015,0.4737730735094146,0.1312403111890101,0.5300185518190873,NA,NA,-0.7163535424379491,0.47377307350941483,-0.6279776950657879,0.5300185518190872,NA,NA,1,1,Not_Significant
H0142,0,0,0,0.17077520189103015,0.3548175361964155,0.1312403111890101,0.4172888828283537,NA,NA,-0.9252852749300453,0.3548175361964156,-0.8111337207203317,0.41728888282835347,NA,NA,1,1,Not_Significant
H0143,0,0,0,0.17077520189103015,0.5587160933401475,0.1312403111890101,0.6082244294829044,NA,NA,-0.5847496065156478,0.5587160933401476,-0.5126096101104027,0.6082244294829042,NA,NA,1,1,Not_Significant
H0144,0,0,0,0.17077520189103015,0.4737730735094146,0.1312403111890101,0.5300185518190873,NA,NA,-0.7163535424379491,0.47377307350941483,-0.6279776950657879,0.5300185518190872,NA,NA,1,1,Not_Significant
H0145,0,0,0,0.17077520189103015,0.5587160933401475,0.1312403111890101,0.6082244294829044,NA,NA,-0.5847496065156478,0.5587160933401476,-0.5126096101104027,0.6082244294829042,NA,NA,1,1,Not_Significant
H0146,0,0,0,0.17077520189103015,0.5587160933401475,0.1312403111890101,0.6082244294829044,NA,NA,-0.5847496065156478,0.5587160933401476,-0.5126096101104027,0.6082244294829042,NA,NA,1,1,Not_Significant
H0147,0,0,0,0.16698633803808002,0.48363476777000824,0.10387421962154951,0.6191186960902872,NA,NA,-0.7004685043603062,0.4836347677700084,-0.49709977103029596,0.619118696090287,NA,NA,1,1,Not_Significant
H0148,82,2801,0,0.10416748865183333,0.5693671631957213,0.07947930397282213,0.5055791834059664,NA,NA,-0.5689837568041151,0.5693671631957212,-0.6657370563544721,0.5055791834059664,NA,NA,-1,1,Not_Significant
H0149,846,3474,0,0.046359581164358676,0.7645740810870325,0.058168498596030974,0.5593888554792092,NA,NA,-0.29947967070817044,0.7645740810870325,-0.5837495048043333,0.5593888554792092,NA,NA,-1,1,Not_Significant
H0150,84,353,0,0.15819870032129216,0.34376895053691775,0.09643092688506003,0.49938655833969453,NA,NA,-0.9467445750785162,0.34376895053691786,-0.6754552737393926,0.49938655833969453,NA,NA,1,1,Not_Significant
H0151,0,0,0,0.17069716421224068,0.31087026135765794,0.1309127206869307,0.37531350572132133,NA,NA,-1.0133976501675916,0.31087026135765805,-0.8865643291958167,0.3753135057213212,NA,NA,1,1,Not_Significant
H0152,0,0,0,0.17077520189103015,0.3106492228753715,0.1312403111890101,0.37412041965515186,NA,NA,-1.0138607071981673,0.3106492228753717,-0.8887816871223535,0.3741204196551518,NA,NA,1,1,Not_Significant
H0153,0,0,0,0.17077520189103015,0.3106492228753715,0.1312403111890101,0.37412041965515186,NA,NA,-1.0138607071981673,0.3106492228753717,-0.8887816871223535,0.3741204196551518,NA,NA,1,1,Not_Significant
H0154,0,0,0,0.17077520189103015,0.5587160933401475,0.1312403111890101,0.6082244294829044,NA,NA,-0.5847496065156478,0.5587160933401476,-0.5126096101104027,0.6082244294829042,NA,NA,1,1,Not_Significant
H0155,0,0,0,0.17077520189103015,0.4737730735094146,0.1312403111890101,0.5300185518190873,NA,NA,-0.7163535424379491,0.47377307350941483,-0.6279776950657879,0.5300185518190872,NA,NA,1,1,Not_Significant
H0156,0,0,0,0.17077520189103015,0.4080177562909884,0.1312403111890101,0.46826000361036674,NA,NA,-0.8273869827863918,0.40801775629098863,-0.7253130466966894,0.46826000361036674,NA,NA,1,1,Not_Significant
H0157,0,0,0,0.17077520189103015,0.3548175361964155,0.1312403111890101,0.4172888828283537,NA,NA,-0.9252852749300453,0.3548175361964156,-0.8111337207203317,0.41728888282835347,NA,NA,1,1,Not_Significant
H0158,0,0,0,0.1703069758182934,0.5597942233342681,0.12601319524020518,0.6225754258604964,NA,NA,-0.5831471827438158,0.5597942233342682,-0.49220359137434416,0.6225754258604963,NA,NA,1,1,Not_Significant
H0159,631,4948,0,0.15845865915795762,0.36124576482039283,0.05830664481243654,0.5021400336034899,NA,NA,-0.9129938713620958,0.36124576482039283,-0.6711263632608593,0.5021400336034898,NA,NA,1,1,Not_Significant
H0160,3858,3864,0,0.06505693299783794,0.5431869965987076,0.06348138192697897,0.5006699068429382,NA,NA,-0.6080007196476092,0.5431869965987075,-0.6734360712865808,0.5006699068429382,NA,NA,-1,1,Not_Significant
H0161,735,3181,0,0.14951072733252752,0.3401378594161469,0.0727726201659742,0.4828425310271792,NA,NA,-0.9538928967379023,0.340137859416147,-0.7017380629588417,0.4828425310271792,NA,NA,1,1,Not_Significant
H0162,0,0,0,0.17047112403919534,0.3115110962442431,0.13018997414171793,0.37795405365318874,NA,NA,-1.0120563815273034,0.31151109624424317,-0.8816722832703949,0.3779540536531886,NA,NA,1,1,Not_Significant
H0163,0,0,0,0.17077520189103015,0.3106492228753715,0.1312403111890101,0.37412041965515186,NA,NA,-1.0138607071981673,0.3106492228753717,-0.8887816871223535,0.3741204196551518,NA,NA,1,1,Not_Significant
H0164,0,0,0,0.17077520189103015,0.3106492228753715,0.1312403111890101,0.37412041965515186,NA,NA,-1.0138607071981673,0.3106492228753717,-0.8887816871223535,0.3741204196551518,NA,NA,1,1,Not_Significant
H0165,0,0,0,0.17077520189103015,0.3106492228753715,0.1312403111890101,0.37412041965515186,NA,NA,-1.0138607071981673,0.3106492228753717,-0.8887816871223535,0.3741204196551518,NA,NA,1,1,Not_Significant
H0166,0,0,0,0.17077520189103015,0.5587160933401475,0.1312403111890101,0.6082244294829044,NA,NA,-0.5847496065156478,0.5587160933401476,-0.5126096101104027,0.6082244294829042,NA,NA,1,1,Not_Significant
H0167,0,0,0,0.17077520189103015,0.5587160933401475,0.1312403111890101,0.6082244294829044,NA,NA,-0.5847496065156478,0.5587160933401476,-0.5126096101104027,0.6082244294829042,NA,NA,1,1,Not_Significant
H0168,0,0,0,0.17077520189103015,0.4080177562909884,0.1312403111890101,0.46826000361036674,NA,NA,-0.8273869827863918,0.40801775629098863,-0.7253130466966894,0.46826000361036674,NA,NA,1,1,Not_Significant
H0169,0,0,0,0.17077520189103015,0.3106492228753715,0.1312403111890101,0.37412041965515186,NA,NA,-1.0138607071981673,0.3106492228753717,-0.8887816871223535,0.3741204196551518,NA,NA,1,1,Not_Significant
H0170,0,0,0,0.17077520189103015,0.4080177562909884,0.1312403111890101,0.46826000361036674,NA,NA,-0.8273869827863918,0.40801775629098863,-0.7253130466966894,0.46826000361036674,NA,NA,1,1,Not_Significant
H0171,58,851,0,0.164149151750163,0.32713029581318953,0.09587689221129768,0.4804703269528269,NA,NA,-0.9799105074513895,0.32713029581318953,-0.7055463036855039,0.4804703269528267,NA,NA,1,1,Not_Significant
H0172,243,3158,0,0.13357486525468582,0.4169370091653459,0.06398621714005824,0.5384446880598522,NA,NA,-0.8117466693631266,0.41693700916534565,-0.6151666223127377,0.5384446880598521,NA,NA,1,1,Not_Significant
H0173,432,2987,0,0.1289664232670015,0.4246735309324204,0.0689536158542099,0.5168654382175086,NA,NA,-0.7983394495401452,0.4246735309324204,-0.6481847900916239,0.5168654382175086,NA,NA,1,1,Not_Significant
H0174,0,0,0,0.16857131020383828,0.31693156663537375,0.12400465597433065,0.40101728434752,NA,NA,-1.0007833379553575,0.3169315666353738,-0.8398057939199726,0.40101728434751993,NA,NA,1,1,Not_Significant
H0175,0,0,0,0.17077520189103015,0.3106492228753715,0.1312403111890101,0.37412041965515186,NA,NA,-1.0138607071981673,0.3106492228753717,-0.8887816871223535,0.3741204196551518,NA,NA,1,1,Not_Significant
H0176,0,0,0,0.17077520189103015,0.3106492228753715,0.1312403111890101,0.37412041965515186,NA,NA,-1.0138607071981673,0.3106492228753717,-0.8887816871223535,0.3741204196551518,NA,NA,1,1,Not_Significant
H0177,0,0,0,0.17077520189103015,0.3106492228753715,0.1312403111890101,0.37412041965515186,NA,NA,-1.0138607071981673,0.3106492228753717,-0.8887816871223535,0.3741204196551518,NA,NA,1,1,Not_Significant
H0178,0,0,0,0.17077520189103015,0.3106492228753715,0.1312403111890101,0.37412041965515186,NA,NA,-1.0138607071981673,0.3106492228753717,-0.8887816871223535,0.3741204196551518,NA,NA,1,1,Not_Significant
H0179,0,0,0,0.17077520189103015,0.4737730735094146,0.1312403111890101,0.5300185518190873,NA,NA,-0.7163535424379491,0.47377307350941483,-0.6279776950657879,0.5300185518190872,NA,NA,1,1,Not_Significant
H0180,0,0,0,0.17077520189103015,0.6793326237830962,0.1312403111890101,0.717070740274607,NA,NA,-0.41337399579290984,0.6793326237830962,-0.36237644361289945,0.7170707402746069,NA,NA,1,1,Not_Significant
H0181,0,0,0,0.17077520189103015,0.4080177562909884,0.1312403111890101,0.46826000361036674,NA,NA,-0.8273869827863918,0.40801775629098863,-0.7253130466966894,0.46826000361036674,NA,NA,1,1,Not_Significant
H0182,0,0,0,0.17077520189103015,0.3106492228753715,0.1312403111890101,0.37412041965515186,NA,NA,-1.0138607071981673,0.3106492228753717,-0.8887816871223535,0.3741204196551518,NA,NA,1,1,Not_Significant
H0183,0,0,0,0.17077520189103015,0.3106492228753715,0.1312403111890101,0.37412041965515186,NA,NA,-1.0138607071981673,0.3106492228753717,-0.8887816871223535,0.3741204196551518,NA,NA,1,1,Not_Significant
H0184,0,0,0,0.1659314838972019,0.36862347844010646,0.1157813153958817,0.47421479840386127,NA,NA,-0.8990547882558422,0.3686234784401067,-0.7156381697322838,0.474214798403861,NA,NA,1,1,Not_Significant
H0185,385,4318,0,0.1586133355816001,0.32845766248910646,0.059068405397785406,0.5020325185439098,NA,NA,-0.9772252249518635,0.3284576624891064,-0.6712951581362786,0.5020325185439096,NA,NA,1,1,Not_Significant
H0186,7543,1440,0,0.04433563651996869,0.35902947961024767,0.07573139585455789,0.5532813934725256,NA,NA,-0.9172159705705888,0.35902947961024756,-0.5928502224938181,0.5532813934725256,NA,NA,1,1,Not_Significant
H0187,0,0,0,0.1648093558952983,0.32784647219262525,0.10274607983001348,0.4864832384713652,NA,NA,-0.9784607955848466,0.3278464721926253,-0.695913122974777,0.48648323847136504,NA,NA,1,1,Not_Significant
H0188,0,0,0,0.17077520189103015,0.3106492228753715,0.1312403111890101,0.37412041965515186,NA,NA,-1.0138607071981673,0.3106492228753717,-0.8887816871223535,0.3741204196551518,NA,NA,1,1,Not_Significant
H0189,0,0,0,0.17077520189103015,0.3106492228753715,0.1312403111890101,0.37412041965515186,NA,NA,-1.0138607071981673,0.3106492228753717,-0.8887816871223535,0.3741204196551518,NA,NA,1,1,Not_Significant
H0190,0,0,0,0.17077520189103015,0.3106492228753715,0.1312403111890101,0.37412041965515186,NA,NA,-1.0138607071981673,0.3106492228753717,-0.8887816871223535,0.3741204196551518,NA,NA,1,1,Not_Significant
H0191,0,0,0,0.17077520189103015,0.3106492228753715,0.1312403111890101,0.37412041965515186,NA,NA,-1.0138607071981673,0.3106492228753717,-0.8887816871223535,0.3741204196551518,NA,NA,1,1,Not_Significant
H0192,0,0,0,0.17077520189103015,0.3106492228753715,0.1312403111890101,0.37412041965515186,NA,NA,-1.0138607071981673,0.3106492228753717,-0.8887816871223535,0.3741204196551518,NA,NA,1,1,Not_Significant
H0193,0,0,0,0.17077520189103015,0.4080177562909884,0.1312403111890101,0.46826000361036674,NA,NA,-0.8273869827863918,0.40801775629098863,-0.7253130466966894,0.46826000361036674,NA,NA,1,1,Not_Significant
H0194,0,0,0,0.17077520189103015,0.6793326237830962,0.1312403111890101,0.717070740274607,NA,NA,-0.41337399579290984,0.6793326237830962,-0.36237644361289945,0.7170707402746069,NA,NA,1,1,Not_Significant
H0195,0,0,0,0.17077520189103015,0.6793326237830962,0.1312403111890101,0.717070740274607,NA,NA,-0.41337399579290984,0.6793326237830962,-0.36237644361289945,0.7170707402746069,NA,NA,1,1,Not_Significant
H0196,0,0,0,0.17077520189103015,0.4080177562909884,0.1312403111890101,0.46826000361036674,NA,NA,-0.8273869827863918,0.40801775629098863,-0.7253130466966894,0.46826000361036674,NA,NA,1,1,Not_Significant
H0197,0,0,0,0.17077520189103015,0.3106492228753715,0.1312403111890101,0.37412041965515186,NA,NA,-1.0138607071981673,0.3106492228753717,-0.8887816871223535,0.3741204196551518,NA,NA,1,1,Not_Significant
H0198,0,0,0,0.17077520189103015,0.3106492228753715,0.1312403111890101,0.37412041965515186,NA,NA,-1.0138607071981673,0.3106492228753717,-0.8887816871223535,0.3741204196551518,NA,NA,1,1,Not_Significant
H0199,0,0,0,0.17077520189103015,0.3548175361964155,0.1312403111890101,0.4172888828283537,NA,NA,-0.9252852749300453,0.3548175361964156,-0.8111337207203317,0.41728888282835347,NA,NA,1,1,Not_Significant
H0200,0,0,0,0.1680950112677785,0.5649010553208468,0.12210053618099395,0.6334126443837523,NA,NA,-0.5755771118217136,0.5649010553208468,-0.47692905091033794,0.6334126443837522,NA,NA,1,1,Not_Significant
H0201,1110,3953,0,0.15076281860255425,0.31734075883856194,0.07356759959125368,0.42911898609927457,NA,NA,-0.9999374923758254,0.3173407588385619,-0.7907001541652361,0.4291189860992744,NA,NA,1,1,Not_Significant
H0202,158,2362,0,0.14201083910651643,0.39202579161674306,0.06715349177837746,0.5592802485737911,NA,NA,-0.8559493582271709,0.3920257916167428,-0.5839109160133229,0.5592802485737909,NA,NA,1,1,Not_Significant
H0203,514,5392,0,0.13695380207712224,0.3927438476795502,0.047874899633374615,0.5128036430849956,NA,NA,-0.8546519697849776,0.3927438476795502,-0.6544783932810794,0.5128036430849954,NA,NA,1,1,Not_Significant
H0204,0,0,0,0.1693328503106457,0.3147513869500469,0.1264144936052525,0.39193293733121365,NA,NA,-1.0053021358744234,0.3147513869500471,-0.8561172331670587,0.39193293733121365,NA,NA,1,1,Not_Significant
H0205,0,0,0,0.17077520189103015,0.3106492228753715,0.1312403111890101,0.37412041965515186,NA,NA,-1.0138607071981673,0.3106492228753717,-0.8887816871223535,0.3741204196551518,NA,NA,1,1,Not_Significant
H0206,0,0,0,0.17077520189103015,0.3106492228753715,0.1312403111890101,0.37412041965515186,NA,NA,-1.0138607071981673,0.3106492228753717,-0.8887816871223535,0.3741204196551518,NA,NA,1,1,Not_Significant
H0207,0,0,0,0.17077520189103015,0.3106492228753715,0.1312403111890101,0.37412041965515186,NA,NA,-1.0138607071981673,0.3106492228753717,-0.8887816871223535,0.3741204196551518,NA,NA,1,1,Not_Significant
H0208,0,0,0,0.17077520189103015,0.3106492228753715,0.1312403111890101,0.37412041965515186,NA,NA,-1.0138607071981673,0.3106492228753717,-0.8887816871223535,0.3741204196551518,NA,NA,1,1,Not_Significant
H0209,0,0,0,0.17077520189103015,0.3106492228753715,0.1312403111890101,0.37412041965515186,NA,NA,-1.0138607071981673,0.3106492228753717,-0.8887816871223535,0.3741204196551518,NA,NA,1,1,Not_Significant
H0210,0,0,0,0.17077520189103015,0.3106492228753715,0.1312403111890101,0.37412041965515186,NA,NA,-1.0138607071981673,0.3106492228753717,-0.8887816871223535,0.3741204196551518,NA,NA,1,1,Not_Significant
H0211,0,0,0,0.17077520189103015,0.5587160933401475,0.1312403111890101,0.6082244294829044,NA,NA,-0.5847496065156478,0.5587160933401476,-0.5126096101104027,0.6082244294829042,NA,NA,1,1,Not_Significant
H0212,0,0,0,0.17077520189103015,0.4737730735094146,0.1312403111890101,0.5300185518190873,NA,NA,-0.7163535424379491,0.47377307350941483,-0.6279776950657879,0.5300185518190872,NA,NA,1,1,Not_Significant
H0213,0,0,0,0.17077520189103015,0.3106492228753715,0.1312403111890101,0.37412041965515186,NA,NA,-1.0138607071981673,0.3106492228753717,-0.8887816871223535,0.3741204196551518,NA,NA,1,1,Not_Significant
H0214,0,0,0,0.17077520189103015,0.3106492228753715,0.1312403111890101,0.37412041965515186,NA,NA,-1.0138607071981673,0.3106492228753717,-0.8887816871223535,0.3741204196551518,NA,NA,1,1,Not_Significant
H0215,0,0,0,0.17077520189103015,0.3106492228753715,0.1312403111890101,0.37412041965515186,NA,NA,-1.0138607071981673,0.3106492228753717,-0.8887816871223535,0.3741204196551518,NA,NA,1,1,Not_Significant
H0216,0,0,0,0.17077520189103015,0.4737730735094146,0.1312403111890101,0.5300185518190873,NA,NA,-0.7163535424379491,0.47377307350941483,-0.6279776950657879,0.5300185518190872,NA,NA,1,1,Not_Significant
H0217,332,1488,0,0.16194297682057612,0.365011375192175,0.10460127203009588,0.45260859762225136,NA,NA,-0.9058573236635529,0.3650113751921749,-0.7510732098530551,0.4526085976222511,NA,NA,1,1,Not_Significant
H0218,93,407,0,0.16152249282960876,0.3333171903005514,0.08437214723000734,0.5524149992386572,NA,NA,-0.9674538719337471,0.3333171903005514,-0.5941452033691251,0.5524149992386571,NA,NA,1,1,Not_Significant
H0219,822,3586,0,0.13121590263323216,0.39828558311103845,0.04389826064653785,0.6544710265684665,NA,NA,-0.8446870654432871,0.39828558311103845,-0.44755965378335066,0.6544710265684663,NA,NA,1,1,Not_Significant
H0220,536,2357,0,-0.22596442371975867,0.15798181667552555,0.004941462906936073,0.9654854982336779,NA,NA,1.411891819966698,0.15798181667552555,-0.04327101251466166,0.9654854982336777,NA,NA,-1,1,Not_Significant
H0221,0,0,0,0.17029621200052936,0.3120075777911538,0.10945554280072785,0.4584949612351654,NA,NA,-1.0110184950794614,0.31200757779115385,-0.7413273850076582,0.4584949612351655,NA,NA,1,1,Not_Significant
H0222,0,0,0,0.170750983301061,0.3107178099223712,0.13004665329705817,0.3784790315895292,NA,NA,-1.0137169998438507,0.3107178099223714,-0.8807021891775352,0.37847903158952906,NA,NA,1,1,Not_Significant
H0223,0,0,0,0.17077520189103015,0.3106492228753715,0.1312403111890101,0.37412041965515186,NA,NA,-1.0138607071981673,0.3106492228753717,-0.8887816871223535,0.3741204196551518,NA,NA,1,1,Not_Significant
H0224,0,0,0,0.17077520189103015,0.3106492228753715,0.1312403111890101,0.37412041965515186,NA,NA,-1.0138607071981673,0.3106492228753717,-0.8887816871223535,0.3741204196551518,NA,NA,1,1,Not_Significant
H0225,0,0,0,0.17077520189103015,0.3106492228753715,0.1312403111890101,0.37412041965515186,NA,NA,-1.0138607071981673,0.3106492228753717,-0.8887816871223535,0.3741204196551518,NA,NA,1,1,Not_Significant
H0226,0,0,0,0.17077520189103015,0.3106492228753715,0.1312403111890101,0.37412041965515186,NA,NA,-1.0138607071981673,0.3106492228753717,-0.8887816871223535,0.3741204196551518,NA,NA,1,1,Not_Significant
H0227,0,0,0,0.17077520189103015,0.4080177562909884,0.1312403111890101,0.46826000361036674,NA,NA,-0.8273869827863918,0.40801775629098863,-0.7253130466966894,0.46826000361036674,NA,NA,1,1,Not_Significant
H0228,0,0,0,0.17077520189103015,0.3548175361964155,0.1312403111890101,0.4172888828283537,NA,NA,-0.9252852749300453,0.3548175361964156,-0.8111337207203317,0.41728888282835347,NA,NA,1,1,Not_Significant
H0229,0,0,0,0.17077520189103015,0.3106492228753715,0.1312403111890101,0.37412041965515186,NA,NA,-1.0138607071981673,0.3106492228753717,-0.8887816871223535,0.3741204196551518,NA,NA,1,1,Not_Significant
H0230,0,0,0,0.17077520189103015,0.3106492228753715,0.1312403111890101,0.37412041965515186,NA,NA,-1.0138607071981673,0.3106492228753717,-0.8887816871223535,0.3741204196551518,NA,NA,1,1,Not_Significant
H0231,0,0,0,0.17077520189103015,0.3106492228753715,0.1312403111890101,0.37412041965515186,NA,NA,-1.0138607071981673,0.3106492228753717,-0.8887816871223535,0.3741204196551518,NA,NA,1,1,Not_Significant
H0232,0,0,0,0.17077520189103015,0.3106492228753715,0.1312403111890101,0.37412041965515186,NA,NA,-1.0138607071981673,0.3106492228753717,-0.8887816871223535,0.3741204196551518,NA,NA,1,1,Not_Significant
H0233,0,0,0,0.16336162240603186,0.33211115118425133,0.11081913826563349,0.4529192250285307,NA,NA,-0.969870289293477,0.3321111511842513,-0.7505571373768675,0.45291922502853066,NA,NA,1,1,Not_Significant
H0234,803,9082,0,0.1512180454009384,0.33130676924909735,0.014314513945814651,0.5179737262411113,NA,NA,-0.9714851002153695,0.33130676924909735,-0.6464719978097958,0.5179737262411113,NA,NA,1,1,Not_Significant
H0235,636,6519,0,-0.2391620668660412,0.13119032784185375,-0.008046495408825493,0.8890207302972067,NA,NA,1.5094245318272024,0.13119032784185386,0.13954344158565946,0.8890207302972067,NA,NA,-1,1,Not_Significant
H0236,0,0,0,-0.23685326778846966,0.1600481293355025,0.004116769416448351,0.9774052661873606,NA,NA,1.4049097082720339,0.16004812933550258,-0.028322085242718755,0.9774052661873606,NA,NA,-1,1,Not_Significant
H0237,0,0,0,0.16793086304687652,0.31877272441612786,0.014214746643046864,0.9229867625942364,NA,NA,-0.9969830768078742,0.31877272441612786,-0.09667214332821486,0.9229867625942363,NA,NA,1,1,Not_Significant
H0238,0,0,0,0.170750983301061,0.3107178099223712,0.1300466532970582,0.3784790315895291,NA,NA,-1.0137169998438507,0.3107178099223714,-0.8807021891775352,0.37847903158952906,NA,NA,1,1,Not_Significant
H0239,0,0,0,0.17077520189103015,0.3106492228753715,0.1312403111890101,0.37412041965515186,NA,NA,-1.0138607071981673,0.3106492228753717,-0.8887816871223535,0.3741204196551518,NA,NA,1,1,Not_Significant
H0240,0,0,0,0.17077520189103015,0.3106492228753715,0.1312403111890101,0.37412041965515186,NA,NA,-1.0138607071981673,0.3106492228753717,-0.8887816871223535,0.3741204196551518,NA,NA,1,1,Not_Significant
H0241,0,0,0,0.17077520189103015,0.3106492228753715,0.1312403111890101,0.37412041965515186,NA,NA,-1.0138607071981673,0.3106492228753717,-0.8887816871223535,0.3741204196551518,NA,NA,1,1,Not_Significant
H0242,0,0,0,0.17077520189103015,0.3106492228753715,0.1312403111890101,0.37412041965515186,NA,NA,-1.0138607071981673,0.3106492228753717,-0.8887816871223535,0.3741204196551518,NA,NA,1,1,Not_Significant
H0243,0,0,0,0.17077520189103015,0.4080177562909884,0.1312403111890101,0.46826000361036674,NA,NA,-0.8273869827863918,0.40801775629098863,-0.7253130466966894,0.46826000361036674,NA,NA,1,1,Not_Significant
H0244,0,0,0,0.17077520189103015,0.4737730735094146,0.1312403111890101,0.5300185518190873,NA,NA,-0.7163535424379491,0.47377307350941483,-0.6279776950657879,0.5300185518190872,NA,NA,1,1,Not_Significant
H0245,0,0,0,0.17077520189103015,0.3106492228753715,0.1312403111890101,0.37412041965515186,NA,NA,-1.0138607071981673,0.3106492228753717,-0.8887816871223535,0.3741204196551518,NA,NA,1,1,Not_Significant
H0246,0,0,0,0.17077520189103015,0.3106492228753715,0.1312403111890101,0.37412041965515186,NA,NA,-1.0138607071981673,0.3106492228753717,-0.8887816871223535,0.3741204196551518,NA,NA,1,1,Not_Significant
H0247,0,0,0,0.17077520189103015,0.3106492228753715,0.1312403111890101,0.37412041965515186,NA,NA,-1.0138607071981673,0.3106492228753717,-0.8887816871223535,0.3741204196551518,NA,NA,1,1,Not_Significant
H0248,0,0,0,0.17077520189103015,0.3106492228753715,0.1312403111890101,0.37412041965515186,NA,NA,-1.0138607071981673,0.3106492228753717,-0.8887816871223535,0.3741204196551518,NA,NA,1,1,Not_Significant
H0249,0,0,0,0.17077520189103015,0.3548175361964155,0.1312403111890101,0.4172888828283537,NA,NA,-0.9252852749300453,0.3548175361964156,-0.8111337207203317,0.41728888282835347,NA,NA,1,1,Not_Significant
H0250,0,0,0,0.1680950112677785,0.5649010553208468,0.12210053618099395,0.6334126443837523,NA,NA,-0.5755771118217136,0.5649010553208468,-0.47692905091033794,0.6334126443837522,NA,NA,1,1,Not_Significant
H0251,450,1544,0,0.15818406423215173,0.3266765060786719,0.08387519181766222,0.5066762407411143,NA,NA,-0.9808301529766132,0.3266765060786719,-0.6640219840246695,0.5066762407411142,NA,NA,1,1,Not_Significant
H0252,938,7031,0,0.13733623936537956,0.3709526175102403,0.02267976650294892,0.6533009220377716,NA,NA,-0.8946903895347931,0.3709526175102403,-0.4491812363339268,0.6533009220377716,NA,NA,1,1,Not_Significant
H0253,150767,49092,0,-2.0145180800547218,0.3670969231929952,-0.309873477256921,0.5605748163180413,NA,NA,-0.9019245987168593,0.36709692319299503,-0.5819879220677933,0.5605748163180411,NA,NA,1,1,Not_Significant
H0254,178,10640,0,0.16412324729551403,0.32166169574788683,-2.5575760262611006e-5,0.9659193864580337,NA,NA,-0.9910489151243594,0.32166169574788683,0.042726711315049445,0.9659193864580338,NA,NA,1,1,Not_Significant
H0255,9,583,0,0.1602086258775361,0.3411120824297041,0.013272559206770796,0.9239534042844787,NA,NA,-0.9519702252633959,0.3411120824297042,-0.09545503462497702,0.9239534042844788,NA,NA,1,1,Not_Significant
H0256,0,0,0,0.17077520189103015,0.3106492228753715,0.1312403111890101,0.37412041965515186,NA,NA,-1.0138607071981673,0.3106492228753717,-0.8887816871223535,0.3741204196551518,NA,NA,1,1,Not_Significant
H0257,0,0,0,0.17077520189103015,0.3106492228753715,0.1312403111890101,0.37412041965515186,NA,NA,-1.0138607071981673,0.3106492228753717,-0.8887816871223535,0.3741204196551518,NA,NA,1,1,Not_Significant
H0258,0,0,0,0.17077520189103015,0.3106492228753715,0.1312403111890101,0.37412041965515186,NA,NA,-1.0138607071981673,0.3106492228753717,-0.8887816871223535,0.3741204196551518,NA,NA,1,1,Not_Significant
H0259,0,0,0,0.17077520189103015,0.3106492228753715,0.1312403111890101,0.37412041965515186,NA,NA,-1.0138607071981673,0.3106492228753717,-0.8887816871223535,0.3741204196551518,NA,NA,1,1,Not_Significant
H0260,0,0,0,0.17077520189103015,0.3106492228753715,0.1312403111890101,0.37412041965515186,NA,NA,-1.0138607071981673,0.3106492228753717,-0.8887816871223535,0.3741204196551518,NA,NA,1,1,Not_Significant
H0261,0,0,0,0.17077520189103015,0.4080177562909884,0.1312403111890101,0.46826000361036674,NA,NA,-0.8273869827863918,0.40801775629098863,-0.7253130466966894,0.46826000361036674,NA,NA,1,1,Not_Significant
H0262,0,0,0,0.17077520189103015,0.4080177562909884,0.1312403111890101,0.46826000361036674,NA,NA,-0.8273869827863918,0.40801775629098863,-0.7253130466966894,0.46826000361036674,NA,NA,1,1,Not_Significant
H0263,0,0,0,0.17077520189103015,0.3106492228753715,0.1312403111890101,0.37412041965515186,NA,NA,-1.0138607071981673,0.3106492228753717,-0.8887816871223535,0.3741204196551518,NA,NA,1,1,Not_Significant
H0264,0,0,0,0.17077520189103015,0.3106492228753715,0.1312403111890101,0.37412041965515186,NA,NA,-1.0138607071981673,0.3106492228753717,-0.8887816871223535,0.3741204196551518,NA,NA,1,1,Not_Significant
H0265,0,0,0,0.17077520189103015,0.3548175361964155,0.1312403111890101,0.4172888828283537,NA,NA,-0.9252852749300453,0.3548175361964156,-0.8111337207203317,0.41728888282835347,NA,NA,1,1,Not_Significant
H0266,0,0,0,0.17077520189103015,0.3106492228753715,0.1312403111890101,0.37412041965515186,NA,NA,-1.0138607071981673,0.3106492228753717,-0.8887816871223535,0.3741204196551518,NA,NA,1,1,Not_Significant
H0267,0,0,0,0.17077520189103015,0.4737730735094146,0.1312403111890101,0.5300185518190873,NA,NA,-0.7163535424379491,0.47377307350941483,-0.6279776950657879,0.5300185518190872,NA,NA,1,1,Not_Significant
H0268,770,2582,0,0.155044527672686,0.4830486676560504,0.08970580573679829,0.5714023184166334,NA,NA,-0.7014076204219629,0.4830486676560504,-0.5659874404561169,0.5714023184166331,NA,NA,1,1,Not_Significant
H0269,190,2525,0,0.1583209418335565,0.3384999554712123,0.06265003592967172,0.5784525895034409,NA,NA,-0.9571333440980341,0.3384999554712123,-0.5556464227291198,0.5784525895034407,NA,NA,1,1,Not_Significant
H0270,4448,6724,0,-0.14319805740448063,0.14264771651254496,-0.009643729073579195,0.8603274678930117,NA,NA,1.4660020935464595,0.14264771651254488,0.1759573264052169,0.8603274678930118,NA,NA,-1,1,Not_Significant
H0271,0,0,0,-0.24057216682595334,0.15358659033470817,-0.047673241521671926,0.7472797129311219,NA,NA,1.4269767709015377,0.15358659033470812,0.3222283444557037,0.7472797129311222,NA,NA,-1,1,Not_Significant
H0272,870,45934,0,0.138379178656504,0.3706944958183766,-0.07741898894429343,0.8749621442267256,NA,NA,-0.8951732240477134,0.3706944958183766,-0.15735872066905765,0.8749621442267255,NA,NA,1,1,Not_Significant
H0273,0,0,0,0.1596642510040763,0.3431645991443826,0.09976500626109064,0.4992088047291848,NA,NA,-0.9479309665344772,0.34316459914438274,-0.6757351658432924,0.4992088047291847,NA,NA,1,1,Not_Significant
H0274,0,0,0,0.1707213828022098,0.31080165210529,0.13016335741342397,0.3780515156223272,NA,NA,-1.013541357521908,0.31080165210529004,-0.8814921229388639,0.37805151562232703,NA,NA,1,1,Not_Significant
H0275,0,0,0,0.17077520189103015,0.3106492228753715,0.1312403111890101,0.37412041965515186,NA,NA,-1.0138607071981673,0.3106492228753717,-0.8887816871223535,0.3741204196551518,NA,NA,1,1,Not_Significant
H0276,0,0,0,0.17077520189103015,0.3106492228753715,0.1312403111890101,0.37412041965515186,NA,NA,-1.0138607071981673,0.3106492228753717,-0.8887816871223535,0.3741204196551518,NA,NA,1,1,Not_Significant
H0277,0,0,0,0.17077520189103015,0.3106492228753715,0.1312403111890101,0.37412041965515186,NA,NA,-1.0138607071981673,0.3106492228753717,-0.8887816871223535,0.3741204196551518,NA,NA,1,1,Not_Significant
H0278,0,0,0,0.17077520189103015,0.3106492228753715,0.1312403111890101,0.37412041965515186,NA,NA,-1.0138607071981673,0.3106492228753717,-0.8887816871223535,0.3741204196551518,NA,NA,1,1,Not_Significant
H0279,0,0,0,0.17077520189103015,0.4080177562909884,0.1312403111890101,0.46826000361036674,NA,NA,-0.8273869827863918,0.40801775629098863,-0.7253130466966894,0.46826000361036674,NA,NA,1,1,Not_Significant
H0280,0,0,0,0.17077520189103015,0.4080177562909884,0.1312403111890101,0.46826000361036674,NA,NA,-0.8273869827863918,0.40801775629098863,-0.7253130466966894,0.46826000361036674,NA,NA,1,1,Not_Significant
H0281,0,0,0,0.17077520189103015,0.3106492228753715,0.1312403111890101,0.37412041965515186,NA,NA,-1.0138607071981673,0.3106492228753717,-0.8887816871223535,0.3741204196551518,NA,NA,1,1,Not_Significant
H0282,0,0,0,0.17077520189103015,0.4080177562909884,0.1312403111890101,0.46826000361036674,NA,NA,-0.8273869827863918,0.40801775629098863,-0.7253130466966894,0.46826000361036674,NA,NA,1,1,Not_Significant
H0283,0,0,0,0.17077520189103015,0.3106492228753715,0.1312403111890101,0.37412041965515186,NA,NA,-1.0138607071981673,0.3106492228753717,-0.8887816871223535,0.3741204196551518,NA,NA,1,1,Not_Significant
H0284,0,0,0,0.17077520189103015,0.3106492228753715,0.1312403111890101,0.37412041965515186,NA,NA,-1.0138607071981673,0.3106492228753717,-0.8887816871223535,0.3741204196551518,NA,NA,1,1,Not_Significant
H0285,211,1617,0,0.16154271680803467,0.3277893055702312,0.09650440175344789,0.441246235515006,NA,NA,-0.9785764389362779,0.3277893055702312,-0.7700904585097638,0.441246235515006,NA,NA,1,1,Not_Significant
H0286,561,3262,0,0.14184126458226953,0.37385119241355214,0.055108700514658875,0.5910752167008408,NA,NA,-0.8892826521238987,0.3738511924135522,-0.537278554417733,0.5910752167008406,NA,NA,1,1,Not_Significant
H0287,1360,6403,0,-0.22086012007818742,0.13272759907539794,-0.002500564465666477,0.9664503212576743,NA,NA,1.5034323135815018,0.13272759907539794,0.04206068498141681,0.9664503212576742,NA,NA,-1,1,Not_Significant
H0288,558,21249,0,-0.032691618425014606,0.8381243244658574,0.06443730344203466,0.6588795310716873,NA,NA,0.20429327559383312,0.8381243244658575,0.44146066640076154,0.6588795310716871,NA,NA,1,1,Not_Significant
H0289,3006,11309,0,0.10843422300938198,0.3685257019798835,-2.8023765908256338e-5,0.9974374188977986,NA,NA,-0.8992383787123928,0.3685257019798835,-0.003211724644981795,0.9974374188977986,NA,NA,1,1,Not_Significant
H0290,0,0,0,0.16772365955491833,0.31936988946458217,0.12303621655255832,0.4047033375054136,NA,NA,-0.9957535805542767,0.3193698894645823,-0.8332507295496482,0.40470333750541354,NA,NA,1,1,Not_Significant
H0291,0,0,0,0.1707213828022098,0.31080165210529,0.130163357413424,0.3780515156223271,NA,NA,-1.013541357521908,0.31080165210529004,-0.8814921229388639,0.37805151562232703,NA,NA,1,1,Not_Significant
H0292,0,0,0,0.17077520189103015,0.3106492228753715,0.1312403111890101,0.37412041965515186,NA,NA,-1.0138607071981673,0.3106492228753717,-0.8887816871223535,0.3741204196551518,NA,NA,1,1,Not_Significant
H0293,0,0,0,0.17077520189103015,0.3106492228753715,0.1312403111890101,0.37412041965515186,NA,NA,-1.0138607071981673,0.3106492228753717,-0.8887816871223535,0.3741204196551518,NA,NA,1,1,Not_Significant
H0294,0,0,0,0.17077520189103015,0.3106492228753715,0.1312403111890101,0.37412041965515186,NA,NA,-1.0138607071981673,0.3106492228753717,-0.8887816871223535,0.3741204196551518,NA,NA,1,1,Not_Significant
H0295,0,0,0,0.17077520189103015,0.3106492228753715,0.1312403111890101,0.37412041965515186,NA,NA,-1.0138607071981673,0.3106492228753717,-0.8887816871223535,0.3741204196551518,NA,NA,1,1,Not_Significant
H0296,0,0,0,0.17077520189103015,0.5587160933401475,0.1312403111890101,0.6082244294829044,NA,NA,-0.5847496065156478,0.5587160933401476,-0.5126096101104027,0.6082244294829042,NA,NA,1,1,Not_Significant
H0297,0,0,0,0.17077520189103015,0.3106492228753715,0.1312403111890101,0.37412041965515186,NA,NA,-1.0138607071981673,0.3106492228753717,-0.8887816871223535,0.3741204196551518,NA,NA,1,1,Not_Significant
H0298,0,0,0,0.17077520189103015,0.4080177562909884,0.1312403111890101,0.46826000361036674,NA,NA,-0.8273869827863918,0.40801775629098863,-0.7253130466966894,0.46826000361036674,NA,NA,1,1,Not_Significant
H0299,0,0,0,0.17077520189103015,0.4737730735094146,0.1312403111890101,0.5300185518190873,NA,NA,-0.7163535424379491,0.47377307350941483,-0.6279776950657879,0.5300185518190872,NA,NA,1,1,Not_Significant
H0300,0,0,0,0.17077520189103015,0.3106492228753715,0.1312403111890101,0.37412041965515186,NA,NA,-1.0138607071981673,0.3106492228753717,-0.8887816871223535,0.3741204196551518,NA,NA,1,1,Not_Significant
H0301,0,0,0,0.17077520189103015,0.3548175361964155,0.1312403111890101,0.4172888828283537,NA,NA,-0.9252852749300453,0.3548175361964156,-0.8111337207203317,0.41728888282835347,NA,NA,1,1,Not_Significant
H0302,0,0,0,0.1685094182516949,0.47965714487394284,0.12292360731746853,0.5563959211219833,NA,NA,-0.7068541091557222,0.47965714487394273,-0.5882031830627826,0.5563959211219831,NA,NA,1,1,Not_Significant
H0303,589,1494,0,0.14963727131216703,0.3468278637573973,0.0799735380771786,0.5288836908141092,NA,NA,-0.9407599996219674,0.3468278637573972,-0.6297109900510138,0.5288836908141092,NA,NA,1,1,Not_Significant
H0304,1034,4502,0,0.13094757033052085,0.38887215254201474,0.03413967788789671,0.6894225250442911,NA,NA,-0.8616645247751227,0.3888721525420146,-0.3996388669224065,0.689422525044291,NA,NA,1,1,Not_Significant
H0305,0,0,0,-0.10409233948651891,0.5371437543140363,-0.04662290447437974,0.7526713480683914,NA,NA,0.6171379268760974,0.5371437543140365,0.3151189406037452,0.7526713480683915,NA,NA,-1,1,Not_Significant
H0306,3679,8859,0,-0.13850975041007366,0.20772314775891354,-0.02357196206045079,0.350175621841505,NA,NA,1.2598509172307342,0.20772314775891362,0.9342486961591252,0.3501756218415051,NA,NA,-1,1,Not_Significant
H0307,1114,3481,0,0.13898403683514393,0.35640331405570586,0.0480191894414651,0.6295091811656175,NA,NA,-0.9222401703570907,0.35640331405570586,-0.48241779672075025,0.6295091811656174,NA,NA,1,1,Not_Significant
H0308,20,526,0,0.16997957490990698,0.3119928456964665,0.12158805664600497,0.3864669542443159,NA,NA,-1.0110492766003165,0.3119928456964665,-0.8660423202239255,0.3864669542443157,NA,NA,1,1,Not_Significant
H0309,0,0,0,0.17077520189103015,0.3106492228753715,0.1312403111890101,0.37412041965515186,NA,NA,-1.0138607071981673,0.3106492228753717,-0.8887816871223535,0.3741204196551518,NA,NA,1,1,Not_Significant
H0310,0,0,0,0.17077520189103015,0.3106492228753715,0.1312403111890101,0.37412041965515186,NA,NA,-1.0138607071981673,0.3106492228753717,-0.8887816871223535,0.3741204196551518,NA,NA,1,1,Not_Significant
H0311,0,0,0,0.17077520189103015,0.3106492228753715,0.1312403111890101,0.37412041965515186,NA,NA,-1.0138607071981673,0.3106492228753717,-0.8887816871223535,0.3741204196551518,NA,NA,1,1,Not_Significant
H0312,0,0,0,0.17077520189103015,0.3106492228753715,0.1312403111890101,0.37412041965515186,NA,NA,-1.0138607071981673,0.3106492228753717,-0.8887816871223535,0.3741204196551518,NA,NA,1,1,Not_Significant
H0313,0,0,0,0.17077520189103015,0.3106492228753715,0.1312403111890101,0.37412041965515186,NA,NA,-1.0138607071981673,0.3106492228753717,-0.8887816871223535,0.3741204196551518,NA,NA,1,1,Not_Significant
H0314,0,0,0,0.17077520189103015,0.6793326237830962,0.1312403111890101,0.717070740274607,NA,NA,-0.41337399579290984,0.6793326237830962,-0.36237644361289945,0.7170707402746069,NA,NA,1,1,Not_Significant
H0315,0,0,0,0.17077520189103015,0.4080177562909884,0.1312403111890101,0.46826000361036674,NA,NA,-0.8273869827863918,0.40801775629098863,-0.7253130466966894,0.46826000361036674,NA,NA,1,1,Not_Significant
H0316,0,0,0,0.17077520189103015,0.4737730735094146,0.1312403111890101,0.5300185518190873,NA,NA,-0.7163535424379491,0.47377307350941483,-0.6279776950657879,0.5300185518190872,NA,NA,1,1,Not_Significant
H0317,0,0,0,0.17077520189103015,0.3106492228753715,0.1312403111890101,0.37412041965515186,NA,NA,-1.0138607071981673,0.3106492228753717,-0.8887816871223535,0.3741204196551518,NA,NA,1,1,Not_Significant
H0318,0,0,0,0.17077520189103015,0.4080177562909884,0.1312403111890101,0.46826000361036674,NA,NA,-0.8273869827863918,0.40801775629098863,-0.7253130466966894,0.46826000361036674,NA,NA,1,1,Not_Significant
H0319,0,0,0,0.17077520189103015,0.5587160933401475,0.1312403111890101,0.6082244294829044,NA,NA,-0.5847496065156478,0.5587160933401476,-0.5126096101104027,0.6082244294829042,NA,NA,1,1,Not_Significant
H0320,210,414,0,0.1572907806670936,0.34072123733598664,0.09794965710201375,0.4900959449692218,NA,NA,-0.9527411519925418,0.3407212373359867,-0.6901562305717568,0.49009594496922176,NA,NA,1,1,Not_Significant
H0321,601,3077,0,0.14227734299523265,0.37047309971547765,0.03939633700861314,0.707768838449969,NA,NA,-0.8955875271265997,0.37047309971547754,-0.37485428620348227,0.7077688384499687,NA,NA,1,1,Not_Significant
H0322,1399,6830,0,0.05762549614824405,0.6932085406321524,0.0058278376677031295,0.9127833252755015,NA,NA,-0.394504587913954,0.6932085406321524,-0.10952849084517109,0.9127833252755015,NA,NA,1,1,Not_Significant
H0323,71561,30489,0,1.8314057455619428,0.05869223224998551,0.22781810148282008,0.4050181870476087,NA,NA,1.8904916801656393,0.05869223224998553,0.8326924794414926,0.4050181870476087,NA,NA,-1,1,Not_Significant
H0324,1496,5009,0,-0.046219327555427236,0.7497391956260957,0.005321744636979236,0.9457377098618902,NA,NA,0.3189832747524557,0.7497391956260957,-0.06806020351092282,0.9457377098618901,NA,NA,-1,1,Not_Significant
H0325,0,0,0,0.16318132845848382,0.3326447531179568,0.08026108674353644,0.5866347054265424,NA,NA,-0.9688004678780089,0.3326447531179571,-0.5437192182921095,0.5866347054265424,NA,NA,1,1,Not_Significant
H0326,0,0,0,0.16725005157329956,0.3207375851473998,0.12118942509708554,0.4117884709079605,NA,NA,-0.9929433034031965,0.3207375851474,-0.8207503742387973,0.4117884709079605,NA,NA,1,1,Not_Significant
H0327,0,0,0,0.17077520189103015,0.3106492228753715,0.1312403111890101,0.37412041965515186,NA,NA,-1.0138607071981673,0.3106492228753717,-0.8887816871223535,0.3741204196551518,NA,NA,1,1,Not_Significant
H0328,0,0,0,0.17077520189103015,0.3106492228753715,0.1312403111890101,0.37412041965515186,NA,NA,-1.0138607071981673,0.3106492228753717,-0.8887816871223535,0.3741204196551518,NA,NA,1,1,Not_Significant
H0329,0,0,0,0.17077520189103015,0.3106492228753715,0.1312403111890101,0.37412041965515186,NA,NA,-1.0138607071981673,0.3106492228753717,-0.8887816871223535,0.3741204196551518,NA,NA,1,1,Not_Significant
H0330,0,0,0,0.17077520189103015,0.3106492228753715,0.1312403111890101,0.37412041965515186,NA,NA,-1.0138607071981673,0.3106492228753717,-0.8887816871223535,0.3741204196551518,NA,NA,1,1,Not_Significant
H0331,0,0,0,0.17077520189103015,0.4737730735094146,0.1312403111890101,0.5300185518190873,NA,NA,-0.7163535424379491,0.47377307350941483,-0.6279776950657879,0.5300185518190872,NA,NA,1,1,Not_Significant
H0332,0,0,0,0.17077520189103015,0.5587160933401475,0.1312403111890101,0.6082244294829044,NA,NA,-0.5847496065156478,0.5587160933401476,-0.5126096101104027,0.6082244294829042,NA,NA,1,1,Not_Significant
H0333,0,0,0,0.17077520189103015,0.4737730735094146,0.1312403111890101,0.5300185518190873,NA,NA,-0.7163535424379491,0.47377307350941483,-0.6279776950657879,0.5300185518190872,NA,NA,1,1,Not_Significant
H0334,0,0,0,0.17077520189103015,0.3106492228753715,0.1312403111890101,0.37412041965515186,NA,NA,-1.0138607071981673,0.3106492228753717,-0.8887816871223535,0.3741204196551518,NA,NA,1,1,Not_Significant
H0335,0,0,0,0.17077520189103015,0.3548175361964155,0.1312403111890101,0.4172888828283537,NA,NA,-0.9252852749300453,0.3548175361964156,-0.8111337207203317,0.41728888282835347,NA,NA,1,1,Not_Significant
H0336,0,0,0,0.17077520189103015,0.4080177562909884,0.1312403111890101,0.46826000361036674,NA,NA,-0.8273869827863918,0.40801775629098863,-0.7253130466966894,0.46826000361036674,NA,NA,1,1,Not_Significant
H0337,0,0,0,0.16902339054992893,0.41284117955567295,0.11944705311415055,0.5091448023066993,NA,NA,-0.8189040140780257,0.412841179555673,-0.6601699056552232,0.5091448023066992,NA,NA,1,1,Not_Significant
H0338,2803,7794,0,0.11819282898512988,0.33980039030148423,0.022108528824636715,0.5799691443664428,NA,NA,-0.9545597294957655,0.3398003903014842,-0.5534297906218584,0.5799691443664425,NA,NA,1,1,Not_Significant
H0339,1159,8985,0,0.12250653595465123,0.4140214454199237,0.007708752331215232,0.7426880083083158,NA,NA,-0.8168372434292368,0.4140214454199237,-0.3282958147767989,0.7426880083083156,NA,NA,1,1,Not_Significant
H0340,27267,21900,0,0.7162202294364601,0.007052920849850541,0.18716626439648815,0.2273916612807382,NA,NA,2.6943351367473753,0.00705292084985055,1.207105125388166,0.2273916612807383,NA,NA,-1,1,Sporadic_Hotspot
H0341,64896,17531,0,2.8824738597110238,8.471322137257813e-4,0.09561491635739276,0.31251211083067565,NA,NA,3.3369170687674985,8.471322137257839e-4,1.0099648916450323,0.31251211083067565,NA,NA,-1,1,Sporadic_Hotspot
H0342,1232,12993,0,0.12132874357627445,0.4149004125605004,-0.019617016778842995,0.5391864319487337,NA,NA,-0.8153003428794273,0.4149004125605004,-0.614043727632282,0.5391864319487336,NA,NA,1,1,Not_Significant
H0343,176,1639,0,0.1639537026350254,0.32225452859293735,0.09437049937417286,0.4503085836207844,NA,NA,-0.9898355028664572,0.32225452859293713,-0.7549006702189057,0.4503085836207844,NA,NA,1,1,Not_Significant
H0344,0,0,0,0.16777747864373863,0.31921471133076884,0.12562213407834788,0.39490602011329495,NA,NA,-0.9960729302305358,0.319214711330769,-0.8507539986822478,0.39490602011329506,NA,NA,1,1,Not_Significant
H0345,0,0,0,0.17077520189103015,0.3106492228753715,0.1312403111890101,0.37412041965515186,NA,NA,-1.0138607071981673,0.3106492228753717,-0.8887816871223535,0.3741204196551518,NA,NA,1,1,Not_Significant
H0346,0,0,0,0.17077520189103015,0.3106492228753715,0.1312403111890101,0.37412041965515186,NA,NA,-1.0138607071981673,0.3106492228753717,-0.8887816871223535,0.3741204196551518,NA,NA,1,1,Not_Significant
H0347,0,0,0,0.16980376733782349,0.3134081638714743,0.1229358919612965,0.40508634564324175,NA,NA,-1.0080964455416908,0.3134081638714744,-0.8325716636846463,0.40508634564324175,NA,NA,1,1,Not_Significant
H0348,0,0,0,0.17077520189103015,0.3106492228753715,0.1312403111890101,0.37412041965515186,NA,NA,-1.0138607071981673,0.3106492228753717,-0.8887816871223535,0.3741204196551518,NA,NA,1,1,Not_Significant
H0349,0,0,0,0.17077520189103015,0.3106492228753715,0.1312403111890101,0.37412041965515186,NA,NA,-1.0138607071981673,0.3106492228753717,-0.8887816871223535,0.3741204196551518,NA,NA,1,1,Not_Significant
H0350,0,0,0,0.17077520189103015,0.3106492228753715,0.1312403111890101,0.37412041965515186,NA,NA,-1.0138607071981673,0.3106492228753717,-0.8887816871223535,0.3741204196551518,NA,NA,1,1,Not_Significant
H0351,0,0,0,0.17077520189103015,0.4080177562909884,0.1312403111890101,0.46826000361036674,NA,NA,-0.8273869827863918,0.40801775629098863,-0.7253130466966894,0.46826000361036674,NA,NA,1,1,Not_Significant
H0352,0,0,0,0.17077520189103015,0.6793326237830962,0.1312403111890101,0.717070740274607,NA,NA,-0.41337399579290984,0.6793326237830962,-0.36237644361289945,0.7170707402746069,NA,NA,1,1,Not_Significant
H0353,224,3426,0,0.15625130611999416,0.34326866948124674,0.06930011363264582,0.4896871226048225,NA,NA,-0.9477265728361636,0.3432686694812468,-0.6908065439582532,0.48968712260482233,NA,NA,1,1,Not_Significant
H0354,1259,11037,0,0.1369231818004486,0.35616612488170896,-0.0025536193398407125,0.6016618462591943,NA,NA,-0.9226950908414102,0.35616612488170896,-0.5220121856244716,0.60166184625919406,NA,NA,1,1,Not_Significant
H0355,7964,14418,0,-0.02268086829907095,0.5860283671028844,0.017434585456267127,0.7355749137369969,NA,NA,0.544600418146289,0.5860283671028845,0.3377190550672465,0.7355749137369969,NA,NA,-1,1,Not_Significant
H0356,85103,54580,0,11.227963055739481,2.55267642075466e-21,4.177158509808435,5.711169704344172e-12,NA,NA,9.479596739882975,2.552676420754617e-21,6.886674492780619,5.711169704344243e-12,NA,NA,-1,1,Sporadic_Hotspot
H0357,9541,5033,0,-0.04381899312238145,0.007950960028807663,-0.04221173135373777,0.5892196777875169,NA,NA,2.654145221454727,0.007950960028807673,0.5399671636120192,0.5892196777875173,NA,NA,-1,1,Sporadic_Hotspot
H0358,280,6260,0,0.16233005962538938,0.32221061001350926,0.0418286710413746,0.4939845726945986,NA,NA,-0.9899253455726125,0.3222106100135093,-0.683985103033274,0.49398457269459844,NA,NA,1,1,Not_Significant
H0359,1114,2744,0,0.1521484571749497,0.3127111236300001,0.0948472242951658,0.3874753492136194,NA,NA,-1.0095496065150928,0.3127111236300001,-0.864204884926081,0.3874753492136193,NA,NA,1,1,Not_Significant
H0360,0,0,0,0.17077520189103015,0.3106492228753715,0.1312403111890101,0.37412041965515186,NA,NA,-1.0138607071981673,0.3106492228753717,-0.8887816871223535,0.3741204196551518,NA,NA,1,1,Not_Significant
H0361,0,0,0,0.17077520189103015,0.3106492228753715,0.1312403111890101,0.37412041965515186,NA,NA,-1.0138607071981673,0.3106492228753717,-0.8887816871223535,0.3741204196551518,NA,NA,1,1,Not_Significant
H0362,0,0,0,0.16980376733782349,0.3134081638714743,0.1229358919612965,0.40508634564324175,NA,NA,-1.0080964455416908,0.3134081638714744,-0.8325716636846463,0.40508634564324175,NA,NA,1,1,Not_Significant
H0363,0,0,0,0.16955889048369102,0.31410616831229654,0.12238513042967546,0.40719283922830446,NA,NA,-1.0066434045147117,0.3141061683122966,-0.8288437306706563,0.40719283922830446,NA,NA,1,1,Not_Significant
H0364,0,0,0,0.17077520189103015,0.3548175361964155,0.1312403111890101,0.4172888828283537,NA,NA,-0.9252852749300453,0.3548175361964156,-0.8111337207203317,0.41728888282835347,NA,NA,1,1,Not_Significant
H0365,0,0,0,0.17077520189103015,0.4080177562909884,0.1312403111890101,0.46826000361036674,NA,NA,-0.8273869827863918,0.40801775629098863,-0.7253130466966894,0.46826000361036674,NA,NA,1,1,Not_Significant
H0366,0,0,0,0.17077520189103015,0.3106492228753715,0.1312403111890101,0.37412041965515186,NA,NA,-1.0138607071981673,0.3106492228753717,-0.8887816871223535,0.3741204196551518,NA,NA,1,1,Not_Significant
H0367,0,0,0,0.17077520189103015,0.3106492228753715,0.1312403111890101,0.37412041965515186,NA,NA,-1.0138607071981673,0.3106492228753717,-0.8887816871223535,0.3741204196551518,NA,NA,1,1,Not_Significant
H0368,0,0,0,0.17077520189103015,0.4080177562909884,0.1312403111890101,0.46826000361036674,NA,NA,-0.8273869827863918,0.40801775629098863,-0.7253130466966894,0.46826000361036674,NA,NA,1,1,Not_Significant
H0369,0,0,0,0.16791740827467147,0.48120109365185093,0.11172001214635194,0.592911159367995,NA,NA,-0.7043720719560906,0.48120109365185115,-0.5346221565535643,0.592911159367995,NA,NA,1,1,Not_Significant
H0370,821,4725,0,0.14489817615200706,0.3510164728146594,0.043802890193965986,0.5948300567980509,NA,NA,-0.9326194781873746,0.3510164728146595,-0.5318497585776599,0.5948300567980507,NA,NA,1,1,Not_Significant
H0371,78,551,0,0.1323820607311512,0.4284327536222547,0.033373837769906045,0.8114048251647277,NA,NA,-0.7918763920581331,0.4284327536222548,-0.2386141071308186,0.8114048251647276,NA,NA,1,1,Not_Significant
H0372,66112,44850,0,5.568881661382053,2.906179224713248e-10,2.982133389942889,2.7027557861993195e-10,NA,NA,6.303702583617001,2.9061792247132147e-10,6.3149346976378915,2.702755786199335e-10,NA,NA,1,1,Sporadic_Hotspot
H0373,100664,32987,0,12.0548076501106,3.475532262604689e-17,2.0580124893200504,2.487919115210382e-11,NA,NA,8.429362554262289,3.475532262604689e-17,6.674077625335159,2.4879191152103668e-11,NA,NA,-1,1,Sporadic_Hotspot
H0374,0,0,0,-0.02421135690496776,0.8861771113323152,0.010754571964832855,0.9416061443195188,NA,NA,0.1431431698885352,0.8861771113323154,-0.07325130022917027,0.9416061443195186,NA,NA,-1,1,Not_Significant
H0375,90,125,0,0.16502918232972688,0.32307240707107254,0.10802511768518581,0.45912045065066887,NA,NA,-0.9881638547691542,0.32307240707107243,-0.7402959289447059,0.45912045065066864,NA,NA,1,1,Not_Significant
H0376,0,0,0,0.16777747864373863,0.31921471133076884,0.12562213407834785,0.39490602011329506,NA,NA,-0.9960729302305358,0.319214711330769,-0.8507539986822478,0.39490602011329506,NA,NA,1,1,Not_Significant
H0377,0,0,0,0.17077520189103015,0.3106492228753715,0.1312403111890101,0.37412041965515186,NA,NA,-1.0138607071981673,0.3106492228753717,-0.8887816871223535,0.3741204196551518,NA,NA,1,1,Not_Significant
H0378,0,0,0,0.17077520189103015,0.3106492228753715,0.1312403111890101,0.37412041965515186,NA,NA,-1.0138607071981673,0.3106492228753717,-0.8887816871223535,0.3741204196551518,NA,NA,1,1,Not_Significant
H0379,361,4056,0,0.1647100754359242,0.31135310354551426,0.08107213565386592,0.37623112412071885,NA,NA,-1.0123868913880107,0.31135310354551426,-0.8848618908004713,0.37623112412071885,NA,NA,1,1,Not_Significant
H0380,0,0,0,0.17044421449478517,0.31158744409414296,0.13025549224213384,0.37771421321877996,NA,NA,-1.011896706689174,0.31158744409414296,-0.8821157548557024,0.37771421321877996,NA,NA,1,1,Not_Significant
H0381,0,0,0,0.17050610644692854,0.4744698111664414,0.13081034865503086,0.5313664935225425,NA,NA,-0.7152253437108439,0.47446981116644127,-0.6259214056712455,0.5313664935225423,NA,NA,1,1,Not_Significant
H0382,0,0,0,0.17077520189103015,0.3106492228753715,0.1312403111890101,0.37412041965515186,NA,NA,-1.0138607071981673,0.3106492228753717,-0.8887816871223535,0.3741204196551518,NA,NA,1,1,Not_Significant
H0383,0,0,0,0.17077520189103015,0.3106492228753715,0.1312403111890101,0.37412041965515186,NA,NA,-1.0138607071981673,0.3106492228753717,-0.8887816871223535,0.3741204196551518,NA,NA,1,1,Not_Significant
H0384,0,0,0,0.17077520189103015,0.3106492228753715,0.1312403111890101,0.37412041965515186,NA,NA,-1.0138607071981673,0.3106492228753717,-0.8887816871223535,0.3741204196551518,NA,NA,1,1,Not_Significant
H0385,0,0,0,0.17077520189103015,0.4737730735094146,0.1312403111890101,0.5300185518190873,NA,NA,-0.7163535424379491,0.47377307350941483,-0.6279776950657879,0.5300185518190872,NA,NA,1,1,Not_Significant
H0386,307,1341,0,0.1624374363249044,0.3206216790567868,0.09866160247393783,0.44483079146529186,NA,NA,-0.9931811576194075,0.3206216790567866,-0.7640611686790405,0.4448307914652921,NA,NA,1,1,Not_Significant
H0387,243,1298,0,0.1550627619542481,0.3460653493118079,0.06739239266624542,0.6033124656791042,NA,NA,-0.9422486541880969,0.3460653493118078,-0.5196429371134672,0.6033124656791041,NA,NA,1,1,Not_Significant
H0388,1564,5342,0,-0.05601540602880354,0.6968251020711083,-0.030663797300413406,0.678217818017506,NA,NA,0.3896098030960986,0.6968251020711083,0.4148963007138167,0.678217818017506,NA,NA,1,1,Not_Significant
H0389,325144,412869,0,21.324065037910696,8.744536769630473e-6,9.063299844392336,0.08334058607964598,NA,NA,4.446094808264996,8.744536769630508e-6,1.731623686393711,0.08334058607964603,NA,NA,-1,1,Sporadic_Hotspot
H0390,61407,34561,0,1.265158738879067,0.11730703848338744,0.020717609671550032,0.9491521030200503,NA,NA,1.5661776287643194,0.11730703848338754,0.0637715863255646,0.9491521030200503,NA,NA,-1,1,Not_Significant
H0391,0,0,0,0.1696746015246547,0.31377621471062334,0.11802203443010502,0.4241099312447691,NA,NA,-1.007330006318669,0.31377621471062334,-0.7993112947865948,0.42410993124476914,NA,NA,1,1,Not_Significant
H0392,0,0,0,0.1674303455208476,0.32021647773941125,0.12522083571330056,0.39641695577172537,NA,NA,-0.9940131248186646,0.3202164777394114,-0.8480377352222404,0.39641695577172537,NA,NA,1,1,Not_Significant
H0393,0,0,0,0.17077520189103015,0.3106492228753715,0.1312403111890101,0.37412041965515186,NA,NA,-1.0138607071981673,0.3106492228753717,-0.8887816871223535,0.3741204196551518,NA,NA,1,1,Not_Significant
H0394,0,0,0,0.17077520189103015,0.3106492228753715,0.1312403111890101,0.37412041965515186,NA,NA,-1.0138607071981673,0.3106492228753717,-0.8887816871223535,0.3741204196551518,NA,NA,1,1,Not_Significant
H0395,0,0,0,0.16980376733782346,0.3134081638714744,0.1229358919612965,0.40508634564324175,NA,NA,-1.0080964455416908,0.3134081638714744,-0.8325716636846463,0.40508634564324175,NA,NA,1,1,Not_Significant
H0396,91,269,0,0.16825749423955552,0.3136560175812501,0.11941729608024332,0.4067532321909249,NA,NA,-1.0075802430528351,0.31365601758124995,-0.8296207658710458,0.4067532321909249,NA,NA,1,1,Not_Significant
H0397,0,0,0,0.17047112403919534,0.3115110962442431,0.13048275815295143,0.37688299381774254,NA,NA,-1.0120563815273034,0.31151109624424317,-0.8836540469172373,0.3768829938177425,NA,NA,1,1,Not_Significant
H0398,0,0,0,0.1692413578596512,0.5622516528478625,0.1294590378339532,0.6130983458827997,NA,NA,-0.579500287263095,0.5622516528478625,-0.5056557376856589,0.6130983458827994,NA,NA,1,1,Not_Significant
H0399,0,0,0,0.17077520189103015,0.6793326237830962,0.1312403111890101,0.717070740274607,NA,NA,-0.41337399579290984,0.6793326237830962,-0.36237644361289945,0.7170707402746069,NA,NA,1,1,Not_Significant
H0400,0,0,0,0.17077520189103015,0.6793326237830962,0.1312403111890101,0.717070740274607,NA,NA,-0.41337399579290984,0.6793326237830962,-0.36237644361289945,0.7170707402746069,NA,NA,1,1,Not_Significant
H0401,0,0,0,0.17077520189103015,0.4737730735094146,0.1312403111890101,0.5300185518190873,NA,NA,-0.7163535424379491,0.47377307350941483,-0.6279776950657879,0.5300185518190872,NA,NA,1,1,Not_Significant
H0402,0,0,0,0.17077520189103015,0.3548175361964155,0.1312403111890101,0.4172888828283537,NA,NA,-0.9252852749300453,0.3548175361964156,-0.8111337207203317,0.41728888282835347,NA,NA,1,1,Not_Significant
H0403,0,0,0,0.17077520189103015,0.3106492228753715,0.1312403111890101,0.37412041965515186,NA,NA,-1.0138607071981673,0.3106492228753717,-0.8887816871223535,0.3741204196551518,NA,NA,1,1,Not_Significant
H0404,0,0,0,0.17077520189103015,0.3106492228753715,0.1312403111890101,0.37412041965515186,NA,NA,-1.0138607071981673,0.3106492228753717,-0.8887816871223535,0.3741204196551518,NA,NA,1,1,Not_Significant
H0405,0,0,0,0.16829683285085467,0.5644341760391622,0.1230034575023504,0.6309046438769897,NA,NA,-0.5762678117233652,0.5644341760391622,-0.4804539448635701,0.6309046438769896,NA,NA,1,1,Not_Significant
H0406,249,844,0,0.16143664216458645,0.3263323140501373,0.09752724380512295,0.47326683687471727,NA,NA,-0.9815282425244477,0.3263323140501374,-0.7171738428910052,0.47326683687471727,NA,NA,1,1,Not_Significant
H0407,1713,5833,0,0.13424808631577917,0.3416227842014325,0.03056430557632347,0.648482120389676,NA,NA,-0.9509637377209103,0.3416227842014324,-0.45587186775465693,0.6484821203896758,NA,NA,1,1,Not_Significant
H0408,10572,10416,0,-4.637171578055332e-4,1.2701029208104011e-8,-0.023083217251529443,4.2425533172081637e-10,NA,NA,5.6900390913085,1.2701029208103877e-8,6.244832197676308,4.242553317208188e-10,NA,NA,1,1,Sporadic_Hotspot
H0409,43340,20990,0,4.602580640685137,1.1257382920869339e-18,0.9684629438363821,1.0820106184695977e-11,NA,NA,8.821860114761625,1.1257382920869518e-18,6.795148440623326,1.0820106184695911e-11,NA,NA,-1,1,Sporadic_Hotspot
H0410,0,0,0,-0.015325825340733897,0.9279546255686468,0.04078847868360282,0.7821322304690124,NA,NA,0.09041853833815867,0.9279546255686468,-0.2765414466314695,0.7821322304690123,NA,NA,-1,1,Not_Significant
H0411,39,71,0,0.16964148447232405,0.31208508233411125,0.12848273777033964,0.3810673058768657,NA,NA,-1.0108565713766307,0.31208508233411114,-0.875931441022359,0.38106730587686544,NA,NA,1,1,Not_Significant
H0412,0,0,0,0.17077520189103015,0.3106492228753715,0.1312403111890101,0.37412041965515186,NA,NA,-1.0138607071981673,0.3106492228753717,-0.8887816871223535,0.3741204196551518,NA,NA,1,1,Not_Significant
H0413,0,0,0,0.17077520189103015,0.3106492228753715,0.1312403111890101,0.37412041965515186,NA,NA,-1.0138607071981673,0.3106492228753717,-0.8887816871223535,0.3741204196551518,NA,NA,1,1,Not_Significant
H0414,0,0,0,0.17077520189103015,0.3106492228753715,0.1312403111890101,0.37412041965515186,NA,NA,-1.0138607071981673,0.3106492228753717,-0.8887816871223535,0.3741204196551518,NA,NA,1,1,Not_Significant
H0415,0,0,0,0.16955889048369102,0.31410616831229654,0.12238513042967546,0.40719283922830446,NA,NA,-1.0066434045147117,0.3141061683122966,-0.8288437306706563,0.40719283922830446,NA,NA,1,1,Not_Significant
H0416,32,212,0,0.16993123542452332,0.3115806912734177,0.1279897735417712,0.37652942398921757,NA,NA,-1.0119108285819582,0.31158069127341753,-0.8843090133783567,0.37652942398921735,NA,NA,1,1,Not_Significant
H0417,50,105,0,0.1695099375796298,0.31195546520612283,0.12946792202461468,0.3758987229505363,NA,NA,-1.011127384412393,0.31195546520612294,-0.8854782913435629,0.37589872295053633,NA,NA,1,1,Not_Significant
H0418,0,0,0,0.17077520189103015,0.5587160933401475,0.1312403111890101,0.6082244294829044,NA,NA,-0.5847496065156478,0.5587160933401476,-0.5126096101104027,0.6082244294829042,NA,NA,1,1,Not_Significant
H0419,0,0,0,0.17077520189103015,0.4080177562909884,0.1312403111890101,0.46826000361036674,NA,NA,-0.8273869827863918,0.40801775629098863,-0.7253130466966894,0.46826000361036674,NA,NA,1,1,Not_Significant
H0420,0,0,0,0.17077520189103015,0.3106492228753715,0.1312403111890101,0.37412041965515186,NA,NA,-1.0138607071981673,0.3106492228753717,-0.8887816871223535,0.3741204196551518,NA,NA,1,1,Not_Significant
H0421,0,0,0,0.17077520189103015,0.3106492228753715,0.1312403111890101,0.37412041965515186,NA,NA,-1.0138607071981673,0.3106492228753717,-0.8887816871223535,0.3741204196551518,NA,NA,1,1,Not_Significant
H0422,0,0,0,0.17077520189103015,0.4080177562909884,0.1312403111890101,0.46826000361036674,NA,NA,-0.8273869827863918,0.40801775629098863,-0.7253130466966894,0.46826000361036674,NA,NA,1,1,Not_Significant
H0423,0,0,0,0.16850134538837186,0.31713236146762236,0.12395346995838075,0.40121160135374456,NA,NA,-1.0003681833762206,0.31713236146762247,-0.8394593317439513,0.40121160135374456,NA,NA,1,1,Not_Significant
H0424,364,3642,0,0.15217404652855823,0.3494548538101494,0.05521117815956299,0.570515678463877,NA,NA,-0.9356472199983187,0.3494548538101492,-0.5672921956701298,0.5705156784638767,NA,NA,1,1,Not_Significant
H0425,1452,17987,0,0.10150659241744724,0.48480258187995523,-0.024957119158978424,0.8050818214653364,NA,NA,-0.6985991391188441,0.48480258187995506,-0.24677569495452562,0.8050818214653362,NA,NA,1,1,Not_Significant
H0426,24123,17862,0,1.5212300874215685,1.7998347348015282e-12,0.6347025472281045,1.6202697511851384e-10,NA,NA,7.049173614348702,1.7998347348015282e-12,6.393598087732703,1.620269751185129e-10,NA,NA,-1,1,Sporadic_Hotspot
H0427,7751,9617,0,-0.13992122565589624,0.0018893813091700156,-0.015193624641801483,0.30286790420320986,NA,NA,3.1070911527336427,0.0018893813091700217,1.0303027592652254,0.30286790420320986,NA,NA,-1,1,Sporadic_Hotspot
H0428,0,0,0,0.17040654113261097,0.3116943518099345,0.12945289551203923,0.3806587191107413,NA,NA,-1.0116731619157924,0.31169435180993454,-0.8766832279356872,0.3806587191107413,NA,NA,1,1,Not_Significant
H0429,0,0,0,0.10308962483616214,0.5403852073717053,0.10747566770378529,0.4666587467660524,NA,NA,-0.612230586850916,0.5403852073717053,-0.7279262280391516,0.46665874676605223,NA,NA,-1,1,Not_Significant
H0430,0,0,0,0.17077520189103015,0.3106492228753715,0.1312403111890101,0.37412041965515186,NA,NA,-1.0138607071981673,0.3106492228753717,-0.8887816871223535,0.3741204196551518,NA,NA,1,1,Not_Significant
H0431,0,0,0,0.17077520189103015,0.3106492228753715,0.1312403111890101,0.37412041965515186,NA,NA,-1.0138607071981673,0.3106492228753717,-0.8887816871223535,0.3741204196551518,NA,NA,1,1,Not_Significant
H0432,0,0,0,0.17077520189103015,0.3106492228753715,0.1312403111890101,0.37412041965515186,NA,NA,-1.0138607071981673,0.3106492228753717,-0.8887816871223535,0.3741204196551518,NA,NA,1,1,Not_Significant
H0433,0,0,0,0.1704442144947852,0.31158744409414296,0.13025549224213384,0.37771421321877996,NA,NA,-1.011896706689174,0.31158744409414296,-0.8821157548557024,0.37771421321877996,NA,NA,1,1,Not_Significant
H0434,31,53,0,0.1700546728184366,0.3112753507822588,0.12994340627931997,0.3764878863189301,NA,NA,-1.0125495854326452,0.3112753507822588,-0.8843859842711959,0.3764878863189301,NA,NA,1,1,Not_Significant
H0435,140,185,0,0.16835547996249867,0.3552762414954233,0.12871414189945313,0.41820923586530456,NA,NA,-0.9244035607807429,0.3552762414954233,-0.8095319445940948,0.41820923586530456,NA,NA,1,1,Not_Significant
H0436,0,0,0,0.17077520189103015,0.3548175361964155,0.1312403111890101,0.4172888828283537,NA,NA,-0.9252852749300453,0.3548175361964156,-0.8111337207203317,0.41728888282835347,NA,NA,1,1,Not_Significant
H0437,0,0,0,0.17077520189103015,0.4737730735094146,0.1312403111890101,0.5300185518190873,NA,NA,-0.7163535424379491,0.47377307350941483,-0.6279776950657879,0.5300185518190872,NA,NA,1,1,Not_Significant
H0438,0,0,0,0.17077520189103015,0.3106492228753715,0.1312403111890101,0.37412041965515186,NA,NA,-1.0138607071981673,0.3106492228753717,-0.8887816871223535,0.3741204196551518,NA,NA,1,1,Not_Significant
H0439,0,0,0,0.17077520189103015,0.3106492228753715,0.1312403111890101,0.37412041965515186,NA,NA,-1.0138607071981673,0.3106492228753717,-0.8887816871223535,0.3741204196551518,NA,NA,1,1,Not_Significant
H0440,0,0,0,0.17077520189103015,0.4080177562909884,0.1312403111890101,0.46826000361036674,NA,NA,-0.8273869827863918,0.40801775629098863,-0.7253130466966894,0.46826000361036674,NA,NA,1,1,Not_Significant
H0441,289,1374,0,0.14708822953241427,0.3692875808391565,0.05371736223183284,0.6761988730327406,NA,NA,-0.8978086340057251,0.3692875808391567,-0.41765569048362844,0.6761988730327406,NA,NA,1,1,Not_Significant
H0442,232,2399,0,0.09044547532556127,0.5828501008610467,-0.003669607411082509,0.9747300500278703,NA,NA,-0.5492263829368647,0.5828501008610465,0.03167648211326838,0.9747300500278704,NA,NA,1,1,Not_Significant
H0443,1435,15820,0,-0.1446001834807693,0.32107954624283086,0.030987745945322172,0.6625202265725112,NA,NA,0.9922418823486061,0.321079546242831,0.4364362725682833,0.6625202265725112,NA,NA,-1,1,Not_Significant
H0444,96553,46497,0,4.4329524067157084,0.0011557624564268296,1.3756658179241412,0.005434013062000572,NA,NA,3.249578324770888,0.0011557624564268317,2.780112135344402,0.005434013062000579,NA,NA,-1,1,Sporadic_Hotspot
H0445,0,0,0,-0.00284248768886205,0.9869588536219325,0.03701914046905135,0.8017924829295657,NA,NA,0.016345380929861385,0.9869588536219325,-0.25102797198925575,0.8017924829295656,NA,NA,-1,1,Not_Significant
H0446,98,802,0,0.10239574005721719,0.5393540577598317,0.10092618653988598,0.4599052815439936,NA,NA,-0.6137900732818958,0.5393540577598317,-0.7390028256581209,0.45990528154399357,NA,NA,-1,1,Not_Significant
H0447,0,0,0,0.1034582855945813,0.5389390569020689,0.10926308338075619,0.4592850147868928,NA,NA,-0.6144181321332909,0.5389390569020689,-0.7400246872258179,0.4592850147868927,NA,NA,-1,1,Not_Significant
H0448,0,0,0,0.17077520189103015,0.3106492228753715,0.1312403111890101,0.37412041965515186,NA,NA,-1.0138607071981673,0.3106492228753717,-0.8887816871223535,0.3741204196551518,NA,NA,1,1,Not_Significant
H0449,0,0,0,0.17077520189103015,0.3106492228753715,0.1312403111890101,0.37412041965515186,NA,NA,-1.0138607071981673,0.3106492228753717,-0.8887816871223535,0.3741204196551518,NA,NA,1,1,Not_Significant
H0450,0,0,0,0.17077520189103015,0.3106492228753715,0.1312403111890101,0.37412041965515186,NA,NA,-1.0138607071981673,0.3106492228753717,-0.8887816871223535,0.3741204196551518,NA,NA,1,1,Not_Significant
H0451,0,0,0,0.17060567176124616,0.3111295420459491,0.13069773941994106,0.3760977444106926,NA,NA,-1.0128547557179512,0.3111295420459492,-0.885109188056527,0.37609774441069244,NA,NA,1,1,Not_Significant
H0452,0,0,0,0.17018050095956566,0.3123363058966789,0.13053803905017733,0.3766809760278099,NA,NA,-1.0103318932755043,0.31233630589667905,-0.8840282260673403,0.37668097602780976,NA,NA,1,1,Not_Significant
H0453,0,0,0,0.17002173464754572,0.47572535599559823,0.1304827581529514,0.5323946621293556,NA,NA,-0.7131945860020543,0.47572535599559823,-0.6243547089896895,0.5323946621293554,NA,NA,1,1,Not_Significant
H0454,0,0,0,0.17077520189103015,0.5587160933401475,0.1312403111890101,0.6082244294829044,NA,NA,-0.5847496065156478,0.5587160933401476,-0.5126096101104027,0.6082244294829042,NA,NA,1,1,Not_Significant
H0455,0,0,0,0.17077520189103015,0.5587160933401475,0.1312403111890101,0.6082244294829044,NA,NA,-0.5847496065156478,0.5587160933401476,-0.5126096101104027,0.6082244294829042,NA,NA,1,1,Not_Significant
H0456,0,0,0,0.17077520189103015,0.4080177562909884,0.1312403111890101,0.46826000361036674,NA,NA,-0.8273869827863918,0.40801775629098863,-0.7253130466966894,0.46826000361036674,NA,NA,1,1,Not_Significant
H0457,0,0,0,0.17077520189103015,0.6793326237830962,0.1312403111890101,0.717070740274607,NA,NA,-0.41337399579290984,0.6793326237830962,-0.36237644361289945,0.7170707402746069,NA,NA,1,1,Not_Significant
H0458,0,0,0,0.17077520189103015,0.3106492228753715,0.1312403111890101,0.37412041965515186,NA,NA,-1.0138607071981673,0.3106492228753717,-0.8887816871223535,0.3741204196551518,NA,NA,1,1,Not_Significant
H0459,0,0,0,0.17077520189103015,0.3106492228753715,0.1312403111890101,0.37412041965515186,NA,NA,-1.0138607071981673,0.3106492228753717,-0.8887816871223535,0.3741204196551518,NA,NA,1,1,Not_Significant
H0460,0,0,0,0.17077520189103015,0.5587160933401475,0.1312403111890101,0.6082244294829044,NA,NA,-0.5847496065156478,0.5587160933401476,-0.5126096101104027,0.6082244294829042,NA,NA,1,1,Not_Significant
H0461,0,0,0,0.1579339672985032,0.3484171745467047,0.09143601774572108,0.5356799896274151,NA,NA,-0.9376638744427471,0.34841717454670484,-0.619358840561095,0.5356799896274151,NA,NA,1,1,Not_Significant
H0462,2171,11438,0,0.08297580628466868,0.5353093627936683,-0.0024306476520684008,0.8158798402349865,NA,NA,-0.6199216629462275,0.5353093627936683,-0.23284748272437963,0.8158798402349865,NA,NA,1,1,Not_Significant
H0463,4223,6460,0,-0.1259538423179895,0.21359252490862976,-0.04354936495106224,0.45599470510398704,NA,NA,1.2437474541378928,0.21359252490862993,0.7454583098415618,0.45599470510398704,NA,NA,-1,1,Not_Significant
H0464,27835,18843,0,1.058432669769538,1.1794717807504462e-4,0.32582178522077215,0.0038800050124532886,NA,NA,3.850354094332654,1.1794717807504484e-4,2.8877561831604863,0.0038800050124532955,NA,NA,-1,1,Sporadic_Hotspot
H0465,56768,36402,0,2.7345087714779015,1.9862579464264413e-4,0.9699089702564133,0.006360812040574349,NA,NA,3.7207578872771214,1.9862579464264413e-4,2.7285776104161252,0.006360812040574344,NA,NA,-1,1,Sporadic_Hotspot
H0466,0,0,0,0.1705114883558106,0.3113965976008991,0.12959826379733697,0.38012435996346605,NA,NA,-1.0122958937844977,0.3113965976008993,-0.877667180515588,0.38012435996346583,NA,NA,1,1,Not_Significant
H0467,25016,10734,0,-0.2290781664040644,0.31970249340310863,-5.491342692851937e-4,0.4336844639629826,NA,NA,-0.995069438349512,0.3197024934031084,-0.7829023388473748,0.4336844639629826,NA,NA,1,1,Not_Significant
H0468,0,0,0,0.17077520189103015,0.3106492228753715,0.1312403111890101,0.37412041965515186,NA,NA,-1.0138607071981673,0.3106492228753717,-0.8887816871223535,0.3741204196551518,NA,NA,1,1,Not_Significant
H0469,0,0,0,0.17077520189103015,0.3106492228753715,0.1312403111890101,0.37412041965515186,NA,NA,-1.0138607071981673,0.3106492228753717,-0.8887816871223535,0.3741204196551518,NA,NA,1,1,Not_Significant
H0470,0,0,0,0.17077520189103015,0.3106492228753715,0.1312403111890101,0.37412041965515186,NA,NA,-1.0138607071981673,0.3106492228753717,-0.8887816871223535,0.3741204196551518,NA,NA,1,1,Not_Significant
H0471,0,0,0,0.17077520189103015,0.3106492228753715,0.1312403111890101,0.37412041965515186,NA,NA,-1.0138607071981673,0.3106492228753717,-0.8887816871223535,0.3741204196551518,NA,NA,1,1,Not_Significant
H0472,0,0,0,0.17069178230335863,0.31088550921518615,0.1311317968351963,0.3745153693009315,NA,NA,-1.0133657151999658,0.31088550921518615,-0.8880471873091881,0.3745153693009314,NA,NA,1,1,Not_Significant
H0473,0,0,0,0.17039846826928792,0.3117172637520864,0.13086153467098077,0.375500137524595,NA,NA,-1.0116252594643536,0.3117172637520865,-0.8862178670197953,0.3755001375245949,NA,NA,1,1,Not_Significant
H0474,0,0,0,0.17077520189103015,0.4737730735094146,0.1312403111890101,0.5300185518190873,NA,NA,-0.7163535424379491,0.47377307350941483,-0.6279776950657879,0.5300185518190872,NA,NA,1,1,Not_Significant
H0475,0,0,0,0.17077520189103015,0.3106492228753715,0.1312403111890101,0.37412041965515186,NA,NA,-1.0138607071981673,0.3106492228753717,-0.8887816871223535,0.3741204196551518,NA,NA,1,1,Not_Significant
H0476,0,0,0,0.17077520189103015,0.3548175361964155,0.1312403111890101,0.4172888828283537,NA,NA,-0.9252852749300453,0.3548175361964156,-0.8111337207203317,0.41728888282835347,NA,NA,1,1,Not_Significant
H0477,0,0,0,0.17077520189103015,0.3106492228753715,0.1312403111890101,0.37412041965515186,NA,NA,-1.0138607071981673,0.3106492228753717,-0.8887816871223535,0.3741204196551518,NA,NA,1,1,Not_Significant
H0478,0,0,0,0.17077520189103015,0.3106492228753715,0.1312403111890101,0.37412041965515186,NA,NA,-1.0138607071981673,0.3106492228753717,-0.8887816871223535,0.3741204196551518,NA,NA,1,1,Not_Significant
H0479,0,0,0,0.17077520189103015,0.5587160933401475,0.1312403111890101,0.6082244294829044,NA,NA,-0.5847496065156478,0.5587160933401476,-0.5126096101104027,0.6082244294829042,NA,NA,1,1,Not_Significant
H0480,4483,18067,0,0.09422172535396399,0.331726188904495,-0.0690315305365881,0.499214279134989,NA,NA,-0.9706427920571167,0.331726188904495,-0.6757265450148414,0.499214279134989,NA,NA,1,1,Not_Significant
H0481,19175,21051,0,0.029132648563220023,0.8312641886184671,-4.6433440034639e-4,0.9977698105712607,NA,NA,0.21308048142560287,0.8312641886184673,-0.0027951315795421007,0.9977698105712606,NA,NA,-1,1,Not_Significant
H0482,57428,24009,0,0.7658654087417228,0.30342576235835916,0.0655405264241377,0.7216673464434207,NA,NA,1.0291147359452117,0.3034257623583592,0.356231309284423,0.7216673464434207,NA,NA,-1,1,Not_Significant
H0483,106310,160813,0,6.195167393736278,4.488570574552378e-5,3.124153623158736,0.128176480469783,NA,NA,4.0807754316233265,4.488570574552378e-5,1.5213322525345885,0.12817648046978297,NA,NA,-1,1,Sporadic_Hotspot
H0484,0,0,0,-0.21217452460991465,0.20822113826706137,-0.03327563895528087,0.8221539548865568,NA,NA,1.2584719142234257,0.20822113826706148,0.22477546358441264,0.8221539548865568,NA,NA,-1,1,Not_Significant
H0485,0,0,0,0.10049285380058198,0.5506262514570736,0.09369229732879317,0.5256691746485322,NA,NA,-0.5968219649714147,0.5506262514570736,-0.634630893280117,0.5256691746485322,NA,NA,-1,1,Not_Significant
H0486,0,0,0,0.10075656733580154,0.5495818857924226,0.09533434472046631,0.5184442533950595,NA,NA,-0.5983867783850843,0.5495818857924228,-0.6457453998868826,0.5184442533950595,NA,NA,-1,1,Not_Significant
H0487,0,0,0,0.17077520189103015,0.3106492228753715,0.1312403111890101,0.37412041965515186,NA,NA,-1.0138607071981673,0.3106492228753717,-0.8887816871223535,0.3741204196551518,NA,NA,1,1,Not_Significant
H0488,0,0,0,0.17077520189103015,0.3106492228753715,0.1312403111890101,0.37412041965515186,NA,NA,-1.0138607071981673,0.3106492228753717,-0.8887816871223535,0.3741204196551518,NA,NA,1,1,Not_Significant
H0489,0,0,0,0.17077520189103015,0.3106492228753715,0.1312403111890101,0.37412041965515186,NA,NA,-1.0138607071981673,0.3106492228753717,-0.8887816871223535,0.3741204196551518,NA,NA,1,1,Not_Significant
H0490,0,0,0,0.17077520189103015,0.3106492228753715,0.1312403111890101,0.37412041965515186,NA,NA,-1.0138607071981673,0.3106492228753717,-0.8887816871223535,0.3741204196551518,NA,NA,1,1,Not_Significant
H0491,0,0,0,0.17077520189103015,0.3106492228753715,0.1312403111890101,0.37412041965515186,NA,NA,-1.0138607071981673,0.3106492228753717,-0.8887816871223535,0.3741204196551518,NA,NA,1,1,Not_Significant
H0492,0,0,0,0.17077520189103015,0.4080177562909884,0.1312403111890101,0.46826000361036674,NA,NA,-0.8273869827863918,0.40801775629098863,-0.7253130466966894,0.46826000361036674,NA,NA,1,1,Not_Significant
H0493,0,0,0,0.17077520189103015,0.3548175361964155,0.1312403111890101,0.4172888828283537,NA,NA,-0.9252852749300453,0.3548175361964156,-0.8111337207203317,0.41728888282835347,NA,NA,1,1,Not_Significant
H0494,0,0,0,0.17077520189103015,0.5587160933401475,0.1312403111890101,0.6082244294829044,NA,NA,-0.5847496065156478,0.5587160933401476,-0.5126096101104027,0.6082244294829042,NA,NA,1,1,Not_Significant
H0495,0,0,0,0.17077520189103015,0.4080177562909884,0.1312403111890101,0.46826000361036674,NA,NA,-0.8273869827863918,0.40801775629098863,-0.7253130466966894,0.46826000361036674,NA,NA,1,1,Not_Significant
H0496,0,0,0,0.17077520189103015,0.5587160933401475,0.1312403111890101,0.6082244294829044,NA,NA,-0.5847496065156478,0.5587160933401476,-0.5126096101104027,0.6082244294829042,NA,NA,1,1,Not_Significant
H0497,0,0,0,0.17077520189103015,0.3106492228753715,0.1312403111890101,0.37412041965515186,NA,NA,-1.0138607071981673,0.3106492228753717,-0.8887816871223535,0.3741204196551518,NA,NA,1,1,Not_Significant
H0498,0,0,0,0.17077520189103015,0.3106492228753715,0.1312403111890101,0.37412041965515186,NA,NA,-1.0138607071981673,0.3106492228753717,-0.8887816871223535,0.3741204196551518,NA,NA,1,1,Not_Significant
H0499,0,0,0,0.17077520189103015,0.5587160933401475,0.1312403111890101,0.6082244294829044,NA,NA,-0.5847496065156478,0.5587160933401476,-0.5126096101104027,0.6082244294829042,NA,NA,1,1,Not_Significant
H0500,0,0,0,0.15594373739392797,0.398128971230038,0.08256855234255844,0.6097211954586694,NA,NA,-0.8449675247336355,0.398128971230038,-0.510471472615877,0.6097211954586692,NA,NA,1,1,Not_Significant
H0501,121,762,0,0.0775298384414405,0.6412998450545545,0.010710020638352783,0.9374426055250719,NA,NA,-0.46588216898656,0.6412998450545544,-0.0784845677255986,0.9374426055250717,NA,NA,1,1,Not_Significant
H0502,61655,36639,0,0.5149908754220013,0.5248172062583485,-0.00926077148916085,0.9802989658590369,NA,NA,0.6359374281876008,0.5248172062583486,-0.024694094115092914,0.9802989658590369,NA,NA,-1,1,Not_Significant
H0503,18680,7451,0,0.3905230228467523,0.0024847072606622193,-0.11785253700140186,0.008380361618923287,NA,NA,3.025197611453545,0.002484707260662223,2.6363484870671523,0.008380361618923287,NA,NA,-1,1,Sporadic_Hotspot
H0504,85542,43950,0,3.178589296130472,0.007570360242915777,1.1004638484018052,0.01665657032934149,NA,NA,2.670654150219109,0.0075703602429157656,2.3942020491212754,0.016656570329341473,NA,NA,-1,1,Sporadic_Hotspot
H0505,0,0,0,0.17077520189103015,0.3106492228753715,0.1312403111890101,0.37412041965515186,NA,NA,-1.0138607071981673,0.3106492228753717,-0.8887816871223535,0.3741204196551518,NA,NA,1,1,Not_Significant
H0506,1004,6803,0,0.09306304315119875,0.541467418320982,0.038619862269016265,0.4716152651063827,NA,NA,-0.6105954761750217,0.541467418320982,-0.7198533954612747,0.47161526510638263,NA,NA,-1,1,Not_Significant
H0507,0,0,0,0.17077520189103015,0.3106492228753715,0.1312403111890101,0.37412041965515186,NA,NA,-1.0138607071981673,0.3106492228753717,-0.8887816871223535,0.3741204196551518,NA,NA,1,1,Not_Significant
H0508,0,0,0,0.17077520189103015,0.3106492228753715,0.1312403111890101,0.37412041965515186,NA,NA,-1.0138607071981673,0.3106492228753717,-0.8887816871223535,0.3741204196551518,NA,NA,1,1,Not_Significant
H0509,0,0,0,0.17077520189103015,0.3106492228753715,0.1312403111890101,0.37412041965515186,NA,NA,-1.0138607071981673,0.3106492228753717,-0.8887816871223535,0.3741204196551518,NA,NA,1,1,Not_Significant
H0510,0,0,0,0.17077520189103015,0.3106492228753715,0.1312403111890101,0.37412041965515186,NA,NA,-1.0138607071981673,0.3106492228753717,-0.8887816871223535,0.3741204196551518,NA,NA,1,1,Not_Significant
H0511,0,0,0,0.17077520189103015,0.3106492228753715,0.1312403111890101,0.37412041965515186,NA,NA,-1.0138607071981673,0.3106492228753717,-0.8887816871223535,0.3741204196551518,NA,NA,1,1,Not_Significant
H0512,0,0,0,0.17077520189103015,0.3106492228753715,0.1312403111890101,0.37412041965515186,NA,NA,-1.0138607071981673,0.3106492228753717,-0.8887816871223535,0.3741204196551518,NA,NA,1,1,Not_Significant
H0513,0,0,0,0.17077520189103015,0.6793326237830962,0.1312403111890101,0.717070740274607,NA,NA,-0.41337399579290984,0.6793326237830962,-0.36237644361289945,0.7170707402746069,NA,NA,1,1,Not_Significant
H0514,0,0,0,0.17077520189103015,0.4737730735094146,0.1312403111890101,0.5300185518190873,NA,NA,-0.7163535424379491,0.47377307350941483,-0.6279776950657879,0.5300185518190872,NA,NA,1,1,Not_Significant
H0515,0,0,0,0.17077520189103015,0.5587160933401475,0.1312403111890101,0.6082244294829044,NA,NA,-0.5847496065156478,0.5587160933401476,-0.5126096101104027,0.6082244294829042,NA,NA,1,1,Not_Significant
H0516,0,0,0,0.17077520189103015,0.3106492228753715,0.1312403111890101,0.37412041965515186,NA,NA,-1.0138607071981673,0.3106492228753717,-0.8887816871223535,0.3741204196551518,NA,NA,1,1,Not_Significant
H0517,0,0,0,0.17077520189103015,0.3548175361964155,0.1312403111890101,0.4172888828283537,NA,NA,-0.9252852749300453,0.3548175361964156,-0.8111337207203317,0.41728888282835347,NA,NA,1,1,Not_Significant
H0518,0,0,0,0.17077520189103015,0.3106492228753715,0.1312403111890101,0.37412041965515186,NA,NA,-1.0138607071981673,0.3106492228753717,-0.8887816871223535,0.3741204196551518,NA,NA,1,1,Not_Significant
H0519,0,0,0,0.17077520189103015,0.4737730735094146,0.1312403111890101,0.5300185518190873,NA,NA,-0.7163535424379491,0.47377307350941483,-0.6279776950657879,0.5300185518190872,NA,NA,1,1,Not_Significant
H0520,0,0,0,0.17077520189103015,0.4737730735094146,0.1312403111890101,0.5300185518190873,NA,NA,-0.7163535424379491,0.47377307350941483,-0.6279776950657879,0.5300185518190872,NA,NA,1,1,Not_Significant
H0521,110,1743,0,0.1419460696683159,0.39441346286262957,0.04799684219499493,0.6975780000610119,NA,NA,-0.8516408440058417,0.3944134628626294,-0.38859198052697685,0.6975780000610118,NA,NA,1,1,Not_Significant
H0522,8379,6168,0,-0.01043258647081344,0.7658882152479745,0.004324748415158856,0.9446301286659057,NA,NA,0.29775755083116345,0.7658882152479746,-0.06945163582180315,0.9446301286659057,NA,NA,-1,1,Not_Significant
H0523,13888,4550,0,0.07696329096605185,0.14455317145570026,-0.04058469536146319,0.6324914162909883,NA,NA,1.459043368882463,0.1445531714557003,0.47822310920749506,0.632491416290988,NA,NA,-1,1,Not_Significant
H0524,32447,19539,0,1.4863580601949784,1.9791116155715455e-5,0.4142387453895307,7.174306485978066e-4,NA,NA,4.267234422201453,1.9791116155715455e-5,3.382829855074829,7.174306485978066e-4,NA,NA,-1,1,Sporadic_Hotspot
H0525,0,0,0,-0.15252144656147854,0.3657278257833383,4.027120991227914e-4,0.9974605054852859,NA,NA,0.9045047330578443,0.3657278257833384,-0.003182789750608223,0.9974605054852858,NA,NA,-1,1,Not_Significant
H0526,0,0,0,0.16743841838417065,0.320193157526896,0.11437759009447132,0.4385505300097885,NA,NA,-0.9940610272701035,0.3201931575268961,-0.7746431878538733,0.4385505300097885,NA,NA,1,1,Not_Significant
H0527,0,0,0,0.16743841838417065,0.320193157526896,0.11437759009447132,0.4385505300097885,NA,NA,-0.9940610272701035,0.3201931575268961,-0.7746431878538733,0.4385505300097885,NA,NA,1,1,Not_Significant
H0528,0,0,0,0.17077520189103015,0.3106492228753715,0.1312403111890101,0.37412041965515186,NA,NA,-1.0138607071981673,0.3106492228753717,-0.8887816871223535,0.3741204196551518,NA,NA,1,1,Not_Significant
H0529,0,0,0,0.17077520189103015,0.3106492228753715,0.1312403111890101,0.37412041965515186,NA,NA,-1.0138607071981673,0.3106492228753717,-0.8887816871223535,0.3741204196551518,NA,NA,1,1,Not_Significant
H0530,0,0,0,0.17077520189103015,0.3106492228753715,0.1312403111890101,0.37412041965515186,NA,NA,-1.0138607071981673,0.3106492228753717,-0.8887816871223535,0.3741204196551518,NA,NA,1,1,Not_Significant
H0531,0,0,0,0.17077520189103015,0.3106492228753715,0.1312403111890101,0.37412041965515186,NA,NA,-1.0138607071981673,0.3106492228753717,-0.8887816871223535,0.3741204196551518,NA,NA,1,1,Not_Significant
H0532,0,0,0,0.17053839790022077,0.3113202805929374,0.1301039816349221,0.3782689865631244,NA,NA,-1.0124555686226273,0.3113202805929376,-0.8810902268146791,0.3782689865631243,NA,NA,1,1,Not_Significant
H0533,0,0,0,0.17077520189103015,0.4737730735094146,0.1312403111890101,0.5300185518190873,NA,NA,-0.7163535424379491,0.47377307350941483,-0.6279776950657879,0.5300185518190872,NA,NA,1,1,Not_Significant
H0534,0,0,0,0.17077520189103015,0.4737730735094146,0.1312403111890101,0.5300185518190873,NA,NA,-0.7163535424379491,0.47377307350941483,-0.6279776950657879,0.5300185518190872,NA,NA,1,1,Not_Significant
H0535,0,0,0,0.17077520189103015,0.4737730735094146,0.1312403111890101,0.5300185518190873,NA,NA,-0.7163535424379491,0.47377307350941483,-0.6279776950657879,0.5300185518190872,NA,NA,1,1,Not_Significant
H0536,0,0,0,0.17077520189103015,0.6793326237830962,0.1312403111890101,0.717070740274607,NA,NA,-0.41337399579290984,0.6793326237830962,-0.36237644361289945,0.7170707402746069,NA,NA,1,1,Not_Significant
H0537,0,0,0,0.17077520189103015,0.5587160933401475,0.1312403111890101,0.6082244294829044,NA,NA,-0.5847496065156478,0.5587160933401476,-0.5126096101104027,0.6082244294829042,NA,NA,1,1,Not_Significant
H0538,0,0,0,0.17077520189103015,0.3106492228753715,0.1312403111890101,0.37412041965515186,NA,NA,-1.0138607071981673,0.3106492228753717,-0.8887816871223535,0.3741204196551518,NA,NA,1,1,Not_Significant
H0539,0,0,0,0.17077520189103015,0.4737730735094146,0.1312403111890101,0.5300185518190873,NA,NA,-0.7163535424379491,0.47377307350941483,-0.6279776950657879,0.5300185518190872,NA,NA,1,1,Not_Significant
H0540,0,0,0,0.15466983956155114,0.3584642785556404,0.07711621792357387,0.6013691752859529,NA,NA,-0.918295316577633,0.3584642785556405,-0.5224325821973564,0.6013691752859527,NA,NA,1,1,Not_Significant
H0541,0,0,0,0.06788924979323573,0.6866834590764344,0.05399242335804194,0.7144286302544798,NA,NA,-0.4033599310936547,0.6866834590764345,-0.3659148295579422,0.7144286302544797,NA,NA,1,1,Not_Significant
H0542,0,0,0,-0.0693574995618882,0.6810507966745369,0.02080136317548145,0.8876685799308793,NA,NA,0.41102964581847734,0.681050796674537,-0.14125489613864475,0.8876685799308792,NA,NA,-1,1,Not_Significant
H0543,14993,26595,0,0.13796551252387593,0.04987641414547821,0.1535323807899403,0.4848977821282666,NA,NA,1.961022363841136,0.04987641414547821,0.6984468560487251,0.48489778212826645,NA,NA,-1,1,Sporadic_Hotspot
H0544,34600,19953,0,1.0914288948150783,0.004328581144087238,0.12793398895688698,0.3180933430203046,NA,NA,2.8531674113473406,0.004328581144087251,0.9983836825404673,0.3180933430203047,NA,NA,-1,1,Sporadic_Hotspot
H0545,0,0,0,0.17077520189103015,0.3106492228753715,0.1312403111890101,0.37412041965515186,NA,NA,-1.0138607071981673,0.3106492228753717,-0.8887816871223535,0.3741204196551518,NA,NA,1,1,Not_Significant
H0546,236,1433,0,-0.10887326266089295,0.5090866839565094,0.039588017158974816,0.75666542188474,NA,NA,0.6602604839721233,0.5090866839565095,-0.30986263011032467,0.7566654218847396,NA,NA,-1,1,Not_Significant
H0547,0,0,0,0.16946201612381448,0.3143825839839816,0.13064041108207716,0.37630704544171445,NA,NA,-1.0060685750974454,0.3143825839839818,-0.8847211504193829,0.37630704544171445,NA,NA,1,1,Not_Significant
H0548,0,0,0,0.17077520189103015,0.3106492228753715,0.1312403111890101,0.37412041965515186,NA,NA,-1.0138607071981673,0.3106492228753717,-0.8887816871223535,0.3741204196551518,NA,NA,1,1,Not_Significant
H0549,0,0,0,0.17077520189103015,0.3106492228753715,0.1312403111890101,0.37412041965515186,NA,NA,-1.0138607071981673,0.3106492228753717,-0.8887816871223535,0.3741204196551518,NA,NA,1,1,Not_Significant
H0550,0,0,0,0.17077520189103015,0.3106492228753715,0.1312403111890101,0.37412041965515186,NA,NA,-1.0138607071981673,0.3106492228753717,-0.8887816871223535,0.3741204196551518,NA,NA,1,1,Not_Significant
H0551,0,0,0,0.17053839790022077,0.3113202805929374,0.1301039816349221,0.3782689865631244,NA,NA,-1.0124555686226273,0.3113202805929376,-0.8810902268146791,0.3782689865631243,NA,NA,1,1,Not_Significant
H0552,0,0,0,0.17049103710205887,0.35561835756463095,0.12987671572410447,0.4221421860584939,NA,NA,-0.9237464197118254,0.35561835756463095,-0.8027103210384553,0.4221421860584937,NA,NA,1,1,Not_Significant
H0553,0,0,0,0.17077520189103015,0.4080177562909884,0.1312403111890101,0.46826000361036674,NA,NA,-0.8273869827863918,0.40801775629098863,-0.7253130466966894,0.46826000361036674,NA,NA,1,1,Not_Significant
H0554,0,0,0,0.17077520189103015,0.6793326237830962,0.1312403111890101,0.717070740274607,NA,NA,-0.41337399579290984,0.6793326237830962,-0.36237644361289945,0.7170707402746069,NA,NA,1,1,Not_Significant
H0555,0,0,0,0.17077520189103015,0.5587160933401475,0.1312403111890101,0.6082244294829044,NA,NA,-0.5847496065156478,0.5587160933401476,-0.5126096101104027,0.6082244294829042,NA,NA,1,1,Not_Significant
H0556,0,0,0,0.17077520189103015,0.3548175361964155,0.1312403111890101,0.4172888828283537,NA,NA,-0.9252852749300453,0.3548175361964156,-0.8111337207203317,0.41728888282835347,NA,NA,1,1,Not_Significant
H0557,0,0,0,0.1694835437593426,0.4115709367170586,0.10840930063471167,0.5490395247290876,NA,NA,-0.8211322593147855,0.4115709367170587,-0.5991999970867258,0.5490395247290875,NA,NA,1,1,Not_Significant
H0558,5555,17258,0,0.05127460940718546,0.5215150152910721,-0.05515779133962588,0.5442776870065245,NA,NA,-0.6410118017574548,0.521515015291072,-0.6063570432839668,0.5442776870065245,NA,NA,1,1,Not_Significant
H0559,1167,650,0,-0.04320864426621481,0.7735612758163952,0.05695670054461597,0.681127183172506,NA,NA,0.2877197433131438,0.7735612758163952,-0.41092547327642237,0.6811271831725059,NA,NA,-1,1,Not_Significant
H0560,2076,3933,0,-0.29687216553282403,0.028430330057424475,-0.1890026017181465,0.042934766482462125,NA,NA,2.1912966814899004,0.028430330057424534,2.0243440279764524,0.042934766482462174,NA,NA,-1,1,Sporadic_Hotspot
H0561,70477,49411,0,2.5098114005672123,0.008381793908521302,0.6883899948920617,0.1979076825140092,NA,NA,2.636290503718679,0.008381793908521288,1.287535562688933,0.19790768251400925,NA,NA,-1,1,Sporadic_Hotspot
H0562,0,0,0,-0.22948274357452766,0.17345846528776374,-0.02447164421189612,0.8687991825733996,NA,NA,1.3611747701083505,0.17345846528776396,0.16518396930873683,0.8687991825733997,NA,NA,-1,1,Not_Significant
H0563,0,0,0,-0.125700703647875,0.45605603898966457,0.05529254816316968,0.7078724585668188,NA,NA,0.745356821894124,0.45605603898966474,-0.37471496882888505,0.7078724585668186,NA,NA,-1,1,Not_Significant
H0564,0,0,0,-0.278724518890674,0.09825685447914614,0.006053648259992996,0.9669513317933514,NA,NA,1.6533637564016102,0.09825685447914617,-0.04143221398336766,0.9669513317933511,NA,NA,-1,1,Not_Significant
H0565,0,0,0,0.09049864900664967,0.5909093506368788,0.10265189756066566,0.48688258202919804,NA,NA,-0.5375187300901008,0.5909093506368788,-0.6952756325708978,0.48688258202919793,NA,NA,-1,1,Not_Significant
H0566,0,0,0,0.17077520189103015,0.3106492228753715,0.1312403111890101,0.37412041965515186,NA,NA,-1.0138607071981673,0.3106492228753717,-0.8887816871223535,0.3741204196551518,NA,NA,1,1,Not_Significant
H0567,0,0,0,0.17077520189103015,0.3106492228753715,0.1312403111890101,0.37412041965515186,NA,NA,-1.0138607071981673,0.3106492228753717,-0.8887816871223535,0.3741204196551518,NA,NA,1,1,Not_Significant
H0568,0,0,0,0.17077520189103015,0.3106492228753715,0.1312403111890101,0.37412041965515186,NA,NA,-1.0138607071981673,0.3106492228753717,-0.8887816871223535,0.3741204196551518,NA,NA,1,1,Not_Significant
H0569,88,555,0,0.16931168088848458,0.3107735847397511,0.12415446545603155,0.3751637309941727,NA,NA,-1.0136001528103535,0.3107735847397511,-0.886842447102584,0.3751637309941727,NA,NA,1,1,Not_Significant
H0570,0,0,0,0.17077520189103015,0.5587160933401475,0.1312403111890101,0.6082244294829044,NA,NA,-0.5847496065156478,0.5587160933401476,-0.5126096101104027,0.6082244294829042,NA,NA,1,1,Not_Significant
H0571,0,0,0,0.17077520189103015,0.4080177562909884,0.1312403111890101,0.46826000361036674,NA,NA,-0.8273869827863918,0.40801775629098863,-0.7253130466966894,0.46826000361036674,NA,NA,1,1,Not_Significant
H0572,0,0,0,0.17077520189103015,0.6793326237830962,0.1312403111890101,0.717070740274607,NA,NA,-0.41337399579290984,0.6793326237830962,-0.36237644361289945,0.7170707402746069,NA,NA,1,1,Not_Significant
H0573,0,0,0,0.17077520189103015,0.5587160933401475,0.1312403111890101,0.6082244294829044,NA,NA,-0.5847496065156478,0.5587160933401476,-0.5126096101104027,0.6082244294829042,NA,NA,1,1,Not_Significant
H0574,0,0,0,0.17077520189103015,0.4737730735094146,0.1312403111890101,0.5300185518190873,NA,NA,-0.7163535424379491,0.47377307350941483,-0.6279776950657879,0.5300185518190872,NA,NA,1,1,Not_Significant
H0575,320,7434,0,0.15073417818500948,0.35609691790737263,0.02870416455506792,0.522873623431008,NA,NA,-0.9228278633719526,0.35609691790737286,-0.6389220797384372,0.5228736234310079,NA,NA,1,1,Not_Significant
H0576,22902,11148,0,0.004886258724717562,0.9796640266517795,-0.0019397603169981625,0.7628018532554001,NA,NA,0.02549012297686362,0.9796640266517798,-0.30180351226015334,0.7628018532554001,NA,NA,-1,1,Not_Significant
H0577,2072,2000,0,-0.26824398575984876,0.047814639314929124,-0.1868837254501171,0.11972636821584891,NA,NA,1.9790121412078567,0.04781463931492907,1.555923148116047,0.11972636821584891,NA,NA,-1,1,Sporadic_Hotspot
H0578,48699,29563,0,2.8338660358642107,3.0137121220670255e-6,0.879199688215433,7.55785861923307e-4,NA,NA,4.669883079970388,3.0137121220670107e-6,3.368499310077427,7.557858619233058e-4,NA,NA,-1,1,Sporadic_Hotspot
H0579,53576,23213,0,2.3960429799556096,4.620858942382881e-4,0.26010326651796634,0.13318261310566623,NA,NA,3.5018233423170693,4.620858942382881e-4,1.501669002381992,0.13318261310566631,NA,NA,-1,1,Sporadic_Hotspot
H0580,0,0,0,-0.1378449810401789,0.4136895489886426,0.0215793906179201,0.883510017530804,NA,NA,0.817418076341989,0.4136895489886428,-0.14652112121416963,0.8835100175308039,NA,NA,-1,1,Not_Significant
H0581,103841,34966,0,1.8176078289054656,0.217979456906549,-0.06014840141579223,0.8586420392554213,NA,NA,1.2319186955879062,0.21797945690654916,-0.17810305957670836,0.8586420392554212,NA,NA,-1,1,Not_Significant
H0582,488,293,0,-0.37093433914457946,0.021055285430333186,-0.3706927180155612,0.00989693797696965,NA,NA,2.306991653171727,0.021055285430333234,2.5794095260706094,0.00989693797696965,NA,NA,1,1,Sporadic_Hotspot
H0583,0,0,0,0.08864189044234883,0.5985400419053261,0.10149099871892164,0.4918194395102913,NA,NA,-0.526501166259162,0.598540041905326,-0.687417870418733,0.4918194395102913,NA,NA,-1,1,Not_Significant
H0584,0,0,0,0.17077520189103015,0.3106492228753715,0.1312403111890101,0.37412041965515186,NA,NA,-1.0138607071981673,0.3106492228753717,-0.8887816871223535,0.3741204196551518,NA,NA,1,1,Not_Significant
H0585,0,0,0,0.17077520189103015,0.3106492228753715,0.1312403111890101,0.37412041965515186,NA,NA,-1.0138607071981673,0.3106492228753717,-0.8887816871223535,0.3741204196551518,NA,NA,1,1,Not_Significant
H0586,0,0,0,0.16051190165299623,0.34060997106909474,0.12569993682259173,0.3946134871367386,NA,NA,-0.9529607239355579,0.34060997106909485,-0.8512806211898003,0.3946134871367386,NA,NA,1,1,Not_Significant
H0587,0,0,0,0.17021548336729886,0.4752229195509454,0.12840255846474705,0.5389469496446859,NA,NA,-0.7140068890855701,0.4752229195509454,-0.6144061850618082,0.5389469496446859,NA,NA,1,1,Not_Significant
H0588,0,0,0,0.17077520189103015,0.6793326237830962,0.1312403111890101,0.717070740274607,NA,NA,-0.41337399579290984,0.6793326237830962,-0.36237644361289945,0.7170707402746069,NA,NA,1,1,Not_Significant
H0589,0,0,0,0.17077520189103015,0.4080177562909884,0.1312403111890101,0.46826000361036674,NA,NA,-0.8273869827863918,0.40801775629098863,-0.7253130466966894,0.46826000361036674,NA,NA,1,1,Not_Significant
H0590,0,0,0,0.17077520189103015,0.5587160933401475,0.1312403111890101,0.6082244294829044,NA,NA,-0.5847496065156478,0.5587160933401476,-0.5126096101104027,0.6082244294829042,NA,NA,1,1,Not_Significant
H0591,0,0,0,0.17077520189103015,0.5587160933401475,0.1312403111890101,0.6082244294829044,NA,NA,-0.5847496065156478,0.5587160933401476,-0.5126096101104027,0.6082244294829042,NA,NA,1,1,Not_Significant
H0592,0,0,0,0.16568526156584892,0.4221253384658845,0.08715686681230848,0.6299433202937406,NA,NA,-0.8027394631060931,0.4221253384658845,-0.48180662833491683,0.6299433202937406,NA,NA,1,1,Not_Significant
H0593,0,0,0,0.0646493406462528,0.700878331828193,0.02136440935093047,0.8846587780826713,NA,NA,-0.3841350805828571,0.700878331828193,-0.14506598007487986,0.8846587780826711,NA,NA,1,1,Not_Significant
H0594,48158,15163,0,0.13545455099192655,0.8195024642503728,-9.527066589149099e-4,0.9878833142633385,NA,NA,0.228184945810091,0.819502464250373,-0.015186597265386908,0.9878833142633384,NA,NA,-1,1,Not_Significant
H0595,121074,147488,0,3.3066912816670704,0.058403955014914535,1.5897401734584198,0.3948551798713526,NA,NA,1.8926535677166865,0.0584039550149146,0.8508455051510324,0.3948551798713527,NA,NA,-1,1,Not_Significant
H0596,43841,37985,0,2.918699110023952,3.572582955815229e-8,0.770422997460833,0.04114114373348781,NA,NA,5.510774443814536,3.5725829558152453e-8,2.0421047307482576,0.04114114373348781,NA,NA,-1,1,Sporadic_Hotspot
H0597,60566,32886,0,1.8082614037620177,0.022911541224674314,0.10334139273068142,0.7356955362002693,NA,NA,2.2749064686797125,0.022911541224674346,0.3375590097606674,0.7356955362002696,NA,NA,-1,1,Sporadic_Hotspot
H0598,6098,695,0,-0.20061261730662605,0.004943468846948914,-0.0398149650561754,0.7734856689059146,NA,NA,2.8106945733094135,0.004943468846948924,0.28781850843999973,0.7734856689059149,NA,NA,-1,1,Sporadic_Hotspot
H0599,62476,24451,0,3.8482755233741384,3.1458362540084128e-6,0.6747939645293871,3.9280759473603815e-4,NA,NA,4.661060893363208,3.1458362540083984e-6,3.544869445138629,3.9280759473603815e-4,NA,NA,-1,1,Sporadic_Hotspot
H0600,29344,13670,0,0.4542319158794336,0.1284718106076128,0.09863815029865369,0.016931411406851296,NA,NA,1.5201558500089714,0.12847181060761287,2.388193785761912,0.01693141140685131,NA,NA,1,1,Sporadic_Hotspot
H0601,0,0,0,0.08066859243361929,0.631803814980096,0.10998378248533096,0.4563304371950746,NA,NA,-0.4791895117213769,0.631803814980096,-0.7449028746641987,0.45633043719507477,NA,NA,-1,1,Not_Significant
H0602,0,0,0,0.17077520189103015,0.3106492228753715,0.1312403111890101,0.37412041965515186,NA,NA,-1.0138607071981673,0.3106492228753717,-0.8887816871223535,0.3741204196551518,NA,NA,1,1,Not_Significant
H0603,0,0,0,0.15897267571273527,0.3452578956393948,0.1209764912707339,0.4126100867697531,NA,NA,-0.9438273231945477,0.3452578956393949,-0.8193090915865483,0.41261008676975314,NA,NA,1,1,Not_Significant
H0604,16,138,0,0.16031208546098608,0.34048100168301726,0.12435512013400506,0.3935559160807658,NA,NA,-0.9532152885739648,0.34048100168301726,-0.8531864504402596,0.3935559160807658,NA,NA,1,1,Not_Significant
H0605,0,0,0,0.17077520189103015,0.6793326237830962,0.1312403111890101,0.717070740274607,NA,NA,-0.41337399579290984,0.6793326237830962,-0.36237644361289945,0.7170707402746069,NA,NA,1,1,Not_Significant
H0606,0,0,0,0.17077520189103015,0.5587160933401475,0.1312403111890101,0.6082244294829044,NA,NA,-0.5847496065156478,0.5587160933401476,-0.5126096101104027,0.6082244294829042,NA,NA,1,1,Not_Significant
H0607,0,0,0,0.17077520189103015,0.5587160933401475,0.1312403111890101,0.6082244294829044,NA,NA,-0.5847496065156478,0.5587160933401476,-0.5126096101104027,0.6082244294829042,NA,NA,1,1,Not_Significant
H0608,0,0,0,0.17077520189103015,0.3548175361964155,0.1312403111890101,0.4172888828283537,NA,NA,-0.9252852749300453,0.3548175361964156,-0.8111337207203317,0.41728888282835347,NA,NA,1,1,Not_Significant
H0609,145,747,0,0.1629587363191793,0.3266364012762303,0.07447004198048918,0.5875553095409707,NA,NA,-0.9809114688478187,0.32663640127623045,-0.5423820980403986,0.5875553095409705,NA,NA,1,1,Not_Significant
H0610,10141,9249,0,-0.005439736906376956,0.43375220715620105,-0.0039052869534834805,0.8439653148578732,NA,NA,0.7827869926262723,0.4337522071562011,0.19682394164538303,0.8439653148578732,NA,NA,-1,1,Not_Significant
H0611,14956,9166,0,0.16389640993814686,0.018811799194875085,-0.06054775485647272,0.00390827249290289,NA,NA,2.3492395609436127,0.018811799194875113,2.8854719806522584,0.003908272492902896,NA,NA,1,1,Sporadic_Hotspot
H0612,103192,41676,0,5.175375492766358,4.259210881963119e-4,1.3342362234593086,0.001838651072443482,NA,NA,3.5234788502286465,4.259210881963119e-4,3.115127994766866,0.001838651072443482,NA,NA,-1,1,Sporadic_Hotspot
H0613,73006,32182,0,5.167318873190736,1.9324784349166236e-7,1.1198574939128831,1.6456523200833226e-4,NA,NA,5.205718082024902,1.9324784349166146e-7,3.7679931275520295,1.645652320083317e-4,NA,NA,-1,1,Sporadic_Hotspot
H0614,48024,19979,0,0.8206181298634379,0.1682267639051664,0.03576269219995862,0.7805557418732547,NA,NA,1.3779239683670748,0.1682267639051664,0.2785948806519249,0.7805557418732547,NA,NA,-1,1,Not_Significant
H0615,71256,24596,0,3.516294848313216,2.6726895536438285e-4,0.19965778926004216,0.29910840247413384,NA,NA,3.645118178652428,2.6726895536438236e-4,1.0383472841329664,0.2991084024741339,NA,NA,-1,1,Sporadic_Hotspot
H0616,116155,212136,0,3.5670394911569527,0.03276555371295808,1.7489256647815967,0.5194757706733505,NA,NA,2.1349443789221825,0.03276555371295808,0.6441537005998716,0.5194757706733504,NA,NA,-1,1,Sporadic_Hotspot
H0617,1178,860,0,-0.25659447581665146,0.08672784776956896,-0.12026627118581751,0.37621738030449225,NA,NA,1.712916796308198,0.08672784776956904,0.8848873704965453,0.3762173803044923,NA,NA,-1,1,Not_Significant
H0618,0,0,0,0.08094845169548494,0.6306230186609876,0.10575786500850626,0.47380677043473995,NA,NA,-0.48085013003792415,0.6306230186609876,-0.7162989574118744,0.4738067704347399,NA,NA,-1,1,Not_Significant
H0619,0,0,0,0.16620865220462652,0.32375840222996083,0.12209644129971796,0.4082995910004333,NA,NA,-0.986763887167583,0.3237584022299611,-0.8268896839978959,0.40829959100043317,NA,NA,1,1,Not_Significant
H0620,3710,2013,0,0.10812988931339207,0.3228746313329332,0.09893585565944714,0.40908481457040335,NA,NA,-0.9885678320440517,0.3228746313329333,-0.8255052301921019,0.40908481457040335,NA,NA,1,1,Not_Significant
H0621,0,0,0,0.17068909134891763,0.4739959683402617,0.1306752175729231,0.5317904910485496,NA,NA,-0.7159925188452754,0.47399596834026186,-0.6252751432901037,0.5317904910485495,NA,NA,1,1,Not_Significant
H0622,0,0,0,0.17077520189103015,0.3548175361964155,0.1312403111890101,0.4172888828283537,NA,NA,-0.9252852749300453,0.3548175361964156,-0.8111337207203317,0.41728888282835347,NA,NA,1,1,Not_Significant
H0623,0,0,0,0.17077520189103015,0.5587160933401475,0.1312403111890101,0.6082244294829044,NA,NA,-0.5847496065156478,0.5587160933401476,-0.5126096101104027,0.6082244294829042,NA,NA,1,1,Not_Significant
H0624,796,6173,0,0.15300803329570872,0.3700070374112414,0.04567969265242998,0.5037879905014382,NA,NA,-0.8964601819253456,0.3700070374112416,-0.6685415156979617,0.5037879905014382,NA,NA,1,1,Not_Significant
H0625,375,7829,0,0.09123535405264036,0.5742733436835841,0.010355472799066788,0.7929632834904182,NA,NA,-0.5617691058222254,0.574273343683584,-0.2624645877388674,0.7929632834904181,NA,NA,1,1,Not_Significant
H0626,26392,30777,0,0.18484536932415524,0.4627132648184432,0.12891531670187192,0.642052992319285,NA,NA,0.7343864137052334,0.4627132648184432,0.46483029313024893,0.6420529923192851,NA,NA,-1,1,Not_Significant
H0627,10094,38396,0,-0.025681839745896922,8.493424729011187e-4,1.080957091185764,0.004767879453269574,NA,NA,3.3361927726700102,8.493424729011228e-4,2.82231181668134,0.004767879453269574,NA,NA,-1,1,Sporadic_Hotspot
H0628,59400,35297,0,4.83839815513174,4.73178745467434e-10,1.372738327692,5.470456279053729e-5,NA,NA,6.227750851624302,4.73178745467434e-10,4.034560634510039,5.470456279053729e-5,NA,NA,-1,1,Sporadic_Hotspot
H0629,31040,13012,0,1.6830460840180972,2.420748122259854e-7,0.13378379388823403,3.263621560575859e-5,NA,NA,5.163731541211871,2.420748122259854e-7,4.154245833639721,3.263621560575873e-5,NA,NA,-1,1,Sporadic_Hotspot
H0630,16388,5358,0,0.20206623810101704,0.029058496568074084,-0.03985620553196533,0.5885321052308448,NA,NA,2.182692039316219,0.029058496568074084,0.5409644224764835,0.5885321052308448,NA,NA,-1,1,Sporadic_Hotspot
H0631,63176,47851,0,3.5909928615834286,1.7713820674440865e-5,1.812859993366123,4.156694176753753e-4,NA,NA,4.291915695373394,1.771382067444093e-5,3.5299301343356264,4.1566941767537467e-4,NA,NA,-1,1,Sporadic_Hotspot
H0632,40778,23134,0,1.2549937217109202,0.009044206434699978,0.6005777834790895,4.854926904660797e-4,NA,NA,2.6103786083844365,0.009044206434699978,3.4886354974881453,4.8549269046607886e-4,NA,NA,1,1,Sporadic_Hotspot
H0633,32307,9522,0,0.16067254517200513,0.6417848840162248,-0.010949058150130274,0.49541980966600074,NA,NA,0.4652046849908662,0.6417848840162248,0.6817140055290706,0.49541980966600085,NA,NA,1,1,Not_Significant
H0634,0,0,0,0.16320285609401194,0.332581010363044,0.12016979965936331,0.4157315475299177,NA,NA,-0.9689282077485126,0.33258101036304416,-0.8138488476924516,0.41573154752991776,NA,NA,1,1,Not_Significant
H0635,676,3000,0,0.14545973164873283,0.35624891901853734,0.08577376503114494,0.41933130058848356,NA,NA,-0.9225362729119032,0.3562489190185372,-0.8075819159665996,0.41933130058848334,NA,NA,1,1,Not_Significant
H0636,0,0,0,0.15834299237353758,0.347170919784263,0.12257554240900914,0.40646383418445114,NA,NA,-0.9400909319823163,0.34717091978426307,-0.8301325699654558,0.40646383418445126,NA,NA,1,1,Not_Significant
H0637,0,0,0,0.17077520189103015,0.5587160933401475,0.1312403111890101,0.6082244294829044,NA,NA,-0.5847496065156478,0.5587160933401476,-0.5126096101104027,0.6082244294829042,NA,NA,1,1,Not_Significant
H0638,0,0,0,0.17077520189103015,0.3548175361964155,0.1312403111890101,0.4172888828283537,NA,NA,-0.9252852749300453,0.3548175361964156,-0.8111337207203317,0.41728888282835347,NA,NA,1,1,Not_Significant
H0639,0,0,0,0.17077520189103015,0.4737730735094146,0.1312403111890101,0.5300185518190873,NA,NA,-0.7163535424379491,0.47377307350941483,-0.6279776950657879,0.5300185518190872,NA,NA,1,1,Not_Significant
H0640,0,0,0,0.15684951265877387,0.5912045408448147,0.0621576166223718,0.8080679494159195,NA,NA,-0.5370913133016822,0.5912045408448147,-0.24291925438249382,0.8080679494159195,NA,NA,1,1,Not_Significant
H0641,572,3557,0,0.1341459257841001,0.3997954738428117,0.022979602999139825,0.8153894340563403,NA,NA,-0.8419865646970979,0.3997954738428116,-0.2334790521710662,0.8153894340563403,NA,NA,1,1,Not_Significant
H0642,14663,13390,0,0.005877668442362504,0.9279033094453011,0.012947909485528883,0.7293299614099864,NA,NA,0.09048311719262547,0.9279033094453013,0.34601696995634856,0.7293299614099864,NA,NA,1,1,Not_Significant
H0643,2791,38497,0,-0.07793667683616208,0.5301131400093806,0.39007494915169605,0.309853998638905,NA,NA,0.6278333139206077,0.5301131400093809,1.015528436064248,0.30985399863890506,NA,NA,1,1,Not_Significant
H0644,0,0,0,-0.6785546026001104,5.6767360413889604e-5,-0.34695787678080336,0.01887489185362407,NA,NA,4.025860403781869,5.6767360413889834e-5,2.3479926876526562,0.018874891853624048,NA,NA,-1,1,Sporadic_Hotspot
H0645,140382,193503,0,9.085748668901193,9.4821667983677e-6,5.012961466184302,0.04437477809246247,NA,NA,4.428657031748126,9.48216679836766e-6,2.0105332750474147,0.04437477809246254,NA,NA,-1,1,Sporadic_Hotspot
H0646,35507,32223,0,0.38851086712060684,0.32732418265601676,0.11286260808027235,0.704052346422734,NA,NA,0.9795178310038462,0.32732418265601687,0.37985595146544765,0.704052346422734,NA,NA,-1,1,Not_Significant
H0647,39260,25659,0,1.3211631450843246,0.003814511419701912,0.21994100846141265,0.287925712202643,NA,NA,2.893107149805896,0.003814511419701912,1.062683045362196,0.28792571220264307,NA,NA,-1,1,Sporadic_Hotspot
H0648,0,0,0,-0.6879756340981062,4.469544584894656e-5,-0.5647154732755542,1.3241346332464315e-4,NA,NA,4.081762564611023,4.469544584894674e-5,3.8219259353698107,1.324134633246436e-4,NA,NA,-1,1,Sporadic_Hotspot
H0649,68339,81656,0,0.676476503491808,0.4600170166846048,0.08515180950177674,0.928346673664688,NA,NA,0.7388188290702212,0.4600170166846047,0.08992517723291463,0.928346673664688,NA,NA,-1,1,Not_Significant
H0650,1074,2924,0,0.009745054572604914,0.9483111617223614,0.02214630733353634,0.8362295136014014,NA,NA,-0.06482773102294236,0.9483111617223613,-0.2067187496052175,0.8362295136014014,NA,NA,-1,1,Not_Significant
H0651,1021,1466,0,0.14874728156778202,0.32837282677644836,0.10067839405454014,0.4293912668653842,NA,NA,-0.9773966380248543,0.32837282677644847,-0.7902337539385694,0.4293912668653841,NA,NA,1,1,Not_Significant
H0652,879,1421,0,0.14122400693444448,0.36049966204326983,0.09744929438995116,0.4465443500767833,NA,NA,-0.9144134024783233,0.3604996620432699,-0.7611887277398384,0.4465443500767833,NA,NA,1,1,Not_Significant
H0653,0,0,0,0.17069447325779968,0.4739820357249961,0.1285376895468548,0.5385200844950745,NA,NA,-0.7160150828198175,0.47398203572499614,-0.6150524474429502,0.5385200844950742,NA,NA,1,1,Not_Significant
H0654,0,0,0,0.17077520189103015,0.6793326237830962,0.1312403111890101,0.717070740274607,NA,NA,-0.41337399579290984,0.6793326237830962,-0.36237644361289945,0.7170707402746069,NA,NA,1,1,Not_Significant
H0655,0,0,0,0.17077520189103015,0.3548175361964155,0.1312403111890101,0.4172888828283537,NA,NA,-0.9252852749300453,0.3548175361964156,-0.8111337207203317,0.41728888282835347,NA,NA,1,1,Not_Significant
H0656,0,0,0,0.17077520189103015,0.4737730735094146,0.1312403111890101,0.5300185518190873,NA,NA,-0.7163535424379491,0.47377307350941483,-0.6279776950657879,0.5300185518190872,NA,NA,1,1,Not_Significant
H0657,0,0,0,0.17077520189103015,0.5587160933401475,0.1312403111890101,0.6082244294829044,NA,NA,-0.5847496065156478,0.5587160933401476,-0.5126096101104027,0.6082244294829042,NA,NA,1,1,Not_Significant
H0658,929,5074,0,0.11294198528540614,0.502257022344475,0.03674276644256515,0.6653821509646523,NA,NA,-0.670942716758006,0.5022570223444749,-0.43249435934069796,0.6653821509646521,NA,NA,1,1,Not_Significant
H0659,2791,18226,0,-0.012428709697658052,0.920503703333583,0.007439271770885098,0.9428872315535782,NA,NA,0.09979925020008582,0.920503703333583,0.07164147628970452,0.9428872315535782,NA,NA,-1,1,Not_Significant
H0660,18695,12111,0,0.04507570300408831,0.7271725777370244,0.015684030393862843,0.4269582413287575,NA,NA,0.3488890878035943,0.7271725777370244,0.794407496663201,0.4269582413287575,NA,NA,1,1,Not_Significant
H0661,30397,30800,0,-0.11594416667021204,0.7142046723289763,0.3817039398320779,0.16973490288554913,NA,NA,-0.36621497024242267,0.7142046723289763,1.3730561136712283,0.16973490288554913,NA,NA,1,1,Not_Significant
H0662,92570,49761,0,5.075965420746022,9.634649432374021e-5,1.7693873840430343,0.0010483314001619706,NA,NA,3.8996131737458373,9.63464943237409e-5,3.2772240688508254,0.0010483314001619689,NA,NA,-1,1,Sporadic_Hotspot
H0663,29266,53091,0,1.036624530529951,4.967599766326031e-4,1.7219300071042343,0.003288070162541609,NA,NA,3.48249743665411,4.967599766326021e-4,2.9394389723446714,0.003288070162541609,NA,NA,-1,1,Sporadic_Hotspot
H0664,0,0,0,-0.21822648114775897,0.19553323384873478,-0.08157271616497921,0.5811653437648596,NA,NA,1.2943827853187613,0.19553323384873478,0.5516833143911368,0.5811653437648598,NA,NA,-1,1,Not_Significant
H0665,42664,31760,0,1.673825523094013,0.0010500110450530119,0.4944923218125187,0.08958069843557125,NA,NA,3.276772046421364,0.0010500110450530132,1.6976136838926665,0.08958069843557118,NA,NA,-1,1,Sporadic_Hotspot
H0666,11783,7469,0,0.02814465284763331,0.14296841445233707,-0.036821811220911556,0.4075467223934785,NA,NA,1.4648259336510332,0.14296841445233718,0.8282185816134227,0.40754672239347833,NA,NA,-1,1,Not_Significant
H0667,21935,27856,0,0.1278451462915615,0.47955475298638256,0.13932463159826744,0.5569071875996685,NA,NA,0.7070188672724027,0.4795547529863825,0.5874415614386154,0.5569071875996683,NA,NA,-1,1,Not_Significant
H0668,719,1017,0,0.1407474406266436,0.3699564730122137,0.08662019125596587,0.5167260533107076,NA,NA,-0.8965548997296768,0.3699564730122136,-0.6484003356289184,0.5167260533107075,NA,NA,1,1,Not_Significant
H0669,107,949,0,0.15515091793724964,0.35208522534780595,0.09956652976071624,0.4592701736679969,NA,NA,-0.9305522480820534,0.3520852253478059,-0.7400491467653346,0.45927017366799694,NA,NA,1,1,Not_Significant
H0670,15,660,0,0.16355720510089294,0.33084748484681803,0.11544671621076881,0.40467426969465103,NA,NA,-0.9724082589158365,0.33084748484681803,-0.8333022818907042,0.40467426969465103,NA,NA,1,1,Not_Significant
H0671,0,0,0,0.17077520189103015,0.4737730735094146,0.1312403111890101,0.5300185518190873,NA,NA,-0.7163535424379491,0.47377307350941483,-0.6279776950657879,0.5300185518190872,NA,NA,1,1,Not_Significant
H0672,0,0,0,0.17077520189103015,0.4737730735094146,0.1312403111890101,0.5300185518190873,NA,NA,-0.7163535424379491,0.47377307350941483,-0.6279776950657879,0.5300185518190872,NA,NA,1,1,Not_Significant
H0673,0,0,0,0.17077520189103015,0.5587160933401475,0.1312403111890101,0.6082244294829044,NA,NA,-0.5847496065156478,0.5587160933401476,-0.5126096101104027,0.6082244294829042,NA,NA,1,1,Not_Significant
H0674,0,0,0,0.17077520189103015,0.3548175361964155,0.1312403111890101,0.4172888828283537,NA,NA,-0.9252852749300453,0.3548175361964156,-0.8111337207203317,0.41728888282835347,NA,NA,1,1,Not_Significant
H0675,0,0,0,0.17077520189103015,0.3548175361964155,0.1312403111890101,0.4172888828283537,NA,NA,-0.9252852749300453,0.3548175361964156,-0.8111337207203317,0.41728888282835347,NA,NA,1,1,Not_Significant
H0676,5726,9225,0,-0.05711852066044766,0.46007981052972197,-0.011099007825514384,0.5821233759076335,NA,NA,0.7387154361125702,0.4600798105297221,0.5502857801249784,0.5821233759076337,NA,NA,-1,1,Not_Significant
H0677,10723,10868,0,0.011501280411050956,7.505129354449744e-7,0.010352736653580325,5.063743589761152e-5,NA,NA,4.947814725062794,7.505129354449744e-7,4.052665234398911,5.063743589761172e-5,NA,NA,-1,1,Sporadic_Hotspot
H0678,2273,16028,0,-0.05194497283155407,0.6949239995637779,0.07547455780267304,0.30709245691879933,NA,NA,0.3921816526376998,0.6949239995637779,1.0213419520011462,0.30709245691879933,NA,NA,1,1,Not_Significant
H0679,19971,37629,0,0.24698761098924701,0.09881777881894127,0.3181475947175386,0.392500530942724,NA,NA,1.6506122357376627,0.09881777881894123,0.8550914348415977,0.392500530942724,NA,NA,-1,1,Not_Significant
H0680,53306,23832,0,2.75837678793784,4.9821501862380195e-5,0.6444727014327815,3.9272852533178254e-4,NA,NA,4.056462759757204,4.982150186238038e-5,3.5449225095146835,3.9272852533178194e-4,NA,NA,-1,1,Sporadic_Hotspot
H0681,0,0,0,-0.1052171584428635,0.5327508378111583,-0.13918360083692335,0.34638035185426147,NA,NA,0.6238123351099125,0.5327508378111586,0.9416334227467095,0.34638035185426164,NA,NA,1,1,Not_Significant
H0682,51027,31167,0,1.9206897827917762,0.0028457729617077927,1.021833423969477,3.079873640346841e-4,NA,NA,2.983924162348741,0.0028457729617077927,3.608487488935673,3.0798736403468577e-4,NA,NA,1,1,Sporadic_Hotspot
H0683,44569,17565,0,0.6514459488434233,0.2282076936397621,0.06412409429024436,0.5002572953375805,NA,NA,1.2049886238017489,0.22820769363976218,0.6740849685903918,0.5002572953375803,NA,NA,-1,1,Not_Significant
H0684,1515,1519,0,-0.08897991568458996,0.5380263577897406,-0.09287680578890262,0.46389002909167526,NA,NA,0.6158002569685642,0.5380263577897408,0.732456426362672,0.46389002909167515,NA,NA,1,1,Not_Significant
H0685,4471,10812,0,0.06076521798243459,0.5320618071808136,-7.600605669696127e-4,0.6694014423328765,NA,NA,-0.6248617368129715,0.5320618071808136,-0.42696963808071975,0.6694014423328762,NA,NA,1,1,Not_Significant
H0686,778,2140,0,-0.01687105250648653,0.9143341354739183,0.01266901119111236,0.9143155381255221,NA,NA,0.10757335306959824,0.9143341354739185,-0.10759679667197822,0.9143155381255221,NA,NA,-1,1,Not_Significant
H0687,1717,2580,0,0.10857160106974313,0.4415897761413122,0.08994847584417637,0.42196642849125,NA,NA,-0.7695114058214656,0.4415897761413122,-0.8030143706590818,0.42196642849125,NA,NA,-1,1,Not_Significant
H0688,0,0,0,0.17065410894118443,0.5589948233330632,0.12718637872577715,0.6193416927460521,NA,NA,-0.5843351865746568,0.5589948233330632,-0.496783555626503,0.6193416927460521,NA,NA,1,1,Not_Significant
H0689,0,0,0,0.17077520189103015,0.4080177562909884,0.1312403111890101,0.46826000361036674,NA,NA,-0.8273869827863918,0.40801775629098863,-0.7253130466966894,0.46826000361036674,NA,NA,1,1,Not_Significant
H0690,0,0,0,0.17077520189103015,0.3548175361964155,0.1312403111890101,0.4172888828283537,NA,NA,-0.9252852749300453,0.3548175361964156,-0.8111337207203317,0.41728888282835347,NA,NA,1,1,Not_Significant
H0691,0,0,0,0.17077520189103015,0.6793326237830962,0.1312403111890101,0.717070740274607,NA,NA,-0.41337399579290984,0.6793326237830962,-0.36237644361289945,0.7170707402746069,NA,NA,1,1,Not_Significant
H0692,0,0,0,0.17077520189103015,0.3106492228753715,0.1312403111890101,0.37412041965515186,NA,NA,-1.0138607071981673,0.3106492228753717,-0.8887816871223535,0.3741204196551518,NA,NA,1,1,Not_Significant
H0693,0,0,0,0.17077520189103015,0.4737730735094146,0.1312403111890101,0.5300185518190873,NA,NA,-0.7163535424379491,0.47377307350941483,-0.6279776950657879,0.5300185518190872,NA,NA,1,1,Not_Significant
H0694,0,0,0,0.17077520189103015,0.3548175361964155,0.1312403111890101,0.4172888828283537,NA,NA,-0.9252852749300453,0.3548175361964156,-0.8111337207203317,0.41728888282835347,NA,NA,1,1,Not_Significant
H0695,0,0,0,0.13680459302764789,0.6394335062554072,0.10486518089033982,0.6820668653398201,NA,NA,-0.468490999069638,0.6394335062554072,-0.4096443404833341,0.68206686533982,NA,NA,1,1,Not_Significant
H0696,7448,5979,0,-0.03496837614515632,0.5222149250026406,-0.048615154239668404,0.49536630228513134,NA,NA,0.639934897495236,0.5222149250026406,0.6817986116647318,0.49536630228513107,NA,NA,1,1,Not_Significant
H0697,37678,24377,0,2.6883663268728433,4.70138354082574e-10,0.9573906361201501,4.27367621170448e-7,NA,NA,6.228760998858084,4.70138354082574e-10,5.056345129107025,4.27367621170448e-7,NA,NA,-1,1,Sporadic_Hotspot
H0698,28446,11860,0,1.1857450660058468,3.1000187353242446e-5,0.062049019994366315,1.3730931245044896e-4,NA,NA,4.165991778744717,3.1000187353242446e-5,3.812965451690567,1.3730931245044947e-4,NA,NA,-1,1,Sporadic_Hotspot
H0699,5340,32556,0,0.0026044057367596955,0.9748959117648706,0.15175593075157723,0.6151759354030601,NA,NA,-0.03146850161910913,0.9748959117648704,0.5026989679613573,0.6151759354030603,NA,NA,1,1,Not_Significant
H0700,33738,10097,0,0.6549864659181338,0.07567687050881011,-0.005844682128757114,0.47101296274332094,NA,NA,1.7763401428075614,0.07567687050881011,0.7208318728814166,0.471012962743321,NA,NA,-1,1,Not_Significant
H0701,21249,13397,0,0.14856379196252303,0.381987354782806,0.028158412695918077,0.4530000603244308,NA,NA,0.8742403893811224,0.3819873547828061,0.7504228714077501,0.4530000603244308,NA,NA,-1,1,Not_Significant
H0702,2377,9534,0,-0.2181540644051176,0.09506280862554813,-0.04232102260908892,0.007752484969760227,NA,NA,1.6692754228953306,0.09506280862554813,2.662663704849696,0.007752484969760237,NA,NA,1,1,Sporadic_Hotspot
H0703,70473,64277,0,3.586579190216654,1.656827183161712e-4,2.4595923482297843,8.885343832542838e-4,NA,NA,3.76630297546118,1.656827183161709e-4,3.3236317578281214,8.885343832542868e-4,NA,NA,-1,1,Sporadic_Hotspot
H0704,0,0,0,-0.02227117875299542,0.8952764696919955,0.05800950188979098,0.6942417975343291,NA,NA,0.13163061405939488,0.8952764696919955,-0.39310518113209936,0.694241797534329,NA,NA,-1,1,Not_Significant
H0705,0,0,0,0.09397536214444195,0.5767428348131178,0.04590503283795595,0.7556684951846518,NA,NA,-0.5581487191764382,0.5767428348131178,-0.3111738057465656,0.7556684951846517,NA,NA,1,1,Not_Significant
H0706,0,0,0,-0.030572773203528872,0.8564536814593258,-0.008536413726369717,0.9542876086368564,NA,NA,0.18089030162236028,0.8564536814593258,0.0573233646697637,0.9542876086368566,NA,NA,-1,1,Not_Significant
H0707,146,122,0,-0.06030866402994655,0.7170893429678831,-0.004714660942193848,0.9746084656004222,NA,NA,0.3623515465073142,0.7170893429678832,0.03182894243373987,0.9746084656004224,NA,NA,-1,1,Not_Significant
H0708,0,0,0,-0.13785574485794294,0.41365306238606175,0.05269639343419018,0.7209851986776793,NA,NA,0.817481946277241,0.4136530623860618,-0.3571424072610811,0.7209851986776792,NA,NA,-1,1,Not_Significant
H0709,0,0,0,0.17077520189103015,0.4737730735094146,0.1312403111890101,0.5300185518190873,NA,NA,-0.7163535424379491,0.47377307350941483,-0.6279776950657879,0.5300185518190872,NA,NA,1,1,Not_Significant
H0710,0,0,0,0.17077520189103015,0.3548175361964155,0.1312403111890101,0.4172888828283537,NA,NA,-0.9252852749300453,0.3548175361964156,-0.8111337207203317,0.41728888282835347,NA,NA,1,1,Not_Significant
H0711,0,0,0,0.17077520189103015,0.5587160933401475,0.1312403111890101,0.6082244294829044,NA,NA,-0.5847496065156478,0.5587160933401476,-0.5126096101104027,0.6082244294829042,NA,NA,1,1,Not_Significant
H0712,0,0,0,0.17077520189103015,0.4737730735094146,0.1312403111890101,0.5300185518190873,NA,NA,-0.7163535424379491,0.47377307350941483,-0.6279776950657879,0.5300185518190872,NA,NA,1,1,Not_Significant
H0713,0,0,0,0.17077520189103015,0.3106492228753715,0.1312403111890101,0.37412041965515186,NA,NA,-1.0138607071981673,0.3106492228753717,-0.8887816871223535,0.3741204196551518,NA,NA,1,1,Not_Significant
H0714,0,0,0,0.17077520189103015,0.4737730735094146,0.1312403111890101,0.5300185518190873,NA,NA,-0.7163535424379491,0.47377307350941483,-0.6279776950657879,0.5300185518190872,NA,NA,1,1,Not_Significant
H0715,0,0,0,0.17077520189103015,0.4737730735094146,0.1312403111890101,0.5300185518190873,NA,NA,-0.7163535424379491,0.47377307350941483,-0.6279776950657879,0.5300185518190872,NA,NA,1,1,Not_Significant
H0716,4178,4194,0,0.03131961499093806,0.7789988244096806,-0.01578000118395527,0.8727063559934394,NA,NA,-0.2806239761139534,0.7789988244096806,0.16022180167591224,0.8727063559934394,NA,NA,1,1,Not_Significant
H0717,60325,46600,0,1.6588286353810773,0.03597749879882295,0.7605150650207173,0.12521948026706836,NA,NA,2.097181643792106,0.03597749879882295,1.5332288417525466,0.12521948026706836,NA,NA,-1,1,Sporadic_Hotspot
H0718,271071,276577,0,11.3060628759275,0.004912688693662461,4.1390506621241325,0.2454275201222351,NA,NA,2.812703762244238,0.004912688693662475,1.1615273186295871,0.24542752012223515,NA,NA,-1,1,Sporadic_Hotspot
H0719,2381,11959,0,0.013621943336467926,0.9166038043458239,0.002306840444933172,0.8959261435158716,NA,NA,-0.10471267464264629,0.9166038043458237,0.1308093282698515,0.8959261435158719,NA,NA,1,1,Not_Significant
H0720,4763,2493,0,-0.05798750278967009,0.53154022430258685,-0.06672671515432561,0.5560155355086216,NA,NA,0.6256565714252719,0.5315402243025871,0.5887700559661391,0.5560155355086213,NA,NA,-1,1,Not_Significant
H0721,0,0,0,-0.19499278050402938,0.24746871583090127,-0.009128124070750705,0.9510976197405662,NA,NA,1.1565195300777096,0.24746871583090138,0.06132846742457084,0.9510976197405664,NA,NA,-1,1,Not_Significant
H0722,14164,23834,0,-0.004198357358069217,0.9415818815290228,-0.022810658543329455,0.9006276155327813,NA,NA,-0.07328179085441977,0.9415818815290227,-0.12486855175518649,0.9006276155327813,NA,NA,-1,1,Not_Significant
H0723,95327,193164,0,4.338194914488993,0.0012561074319765986,4.136843726265874,0.09620737768118198,NA,NA,3.225823612565633,0.001256107431976602,1.6635250656237561,0.09620737768118205,NA,NA,-1,1,Sporadic_Hotspot
H0724,13872,9214,0,0.13527887749400389,0.00996914528217423,-0.017270627616908542,0.3953829752307592,NA,NA,2.576897690412071,0.009969145282174246,0.8498958820662378,0.3953829752307591,NA,NA,-1,1,Sporadic_Hotspot
H0725,0,0,0,0.16669840591289134,0.3223354580500016,0.12813024885989352,0.38554180527506166,NA,NA,-0.9896699692215408,0.32233545805000174,-0.867730645307295,0.38554180527506166,NA,NA,1,1,Not_Significant
H0726,619,1492,0,0.14943103871007404,0.34604358720915207,0.09362671755709728,0.46112922743569507,NA,NA,-0.9422911709201333,0.346043587209152,-0.7369886897457975,0.4611292274356949,NA,NA,1,1,Not_Significant
H0727,68237,52808,0,-0.8998175711454488,0.3281568447601384,-0.4594734207926135,0.4310930548518334,NA,NA,-0.9778331657750539,0.3281568447601384,-0.7873225799292014,0.4310930548518334,NA,NA,1,1,Not_Significant
H0728,14150,3028,0,0.051900779060117495,0.36185242226843384,0.008816981340220796,0.933365494449599,NA,NA,0.9118410028805516,0.3618524222684339,-0.08361128471703752,0.9333654944495989,NA,NA,-1,1,Not_Significant
H0729,0,0,0,-1.1880060973732034,6.344700404901187e-7,-0.5418353241459438,0.009569847195222735,NA,NA,4.9804182381567585,6.344700404901187e-7,2.590996474276397,0.009569847195222735,NA,NA,-1,1,Sporadic_Hotspot
H0730,0,0,0,0.17077520189103015,0.3106492228753715,0.1312403111890101,0.37412041965515186,NA,NA,-1.0138607071981673,0.3106492228753717,-0.8887816871223535,0.3741204196551518,NA,NA,1,1,Not_Significant
H0731,0,0,0,0.17077520189103015,0.3548175361964155,0.1312403111890101,0.4172888828283537,NA,NA,-0.9252852749300453,0.3548175361964156,-0.8111337207203317,0.41728888282835347,NA,NA,1,1,Not_Significant
H0732,0,0,0,0.17077520189103015,0.3106492228753715,0.1312403111890101,0.37412041965515186,NA,NA,-1.0138607071981673,0.3106492228753717,-0.8887816871223535,0.3741204196551518,NA,NA,1,1,Not_Significant
H0733,0,0,0,0.17077520189103015,0.4737730735094146,0.1312403111890101,0.5300185518190873,NA,NA,-0.7163535424379491,0.47377307350941483,-0.6279776950657879,0.5300185518190872,NA,NA,1,1,Not_Significant
H0734,0,0,0,0.17077520189103015,0.3106492228753715,0.1312403111890101,0.37412041965515186,NA,NA,-1.0138607071981673,0.3106492228753717,-0.8887816871223535,0.3741204196551518,NA,NA,1,1,Not_Significant
H0735,30,100,0,0.09225123813265075,0.6160410304609021,-0.016140834759606437,0.920156621871134,NA,NA,-0.5014690841535022,0.6160410304609019,0.10023643354442453,0.920156621871134,NA,NA,1,1,Not_Significant
H0736,18332,33259,0,0.08577036203059395,0.4873514753084733,0.3655223953072886,0.24123731496470271,NA,NA,0.6945274772211515,0.48735147530847334,1.171899731305787,0.24123731496470274,NA,NA,1,1,Not_Significant
H0737,102738,67409,0,8.699423647413491,2.7059796812325653e-9,3.92664399332881,5.370858339252683e-7,NA,NA,5.948507816581524,2.7059796812325504e-9,5.012567292433074,5.370858339252734e-7,NA,NA,-1,1,Sporadic_Hotspot
H0738,19148,11698,0,0.6301037059480353,3.941989321295915e-6,0.05143089786130185,2.473022671689313e-4,NA,NA,4.614417702389814,3.9419893212958985e-6,3.6650375799526924,2.4730226716893305e-4,NA,NA,-1,1,Sporadic_Hotspot
H0739,1723,1393,0,0.029499359825807293,0.8340276636534357,-0.0096881075658357,0.9402064962092379,NA,NA,-0.2095387819472146,0.8340276636534357,0.07501032583873131,0.9402064962092379,NA,NA,1,1,Not_Significant
H0740,4010,2402,0,-0.04770402385085878,0.6486973209004652,0.033258769162264334,0.7712314654969431,NA,NA,0.45557264061663816,0.6486973209004652,-0.2907644636699898,0.771231465496943,NA,NA,-1,1,Not_Significant
H0741,21445,17485,0,-0.0541807104367071,0.7547677063108427,-0.024725195222108656,0.7928841132944997,NA,NA,-0.3123589993945326,0.7547677063108426,-0.26256729148329855,0.7928841132944997,NA,NA,1,1,Not_Significant
H0742,7514,8077,0,-0.11972814658378336,0.014169568183296856,-0.11150860869057855,0.0019773145261350743,NA,NA,2.452935656151354,0.014169568183296875,3.0936186756764084,0.001977314526135071,NA,NA,1,1,Sporadic_Hotspot
H0743,51370,20695,0,2.825602629574016,1.3489657501474257e-5,0.5453476176218536,8.171859225117991e-5,NA,NA,4.352007615844725,1.3489657501474257e-5,3.939303232221427,8.171859225118018e-5,NA,NA,-1,1,Sporadic_Hotspot
H0744,0,0,0,-0.02378887705772829,0.8881572897749316,0.06549699230294401,0.6571975510858561,NA,NA,0.14063627492990136,0.8881572897749316,-0.4437856682405054,0.657197551085856,NA,NA,-1,1,Not_Significant
H0745,0,0,0,0.16908528250207225,0.3154590538867931,0.12790707783035188,0.38636948907571395,NA,NA,-1.0038331273636318,0.3154590538867931,-0.8662200702198418,0.38636948907571395,NA,NA,1,1,Not_Significant
H0746,0,0,0,-0.014537375689516286,0.9316730516541053,0.01978583261903521,0.8931012367093718,NA,NA,0.0857400655809627,0.9316730516541054,-0.13438108656638095,0.8931012367093716,NA,NA,-1,1,Not_Significant
H0747,1199,4924,0,-0.24278174554838153,0.10430863361892215,-0.10244038049997543,0.19846632843012102,NA,NA,1.624314830728331,0.10430863361892215,1.2859333355495337,0.19846632843012102,NA,NA,-1,1,Not_Significant
H0748,98810,32094,0,4.299325517132328,0.002127533447672956,0.5223445865755395,0.07752281988404731,NA,NA,3.0718265038013657,0.002127533447672962,1.76524368315979,0.07752281988404734,NA,NA,-1,1,Sporadic_Hotspot
H0749,0,0,0,-2.3102094460011,2.284532024142067e-8,-1.4937232358007027,3.7541331469467785e-5,NA,NA,5.5889450667499645,2.284532024142067e-8,4.122112780387175,3.754133146946765e-5,NA,NA,-1,1,Sporadic_Hotspot
H0750,0,0,0,0.17077520189103015,0.4737730735094146,0.1312403111890101,0.5300185518190873,NA,NA,-0.7163535424379491,0.47377307350941483,-0.6279776950657879,0.5300185518190872,NA,NA,1,1,Not_Significant
H0751,0,0,0,0.17077520189103015,0.3106492228753715,0.1312403111890101,0.37412041965515186,NA,NA,-1.0138607071981673,0.3106492228753717,-0.8887816871223535,0.3741204196551518,NA,NA,1,1,Not_Significant
H0752,0,0,0,0.17077520189103015,0.4737730735094146,0.1312403111890101,0.5300185518190873,NA,NA,-0.7163535424379491,0.47377307350941483,-0.6279776950657879,0.5300185518190872,NA,NA,1,1,Not_Significant
H0753,0,0,0,0.17077520189103015,0.4080177562909884,0.1312403111890101,0.46826000361036674,NA,NA,-0.8273869827863918,0.40801775629098863,-0.7253130466966894,0.46826000361036674,NA,NA,1,1,Not_Significant
H0754,0,0,0,0.17077520189103015,0.4080177562909884,0.1312403111890101,0.46826000361036674,NA,NA,-0.8273869827863918,0.40801775629098863,-0.7253130466966894,0.46826000361036674,NA,NA,1,1,Not_Significant
H0755,0,0,0,0.17077520189103015,0.4737730735094146,0.1312403111890101,0.5300185518190873,NA,NA,-0.7163535424379491,0.47377307350941483,-0.6279776950657879,0.5300185518190872,NA,NA,1,1,Not_Significant
H0756,0,0,0,0.14157081153357493,0.44300248648912344,0.05433352696833216,0.7368301619012037,NA,NA,-0.767132927275717,0.44300248648912327,-0.3360539786625002,0.7368301619012034,NA,NA,1,1,Not_Significant
H0757,11044,24652,0,-0.003629574003988995,0.6256426181101149,0.10098874647783299,0.600697301818398,NA,NA,-0.4878690218417961,0.6256426181101148,0.5233980199395823,0.6006973018183981,NA,NA,1,1,Not_Significant
H0758,22606,34336,0,0.39180550914895657,0.04086381431021168,0.6442116296946783,0.04874967799743801,NA,NA,2.044909163828187,0.04086381431021168,1.9707744710273873,0.04874967799743796,NA,NA,-1,1,Sporadic_Hotspot
H0759,35328,19112,0,2.26821807734782,8.71625797051215e-9,0.5323700537490877,4.932922044817713e-6,NA,NA,5.753987547600752,8.71625797051215e-9,4.567620456346124,4.932922044817692e-6,NA,NA,-1,1,Sporadic_Hotspot
H0760,0,0,0,0.04758599853577223,0.7772647897041832,-0.13996367572,0.3436828549853167,NA,NA,-0.2828852657249111,0.7772647897041831,0.9469135063092752,0.34368285498531675,NA,NA,1,1,Not_Significant
H0761,37883,22533,0,0.05355635630116962,0.9009392000086287,0.1306982796695057,0.4248199291174054,NA,NA,0.1244749918172413,0.9009392000086287,0.7980871306345968,0.42481992911740546,NA,NA,1,1,Not_Significant
H0762,2177,1345,0,0.05247362633775674,0.6947122844100614,0.0671783896854021,0.6026475260306006,NA,NA,-0.39246822541935966,0.6947122844100613,-0.5205970195304124,0.6026475260306006,NA,NA,-1,1,Not_Significant
H0763,6277,6556,0,-0.0016490064281834299,0.9809681198504799,0.0019099949774233017,0.973164601765536,NA,NA,0.023855186802912383,0.9809681198504798,-0.03363952742565557,0.973164601765536,NA,NA,-1,1,Not_Significant
H0764,81903,48639,0,2.8563667311150214,0.01167357073628561,1.341724157948599,0.010502513105715308,NA,NA,2.521861357913059,0.01167357073628561,2.5588298524623805,0.010502513105715355,NA,NA,1,1,Sporadic_Hotspot
H0765,58431,22896,0,0.21303575303736438,0.777940712361685,-0.05631070438985126,0.7392111867775693,NA,NA,0.28200364894146335,0.777940712361685,-0.332898122422221,0.7392111867775695,NA,NA,-1,1,Not_Significant
H0766,0,0,0,0.17077520189103015,0.3106492228753715,0.1312403111890101,0.37412041965515186,NA,NA,-1.0138607071981673,0.3106492228753717,-0.8887816871223535,0.3741204196551518,NA,NA,1,1,Not_Significant
H0767,9,136,0,0.1609856499830297,0.33877684983981693,0.10496742783848166,0.47146120547250836,NA,NA,-0.9565848277405207,0.33877684983981704,-0.7201036092322105,0.47146120547250836,NA,NA,1,1,Not_Significant
H0768,0,0,0,-0.18828961299145924,0.26410357313366284,-0.15604427449082414,0.29107876217117457,NA,NA,1.1167445278996393,0.26410357313366284,1.055758063528149,0.2910787621711747,NA,NA,-1,1,Not_Significant
H0769,18688,18370,0,0.4558287975764733,4.194370902460855e-4,0.17785705958653278,0.09423506620709822,NA,NA,3.527542077345694,4.194370902460855e-4,1.6734686853025733,0.0942350662070983,NA,NA,-1,1,Sporadic_Hotspot
H0770,153662,132276,0,4.573165943181748,0.042428466610260694,0.5205291630655051,0.7518985341963352,NA,NA,2.0292928945040045,0.042428466610260694,0.31613698634677095,0.7518985341963353,NA,NA,-1,1,Sporadic_Hotspot
H0771,0,0,0,0.17077520189103015,0.4080177562909884,0.1312403111890101,0.46826000361036674,NA,NA,-0.8273869827863918,0.40801775629098863,-0.7253130466966894,0.46826000361036674,NA,NA,1,1,Not_Significant
H0772,0,0,0,0.17077520189103015,0.3106492228753715,0.1312403111890101,0.37412041965515186,NA,NA,-1.0138607071981673,0.3106492228753717,-0.8887816871223535,0.3741204196551518,NA,NA,1,1,Not_Significant
H0773,0,0,0,0.17077520189103015,0.3548175361964155,0.1312403111890101,0.4172888828283537,NA,NA,-0.9252852749300453,0.3548175361964156,-0.8111337207203317,0.41728888282835347,NA,NA,1,1,Not_Significant
H0774,0,0,0,0.17077520189103015,0.4080177562909884,0.1312403111890101,0.46826000361036674,NA,NA,-0.8273869827863918,0.40801775629098863,-0.7253130466966894,0.46826000361036674,NA,NA,1,1,Not_Significant
H0775,9014,31202,0,0.019433135182125645,0.4352016289682415,-0.020592722679505744,0.9428394890911617,NA,NA,-0.7803215540356853,0.4352016289682414,-0.07170146647389522,0.9428394890911616,NA,NA,1,1,Not_Significant
H0776,1335,32821,0,0.021443242726001264,0.8838642146584427,0.2059830553019855,0.5004030791134715,NA,NA,-0.14607242487704683,0.8838642146584428,0.673855667972231,0.5004030791134717,NA,NA,1,1,Not_Significant
H0777,7481,24287,0,-0.10876153957958884,0.027489891514423093,0.2808575141134825,0.1352967103374457,NA,NA,2.2044901557327674,0.027489891514423093,1.49353687071787,0.1352967103374457,NA,NA,-1,1,Sporadic_Hotspot
H0778,15203,9059,0,0.016703894935791015,0.820539296614812,-0.02359042893855768,0.29366108308776534,NA,NA,0.22685139663075093,0.8205392966148122,1.0501240491718649,0.29366108308776534,NA,NA,1,1,Not_Significant
H0779,0,0,0,-0.17117245179215837,0.3100222422321078,-0.4125722069066757,0.005236464112066429,NA,NA,1.015175363365434,0.3100222422321079,2.7921156218509307,0.005236464112066423,NA,NA,1,1,Sporadic_Hotspot
H0780,13454,6676,0,0.02036873970595197,0.6566899550098946,-0.05442550409741906,0.32614231470031746,NA,NA,0.44448778947746204,0.6566899550098947,0.9819138037828248,0.3261423147003173,NA,NA,1,1,Not_Significant
H0781,0,0,0,0.0774125375599903,0.6456103557355952,0.06560345921611982,0.6566765681197895,NA,NA,-0.4598688563077017,0.6456103557355951,-0.4445063095666298,0.6566765681197895,NA,NA,1,1,Not_Significant
H0782,17051,5617,0,0.11680364705865429,0.25735749590005536,-0.016223870788986558,0.8170483468923454,NA,NA,1.132658965969004,0.2573574959000555,0.23134299551688625,0.8170483468923455,NA,NA,-1,1,Not_Significant
H0783,15719,10132,0,0.21209401766212185,0.009625630883068307,-0.004119956424539524,0.5889389838351212,NA,NA,2.5889956556222193,0.009625630883068321,0.5403742186821487,0.5889389838351213,NA,NA,-1,1,Sporadic_Hotspot
H0784,0,0,0,0.013540042948041552,0.9355495847092973,0.08436211034144332,0.5676758264645051,NA,NA,-0.0808646605234072,0.9355495847092973,-0.5714777678349416,0.567675826464505,NA,NA,-1,1,Not_Significant
H0785,0,0,0,0.1627642305201264,0.33388132605625687,0.10909724068907849,0.4599664168495264,NA,NA,-0.966325507887001,0.33388132605625703,-0.7389021497755086,0.4599664168495264,NA,NA,1,1,Not_Significant
H0786,0,0,0,0.16276423052012637,0.333881326056257,0.10909724068907849,0.4599664168495264,NA,NA,-0.966325507887001,0.33388132605625703,-0.7389021497755086,0.4599664168495264,NA,NA,1,1,Not_Significant
H0787,63998,82582,0,0.17790994069892613,0.8322004295633842,-0.04131991574022361,0.9692574185723072,NA,NA,0.21188028773689932,0.8322004295633844,-0.03853965031597064,0.9692574185723072,NA,NA,-1,1,Not_Significant
H0788,68490,37723,0,4.58001648146708,6.602627776048177e-7,0.9452853796422402,0.011420015108108625,NA,NA,4.972701522091296,6.602627776048177e-7,2.529576882721763,0.011420015108108639,NA,NA,-1,1,Sporadic_Hotspot
H0789,0,0,0,-0.7757895503717718,0.0011452518890178874,-0.4812720300740087,0.021371662228518717,NA,NA,3.252175736053197,0.0011452518890178898,2.3013534252737142,0.021371662228518717,NA,NA,-1,1,Sporadic_Hotspot
H0790,0,0,0,0.17077520189103015,0.3548175361964155,0.1312403111890101,0.4172888828283537,NA,NA,-0.9252852749300453,0.3548175361964156,-0.8111337207203317,0.41728888282835347,NA,NA,1,1,Not_Significant
H0791,0,0,0,0.17077520189103015,0.4737730735094146,0.1312403111890101,0.5300185518190873,NA,NA,-0.7163535424379491,0.47377307350941483,-0.6279776950657879,0.5300185518190872,NA,NA,1,1,Not_Significant
H0792,0,0,0,0.17077520189103015,0.4737730735094146,0.1312403111890101,0.5300185518190873,NA,NA,-0.7163535424379491,0.47377307350941483,-0.6279776950657879,0.5300185518190872,NA,NA,1,1,Not_Significant
H0793,0,0,0,0.17077520189103015,0.5587160933401475,0.1312403111890101,0.6082244294829044,NA,NA,-0.5847496065156478,0.5587160933401476,-0.5126096101104027,0.6082244294829042,NA,NA,1,1,Not_Significant
H0794,0,0,0,0.0366149772797512,0.8275959823114892,-0.06899938320704298,0.6408015828238134,NA,NA,-0.21778583421949446,0.8275959823114891,0.4665783454732473,0.6408015828238135,NA,NA,1,1,Not_Significant
H0795,17,247,0,0.04512647594640096,0.7881442118955725,-0.24511928200848804,0.08951636115076066,NA,NA,-0.2687212318686034,0.7881442118955724,1.6979544396696047,0.0895163611507608,NA,NA,1,1,Not_Significant
H0796,1280,1839,0,-0.13507862896711992,0.36208003896204144,-0.21105320838266164,0.0844919434569958,NA,NA,0.9114087614225513,0.3620800389620416,1.7251971815436689,0.0844919434569959,NA,NA,1,1,Not_Significant
H0797,8031,4638,0,-0.026603886862905914,0.5120577557040513,-0.055483232902457415,0.5070746773488308,NA,NA,0.6556369337561768,0.5120577557040515,0.6633995760598205,0.5070746773488309,NA,NA,1,1,Not_Significant
H0798,7324,98351,0,0.006218586153266999,0.9043799828549092,-0.24052412327213088,0.8453292572588544,NA,NA,-0.12013023360834349,0.9043799828549092,-0.19508135685058198,0.8453292572588543,NA,NA,-1,1,Not_Significant
H0799,47222,108687,0,0.19387327318612885,0.7383673062646825,-0.004670983845400618,0.9994035405612612,NA,NA,0.3340162370261664,0.7383673062646827,7.47551116532367e-4,0.9994035405612613,NA,NA,-1,1,Not_Significant
H0800,0,0,0,0.12871289302351366,0.44470459109458266,0.11481778983164057,0.43679143781158736,NA,NA,-0.7642729677178713,0.4447045910945827,-0.7776227625676569,0.4367914378115872,NA,NA,-1,1,Not_Significant
H0801,4796,6672,0,0.05902970405130652,0.5214478799158707,0.03991907307181369,0.47166288083850205,NA,NA,-0.6411151375332469,0.5214478799158707,-0.7197760701618471,0.471662880838502,NA,NA,-1,1,Not_Significant
H0802,33890,10865,0,0.30373342214569027,0.4127935164140864,1.004070384674707e-5,0.9968059400453878,NA,NA,0.8189875507596376,0.41279351641408674,0.004003171188579193,0.9968059400453879,NA,NA,-1,1,Not_Significant
H0803,0,0,0,-0.028759069910284304,0.8649093026056223,0.06361744179726327,0.6664221432857542,NA,NA,0.1701282175324287,0.8649093026056224,-0.43106357713700066,0.6664221432857542,NA,NA,-1,1,Not_Significant
H0804,0,0,0,0.17077520189103015,0.3106492228753715,0.1312403111890101,0.37412041965515186,NA,NA,-1.0138607071981673,0.3106492228753717,-0.8887816871223535,0.3741204196551518,NA,NA,1,1,Not_Significant
H0805,2968,10679,0,0.1227578923581319,0.3111105098432871,5.2306798365002455e-5,0.3770484853855486,NA,NA,-1.0128945961122064,0.31111050984328714,-0.8833476141251337,0.3770484853855486,NA,NA,1,1,Not_Significant
H0806,0,0,0,-0.052436778036781456,0.7560848773675958,-0.0651256255199537,0.6596777754515475,NA,NA,0.3106261076026177,0.7560848773675959,0.4403580879919501,0.6596777754515477,NA,NA,1,1,Not_Significant
H0807,37715,24481,0,1.3920119284999835,0.0012754428398437467,0.5827612139524783,0.0022519229787719914,NA,NA,3.221448721274513,0.0012754428398437483,3.054824442417361,0.0022519229787719853,NA,NA,-1,1,Sporadic_Hotspot
H0808,21790,16620,0,0.6514868713882515,2.651635579906852e-4,0.16308777706851563,0.046957049108904,NA,NA,3.647151535157708,2.651635579906852e-4,1.9866873987806641,0.046957049108904046,NA,NA,-1,1,Sporadic_Hotspot
H0809,0,0,0,0.17077520189103015,0.4080177562909884,0.1312403111890101,0.46826000361036674,NA,NA,-0.8273869827863918,0.40801775629098863,-0.7253130466966894,0.46826000361036674,NA,NA,1,1,Not_Significant
H0810,0,0,0,0.17077520189103015,0.5587160933401475,0.1312403111890101,0.6082244294829044,NA,NA,-0.5847496065156478,0.5587160933401476,-0.5126096101104027,0.6082244294829042,NA,NA,1,1,Not_Significant
H0811,0,0,0,0.17077520189103015,0.4080177562909884,0.1312403111890101,0.46826000361036674,NA,NA,-0.8273869827863918,0.40801775629098863,-0.7253130466966894,0.46826000361036674,NA,NA,1,1,Not_Significant
H0812,0,0,0,0.004563018932813164,0.9820320830318983,0.02186091370564461,0.9035901444022927,NA,NA,-0.022521348055749135,0.9820320830318984,-0.12112737789673612,0.9035901444022926,NA,NA,-1,1,Not_Significant
H0813,3505,33864,0,-0.007222699699313214,0.9491705779481974,0.24755871575688246,0.4393194479880691,NA,NA,0.06374838432286595,0.9491705779481975,0.7733429424252057,0.439319447988069,NA,NA,1,1,Not_Significant
H0814,1064,18317,0,-0.0652122168483861,0.6673699189925951,0.1018395164348318,0.3345427347594343,NA,NA,0.42976043124762686,0.6673699189925955,0.9650041468194522,0.3345427347594343,NA,NA,1,1,Not_Significant
H0815,31556,44492,0,0.2290571945594621,0.49246854776690635,0.1770971911575853,0.7036883513314718,NA,NA,0.6863878759998394,0.49246854776690646,0.38034632635589244,0.703688351331472,NA,NA,-1,1,Not_Significant
H0816,7825,6083,0,0.01702519976505342,0.6977347843674432,-0.05104808491930979,0.4224339679877038,NA,NA,-0.38838007870400704,0.6977347843674432,0.8022057203001389,0.4224339679877035,NA,NA,1,1,Not_Significant
H0817,32921,34642,0,0.05089575369406701,0.8854333949909021,0.7181470470379778,0.03009641313294321,NA,NA,0.1440849422472725,0.8854333949909023,2.168819197984393,0.03009641313294329,NA,NA,1,1,Sporadic_Hotspot
H0818,0,0,0,0.0074988502279613066,0.9640932330870059,-0.10495858313217465,0.4777196682474352,NA,NA,-0.045017659363323796,0.9640932330870059,0.7099749533717806,0.4777196682474352,NA,NA,1,1,Not_Significant
H0819,0,0,0,0.15786938439191883,0.34861421119555014,0.11757978725229778,0.42584730635601287,NA,NA,-0.9372806548312362,0.3486142111955503,-0.7963178615857701,0.42584730635601287,NA,NA,1,1,Not_Significant
H0820,0,0,0,0.020789474212137865,0.9014094478339035,0.08383387065684024,0.5701013249396711,NA,NA,-0.12388106191550734,0.9014094478339036,-0.5679022781784011,0.5701013249396709,NA,NA,-1,1,Not_Significant
H0821,0,0,0,0.0372796430266821,0.8245242283190424,0.08825020011299858,0.5499767041501735,NA,NA,-0.22172980272129422,0.8245242283190424,-0.5977950347255249,0.5499767041501735,NA,NA,-1,1,Not_Significant
H0822,0,0,0,0.17077520189103015,0.3106492228753715,0.1312403111890101,0.37412041965515186,NA,NA,-1.0138607071981673,0.3106492228753717,-0.8887816871223535,0.3741204196551518,NA,NA,1,1,Not_Significant
H0823,0,0,0,0.16134878848415213,0.3380997664215963,0.07958338389235961,0.5897957359535924,NA,NA,-0.9579266114013867,0.33809976642159645,-0.5391320590815865,0.5897957359535924,NA,NA,1,1,Not_Significant
H0824,0,0,0,0.1626781199780139,0.33413698729768126,0.10892320823484877,0.46068207638239317,NA,NA,-0.9658145484049864,0.33413698729768165,-0.7377241783770361,0.460682076382393,NA,NA,1,1,Not_Significant
H0825,18951,13326,0,0.234029924199565,0.0793563461140535,0.08165244056303937,0.025465298229961204,NA,NA,1.754432969769887,0.0793563461140535,2.2342702249226276,0.025465298229961172,NA,NA,1,1,Sporadic_Hotspot
H0826,43649,22671,0,3.276204181053998,4.926227917185178e-10,1.2202325740184707,1.8224794780260428e-13,NA,NA,6.221436736127857,4.926227917185151e-10,7.361211934493621,1.8224794780260673e-13,NA,NA,1,1,Sporadic_Hotspot
H0827,427,684,0,-0.015520033422982714,0.9305717634730184,0.04703973327478074,0.7559170577165043,NA,NA,0.08712549108135309,0.9305717634730184,-0.3108468419278813,0.7559170577165043,NA,NA,-1,1,Not_Significant
H0828,0,0,0,0.17077520189103015,0.5587160933401475,0.1312403111890101,0.6082244294829044,NA,NA,-0.5847496065156478,0.5587160933401476,-0.5126096101104027,0.6082244294829042,NA,NA,1,1,Not_Significant
H0829,0,0,0,0.17077520189103015,0.3548175361964155,0.1312403111890101,0.4172888828283537,NA,NA,-0.9252852749300453,0.3548175361964156,-0.8111337207203317,0.41728888282835347,NA,NA,1,1,Not_Significant
H0830,0,0,0,0.15837205468150053,0.3908274513940138,0.12416189941532879,0.4428390158260849,NA,NA,-0.8581177420529692,0.3908274513940138,-0.7674079288581946,0.4428390158260849,NA,NA,1,1,Not_Significant
H0831,37337,32734,0,-0.37608873175474383,0.37833893207997454,-0.07033199127695389,0.8183057646844085,NA,NA,-0.8809609945839045,0.37833893207997454,-0.2297246171809846,0.8183057646844085,NA,NA,1,1,Not_Significant
H0832,20704,45797,0,-0.12227305220581008,0.44887375517497646,0.13482109059629904,0.7800609828813385,NA,NA,-0.7572939825773378,0.44887375517497624,0.2792395641760285,0.7800609828813386,NA,NA,1,1,Not_Significant
H0833,56529,34362,0,0.952390803783691,0.19220459983279745,0.5060977073206236,0.1219174336856135,NA,NA,1.3040850082540536,0.19220459983279767,1.5467753188597873,0.12191743368561349,NA,NA,1,1,Not_Significant
H0834,7140,8956,0,-0.01265875776613185,0.817336698188185,-0.004431626239062187,0.8528777586741674,NA,NA,0.2309718152848998,0.8173366981881851,0.18544787765930418,0.8528777586741675,NA,NA,-1,1,Not_Significant
H0835,0,0,0,-0.011254411271477143,0.9471710392968183,-0.18370110262888023,0.21388312420463698,NA,NA,0.06625973532915799,0.9471710392968183,1.2429585064760156,0.21388312420463712,NA,NA,1,1,Not_Significant
H0836,0,0,0,-0.09297331573624204,0.5815238032594346,-0.1897840487643677,0.199095748059906,NA,NA,0.5511602837609685,0.5815238032594348,1.2841320714743953,0.1990957480599061,NA,NA,1,1,Not_Significant
H0837,0,0,0,0.17077520189103015,0.3106492228753715,0.1312403111890101,0.37412041965515186,NA,NA,-1.0138607071981673,0.3106492228753717,-0.8887816871223535,0.3741204196551518,NA,NA,1,1,Not_Significant
H0838,0,0,0,0.1578693843919188,0.34861421119555014,0.11757978725229778,0.42584730635601287,NA,NA,-0.9372806548312362,0.3486142111955503,-0.7963178615857701,0.42584730635601287,NA,NA,1,1,Not_Significant
H0839,0,0,0,0.07957875588500794,0.6364110429939572,0.10899486865717865,0.46038731766765667,NA,NA,-0.4727226807771302,0.6364110429939573,-0.7382092254234659,0.4603873176676567,NA,NA,-1,1,Not_Significant
H0840,0,0,0,0.17077520189103015,0.3106492228753715,0.1312403111890101,0.37412041965515186,NA,NA,-1.0138607071981673,0.3106492228753717,-0.8887816871223535,0.3741204196551518,NA,NA,1,1,Not_Significant
H0841,0,0,0,0.16944587039716838,0.3144286688086262,0.10190048684652094,0.49007498289371654,NA,NA,-1.0059727701945675,0.31442866880862647,-0.6901895678269041,0.49007498289371626,NA,NA,1,1,Not_Significant
H0842,41,221,0,0.16059736863092205,0.33847954199648317,0.07823784297556875,0.5883693024617478,NA,NA,-0.9571737937499686,0.3384795419964833,-0.5412006312310631,0.5883693024617476,NA,NA,1,1,Not_Significant
H0843,0,0,0,0.0651606219900458,0.698631170523133,0.08666752849982733,0.5571483510198778,NA,NA,-0.38716890250731856,0.698631170523133,-0.5870824242429442,0.5571483510198775,NA,NA,-1,1,Not_Significant
H0844,51304,109810,0,3.7399254035248957,7.978290775708907e-9,8.035414328537366,4.031256695107122e-9,NA,NA,5.768916316183426,7.978290775708907e-9,5.882905684951559,4.031256695107122e-9,NA,NA,1,1,Sporadic_Hotspot
H0845,25610,14086,0,1.0841951106610397,5.970171288031394e-6,0.25060960457960374,1.0054531440874383e-7,NA,NA,4.527442945922428,5.970171288031394e-6,5.325735569121783,1.0054531440874383e-7,NA,NA,1,1,Sporadic_Hotspot
H0846,0,0,0,0.11199937499036512,0.638403332012425,0.11920545511886696,0.568392070529397,NA,NA,-0.4699323764636042,0.638403332012425,-0.570421175727121,0.5683920705293968,NA,NA,-1,1,Not_Significant
H0847,0,0,0,0.17077520189103015,0.6793326237830962,0.1312403111890101,0.717070740274607,NA,NA,-0.41337399579290984,0.6793326237830962,-0.36237644361289945,0.7170707402746069,NA,NA,1,1,Not_Significant
H0848,0,0,0,0.17077520189103015,0.6793326237830962,0.1312403111890101,0.717070740274607,NA,NA,-0.41337399579290984,0.6793326237830962,-0.36237644361289945,0.7170707402746069,NA,NA,1,1,Not_Significant
H0849,0,0,0,0.17077520189103015,0.3106492228753715,0.1312403111890101,0.37412041965515186,NA,NA,-1.0138607071981673,0.3106492228753717,-0.8887816871223535,0.3741204196551518,NA,NA,1,1,Not_Significant
H0850,3841,2881,0,0.021474522578524044,0.8411597083820361,-0.003423203981684428,0.9749568063479073,NA,NA,-0.20041029524287296,0.8411597083820361,0.03139214387101688,0.9749568063479074,NA,NA,1,1,Not_Significant
H0851,405,9844,0,-0.02506996170886636,0.8774676659634248,-0.011477808339283854,0.3227369603552393,NA,NA,0.15418018434451056,0.877467665963425,0.9888491344318509,0.3227369603552393,NA,NA,1,1,Not_Significant
H0852,10542,18644,0,-8.186351287316608e-4,0.14343472048695197,0.1748385119760636,0.11217877917570142,NA,NA,1.463119362747687,0.143434720486952,1.5884758437429811,0.11217877917570142,NA,NA,1,1,Not_Significant
H0853,25918,17350,0,0.5272777922064825,0.030924662219849883,0.1772081303914602,0.054559652559368316,NA,NA,2.158040768752381,0.030924662219849918,1.922366541292685,0.054559652559368316,NA,NA,-1,1,Sporadic_Hotspot
H0854,1449,997,0,0.09464502520799774,0.5149223124812089,0.0764631636304294,0.5678385443505699,NA,NA,-0.6511923740296413,0.5149223124812089,-0.5712376729695839,0.5678385443505698,NA,NA,1,1,Not_Significant
H0855,17870,13464,0,-0.047913377218959934,0.6803611081148337,-0.012289548597247844,0.7493797758353729,NA,NA,-0.41197041484461655,0.6803611081148337,-0.31945728701597176,0.7493797758353729,NA,NA,1,1,Not_Significant
H0856,0,0,0,0.17077520189103015,0.3106492228753715,0.1312403111890101,0.37412041965515186,NA,NA,-1.0138607071981673,0.3106492228753717,-0.8887816871223535,0.3741204196551518,NA,NA,1,1,Not_Significant
H0857,0,0,0,0.17077520189103015,0.3106492228753715,0.1312403111890101,0.37412041965515186,NA,NA,-1.0138607071981673,0.3106492228753717,-0.8887816871223535,0.3741204196551518,NA,NA,1,1,Not_Significant
H0858,0,0,0,0.17077520189103015,0.3106492228753715,0.1312403111890101,0.37412041965515186,NA,NA,-1.0138607071981673,0.3106492228753717,-0.8887816871223535,0.3741204196551518,NA,NA,1,1,Not_Significant
H0859,0,0,0,0.17077520189103015,0.3106492228753715,0.1312403111890101,0.37412041965515186,NA,NA,-1.0138607071981673,0.3106492228753717,-0.8887816871223535,0.3741204196551518,NA,NA,1,1,Not_Significant
H0860,0,0,0,0.17077520189103015,0.3106492228753715,0.1312403111890101,0.37412041965515186,NA,NA,-1.0138607071981673,0.3106492228753717,-0.8887816871223535,0.3741204196551518,NA,NA,1,1,Not_Significant
H0861,494,14330,0,0.1624682925216058,0.31164684070780835,-0.04459455897599201,0.37664455246965667,NA,NA,-1.0117725017170998,0.31164684070780824,-0.8840957032764934,0.37664455246965645,NA,NA,1,1,Not_Significant
H0862,0,0,0,0.16984144069999768,0.31330086925621964,0.128994268809128,0.3823476064831496,NA,NA,-1.008319990315072,0.31330086925621964,-0.8735789268385357,0.3823476064831496,NA,NA,1,1,Not_Significant
H0863,20297,8444,0,0.19528533403067624,0.2071490867141795,-0.04822870503210524,0.11940520293256147,NA,NA,1.2614435484041595,0.2071490867141795,1.5572750227047374,0.11940520293256156,NA,NA,1,1,Not_Significant
H0864,247933,392508,0,14.814795458657734,5.850098815784631e-5,11.857882470493985,0.017967455459432975,NA,NA,4.018777071002476,5.850098815784631e-5,2.3662881203491697,0.017967455459432975,NA,NA,-1,1,Sporadic_Hotspot
H0865,10494,2255,0,1.225523717912062e-4,0.9262669590049046,0.009678210262089879,0.9335373004742125,NA,NA,-0.09254258427133571,0.9262669590049046,-0.08339520577202202,0.9335373004742122,NA,NA,1,1,Not_Significant
H0866,0,0,0,0.17077520189103015,0.6793326237830962,0.1312403111890101,0.717070740274607,NA,NA,-0.41337399579290984,0.6793326237830962,-0.36237644361289945,0.7170707402746069,NA,NA,1,1,Not_Significant
H0867,0,0,0,0.17077520189103015,0.5587160933401475,0.1312403111890101,0.6082244294829044,NA,NA,-0.5847496065156478,0.5587160933401476,-0.5126096101104027,0.6082244294829042,NA,NA,1,1,Not_Significant
H0868,0,0,0,0.12363775294775806,0.462852269069864,0.04093384696890057,0.7813767057075295,NA,NA,-0.7341582932466386,0.4628522690698641,-0.2775253992113701,0.7813767057075295,NA,NA,1,1,Not_Significant
H0869,470,868,0,-0.004906996241040549,0.9760888053433051,-0.06230790229420586,0.6465094334291268,NA,NA,0.029972725436261234,0.9760888053433051,0.4586167119777917,0.6465094334291269,NA,NA,1,1,Not_Significant
H0870,471,3218,0,0.03479681639187776,0.8285230728029034,-0.05249191035580232,0.6113620164190996,NA,NA,-0.2165961674127775,0.8285230728029033,0.5081302298087595,0.6113620164190998,NA,NA,1,1,Not_Significant
H0871,74568,74982,0,2.0647133566051044,0.04221462128879465,1.2473779591757894,0.1593520198359817,NA,NA,2.0313981565153356,0.04221462128879473,1.4072542174351228,0.1593520198359817,NA,NA,-1,1,Sporadic_Hotspot
H0872,3160,3927,0,-0.0018479713677015408,0.9878157582634594,-0.0038059204711240135,0.967738692505906,NA,NA,0.01527127597391623,0.9878157582634596,0.04044457636105816,0.9677386925059062,NA,NA,1,1,Not_Significant
H0873,256,285,0,0.029642115993114507,0.8565557957841489,0.03913240255852297,0.7851767771692523,NA,NA,-0.18076021074573675,0.8565557957841488,-0.2725791030927213,0.7851767771692524,NA,NA,-1,1,Not_Significant
H0874,0,0,0,0.11068080731426744,0.511004199221873,0.09115961325959156,0.5369129303387342,NA,NA,-0.6572748586872614,0.511004199221873,-0.6174879448105797,0.5369129303387341,NA,NA,1,1,Not_Significant
H0875,0,0,0,0.17077520189103015,0.3106492228753715,0.1312403111890101,0.37412041965515186,NA,NA,-1.0138607071981673,0.3106492228753717,-0.8887816871223535,0.3741204196551518,NA,NA,1,1,Not_Significant
H0876,0,0,0,0.17077520189103015,0.3106492228753715,0.1312403111890101,0.37412041965515186,NA,NA,-1.0138607071981673,0.3106492228753717,-0.8887816871223535,0.3741204196551518,NA,NA,1,1,Not_Significant
H0877,0,0,0,0.17077520189103015,0.3106492228753715,0.1312403111890101,0.37412041965515186,NA,NA,-1.0138607071981673,0.3106492228753717,-0.8887816871223535,0.3741204196551518,NA,NA,1,1,Not_Significant
H0878,0,0,0,0.17077520189103015,0.3106492228753715,0.1312403111890101,0.37412041965515186,NA,NA,-1.0138607071981673,0.3106492228753717,-0.8887816871223535,0.3741204196551518,NA,NA,1,1,Not_Significant
H0879,0,0,0,0.16944587039716838,0.3144286688086262,0.10190048684652094,0.49007498289371654,NA,NA,-1.0059727701945675,0.31442866880862647,-0.6901895678269041,0.49007498289371626,NA,NA,1,1,Not_Significant
H0880,88,71,0,0.16701938260379273,0.3173666027349023,0.09854064015141181,0.501642976319006,NA,NA,-0.9998840941989416,0.3173666027349023,-0.6719068860480504,0.5016429763190058,NA,NA,1,1,Not_Significant
H0881,0,0,0,0.07166734982842177,0.6702694163440714,0.055583284733765184,0.7064092915510523,NA,NA,-0.4257782783670432,0.6702694163440714,-0.3766828739886864,0.7064092915510521,NA,NA,1,1,Not_Significant
H0882,55864,25641,0,5.431789200334913,4.8547350508715776e-14,1.5475781175102845,7.29132368968114e-14,NA,NA,7.535766798123975,4.854735050871544e-14,7.4825155985854765,7.29132368968114e-14,NA,NA,-1,1,Sporadic_Hotspot
H0883,22652,13657,0,1.258823259864753,6.00091037266557e-11,0.25423998108257007,6.318260140128374e-10,NA,NA,6.5437150118739105,6.000910372665605e-11,6.182279320549593,6.318260140128338e-10,NA,NA,-1,1,Sporadic_Hotspot
H0884,0,0,0,0.10261440228187878,0.5780947368829022,0.025548149550612423,0.8742702302712417,NA,NA,-0.5561698664506597,0.5780947368829022,-0.15823677024292468,0.8742702302712416,NA,NA,1,1,Not_Significant
H0885,0,0,0,0.17077520189103015,0.4737730735094146,0.1312403111890101,0.5300185518190873,NA,NA,-0.7163535424379491,0.47377307350941483,-0.6279776950657879,0.5300185518190872,NA,NA,1,1,Not_Significant
H0886,0,0,0,0.17077520189103015,0.5587160933401475,0.1312403111890101,0.6082244294829044,NA,NA,-0.5847496065156478,0.5587160933401476,-0.5126096101104027,0.6082244294829042,NA,NA,1,1,Not_Significant
H0887,13125,32787,0,-0.03188224789852262,0.43233769151456064,0.18241867259349653,0.5499799890951826,NA,NA,-0.7851976526932546,0.4323376915145605,0.597790112212168,0.5499799890951829,NA,NA,1,1,Not_Significant
H0888,10663,18977,0,-4.710209697724487e-4,0.7307058726925356,-0.0024489014934035366,0.9832483603502602,NA,NA,-0.3441867148144309,0.7307058726925355,-0.020996609446722807,0.9832483603502601,NA,NA,1,1,Not_Significant
H0889,1762,2022,0,-0.2702165959823292,0.05442545012577099,-0.19295034561847385,0.10728313500561196,NA,NA,1.9234349377975941,0.05442545012577099,1.6105257207620187,0.10728313500561196,NA,NA,-1,1,Not_Significant
H0890,25608,36077,0,0.48235553600581055,0.04391235284832267,0.48142338341715335,0.16999647787656308,NA,NA,2.014926481285549,0.04391235284832267,1.3722151263246727,0.169996477876563,NA,NA,-1,1,Sporadic_Hotspot
H0891,4327,3659,0,0.05490917574999258,0.5811700705740648,0.052043552351828865,0.5919205412263067,NA,NA,-0.5516764164907209,0.5811700705740648,-0.5360549972352112,0.5919205412263067,NA,NA,1,1,Not_Significant
H0892,4462,6112,0,0.033092171989210405,0.7339086478534735,0.02638731072723992,0.6762415328722791,NA,NA,-0.3399307912768772,0.7339086478534735,-0.4175973523915687,0.6762415328722791,NA,NA,-1,1,Not_Significant
H0893,0,0,0,0.17077520189103015,0.3106492228753715,0.1312403111890101,0.37412041965515186,NA,NA,-1.0138607071981673,0.3106492228753717,-0.8887816871223535,0.3741204196551518,NA,NA,1,1,Not_Significant
H0894,0,0,0,0.17077520189103015,0.3106492228753715,0.1312403111890101,0.37412041965515186,NA,NA,-1.0138607071981673,0.3106492228753717,-0.8887816871223535,0.3741204196551518,NA,NA,1,1,Not_Significant
H0895,0,0,0,0.17077520189103015,0.3106492228753715,0.1312403111890101,0.37412041965515186,NA,NA,-1.0138607071981673,0.3106492228753717,-0.8887816871223535,0.3741204196551518,NA,NA,1,1,Not_Significant
H0896,0,0,0,0.17077520189103015,0.3106492228753715,0.1312403111890101,0.37412041965515186,NA,NA,-1.0138607071981673,0.3106492228753717,-0.8887816871223535,0.3741204196551518,NA,NA,1,1,Not_Significant
H0897,0,0,0,0.17077520189103015,0.3106492228753715,0.1312403111890101,0.37412041965515186,NA,NA,-1.0138607071981673,0.3106492228753717,-0.8887816871223535,0.3741204196551518,NA,NA,1,1,Not_Significant
H0898,0,0,0,0.1688807699645551,0.3160444359965375,0.10115521845429024,0.4932523767893586,NA,NA,-1.002619598593847,0.31604443599653786,-0.6851450785440328,0.4932523767893586,NA,NA,1,1,Not_Significant
H0899,218,805,0,0.16577955772237402,0.31494193597900666,0.11924218914190515,0.3824970604178737,NA,NA,-1.004906371838625,0.31494193597900666,-0.8733046247978105,0.38249706041787346,NA,NA,1,1,Not_Significant
H0900,16315,27703,0,0.1629293079074392,0.07468739193280934,0.008778547220171873,0.9696658049539373,NA,NA,1.78237934213775,0.07468739193280939,0.038027438665975424,0.9696658049539374,NA,NA,-1,1,Not_Significant
H0901,109717,40280,0,13.235244682513228,3.900940091687841e-17,3.0980854393329684,3.665891089614211e-14,NA,NA,8.41583862705609,3.9009400916879596e-17,7.572329883963591,3.665891089614236e-14,NA,NA,-1,1,Sporadic_Hotspot
H0902,8978,29681,0,-0.026361026748224582,0.30090486653987286,0.05495314563738043,0.8336689574135552,NA,NA,1.0344948855443887,0.300904866539873,0.20999835438186948,0.8336689574135554,NA,NA,-1,1,Not_Significant
H0903,0,0,0,0.14644897374424815,0.5389745699459559,0.028061587677816868,0.8929858689446049,NA,NA,-0.6143643775076278,0.5389745699459559,-0.13452699150117736,0.8929858689446047,NA,NA,1,1,Not_Significant
H0904,0,0,0,0.17077520189103015,0.4737730735094146,0.1312403111890101,0.5300185518190873,NA,NA,-0.7163535424379491,0.47377307350941483,-0.6279776950657879,0.5300185518190872,NA,NA,1,1,Not_Significant
H0905,551,8439,0,0.0804061987636052,0.6456546143141817,-0.04099606003591107,0.2280547884662792,NA,NA,-0.45980720058333263,0.6456546143141817,1.2053847951439984,0.2280547884662792,NA,NA,1,1,Not_Significant
H0906,0,0,0,-0.04741545704984617,0.7788401920653405,-0.2977578782497487,0.0439074526059811,NA,NA,0.2808307828076441,0.7788401920653406,2.014973244060915,0.04390745260598114,NA,NA,1,1,Sporadic_Hotspot
H0907,5853,5505,0,-0.05036978469774526,0.5035401802819137,-0.04922893915382935,0.49194706440958735,NA,NA,0.6689299244606445,0.5035401802819137,0.687215299734206,0.4919470644095874,NA,NA,1,1,Not_Significant
H0908,69928,56870,0,1.296277836026175,0.16896104763775635,0.7405840506107392,0.24517118768493668,NA,NA,1.3755498322757103,0.16896104763775655,1.162158255533053,0.2451711876849369,NA,NA,-1,1,Not_Significant
H0909,0,0,0,-0.042332244110767504,0.8020706440095831,-0.027817162214382327,0.8510109077070108,NA,NA,0.2506682058849727,0.8020706440095831,0.18782873713349366,0.8510109077070109,NA,NA,-1,1,Not_Significant
H0910,24066,20231,0,-0.17321290060638325,0.4206493577119833,-0.04672182746441693,0.7237529572894086,NA,NA,-0.8052951884253567,0.4206493577119833,-0.35344753148447317,0.7237529572894085,NA,NA,1,1,Not_Significant
H0911,0,0,0,0.15876816317521805,0.34587848143419725,0.11872635400957578,0.4213515745139882,NA,NA,-0.9426137944247632,0.34587848143419736,-0.8040786143286489,0.42135157451398786,NA,NA,1,1,Not_Significant
H0912,0,0,0,0.17077520189103015,0.3106492228753715,0.1312403111890101,0.37412041965515186,NA,NA,-1.0138607071981673,0.3106492228753717,-0.8887816871223535,0.3741204196551518,NA,NA,1,1,Not_Significant
H0913,0,0,0,0.17077520189103015,0.3106492228753715,0.1312403111890101,0.37412041965515186,NA,NA,-1.0138607071981673,0.3106492228753717,-0.8887816871223535,0.3741204196551518,NA,NA,1,1,Not_Significant
H0914,0,0,0,0.17077520189103015,0.3106492228753715,0.1312403111890101,0.37412041965515186,NA,NA,-1.0138607071981673,0.3106492228753717,-0.8887816871223535,0.3741204196551518,NA,NA,1,1,Not_Significant
H0915,0,0,0,0.17077520189103015,0.3106492228753715,0.1312403111890101,0.37412041965515186,NA,NA,-1.0138607071981673,0.3106492228753717,-0.8887816871223535,0.3741204196551518,NA,NA,1,1,Not_Significant
H0916,0,0,0,0.17077520189103015,0.3106492228753715,0.1312403111890101,0.37412041965515186,NA,NA,-1.0138607071981673,0.3106492228753717,-0.8887816871223535,0.3741204196551518,NA,NA,1,1,Not_Significant
H0917,122,293,0,0.16702061955932568,0.31579355747551935,0.12380967345372403,0.3886303723697609,NA,NA,-1.0031395024440244,0.31579355747551946,-0.862103851096418,0.38863037236976067,NA,NA,1,1,Not_Significant
H0918,0,0,0,0.0995886931084007,0.5542143317255062,0.055996867742640476,0.7043297542978986,NA,NA,-0.5914568904102618,0.5542143317255062,-0.379482288370939,0.7043297542978986,NA,NA,1,1,Not_Significant
H0919,89342,25214,0,5.0765765176697775,4.933368469945438e-5,0.5088336068836828,0.011312530931225365,NA,NA,4.058761418950321,4.933368469945418e-5,2.5328935255321117,0.011312530931225351,NA,NA,-1,1,Sporadic_Hotspot
H0920,70503,31395,0,4.005397204045916,2.6262608611360172e-5,0.7570335991960234,0.008188440927581003,NA,NA,4.203666257592854,2.6262608611360274e-5,2.64419937132995,0.008188440927581003,NA,NA,-1,1,Sporadic_Hotspot
H0921,1636,11082,0,0.050189041639718913,0.7242850210413059,0.0014790924201014883,0.7885013670617381,NA,NA,-0.3527377963132182,0.7242850210413059,0.2682571760174912,0.7885013670617381,NA,NA,1,1,Not_Significant
H0922,0,0,0,0.1242109262436944,0.7636282640488141,-0.04215743644290948,0.9075276620199226,NA,NA,-0.3007196754250007,0.7636282640488141,0.11615757160347427,0.9075276620199226,NA,NA,1,1,Not_Significant
H0923,0,0,0,0.17077520189103015,0.4737730735094146,0.1312403111890101,0.5300185518190873,NA,NA,-0.7163535424379491,0.47377307350941483,-0.6279776950657879,0.5300185518190872,NA,NA,1,1,Not_Significant
H0924,0,0,0,0.1458731094938708,0.54057081776163,0.07586523169375804,0.7164949237472404,NA,NA,-0.6119500322316224,0.5405708177616301,-0.3631472047572501,0.7164949237472403,NA,NA,1,1,Not_Significant
H0925,9416,94974,0,0.0011478421163825185,0.950483844857404,0.22790894469487835,0.8418417546567171,NA,NA,-0.06209918646406523,0.9504838448574039,0.19953821299431532,0.8418417546567171,NA,NA,1,1,Not_Significant
H0926,34707,43124,0,0.24732810157581248,0.5191791659144518,0.41204899821791563,0.35751084234635166,NA,NA,0.6446112140153791,0.519179165914452,0.9201184912051275,0.3575108423463516,NA,NA,1,1,Not_Significant
H0927,22589,21121,0,0.19055038848504988,0.31913833180661577,0.06814151682403004,0.6365517300363478,NA,NA,0.9962301531946479,0.3191383318066158,0.4725255206966182,0.6365517300363478,NA,NA,-1,1,Not_Significant
H0928,16026,9893,0,0.1066694992876414,0.21911536155990663,-0.009137280208535353,0.4031486672760692,NA,NA,1.2288838389729213,0.21911536155990644,0.8360110844993539,0.4031486672760692,NA,NA,-1,1,Not_Significant
H0929,0,0,0,-0.07141338875482423,0.6721283336407404,-0.07202754791063973,0.6262051483510636,NA,NA,0.4232288034515748,0.6721283336407406,0.4870750478066717,0.6262051483510637,NA,NA,1,1,Not_Significant
H0930,0,0,0,0.08339452928236821,0.6203427974800547,0.018932049872990686,0.8976725065510497,NA,NA,-0.49536457282390006,0.6203427974800548,-0.12860209747034435,0.8976725065510496,NA,NA,1,1,Not_Significant
H0931,0,0,0,0.17077520189103015,0.3106492228753715,0.1312403111890101,0.37412041965515186,NA,NA,-1.0138607071981673,0.3106492228753717,-0.8887816871223535,0.3741204196551518,NA,NA,1,1,Not_Significant
H0932,0,0,0,0.17077520189103015,0.3106492228753715,0.1312403111890101,0.37412041965515186,NA,NA,-1.0138607071981673,0.3106492228753717,-0.8887816871223535,0.3741204196551518,NA,NA,1,1,Not_Significant
H0933,0,0,0,0.17077520189103015,0.3106492228753715,0.1312403111890101,0.37412041965515186,NA,NA,-1.0138607071981673,0.3106492228753717,-0.8887816871223535,0.3741204196551518,NA,NA,1,1,Not_Significant
H0934,0,0,0,0.17077520189103015,0.3106492228753715,0.1312403111890101,0.37412041965515186,NA,NA,-1.0138607071981673,0.3106492228753717,-0.8887816871223535,0.3741204196551518,NA,NA,1,1,Not_Significant
H0935,0,0,0,0.17077520189103015,0.3106492228753715,0.1312403111890101,0.37412041965515186,NA,NA,-1.0138607071981673,0.3106492228753717,-0.8887816871223535,0.3741204196551518,NA,NA,1,1,Not_Significant
H0936,0,0,0,0.17038232254264185,0.3117630909673645,0.12954298290011104,0.38032751261708514,NA,NA,-1.011529454561476,0.31176309096736443,-0.8772930013654849,0.3803275126170849,NA,NA,1,1,Not_Significant
H0937,350,750,0,0.1641510832529203,0.313517481405546,0.11801953168910083,0.39002415439405114,NA,NA,-1.0078687378826519,0.313517481405546,-0.8595735609118129,0.39002415439405114,NA,NA,1,1,Not_Significant
H0938,9571,7492,0,-0.0167962241515012,0.29479337097342856,-0.007733948023123866,0.8609987218921364,NA,NA,1.047664148415882,0.29479337097342856,0.17510297345212816,0.8609987218921367,NA,NA,-1,1,Not_Significant
H0939,101909,121874,0,6.9880513889854665,1.4197884169366599e-6,2.0725776941494916,0.1746020313842053,NA,NA,4.822206509475644,1.4197884169366599e-6,1.3575641299795738,0.1746020313842054,NA,NA,-1,1,Sporadic_Hotspot
H0940,22973,20804,0,0.28170599402455515,0.15359409069002228,0.1764619446415138,0.20722369011034741,NA,NA,1.426950751186147,0.15359409069002228,1.2612363935411603,0.20722369011034733,NA,NA,-1,1,Not_Significant
H0941,2884,14115,0,0.09582916838631278,0.4341217757225883,-0.00769471668910465,0.871315051871597,NA,NA,-0.7821579121341555,0.43412177572258837,-0.1619883197582814,0.8713150518715969,NA,NA,1,1,Not_Significant
H0942,0,0,0,0.17077520189103015,0.5587160933401475,0.1312403111890101,0.6082244294829044,NA,NA,-0.5847496065156478,0.5587160933401476,-0.5126096101104027,0.6082244294829042,NA,NA,1,1,Not_Significant
H0943,0,0,0,0.17077520189103015,0.6793326237830962,0.1312403111890101,0.717070740274607,NA,NA,-0.41337399579290984,0.6793326237830962,-0.36237644361289945,0.7170707402746069,NA,NA,1,1,Not_Significant
H0944,4076,5084,0,-0.03703946324077098,0.7209041628091604,-0.0852857848486871,0.270829226537617,NA,NA,0.3572506610007567,0.7209041628091605,1.1011549459610828,0.270829226537617,NA,NA,1,1,Not_Significant
H0945,12702,18799,0,0.03579155698527162,0.2904092151046686,0.25715595415186104,0.021928862271458963,NA,NA,1.0572243373317425,0.2904092151046686,2.2915978048726653,0.021928862271458995,NA,NA,1,1,Sporadic_Hotspot
H0946,35180,25243,0,0.4783808230392816,0.2217828545970632,0.2841818753578318,0.1579288572359448,NA,NA,1.2218010944379278,0.2217828545970634,1.4120716772939426,0.1579288572359448,NA,NA,1,1,Not_Significant
H0947,8758,3671,0,-0.026452760647397256,0.3614898336414361,-0.05476556383721366,0.5724542379268049,NA,NA,0.9125299065440922,0.361489833641436,0.5644407128197757,0.5724542379268049,NA,NA,-1,1,Not_Significant
H0948,30073,24130,0,-0.057742827740037764,0.8532704974154383,-0.06250556412626036,0.7371990912561937,NA,NA,-0.18494713864712875,0.8532704974154383,-0.33556477420970787,0.7371990912561937,NA,NA,-1,1,Not_Significant
H0949,3944,28510,0,0.01924598055704261,0.8552482635334915,-0.06925769032888966,0.7793322492090947,NA,NA,-0.1824262033315574,0.8552482635334915,-0.2801893341342989,0.7793322492090946,NA,NA,-1,1,Not_Significant
H0950,0,0,0,0.17077520189103015,0.3106492228753715,0.1312403111890101,0.37412041965515186,NA,NA,-1.0138607071981673,0.3106492228753717,-0.8887816871223535,0.3741204196551518,NA,NA,1,1,Not_Significant
H0951,0,0,0,0.17077520189103015,0.3106492228753715,0.1312403111890101,0.37412041965515186,NA,NA,-1.0138607071981673,0.3106492228753717,-0.8887816871223535,0.3741204196551518,NA,NA,1,1,Not_Significant
H0952,0,0,0,0.17077520189103015,0.3106492228753715,0.1312403111890101,0.37412041965515186,NA,NA,-1.0138607071981673,0.3106492228753717,-0.8887816871223535,0.3741204196551518,NA,NA,1,1,Not_Significant
H0953,0,0,0,0.17077520189103015,0.3106492228753715,0.1312403111890101,0.37412041965515186,NA,NA,-1.0138607071981673,0.3106492228753717,-0.8887816871223535,0.3741204196551518,NA,NA,1,1,Not_Significant
H0954,0,0,0,0.17077520189103015,0.3106492228753715,0.1312403111890101,0.37412041965515186,NA,NA,-1.0138607071981673,0.3106492228753717,-0.8887816871223535,0.3741204196551518,NA,NA,1,1,Not_Significant
H0955,0,0,0,0.17067563657671256,0.3109312557485085,0.13027801408915177,0.37763178973398975,NA,NA,-1.0132699102970881,0.31093125574850855,-0.8822681982131516,0.3776317897339896,NA,NA,1,1,Not_Significant
H0956,15,298,0,0.1691894468676011,0.3144751739698087,0.1236187321694144,0.3891339837171304,NA,NA,-1.0058761008209156,0.3144751739698087,-0.8611889522975505,0.3891339837171302,NA,NA,1,1,Not_Significant
H0957,0,0,0,0.144027114747334,0.39247147887355566,0.11291367003830387,0.4444297356835101,NA,NA,-0.855143918097397,0.39247147887355566,-0.764734369619662,0.44442973568351,NA,NA,1,1,Not_Significant
H0958,23424,23828,0,0.4857689603633817,0.01760346446575417,0.25847040443976127,0.15488526061515792,NA,NA,2.3738549465536654,0.017603464465754188,1.4224858354993966,0.15488526061515787,NA,NA,-1,1,Sporadic_Hotspot
H0959,59953,28522,0,2.2332266788579243,0.00445924351089206,0.617445162181107,0.012286168677350783,NA,NA,2.8437041285511007,0.0044592435108920725,2.5038166449325416,0.0122861686773508,NA,NA,-1,1,Sporadic_Hotspot
H0960,6564,18856,0,0.024856658811948422,0.6973334560901068,0.06666507156646144,0.5550629245513647,NA,NA,-0.3889225287608849,0.6973334560901068,0.5901905237254749,0.555062924551365,NA,NA,1,1,Not_Significant
H0961,2,694,0,0.11644433703156347,0.6250821455534743,-0.03528365184776919,0.8570236263461577,NA,NA,-0.4886603975746557,0.6250821455534743,0.18016424639069198,0.8570236263461577,NA,NA,1,1,Not_Significant
H0962,0,0,0,0.17077520189103015,0.5587160933401475,0.1312403111890101,0.6082244294829044,NA,NA,-0.5847496065156478,0.5587160933401476,-0.5126096101104027,0.6082244294829042,NA,NA,1,1,Not_Significant
H0963,0,0,0,-0.034449093075812,0.8678493767460629,0.03250862874354517,0.8571974639898304,NA,NA,0.16639084679761093,0.8678493767460629,-0.1799428127901641,0.8571974639898303,NA,NA,-1,1,Not_Significant
H0964,29123,13099,0,0.1912063692332938,0.5169562743579357,0.0486499643891462,0.14529906629158268,NA,NA,0.6480443368230339,0.5169562743579357,1.456338504476675,0.14529906629158276,NA,NA,1,1,Not_Significant
H0965,39353,61851,0,1.011597414597124,0.027216457248550808,1.4212611780825197,0.044193619886776704,NA,NA,2.2083992039516964,0.02721645724855086,2.0122497183290076,0.044193619886776614,NA,NA,-1,1,Sporadic_Hotspot
H0966,4335,4853,0,-0.06319633257427218,0.5253702230808948,-0.030256433048802267,0.7076559052331626,NA,NA,0.6350892265508421,0.5253702230808945,0.37500613333891425,0.7076559052331628,NA,NA,-1,1,Not_Significant
H0967,6043,3681,0,0.0054743278849884785,0.9394211492164907,0.019392545425652274,0.8410423606749711,NA,NA,-0.07599742199711351,0.9394211492164904,-0.200560354448306,0.8410423606749708,NA,NA,-1,1,Not_Significant
H0968,27591,22749,0,-0.034782892664514134,0.8985604049671543,0.03597677446773208,0.828884288172412,NA,NA,-0.12748012224245114,0.8985604049671541,0.21613272945490294,0.8288842881724121,NA,NA,1,1,Not_Significant
H0969,0,0,0,0.15908300484481688,0.3449234009186148,0.07113154893871025,0.6298597766995563,NA,NA,-0.944481990030879,0.3449234009186148,-0.4819242245769379,0.6298597766995562,NA,NA,1,1,Not_Significant
H0970,0,0,0,0.17077520189103015,0.3106492228753715,0.1312403111890101,0.37412041965515186,NA,NA,-1.0138607071981673,0.3106492228753717,-0.8887816871223535,0.3741204196551518,NA,NA,1,1,Not_Significant
H0971,0,0,0,0.17077520189103015,0.3106492228753715,0.1312403111890101,0.37412041965515186,NA,NA,-1.0138607071981673,0.3106492228753717,-0.8887816871223535,0.3741204196551518,NA,NA,1,1,Not_Significant
H0972,0,0,0,0.17077520189103015,0.3106492228753715,0.1312403111890101,0.37412041965515186,NA,NA,-1.0138607071981673,0.3106492228753717,-0.8887816871223535,0.3741204196551518,NA,NA,1,1,Not_Significant
H0973,0,0,0,0.17077520189103015,0.3106492228753715,0.1312403111890101,0.37412041965515186,NA,NA,-1.0138607071981673,0.3106492228753717,-0.8887816871223535,0.3741204196551518,NA,NA,1,1,Not_Significant
H0974,0,0,0,0.1706998551666817,0.3108626376139398,0.13076530496099495,0.3758511604670751,NA,NA,-1.0134136176514046,0.31086263761393995,-0.8855665181288752,0.3758511604670751,NA,NA,1,1,Not_Significant
H0975,9,238,0,0.16961088642048142,0.31354639875540047,0.12704740689965555,0.3788680219484587,NA,NA,-1.007808511984867,0.31354639875540047,-0.8799839175115729,0.3788680219484587,NA,NA,1,1,Not_Significant
H0976,19,709,0,0.1694879990672638,0.3134393497240786,0.12052718229215106,0.38199634403146787,NA,NA,-1.0080314803002943,0.3134393497240786,-0.8742238794590951,0.38199634403146776,NA,NA,1,1,Not_Significant
H0977,0,0,0,0.08198716010971699,0.6262487081997365,0.06711447040696121,0.6493007086769063,NA,NA,-0.4870135787897248,0.6262487081997365,-0.4547338730027807,0.649300708676906,NA,NA,1,1,Not_Significant
H0978,11266,12121,0,0.026687972315698114,0.015041380861444345,0.03777129158322868,0.05746568098998718,NA,NA,2.4313811815089372,0.015041380861444357,1.8997519371996408,0.05746568098998722,NA,NA,-1,1,Sporadic_Hotspot
H0979,5155,35541,0,-0.15702113983212565,0.06918256622876376,0.25143839879740204,0.4637940186374329,NA,NA,1.8172256680186092,0.06918256622876388,0.7326137888969583,0.46379401863743297,NA,NA,-1,1,Not_Significant
H0980,6299,21768,0,0.053321835438694516,0.4339559724078142,0.018200182912092477,0.9051134336522529,NA,NA,-0.7824401046330636,0.4339559724078139,0.11920438379184774,0.905113433652253,NA,NA,1,1,Not_Significant
H0981,0,0,0,0.17077520189103015,0.4080177562909884,0.1312403111890101,0.46826000361036674,NA,NA,-0.8273869827863918,0.40801775629098863,-0.7253130466966894,0.46826000361036674,NA,NA,1,1,Not_Significant
H0982,46767,27064,0,-0.04404424596505943,0.9405050879755807,-0.03910903626015891,0.8634753200155093,NA,NA,-0.07463504753791929,0.9405050879755807,-0.17195193036675632,0.8634753200155092,NA,NA,-1,1,Not_Significant
H0983,17071,16386,0,0.22785377918833574,0.0276356354173826,0.23484927041771314,0.0029002644434101797,NA,NA,2.2024202691512667,0.0276356354173826,2.978115737932132,0.0029002644434101845,NA,NA,1,1,Sporadic_Hotspot
H0984,33053,29490,0,0.5449534144379552,0.12773843951444097,0.4312687600479189,0.09708563367135732,NA,NA,1.5230810088010902,0.12773843951444103,1.659149684114981,0.09708563367135745,NA,NA,1,1,Not_Significant
H0985,1699,8433,0,0.07167710047577383,0.6120579232132497,0.013077957191577689,0.6742392680561959,NA,NA,-0.5071381006086517,0.6120579232132497,-0.420337021939991,0.6742392680561958,NA,NA,1,1,Not_Significant
H0986,2161,3522,0,-0.04087985069863464,0.760795354556695,-0.012500724315066264,0.8997962496638032,NA,NA,0.3044365119112798,0.7607953545566951,0.12591873836867787,0.8997962496638032,NA,NA,-1,1,Not_Significant
H0987,401,848,0,0.03235570000754437,0.8414356281024994,-0.022074907948644303,0.8714007367201831,NA,NA,-0.2000574787336482,0.8414356281024993,0.16187951243260582,0.8714007367201833,NA,NA,1,1,Not_Significant
H0988,0,0,0,0.17061912653345124,0.3110914035890019,0.1309557169403286,0.3751567793011129,NA,NA,-1.012934593137016,0.311091403589002,-0.8868553574236747,0.3751567793011128,NA,NA,1,1,Not_Significant
H0989,0,0,0,0.17077520189103015,0.3106492228753715,0.1312403111890101,0.37412041965515186,NA,NA,-1.0138607071981673,0.3106492228753717,-0.8887816871223535,0.3741204196551518,NA,NA,1,1,Not_Significant
H0990,0,0,0,0.17077520189103015,0.3106492228753715,0.1312403111890101,0.37412041965515186,NA,NA,-1.0138607071981673,0.3106492228753717,-0.8887816871223535,0.3741204196551518,NA,NA,1,1,Not_Significant
H0991,0,0,0,0.17077520189103015,0.3106492228753715,0.1312403111890101,0.37412041965515186,NA,NA,-1.0138607071981673,0.3106492228753717,-0.8887816871223535,0.3741204196551518,NA,NA,1,1,Not_Significant
H0992,0,0,0,0.17074291043773795,0.31074067449190074,0.13114203403838628,0.3744780988908686,NA,NA,-1.0136690973924118,0.31074067449190096,-0.8881164797443925,0.37447809889086864,NA,NA,1,1,Not_Significant
H0993,28,232,0,0.09624133777147097,0.5665710708791025,0.0869947262162734,0.5469361679904241,NA,NA,-0.5731087384905333,0.5665710708791023,-0.6023575385208473,0.5469361679904241,NA,NA,-1,1,Not_Significant
H0994,0,0,0,0.16975533015788516,0.3135461496239366,0.12847831376835292,0.38425308655520546,NA,NA,-1.0078090308330576,0.3135461496239366,-0.8700865881042402,0.3842530865552055,NA,NA,1,1,Not_Significant
H0995,0,0,0,0.17072407375665083,0.3107940294718447,0.12978867577667064,0.37942512255907707,NA,NA,-1.0135573250057213,0.31079402947184487,-0.8789560198103875,0.3794251225590771,NA,NA,1,1,Not_Significant
H0996,0,0,0,0.07468929166568242,0.6572524362157544,0.04946962698870777,0.7373977138524401,NA,NA,-0.4437097626889914,0.6572524362157545,-0.3353014316846939,0.73739771385244,NA,NA,1,1,Not_Significant
H0997,29435,22969,0,0.7941726107356419,0.008185596467907879,0.3453443521157314,0.042033323427692795,NA,NA,2.644316962635929,0.008185596467907891,2.0331900747063436,0.042033323427692795,NA,NA,-1,1,Sporadic_Hotspot
H0998,170,3352,0,-0.07135116036470385,0.6673533199692722,-0.10506178287526902,0.3002298671611096,NA,NA,0.4297832478199311,0.667353319969272,1.0359405740925747,0.30022986716110966,NA,NA,1,1,Not_Significant
H0999,908,5382,0,0.11831163850029938,0.5305956161272574,-0.01523501750340491,0.8654810862620963,NA,NA,-0.627097057048569,0.5305956161272574,0.16940119163561004,0.8654810862620964,NA,NA,1,1,Not_Significant
H1000,0,0,0,0.17077520189103015,0.3548175361964155,0.1312403111890101,0.4172888828283537,NA,NA,-0.9252852749300453,0.3548175361964156,-0.8111337207203317,0.41728888282835347,NA,NA,1,1,Not_Significant
H1001,0,0,0,-0.2593267738026123,0.20935601229101097,-0.32691240921449916,0.0710100532073791,NA,NA,1.255338203204274,0.20935601229101095,1.8054131609660433,0.07101005320737908,NA,NA,1,1,Not_Significant
H1002,13955,6875,0,0.11454499189370666,0.03330712438076246,-0.11398072059862865,0.030460996391548468,NA,NA,2.1283614791614407,0.033307124380762526,2.1640436911571923,0.030460996391548468,NA,NA,1,1,Sporadic_Hotspot
H1003,68928,75992,0,1.7251228945434995,0.06276937662489786,2.5072170915341383,0.005397865940622913,NA,NA,1.8608215823591767,0.06276937662489786,2.7822787287774196,0.005397865940622919,NA,NA,1,1,Sporadic_Hotspot
H1004,1978,3220,0,0.009491859146438108,0.9444319039842465,-0.01503750982811921,0.88441336251332,NA,NA,-0.06970067567063772,0.9444319039842466,0.1453768233850504,0.8844133625133203,NA,NA,1,1,Not_Significant
H1005,0,0,0,0.11556219867026994,0.4925618569824718,0.06165599366606266,0.676102749345692,NA,NA,-0.6862398743239614,0.4925618569824718,-0.4177871465518618,0.6761027493456919,NA,NA,1,1,Not_Significant
H1006,18848,22648,0,-0.06275770328962074,0.6342101068828199,-0.06670343720042961,0.687219857841218,NA,NA,-0.475809492013218,0.6342101068828198,-0.4026307866517317,0.6872198578412179,NA,NA,1,1,Not_Significant
H1007,0,0,0,0.16690560940484958,0.32173467340052303,0.1240865535998505,0.4007064947237207,NA,NA,-0.9908994654751384,0.32173467340052325,-0.8403601334016066,0.4007064947237207,NA,NA,1,1,Not_Significant
H1008,0,0,0,0.1706191265334512,0.3110914035890019,0.13095571694032862,0.3751567793011128,NA,NA,-1.012934593137016,0.311091403589002,-0.8868553574236747,0.3751567793011128,NA,NA,1,1,Not_Significant
H1009,0,0,0,0.17077520189103015,0.3106492228753715,0.1312403111890101,0.37412041965515186,NA,NA,-1.0138607071981673,0.3106492228753717,-0.8887816871223535,0.3741204196551518,NA,NA,1,1,Not_Significant
H1010,0,0,0,0.17077520189103015,0.3106492228753715,0.1312403111890101,0.37412041965515186,NA,NA,-1.0138607071981673,0.3106492228753717,-0.8887816871223535,0.3741204196551518,NA,NA,1,1,Not_Significant
H1011,0,0,0,0.17074291043773795,0.31074067449190074,0.13114203403838628,0.3744780988908686,NA,NA,-1.0136690973924118,0.31074067449190096,-0.8881164797443925,0.37447809889086864,NA,NA,1,1,Not_Significant
H1012,0,0,0,0.09712646979487134,0.5640430577402709,0.08883167325418959,0.547353314532177,NA,NA,-0.5768466427214083,0.5640430577402709,-0.6017308450451277,0.547353314532177,NA,NA,-1,1,Not_Significant
H1013,336,104,0,0.07636556257284349,0.6394232196161777,0.06068677599165192,0.6779514467464233,NA,NA,-0.46850538689692905,0.6394232196161777,-0.41526018190699293,0.6779514467464233,NA,NA,1,1,Not_Significant
H1014,0,0,0,0.16892651619005233,0.3159134333840017,0.12265539259389098,0.40615835436970465,NA,NA,-1.0028910458186673,0.31591343338400174,-0.8306730509600492,0.4061583543697046,NA,NA,1,1,Not_Significant
H1015,0,0,0,0.17077520189103015,0.3106492228753715,0.1312403111890101,0.37412041965515186,NA,NA,-1.0138607071981673,0.3106492228753717,-0.8887816871223535,0.3741204196551518,NA,NA,1,1,Not_Significant
H1016,1017,3989,0,-0.17924538763387027,0.23948937014371016,-0.11117209196452396,0.22991695083419528,NA,NA,1.1762640666784294,0.23948937014371025,1.2005728167845553,0.22991695083419536,NA,NA,1,1,Not_Significant
H1017,58196,22376,0,1.6153627145587925,0.032907133476907685,0.36792480050495197,0.022852643187635937,NA,NA,2.133214508634019,0.032907133476907685,2.2758891811532806,0.02285264318763599,NA,NA,1,1,Sporadic_Hotspot
H1018,3944,30268,0,0.07734495033133305,0.464083069379103,-0.08832366716449278,0.7449526287264598,NA,NA,-0.7321400853984358,0.464083069379103,-0.32530185280569407,0.7449526287264598,NA,NA,1,1,Not_Significant
H1019,0,0,0,0.17077520189103015,0.4737730735094146,0.1312403111890101,0.5300185518190873,NA,NA,-0.7163535424379491,0.47377307350941483,-0.6279776950657879,0.5300185518190872,NA,NA,1,1,Not_Significant
H1020,0,0,0,0.014914044285624168,0.9352505526487177,-0.10537667051045355,0.5153492728088181,NA,NA,-0.08124067472753911,0.9352505526487176,0.6505310175910068,0.515349272808818,NA,NA,1,1,Not_Significant
H1021,11525,26584,0,0.03140607718235543,0.03757707044145185,0.3727567366235789,0.08989762575051911,NA,NA,2.0794384401191377,0.03757707044145189,1.6959379814867077,0.08989762575051914,NA,NA,-1,1,Sporadic_Hotspot
H1022,37317,102366,0,1.4577837487048613,6.17652431957864e-4,3.2035151726743103,0.011186432862233,NA,NA,3.4237419427186677,6.176524319578661e-4,2.536820394551593,0.011186432862232986,NA,NA,-1,1,Sporadic_Hotspot
H1023,8991,12595,0,-0.04331603556615276,0.08655612354920945,0.041300914223560505,0.11822659096694843,NA,NA,1.7138508399440127,0.08655612354920948,1.56226067970021,0.1182265909669483,NA,NA,-1,1,Not_Significant
H1024,10615,18350,0,-4.953109533650376e-4,0.4119253547001768,-0.05076452202867864,0.6323152414573947,NA,NA,-0.8205101336933331,0.4119253547001767,-0.47847067493287637,0.6323152414573947,NA,NA,1,1,Not_Significant
H1025,0,0,0,0.07362367370704018,0.6618309720999958,0.02592815453302456,0.8603280796743842,NA,NA,-0.43738663909906134,0.6618309720999958,-0.17595654768894525,0.8603280796743841,NA,NA,1,1,Not_Significant
H1026,582,1904,0,0.10403884960051418,0.5132547398703611,0.05722942456641613,0.6371062176917885,NA,NA,-0.6537781588480639,0.5132547398703611,-0.4717486354696056,0.6371062176917885,NA,NA,1,1,Not_Significant
H1027,58,139,0,0.16873615596658104,0.31380083303271267,0.1281707255384075,0.3791658121165282,NA,NA,-1.0072787615581158,0.31380083303271267,-0.8794343538934528,0.3791658121165282,NA,NA,1,1,Not_Significant
H1028,0,0,0,0.17077520189103015,0.3106492228753715,0.1312403111890101,0.37412041965515186,NA,NA,-1.0138607071981673,0.3106492228753717,-0.8887816871223535,0.3741204196551518,NA,NA,1,1,Not_Significant
H1029,0,0,0,0.16937052367281993,0.3146437900533468,0.1272170903353471,0.38893532756735866,NA,NA,-1.005525680647805,0.3146437900533469,-0.8615497600870737,0.38893532756735866,NA,NA,1,1,Not_Significant
H1030,0,0,0,0.17077520189103015,0.3106492228753715,0.1312403111890101,0.37412041965515186,NA,NA,-1.0138607071981673,0.3106492228753717,-0.8887816871223535,0.3741204196551518,NA,NA,1,1,Not_Significant
H1031,12,48,0,0.1701782679483495,0.31179397603029485,0.12694308702529833,0.3878237190110709,NA,NA,-1.0114648924786453,0.3117939760302948,-0.8635707847144848,0.38782371901107077,NA,NA,1,1,Not_Significant
H1032,27258,20325,0,-0.2383747448923628,0.37018597821295934,-0.09291366278598287,0.4861625561737954,NA,NA,-0.8961250525622064,0.37018597821295934,-0.696425247613993,0.48616255617379545,NA,NA,1,1,Not_Significant
H1033,0,0,0,0.14936327740386818,0.37518258213192707,0.09536300888939825,0.5183185899082039,NA,NA,-0.8868074384984863,0.3751825821319271,-0.6459394187054546,0.5183185899082037,NA,NA,1,1,Not_Significant
H1034,0,0,0,0.14911301864085372,0.37598273833721246,0.10900101097909264,0.4603620575446253,NA,NA,-0.8853224625038815,0.3759827383372125,-0.7382508008845886,0.4603620575446251,NA,NA,1,1,Not_Significant
H1035,0,0,0,0.09622230910269007,0.5676732510749303,0.08693369578276687,0.5559390730999745,NA,NA,-0.5714815681602554,0.5676732510749303,-0.5888840275582553,0.5559390730999743,NA,NA,-1,1,Not_Significant
H1036,93408,108222,0,2.65451907895838,0.043299497087439076,1.1197285395152132,0.40280118340810817,NA,NA,2.020809422169599,0.04329949708743922,0.8366289218103942,0.40280118340810817,NA,NA,-1,1,Sporadic_Hotspot
H1037,10253,10066,0,-0.004767802203616538,0.35590902783623185,-0.005050207272820094,0.5541432987434762,NA,NA,0.9231884096885818,0.3559090278362319,0.591562936907035,0.5541432987434762,NA,NA,-1,1,Not_Significant
H1038,0,0,0,0.15119043546931785,0.46383309611759976,0.021753423072149797,0.9040604446620407,NA,NA,-0.7325497381481607,0.4638330961175998,-0.1205336253091186,0.9040604446620406,NA,NA,1,1,Not_Significant
H1039,0,0,0,0.17076443807326608,0.31067970477374535,0.1296535446945629,0.37992127401519094,NA,NA,-1.0137968372629156,0.3106797047737454,-0.8780413596656911,0.37992127401519094,NA,NA,1,1,Not_Significant
H1040,48263,95531,0,-0.21257716580871736,0.7245758889678812,-0.2367548842885231,0.8426048970546317,NA,NA,-0.35234987433217163,0.724575888967881,-0.19856261894419555,0.8426048970546316,NA,NA,1,1,Not_Significant
H1041,54948,34770,0,1.6763834603766972,0.017542138453493457,0.8570167385172894,0.01004509857324151,NA,NA,2.375143297274457,0.017542138453493495,2.5742729738386094,0.010045098573241526,NA,NA,1,1,Sporadic_Hotspot
H1042,43885,41727,0,2.0345485869361566,1.246242388345629e-4,1.9252655530409424,7.22059452121615e-6,NA,NA,3.8368466473628247,1.246242388345633e-4,4.48708006465364,7.22059452121615e-6,NA,NA,1,1,Sporadic_Hotspot
H1043,431,892,0,0.00592586491525554,0.9703604189105698,-0.046381776679214115,0.7322576806026936,NA,NA,-0.03715625380798432,0.9703604189105697,0.3421238619097059,0.7322576806026937,NA,NA,1,1,Not_Significant
H1044,0,0,0,0.07305588231998586,0.6642757330927351,-0.003989048069379606,0.9788237062601386,NA,NA,-0.4340175000145279,0.6642757330927351,0.026543664952025356,0.9788237062601387,NA,NA,1,1,Not_Significant
H1045,2903,5987,0,0.006783959093622743,0.9554540856821715,-0.0068207655150555576,0.916518500951691,NA,NA,-0.05585905947764992,0.9554540856821715,0.10482017493845172,0.9165185009516912,NA,NA,1,1,Not_Significant
H1046,397,603,0,0.16266892951281822,0.3156779390514228,0.11974868452622965,0.39008905667283805,NA,NA,-1.003379193621413,0.3156779390514229,-0.8594558705808009,0.3900890566728382,NA,NA,1,1,Not_Significant
H1047,0,0,0,0.170578762216836,0.31120582821227544,0.13081034865503086,0.37568682664027636,NA,NA,-1.0126950808798216,0.3112058282122755,-0.8858714048437739,0.37568682664027625,NA,NA,1,1,Not_Significant
H1048,0,0,0,0.12504781307485027,0.4577691562638973,0.10837654158450372,0.46293413394180605,NA,NA,-0.7425252547646269,0.45776915626389736,-0.7340239623371279,0.4629341339418059,NA,NA,1,1,Not_Significant
H1049,0,0,0,0.14375532834879146,0.3933647920262147,0.11056935050779791,0.4539377325279404,NA,NA,-0.8535312022322885,0.3933647920262147,-0.7488664019578833,0.4539377325279402,NA,NA,1,1,Not_Significant
H1050,0,0,0,0.14812274740655995,0.37915926776504993,0.06831017573955114,0.6434882118384355,NA,NA,-0.8794464284607141,0.37915926776505,-0.46282722943463983,0.6434882118384355,NA,NA,1,1,Not_Significant
H1051,71,108,0,0.09652795592360469,0.5638299204710537,0.08515498735335737,0.5600778724709594,NA,NA,-0.5771621541193303,0.5638299204710537,-0.5827258441012161,0.5600778724709594,NA,NA,-1,1,Not_Significant
H1052,6858,13373,0,0.03160152971421252,0.5937181277651641,-0.020769637469007368,0.5766742473452675,NA,NA,-0.5334557596527805,0.593718127765164,-0.5582491726045458,0.5766742473452673,NA,NA,-1,1,Not_Significant
H1053,668,3484,0,0.1411402899786388,0.3710896721627436,0.07748551301677825,0.4362260262203914,NA,NA,-0.8944341040675694,0.37108967216274347,-0.7785819312417631,0.43622602622039136,NA,NA,1,1,Not_Significant
H1054,0,0,0,-0.10454441983260955,0.5353759941561758,-0.03790694967842882,0.7978555837855864,NA,NA,0.6198204641566738,0.535375994156176,0.25612336127082624,0.7978555837855864,NA,NA,-1,1,Not_Significant
H1055,3050,7441,0,-0.24533444832300227,0.04083357038892847,-0.08374235484862366,0.06183333792593926,NA,NA,2.0452159733208277,0.040833570388928445,1.8674889541101882,0.06183333792593933,NA,NA,-1,1,Sporadic_Hotspot
H1056,58379,48136,0,2.0921809052699296,0.005929407944966826,0.7852725929048106,0.12892742142326655,NA,NA,2.751659818651826,0.005929407944966844,1.5183451095124147,0.12892742142326663,NA,NA,-1,1,Sporadic_Hotspot
H1057,0,0,0,0.13097329475396685,0.436754351517227,0.04321879072090461,0.7695286711222302,NA,NA,-0.7776856541207534,0.43675435151722714,-0.29299147074896426,0.7695286711222301,NA,NA,1,1,Not_Significant
H1058,0,0,0,0.17077520189103015,0.3548175361964155,0.1312403111890101,0.4172888828283537,NA,NA,-0.9252852749300453,0.3548175361964156,-0.8111337207203317,0.41728888282835347,NA,NA,1,1,Not_Significant
H1059,4,775,0,0.04088619971739628,0.8078335560825706,-0.059685310792715864,0.6634430040979741,NA,NA,-0.24322183072468695,0.8078335560825705,0.43516453351741974,0.663443004097974,NA,NA,1,1,Not_Significant
H1060,29762,22181,0,0.4500188776629559,0.14066997905603787,0.25423917500121074,0.1097163988311978,NA,NA,1.4733006739628207,0.14066997905603804,1.5994691465726139,0.10971639883119776,NA,NA,1,1,Not_Significant
H1061,78962,70669,0,3.718218397299911,6.216124768921225e-4,2.7770613311413896,7.973137403546857e-4,NA,NA,3.422004662286002,6.216124768921235e-4,3.3537256487763774,7.973137403546884e-4,NA,NA,-1,1,Sporadic_Hotspot
H1062,22531,25506,0,0.33336761326761033,0.07996190835316894,0.3716063305233449,0.06974682703750151,NA,NA,1.7509071304948611,0.07996190835316898,1.8135513443940343,0.06974682703750162,NA,NA,1,1,Not_Significant
H1063,7966,17005,0,-0.007594499299613799,0.8552617225694885,0.1593532815815534,0.06830130366992195,NA,NA,0.18240905192560625,0.8552617225694885,1.8230137811604397,0.06830130366992192,NA,NA,1,1,Not_Significant
H1064,12191,19279,0,-0.006988990260696002,0.785850907182038,-0.015278764403013598,0.8980191994089293,NA,NA,-0.27170233313053826,0.7858509071820379,-0.12816398672772517,0.898019199408929,NA,NA,1,1,Not_Significant
H1065,0,0,0,0.08399461212271471,0.6178319945724025,0.05683427096358101,0.7001259818930886,NA,NA,-0.498925321714189,0.6178319945724025,-0.3851504095706487,0.7001259818930885,NA,NA,1,1,Not_Significant
H1066,15,71,0,0.16841555105232822,0.3166926839656412,0.1273580278135901,0.38524779950945404,NA,NA,-1.001277466055332,0.31669268396564126,-0.8682677011160425,0.3852477995094541,NA,NA,1,1,Not_Significant
H1067,0,0,0,0.09000082243506174,0.5929508672198749,0.06932365885535939,0.6385785280729552,NA,NA,-0.534564745584704,0.5929508672198749,-0.4696871805198631,0.6385785280729552,NA,NA,1,1,Not_Significant
H1068,522,1965,0,0.07551325823502346,0.6370461969553765,0.06044416273220583,0.6158732257375155,NA,NA,-0.4718327159704327,0.6370461969553763,-0.5017075885458095,0.6158732257375156,NA,NA,-1,1,Not_Significant
H1069,0,0,0,0.10408796893377897,0.5364734842424355,0.0460544960045297,0.7548995699208763,NA,NA,-0.6181545233455222,0.5364734842424357,-0.3121854753005481,0.7548995699208763,NA,NA,1,1,Not_Significant
H1070,79,1711,0,0.1464769123029118,0.38091233157486737,0.060035108146845935,0.6282227313509163,NA,NA,-0.8762165306111075,0.38091233157486737,-0.48422988290107394,0.6282227313509162,NA,NA,1,1,Not_Significant
H1071,0,0,0,0.07215172162780459,0.6681761873391917,0.055943634286052556,0.7045972939951513,NA,NA,-0.42865242545337506,0.6681761873391917,-0.3791219677078768,0.704597293995151,NA,NA,1,1,Not_Significant
H1072,95,562,0,0.10856132707163638,0.5153490338369657,0.06777564114177677,0.6279201352721093,NA,NA,-0.6505313876759471,0.5153490338369657,-0.48465634895333626,0.6279201352721093,NA,NA,1,1,Not_Significant
H1073,7382,7378,0,-0.02888263587754597,0.5706017128916935,-0.014342862831906604,0.7537966012607501,NA,NA,0.567165547466949,0.5706017128916936,0.3136372017621288,0.7537966012607502,NA,NA,-1,1,Not_Significant
H1074,23638,10210,0,0.30728563056508396,0.13959745021615352,-0.008280123237948123,0.20585658355922234,NA,NA,1.4772917436438673,0.13959745021615363,1.2650411320290327,0.2058565835592222,NA,NA,-1,1,Not_Significant
H1075,39352,19089,0,1.6169477208998557,4.1681544710830574e-4,0.3017310199990576,0.009430918432977208,NA,NA,3.5292016165532116,4.1681544710830775e-4,2.5960250681674704,0.009430918432977194,NA,NA,-1,1,Sporadic_Hotspot
H1076,594,2657,0,-0.10033182262055865,0.5285156693860784,-0.00972977548558288,0.9304214277040548,NA,NA,0.6302734824574306,0.5285156693860784,0.08731462707051636,0.9304214277040548,NA,NA,-1,1,Not_Significant
H1077,0,0,0,0.17077520189103015,0.4080177562909884,0.1312403111890101,0.46826000361036674,NA,NA,-0.8273869827863918,0.40801775629098863,-0.7253130466966894,0.46826000361036674,NA,NA,1,1,Not_Significant
H1078,0,0,0,0.17077520189103015,0.4080177562909884,0.1312403111890101,0.46826000361036674,NA,NA,-0.8273869827863918,0.40801775629098863,-0.7253130466966894,0.46826000361036674,NA,NA,1,1,Not_Significant
H1079,0,0,0,0.17076443807326605,0.3106797047737454,0.1296535446945629,0.37992127401519094,NA,NA,-1.0137968372629156,0.3106797047737454,-0.8780413596656911,0.37992127401519094,NA,NA,1,1,Not_Significant
H1080,0,0,0,-0.040494322227553774,0.8105144460744944,-0.1144546128112022,0.4387826010539409,NA,NA,0.23976241444072452,0.8105144460744945,0.774250616267265,0.43878260105394096,NA,NA,1,1,Not_Significant
H1081,40445,21079,0,1.0638005335394034,0.025250651414121576,0.19952642621158526,0.16503586298530137,NA,NA,2.2375463823402155,0.025250651414121576,1.388332359149873,0.16503586298530137,NA,NA,-1,1,Sporadic_Hotspot
H1082,86828,100573,0,2.9728184495378223,0.014041909977289553,2.5265923432176116,0.041233179656525,NA,NA,2.4561894738275436,0.014041909977289553,2.041177576906581,0.041233179656525,NA,NA,-1,1,Sporadic_Hotspot
H1083,9086,12141,0,-0.016223397777315494,0.4947638509047726,0.04868315430698101,0.015736653155635234,NA,NA,0.6827515478893088,0.4947638509047726,2.4149665881415565,0.015736653155635234,NA,NA,1,1,Sporadic_Hotspot
H1084,5542,11414,0,-0.03542127918749304,0.6590256889338879,0.022005736337219868,0.029432591612704003,NA,NA,0.44125874513772184,0.6590256889338879,2.1776434559274653,0.02943259161270407,NA,NA,1,1,Sporadic_Hotspot
H1085,28367,27847,0,-0.1514332308796939,0.5937448238953185,-0.054948576616906546,0.8174857899004757,NA,NA,-0.533417185316018,0.5937448238953185,-0.23077990944753626,0.8174857899004756,NA,NA,1,1,Not_Significant
H1086,0,0,0,0.16096667295352787,0.3392444273430013,0.11661339527116345,0.4296582145919714,NA,NA,-0.9556592286999472,0.3392444273430013,-0.7897766557024867,0.42965821459197123,NA,NA,1,1,Not_Significant
H1087,0,0,0,0.13338708088755794,0.42835572755361667,0.0865078281300636,0.5578745322008118,NA,NA,-0.7920084871009738,0.42835572755361667,-0.5860014622537574,0.5578745322008117,NA,NA,1,1,Not_Significant
H1088,16471,9202,0,-0.06213950258156268,0.508360302897098,0.008659861202703994,0.6724424873042649,NA,NA,-0.6613930171263894,0.508360302897098,-0.4227982188539256,0.6724424873042648,NA,NA,1,1,Not_Significant
H1089,9519,8131,0,0.003416577261017987,0.839371357683665,0.005183779062096116,0.8831537681135608,NA,NA,-0.20269765306410795,0.8393713576836648,-0.14697244714626176,0.8831537681135608,NA,NA,1,1,Not_Significant
H1090,8327,28977,0,0.02255810918536642,0.5291564788064875,-0.16608388914046673,0.5119783935267945,NA,NA,-0.6292941831618197,0.5291564788064875,-0.6557602538758894,0.5119783935267945,NA,NA,-1,1,Not_Significant
H1091,0,0,0,0.15896998475829427,0.34526605663006515,0.12147606678640503,0.4106839835435687,NA,NA,-0.9438113557107348,0.34526605663006527,-0.8226905624245168,0.4106839835435687,NA,NA,1,1,Not_Significant
H1092,2375,2817,0,0.09091581788683507,0.4863822696902607,0.06109663255993922,0.5741389153849303,NA,NA,-0.6960743488550045,0.48638226969026066,-0.5619663948894558,0.5741389153849301,NA,NA,1,1,Not_Significant
H1093,0,0,0,-0.3097189321422929,0.06616897882669522,-0.3355863914773711,0.023145606797999114,NA,NA,1.8372772349592228,0.06616897882669533,2.2710226506277484,0.02314560679799915,NA,NA,1,1,Sporadic_Hotspot
H1094,71293,65026,0,2.6148413897273315,0.006733133838286617,1.76065490674165,0.018918495827925194,NA,NA,2.7097628137419916,0.0067331338382866325,2.347133089280273,0.018918495827925194,NA,NA,-1,1,Sporadic_Hotspot
H1095,34160,57358,0,0.798561963788345,0.0334384998049993,0.26790150663320544,0.6764564856384929,NA,NA,2.1267784001567205,0.03343849980499934,0.41730342226318895,0.676456485638493,NA,NA,-1,1,Sporadic_Hotspot
H1096,33694,11093,0,0.5740396704775133,0.11878131535051283,0.002064684601185651,0.7155559088542663,NA,NA,1.5599093046067238,0.11878131535051283,0.3644045894485676,0.7155559088542662,NA,NA,-1,1,Not_Significant
H1097,0,0,0,0.1663135994278261,0.3234531416085599,0.12164600435935874,0.41003001198164607,NA,NA,-0.9873866190362882,0.32345314160856,-0.8238408168489079,0.4100300119816459,NA,NA,1,1,Not_Significant
H1098,0,0,0,0.17077520189103015,0.5587160933401475,0.1312403111890101,0.6082244294829044,NA,NA,-0.5847496065156478,0.5587160933401476,-0.5126096101104027,0.6082244294829042,NA,NA,1,1,Not_Significant
H1099,0,0,0,0.17077520189103015,0.5587160933401475,0.1312403111890101,0.6082244294829044,NA,NA,-0.5847496065156478,0.5587160933401476,-0.5126096101104027,0.6082244294829042,NA,NA,1,1,Not_Significant
H1100,0,0,0,0.17077520189103015,0.3106492228753715,0.1312403111890101,0.37412041965515186,NA,NA,-1.0138607071981673,0.3106492228753717,-0.8887816871223535,0.3741204196551518,NA,NA,1,1,Not_Significant
H1101,0,0,0,0.17076443807326605,0.3106797047737454,0.1296535446945629,0.37992127401519094,NA,NA,-1.0137968372629156,0.3106797047737454,-0.8780413596656911,0.37992127401519094,NA,NA,1,1,Not_Significant
H1102,482,1514,0,-0.09351360296138748,0.5613204663821425,-0.03338718259591993,0.7926221462055374,NA,NA,0.5808812851484899,0.5613204663821425,0.26290714872828774,0.7926221462055375,NA,NA,-1,1,Not_Significant
H1103,13755,5148,0,0.19068946592353636,1.6584798334121314e-4,-0.2613075026735267,6.417009906339077e-4,NA,NA,3.766053929738283,1.6584798334121255e-4,3.4133473393978147,6.417009906339108e-4,NA,NA,-1,1,Sporadic_Hotspot
H1104,23858,26984,0,0.35049032309995876,0.09751451579918828,0.4529834208001715,0.044402379808795085,NA,NA,1.6570245300674264,0.09751451579918834,2.0102722728158136,0.044402379808795175,NA,NA,1,1,Sporadic_Hotspot
H1105,49221,152831,0,-0.23824374499421103,0.7000598968050917,0.9424345440343393,0.6252551721605235,NA,NA,-0.3852396132310926,0.7000598968050915,0.4884160549268604,0.6252551721605235,NA,NA,1,1,Not_Significant
H1106,9629,9577,0,-0.0037531021363241403,0.8038361395070636,-0.010066884184074318,0.5105703752561048,NA,NA,0.2483855154344731,0.8038361395070637,0.6579498212327998,0.5105703752561048,NA,NA,1,1,Not_Significant
H1107,0,0,0,0.040080926599779444,0.8116081292407139,0.011284859090073937,0.93875031358856,NA,NA,-0.23835195337058013,0.8116081292407139,-0.07684064837275162,0.9387503135885599,NA,NA,1,1,Not_Significant
H1108,333,738,0,0.12138979164644412,0.45674621001468846,0.06972102359203756,0.6119006521205808,NA,NA,-0.7442153384540953,0.45674621001468846,-0.5073622726393573,0.6119006521205808,NA,NA,1,1,Not_Significant
H1109,13546,21039,0,-0.012389323163601081,0.7935120707133758,-0.05327172097624156,0.7102342398073487,NA,NA,-0.2617527481115095,0.7935120707133758,-0.37154151619606596,0.7102342398073485,NA,NA,-1,1,Not_Significant
H1110,7954,10591,0,-0.006970723023833776,0.8676460724974298,-4.485642934082145e-5,0.9719646936303863,NA,NA,0.16664920821154747,0.86764607249743,0.03514427904590796,0.9719646936303863,NA,NA,-1,1,Not_Significant
H1111,6936,4498,0,-0.053866414510776506,0.3532608872437507,-0.056420821335755954,0.5096816487530984,NA,NA,0.9282828124976031,0.353260887243751,0.6593334783416308,0.5096816487530984,NA,NA,-1,1,Not_Significant
H1112,210,53,0,0.06205756686765117,0.7067650860894932,0.023809098653096075,0.8709794652058638,NA,NA,-0.3762042096220007,0.7067650860894932,-0.16241448461057706,0.8709794652058638,NA,NA,1,1,Not_Significant
H1113,88,153,0,0.1525050515555519,0.3612230754252286,0.11813800461885475,0.41695959470614763,NA,NA,-0.913037012956254,0.3612230754252286,-0.8117073171733327,0.41695959470614763,NA,NA,1,1,Not_Significant
H1114,12853,9485,0,0.04228098462762539,0.24359588881963212,-0.029697431086270126,0.07313017669285786,NA,NA,1.1660458981453945,0.24359588881963212,1.792017413328427,0.07313017669285786,NA,NA,1,1,Not_Significant
H1115,27033,18232,0,1.2602443085957695,1.5272858689640073e-6,0.5779921971776877,3.076651247429027e-8,NA,NA,4.807631982413445,1.5272858689640143e-6,5.537017896263954,3.0766512474290113e-8,NA,NA,1,1,Sporadic_Hotspot
H1116,47436,25562,0,2.675152622891418,5.134648108428923e-6,0.8124023580556504,7.844414972408839e-5,NA,NA,4.559209698337402,5.134648108428923e-6,3.9491043577812865,7.844414972408827e-5,NA,NA,-1,1,Sporadic_Hotspot
H1117,61645,19150,0,0.8528335190020656,0.29294889036653365,0.058851973733756176,0.6149687797321652,NA,NA,1.0516745520004547,0.292948890366534,0.502993588756458,0.6149687797321652,NA,NA,-1,1,Not_Significant
H1118,640,1130,0,0.06279038037778042,0.6913179878055926,0.08718580693919861,0.5090350114931634,NA,NA,-0.3970670898132071,0.6913179878055925,-0.6603410208274952,0.5090350114931634,NA,NA,-1,1,Not_Significant
H1119,0,0,0,0.1684932725250488,0.4796992166907209,0.12755901292189248,0.5416154508104829,NA,NA,-0.7067864172320959,0.4796992166907212,-0.6103719411068014,0.5416154508104827,NA,NA,1,1,Not_Significant
H1120,0,0,0,0.17077520189103015,0.5587160933401475,0.1312403111890101,0.6082244294829044,NA,NA,-0.5847496065156478,0.5587160933401476,-0.5126096101104027,0.6082244294829042,NA,NA,1,1,Not_Significant
H1121,0,0,0,0.17077520189103015,0.5587160933401475,0.1312403111890101,0.6082244294829044,NA,NA,-0.5847496065156478,0.5587160933401476,-0.5126096101104027,0.6082244294829042,NA,NA,1,1,Not_Significant
H1122,0,0,0,0.17077520189103015,0.3548175361964155,0.1312403111890101,0.4172888828283537,NA,NA,-0.9252852749300453,0.3548175361964156,-0.8111337207203317,0.41728888282835347,NA,NA,1,1,Not_Significant
H1123,0,0,0,0.17077520189103015,0.3106492228753715,0.1312403111890101,0.37412041965515186,NA,NA,-1.0138607071981673,0.3106492228753717,-0.8887816871223535,0.3741204196551518,NA,NA,1,1,Not_Significant
H1124,0,0,0,0.15592759166728193,0.398177791992339,0.10326080640640581,0.5232818837874509,NA,NA,-0.8448800897780547,0.39817779199233916,-0.6382946656262615,0.5232818837874509,NA,NA,1,1,Not_Significant
H1125,25550,29965,0,0.19785979198550172,0.40645592055156016,0.2105606310057774,0.4292090463969564,NA,NA,0.8301465683811625,0.40645592055156016,0.7905458673748385,0.4292090463969564,NA,NA,-1,1,Not_Significant
H1126,33716,40728,0,0.7346371364501596,0.046140343334767825,0.9866594263422613,0.01747600487530828,NA,NA,1.9941071747204655,0.046140343334767867,2.3765370788427758,0.0174760048753083,NA,NA,1,1,Sporadic_Hotspot
H1127,2221,15142,0,-0.10272218907432454,0.44063978225319816,0.19798573892746646,0.0013225200652669396,NA,NA,0.7711132926877479,0.4406397822531984,3.21104764294836,0.0013225200652669396,NA,NA,1,1,Sporadic_Hotspot
H1128,12107,22545,0,0.016738248952941612,0.49226138496908606,0.3811786238974627,0.02011052158868012,NA,NA,0.6867165193964931,0.49226138496908606,2.324279447953921,0.020110521588680146,NA,NA,1,1,Sporadic_Hotspot
H1129,5281,12552,0,-0.030038006512081775,0.7220686996372102,0.014162680024414544,0.5836231347180836,NA,NA,0.3556953875470929,0.7220686996372103,0.5481001542014354,0.5836231347180838,NA,NA,1,1,Not_Significant
H1130,2900,5732,0,0.04751579451462374,0.697407656973299,0.0029242418957298056,0.9657667312011671,NA,NA,-0.3888222274996814,0.6974076569732991,-0.04291821180971924,0.965766731201167,NA,NA,1,1,Not_Significant
H1131,0,0,0,5.37351089053676e-4,0.9970400316093982,-0.036387748725035474,0.8058058098438565,NA,NA,-0.0037097787392098634,0.9970400316093982,0.245840363886512,0.8058058098438565,NA,NA,1,1,Not_Significant
H1132,0,0,0,-0.14480917113352754,0.39048291477454955,-0.08324957004749829,0.5734121302363365,NA,NA,0.8587419244499163,0.39048291477454966,0.563033415277597,0.5734121302363366,NA,NA,-1,1,Not_Significant
H1133,35359,36448,0,0.4333582480729595,0.27178897064816027,0.079094942655904,0.8234360021272433,NA,NA,1.0989520747808006,0.2717889706481606,0.2231278517941097,0.8234360021272434,NA,NA,-1,1,Not_Significant
H1134,16832,10466,0,0.06698726092132401,0.5013002768751238,-0.0013010288128980534,0.6650430327211387,NA,NA,0.6724452611336357,0.5013002768751238,0.4329610967705437,0.665043032721139,NA,NA,-1,1,Not_Significant
H1135,3939,2744,0,0.08764258035803778,0.4071334772910008,0.0821270187613114,0.45424926333615273,NA,NA,-0.828948627682114,0.40713347729100086,-0.7483496843073846,0.4542492633361525,NA,NA,1,1,Not_Significant
H1136,0,0,0,0.12017718553661187,0.4754596454271228,0.10333779017439446,0.4839783745829244,NA,NA,-0.7136241090631789,0.4754596454271228,-0.6999182257295842,0.4839783745829244,NA,NA,1,1,Not_Significant
H1137,130528,188864,0,3.035205090419516,0.10892633702334922,0.9449243797201338,0.6929791249992339,NA,NA,1.603037672713761,0.10892633702334929,0.39481540511513785,0.6929791249992341,NA,NA,-1,1,Not_Significant
H1138,127253,171772,0,6.476728640587919,4.5089773557928684e-4,3.7657441716790077,0.0871860616938431,NA,NA,3.508348635620449,4.5089773557928755e-4,1.7104317627708954,0.08718606169384326,NA,NA,-1,1,Sporadic_Hotspot
H1139,21440,12597,0,0.448796843734555,0.009499398499672863,0.03001593657322403,0.2566990622808375,NA,NA,2.593538202449927,0.009499398499672873,1.134227664993825,0.25669906228083716,NA,NA,-1,1,Sporadic_Hotspot
H1140,458,232,0,-0.09260831923859389,0.5660446218218625,0.06234808116497592,0.6658656259157381,NA,NA,0.5738864811466857,0.5660446218218625,-0.43182910279144027,0.665865625915738,NA,NA,-1,1,Not_Significant
H1141,424,899,0,0.15123304241152402,0.3933064042220692,0.11405568120801804,0.44149235004690035,NA,NA,-0.8536365430631547,0.3933064042220692,-0.7696755955295296,0.4414923500469002,NA,NA,1,1,Not_Significant
H1142,0,0,0,0.17077520189103015,0.5587160933401475,0.1312403111890101,0.6082244294829044,NA,NA,-0.5847496065156478,0.5587160933401476,-0.5126096101104027,0.6082244294829042,NA,NA,1,1,Not_Significant
H1143,0,0,0,0.17077520189103015,0.5587160933401475,0.1312403111890101,0.6082244294829044,NA,NA,-0.5847496065156478,0.5587160933401476,-0.5126096101104027,0.6082244294829042,NA,NA,1,1,Not_Significant
H1144,0,0,0,0.17077520189103015,0.3106492228753715,0.1312403111890101,0.37412041965515186,NA,NA,-1.0138607071981673,0.3106492228753717,-0.8887816871223535,0.3741204196551518,NA,NA,1,1,Not_Significant
H1145,0,0,0,0.17077520189103015,0.4080177562909884,0.1312403111890101,0.46826000361036674,NA,NA,-0.8273869827863918,0.40801775629098863,-0.7253130466966894,0.46826000361036674,NA,NA,1,1,Not_Significant
H1146,4116,9874,0,0.017430246061006106,0.865302729688286,-0.0021847593635509126,0.8452569113770844,NA,NA,-0.16962796332117777,0.8653027296882859,0.1951737716623821,0.8452569113770845,NA,NA,1,1,Not_Significant
H1147,33819,47409,0,0.472666252303572,0.20134038062270024,1.2299499321938054,0.015342592219309198,NA,NA,1.2777420859635047,0.20134038062270024,2.4241896172831385,0.015342592219309217,NA,NA,1,1,Sporadic_Hotspot
H1148,12812,15010,0,0.02030714315949712,0.5684268592839254,0.12220362503674494,0.041102105310714926,NA,NA,0.5703698721197713,0.5684268592839258,2.0424985277943186,0.041102105310714884,NA,NA,1,1,Sporadic_Hotspot
H1149,2308,20447,0,-0.08166057197026601,0.5356655693533359,0.4011200353745011,0.002966712731469251,NA,NA,0.619380735071922,0.5356655693533361,2.971166106618649,0.002966712731469251,NA,NA,1,1,Sporadic_Hotspot
H1150,15534,17944,0,0.052831471095513234,0.5033984380583558,0.12728460108428674,0.20481389701796227,NA,NA,0.6691521314613798,0.503398438058356,1.2679553474454301,0.2048138970179624,NA,NA,1,1,Not_Significant
H1151,12020,12457,0,0.01756530643565093,0.4448152478695129,0.027187477965576894,0.2676754182625668,NA,NA,0.7640872532701067,0.444815247869513,1.1084317059842899,0.26767541826256686,NA,NA,1,1,Not_Significant
H1152,13971,21717,0,-0.0039871344249148635,0.9413583519840802,0.01980389712718485,0.896359728799657,NA,NA,-0.07356269974007644,0.9413583519840801,0.13026126013855494,0.8963597287996571,NA,NA,1,1,Not_Significant
H1153,30589,28056,0,0.2043656419393906,0.5208739813380494,0.2012105700503465,0.40186006972418725,NA,NA,0.64199877044784,0.5208739813380496,0.8383038579346241,0.40186006972418725,NA,NA,1,1,Not_Significant
H1154,12037,10890,0,0.04382395751428963,0.05956076920582764,0.0023316916025997963,0.414713580350879,NA,NA,1.8840310973727687,0.0595607692058277,0.815626863380595,0.41471358035087935,NA,NA,-1,1,Not_Significant
H1155,51575,27674,0,0.9541232732895552,0.1433161419763993,0.15830708913855912,0.4999870884982566,NA,NA,1.4635529282815292,0.1433161419763993,0.6745100657122572,0.4999870884982566,NA,NA,-1,1,Not_Significant
H1156,10757,8515,0,-2.1595147590187952e-4,0.9399494479436064,-0.003868475232871946,0.8974240935741449,NA,NA,-0.07533339959111714,0.9399494479436062,0.12891602852652512,0.897424093574145,NA,NA,1,1,Not_Significant
H1157,0,0,0,0.15856095968325987,0.34650795719873784,0.12243631644562536,0.40699679353975504,NA,NA,-0.9413842981711656,0.34650795719873784,-0.8291901928466778,0.4069967935397549,NA,NA,1,1,Not_Significant
H1158,3487,1173,0,-0.3092486931138593,0.006198895953606163,-0.30355517529799947,0.02101745453770354,NA,NA,2.7370707510513963,0.006198895953606163,2.3076707786938893,0.021017454537703484,NA,NA,-1,1,Sporadic_Hotspot
H1159,28026,30583,0,2.014746534152694,4.2212372532227904e-13,1.535055560110456,2.4132592694941098e-8,NA,NA,7.248271530559363,4.2212372532227904e-13,5.579417099312841,2.4132592694941346e-8,NA,NA,-1,1,Sporadic_Hotspot
H1160,70956,32041,0,3.6949646590786993,1.1853924976159874e-4,0.8688373198336746,0.0032518132951669695,NA,NA,3.8491276000252714,1.1853924976159918e-4,2.942873436890943,0.0032518132951669695,NA,NA,-1,1,Sporadic_Hotspot
H1161,0,0,0,-0.08540635184810588,0.6126743364308526,0.0415460317196615,0.7781972602384046,NA,NA,0.5062597192789398,0.6126743364308527,-0.28166908683658576,0.7781972602384044,NA,NA,-1,1,Not_Significant
H1162,3456,1599,0,0.11221815795230075,0.3224850244634979,0.1076607786562269,0.3912397494622281,NA,NA,-0.9893641164420602,0.3224850244634979,-0.8573712382448351,0.3912397494622281,NA,NA,1,1,Not_Significant
H1163,0,0,0,0.17077520189103015,0.5587160933401475,0.1312403111890101,0.6082244294829044,NA,NA,-0.5847496065156478,0.5587160933401476,-0.5126096101104027,0.6082244294829042,NA,NA,1,1,Not_Significant
H1164,0,0,0,0.17077520189103015,0.3548175361964155,0.1312403111890101,0.4172888828283537,NA,NA,-0.9252852749300453,0.3548175361964156,-0.8111337207203317,0.41728888282835347,NA,NA,1,1,Not_Significant
H1165,0,0,0,0.17077520189103015,0.4080177562909884,0.1312403111890101,0.46826000361036674,NA,NA,-0.8273869827863918,0.40801775629098863,-0.7253130466966894,0.46826000361036674,NA,NA,1,1,Not_Significant
H1166,0,0,0,0.13785406525964403,0.5041529223345589,0.06820473254669432,0.7060847520826536,NA,NA,-0.6679697183038253,0.5041529223345589,-0.37711956495812304,0.7060847520826536,NA,NA,1,1,Not_Significant
H1167,22787,36056,0,0.14311683595420488,0.4615655565798137,0.95913627892445,0.006237358185320764,NA,NA,0.7362713854551033,0.4615655565798137,2.7350353256616913,0.006237358185320771,NA,NA,1,1,Sporadic_Hotspot
H1168,17184,40329,0,0.12181199111078271,0.24708971372213384,1.2128528915451235,0.003073125781493626,NA,NA,1.1574471650836837,0.24708971372213395,2.9603270867817897,0.00307312578149363,NA,NA,1,1,Sporadic_Hotspot
H1169,14497,68382,0,0.009180176143437408,0.8829952535969022,1.1365568781329864,0.1532245064339741,NA,NA,0.1471732759343396,0.8829952535969025,1.4282340382010763,0.15322450643397417,NA,NA,1,1,Not_Significant
H1170,24233,19564,0,0.03891597289646592,0.8575176196413383,0.13871709102122556,0.25852652723321917,NA,NA,0.17953502305476282,0.8575176196413384,1.129880629306747,0.25852652723321923,NA,NA,1,1,Not_Significant
H1171,20206,35820,0,0.24320333905112815,0.11281022834896318,0.5716278385696183,0.09981485880050467,NA,NA,1.5856874461029897,0.11281022834896318,1.6457518519768624,0.09981485880050471,NA,NA,1,1,Not_Significant
H1172,12811,26106,0,0.1345521285893103,1.5666579213453554e-4,0.8483008980885159,6.944031500441986e-5,NA,NA,3.7802582200286334,1.5666579213453576e-4,3.978195334498089,6.944031500441997e-5,NA,NA,1,1,Sporadic_Hotspot
H1173,4824,10322,0,-0.13580529845090708,0.13855257787177314,-0.00778978869604427,0.11897618034030276,NA,NA,1.4812026590124363,0.13855257787177314,1.5590853509977236,0.11897618034030276,NA,NA,1,1,Not_Significant
H1174,36679,24982,0,0.9541913523335397,0.021666930544212922,0.30102122823108934,0.1277627932672319,NA,NA,2.296156573501332,0.021666930544212943,1.5229836609113048,0.12776279326723192,NA,NA,-1,1,Sporadic_Hotspot
H1175,44176,18334,0,2.7155879504512335,3.847535311914462e-7,0.525817758532842,6.69241032389899e-7,NA,NA,5.076350368214279,3.8475353119144993e-7,4.970083416284451,6.69241032389899e-7,NA,NA,-1,1,Sporadic_Hotspot
H1176,27753,25626,0,0.6514593146569195,0.0172421458715969,0.26094647284064937,0.2064204772189778,NA,NA,2.381503095086858,0.017242145871596917,1.2634695661568534,0.20642047721897788,NA,NA,-1,1,Sporadic_Hotspot
H1177,512,1403,0,0.08964401263200193,0.5758352679281463,-0.04729771789779236,0.7127665804775722,NA,NA,-0.5594784010059305,0.5758352679281462,0.36814303894377187,0.7127665804775721,NA,NA,1,1,Not_Significant
H1178,0,0,0,0.16139184375520838,0.33797094621407214,0.12883866332064028,0.38292166402664923,NA,NA,-0.958182091142394,0.3379709462140722,-0.8725256818234308,0.38292166402664907,NA,NA,1,1,Not_Significant
H1179,91523,32298,0,4.485330013314874,4.819981437087105e-4,0.8393880205935904,0.0049636819876931575,NA,NA,3.490566221563463,4.819981437087115e-4,2.809381296886077,0.0049636819876931575,NA,NA,-1,1,Sporadic_Hotspot
H1180,36909,14633,0,2.8445238539738464,1.178909005101619e-11,0.21303669902149533,9.605349361807756e-5,NA,NA,6.782772876536302,1.1789090051016408e-11,3.9003505808285346,9.605349361807793e-5,NA,NA,-1,1,Sporadic_Hotspot
H1181,11658,11829,0,0.02426503243045906,0.1588494175482176,0.004503347990145017,0.7762053748179172,NA,NA,1.4089518118222555,0.15884941754821783,0.28426752037839487,0.7762053748179172,NA,NA,-1,1,Not_Significant
H1182,0,0,0,0.16024280620889467,0.34141964097901417,0.12749144738083862,0.3879138434686131,NA,NA,-0.9513639755542623,0.3414196409790144,-0.8634067973505484,0.3879138434686131,NA,NA,1,1,Not_Significant
H1183,0,0,0,0.14989339542874827,0.5294765159233026,0.12101129776157983,0.5625503141252451,NA,NA,-0.628805321214576,0.5294765159233028,-0.579057591184199,0.562550314125245,NA,NA,1,1,Not_Significant
H1184,0,0,0,0.17077520189103015,0.5587160933401475,0.1312403111890101,0.6082244294829044,NA,NA,-0.5847496065156478,0.5587160933401476,-0.5126096101104027,0.6082244294829042,NA,NA,1,1,Not_Significant
H1185,0,0,0,0.17077520189103015,0.4737730735094146,0.1312403111890101,0.5300185518190873,NA,NA,-0.7163535424379491,0.47377307350941483,-0.6279776950657879,0.5300185518190872,NA,NA,1,1,Not_Significant
H1186,0,0,0,0.17077520189103015,0.4080177562909884,0.1312403111890101,0.46826000361036674,NA,NA,-0.8273869827863918,0.40801775629098863,-0.7253130466966894,0.46826000361036674,NA,NA,1,1,Not_Significant
H1187,0,0,0,0.17077520189103015,0.4737730735094146,0.1312403111890101,0.5300185518190873,NA,NA,-0.7163535424379491,0.47377307350941483,-0.6279776950657879,0.5300185518190872,NA,NA,1,1,Not_Significant
H1188,4040,10651,0,0.0415061243892839,0.690035530798521,-3.6288666681336763e-4,0.4163069160018512,NA,NA,-0.3988068480325248,0.690035530798521,0.8128450270478746,0.4163069160018514,NA,NA,1,1,Not_Significant
H1189,30407,86621,0,0.23523884086567304,0.4559112261582686,4.031584720125404,1.1871222354291604e-4,NA,NA,0.7455964531128357,0.4559112261582688,3.84877036990291,1.1871222354291578e-4,NA,NA,1,1,Sporadic_Hotspot
H1190,7702,19908,0,-0.05059355539049854,0.2694884690340192,0.554623451472738,1.3738178883531016e-5,NA,NA,1.1042413220309533,0.26948846903401935,4.348004495845132,1.3738178883530958e-5,NA,NA,1,1,Sporadic_Hotspot
H1191,0,0,0,-0.2671345781132194,0.11305910841582034,-0.5064514550400891,6.090429848578635e-4,NA,NA,1.5845918036192137,0.11305910841582051,3.4275549696482055,6.090429848578654e-4,NA,NA,1,1,Sporadic_Hotspot
H1192,33900,55514,0,0.29518278813606397,0.42625072855114526,0.6556745289645448,0.28909320411969935,NA,NA,0.7956238006320943,0.4262507285511454,1.0601129783461742,0.28909320411969935,NA,NA,1,1,Not_Significant
H1193,70115,63869,0,3.0613156954000122,0.0012190111037111134,2.8963315194515173,8.03606981355064e-5,NA,NA,3.2343941191354766,0.001219011103711117,3.943321832239409,8.036069813550685e-5,NA,NA,1,1,Sporadic_Hotspot
H1194,37977,30567,0,1.4216234201734952,0.0011198962248567515,1.053189746396999,1.2744695366731553e-4,NA,NA,3.2585335781352103,0.00111989622485675,3.8313405572572488,1.274469536673153e-4,NA,NA,1,1,Sporadic_Hotspot
H1195,48554,68190,0,1.1695071009230378,0.052909838466452384,1.672864188606558,0.03503151858745143,NA,NA,1.9356560678238341,0.052909838466452384,2.107993882564949,0.03503151858745139,NA,NA,1,1,Sporadic_Hotspot
H1196,57287,32600,0,4.049743604476598,5.0882178474839877e-8,1.461926146872052,1.4005620570443448e-6,NA,NA,5.448199812458765,5.0882178474840135e-8,4.824924651706521,1.4005620570443448e-6,NA,NA,-1,1,Sporadic_Hotspot
H1197,23882,17344,0,1.344114542651973,2.2782976099680418e-10,0.5074056960934179,3.612893610643719e-8,NA,NA,6.341303129367024,2.2782976099680418e-10,5.508799386173718,3.6128936106437014e-8,NA,NA,-1,1,Sporadic_Hotspot
H1198,9498,33117,0,-0.021914472732349005,0.2025029564824325,0.32617534624557903,0.2925889609017954,NA,NA,1.274452895140432,0.2025029564824325,1.0524591109716999,0.29258896090179537,NA,NA,-1,1,Not_Significant
H1199,0,0,0,0.15793127634406218,0.34842538299378156,0.03353644394381938,0.8200702014908909,NA,NA,-0.9376479069589342,0.3484253829937817,-0.2274546855327617,0.8200702014908909,NA,NA,1,1,Not_Significant
H1200,0,0,0,-0.12567379410346488,0.4561525473114539,0.051846705569421656,0.7252949320449807,NA,NA,0.7451971470559947,0.45615254731145394,-0.35139113513912634,0.7252949320449806,NA,NA,-1,1,Not_Significant
H1201,104068,40805,0,5.379811324099605,2.850902644784357e-4,0.33170100061875024,0.4250012578557194,NA,NA,3.6284841363448974,2.850902644784347e-4,0.79777467895365906,0.4250012578557194,NA,NA,-1,1,Sporadic_Hotspot
H1202,59306,39971,0,1.9156528408184756,0.013438542617180855,0.13902360340660072,0.7304102778131026,NA,NA,2.4719310669253334,0.013438542617180887,0.3445798215403875,0.7304102778131029,NA,NA,-1,1,Sporadic_Hotspot
H1203,0,0,0,0.13940405501766906,0.407833745670233,0.10702113588215008,0.46854427625014733,NA,NA,-0.8277117809067406,0.40783374567023317,-0.7248496439160819,0.46854427625014733,NA,NA,1,1,Not_Significant
H1204,0,0,0,0.16147526334287987,0.33772144678997545,0.12796645360885378,0.3861491737953772,NA,NA,-0.9586770831405956,0.33772144678997557,-0.8666219663440267,0.38614917379537705,NA,NA,1,1,Not_Significant
H1205,0,0,0,0.17077520189103015,0.4080177562909884,0.1312403111890101,0.46826000361036674,NA,NA,-0.8273869827863918,0.40801775629098863,-0.7253130466966894,0.46826000361036674,NA,NA,1,1,Not_Significant
H1206,0,0,0,0.17077520189103015,0.4737730735094146,0.1312403111890101,0.5300185518190873,NA,NA,-0.7163535424379491,0.47377307350941483,-0.6279776950657879,0.5300185518190872,NA,NA,1,1,Not_Significant
H1207,0,0,0,0.17077520189103015,0.4080177562909884,0.1312403111890101,0.46826000361036674,NA,NA,-0.8273869827863918,0.40801775629098863,-0.7253130466966894,0.46826000361036674,NA,NA,1,1,Not_Significant
H1208,0,0,0,0.17077520189103015,0.5587160933401475,0.1312403111890101,0.6082244294829044,NA,NA,-0.5847496065156478,0.5587160933401476,-0.5126096101104027,0.6082244294829042,NA,NA,1,1,Not_Significant
H1209,0,0,0,0.1599037459493267,0.34244157758934174,0.10943302095370988,0.45858737492294716,NA,NA,-0.94935207259383,0.34244157758934185,-0.7411749416502089,0.4585873749229469,NA,NA,1,1,Not_Significant
H1210,11603,76825,0,2.9683671221780484e-4,0.9854715022592911,1.8274896596565147,0.04514255231756699,NA,NA,0.018209777943958276,0.9854715022592913,2.0033237272327895,0.045142552317567045,NA,NA,1,1,Sporadic_Hotspot
H1211,17476,67895,0,0.0428283398163903,0.6965678211529993,3.0728791259098216,1.0024501468320108e-4,NA,NA,0.38995770675500646,0.6965678211529995,3.8899980810842223,1.0024501468320149e-4,NA,NA,1,1,Sporadic_Hotspot
H1212,47625,96375,0,0.7239065497329356,0.2191506083213064,5.301756659635039,7.216210475324847e-6,NA,NA,1.228789849292164,0.21915060832130645,4.487209507862616,7.216210475324847e-6,NA,NA,1,1,Sporadic_Hotspot
H1213,10815,29153,0,0.006729602264480148,0.07582738392504418,0.5701801041057923,0.025530274952211374,NA,NA,1.7754271528621932,0.07582738392504425,2.233283195871099,0.025530274952211374,NA,NA,1,1,Sporadic_Hotspot
H1214,25891,20422,0,0.699899330117388,0.0041132345437207415,0.35310221303796524,0.008735095126408398,NA,NA,2.869344556244643,0.004113234543720746,2.622251471310878,0.008735095126408398,NA,NA,-1,1,Sporadic_Hotspot
H1215,163230,216758,0,8.254204939589236,5.978729043059604e-4,6.385050076382595,0.022723478713562263,NA,NA,3.432577535005521,5.978729043059584e-4,2.278052015146283,0.02272347871356223,NA,NA,-1,1,Sporadic_Hotspot
H1216,25156,28075,0,0.5596644077910391,0.015945161649766,0.6493434141316305,0.006918256083111207,NA,NA,2.4101683341198004,0.015945161649766025,2.700753650951551,0.006918256083111207,NA,NA,1,1,Sporadic_Hotspot
H1217,58685,34212,0,2.0596521075121617,0.00710793122751769,0.901361116452647,0.005578876690299532,NA,NA,2.691744798895224,0.00710793122751769,2.7715577991013136,0.005578876690299509,NA,NA,1,1,Sporadic_Hotspot
H1218,201010,297757,0,11.210242078912128,1.7145730466311724e-4,5.398544492696893,0.15948540970410038,NA,NA,3.7577364801653172,1.7145730466311662e-4,1.4068043588704173,0.15948540970410052,NA,NA,-1,1,Sporadic_Hotspot
H1219,100002,58104,0,0.7668015683693886,0.5862572056916884,0.41881133318104746,0.5214719049952059,NA,NA,0.5442677942182637,0.5862572056916885,0.6410781569844844,0.5214719049952061,NA,NA,1,1,Not_Significant
H1220,4261,46317,0,0.07056013107558756,0.48303180625743614,-0.14876447585369715,0.7638205475065809,NA,NA,-0.7014346468190888,0.4830318062574361,-0.3004675465815507,0.7638205475065807,NA,NA,1,1,Not_Significant
H1221,0,0,0,0.17077520189103015,0.3106492228753715,0.1312403111890101,0.37412041965515186,NA,NA,-1.0138607071981673,0.3106492228753717,-0.8887816871223535,0.3741204196551518,NA,NA,1,1,Not_Significant
H1222,15155,5306,0,0.17667894329971548,0.015419239558103807,-0.017908201228875313,0.8098751092200321,NA,NA,2.4223794770980773,0.01541923955810382,0.24058715166273295,0.8098751092200323,NA,NA,-1,1,Sporadic_Hotspot
H1223,98462,30365,0,4.019336664478028,0.003934955915516058,0.18234256435661486,0.5023266187930358,NA,NA,2.8833295071663616,0.003934955915516051,0.6708334764286469,0.5023266187930358,NA,NA,-1,1,Sporadic_Hotspot
H1224,0,0,0,-0.020185689061208243,0.9050726888420284,0.025182886140793847,0.8642929149379448,NA,NA,0.11925581410435482,0.9050726888420284,-0.17091205840607415,0.8642929149379447,NA,NA,-1,1,Not_Significant
H1225,0,0,0,0.17077520189103015,0.3106492228753715,0.1312403111890101,0.37412041965515186,NA,NA,-1.0138607071981673,0.3106492228753717,-0.8887816871223535,0.3741204196551518,NA,NA,1,1,Not_Significant
H1226,0,0,0,0.17077520189103015,0.5587160933401475,0.1312403111890101,0.6082244294829044,NA,NA,-0.5847496065156478,0.5587160933401476,-0.5126096101104027,0.6082244294829042,NA,NA,1,1,Not_Significant
H1227,0,0,0,0.17077520189103015,0.6793326237830962,0.1312403111890101,0.717070740274607,NA,NA,-0.41337399579290984,0.6793326237830962,-0.36237644361289945,0.7170707402746069,NA,NA,1,1,Not_Significant
H1228,0,0,0,0.17077520189103015,0.3548175361964155,0.1312403111890101,0.4172888828283537,NA,NA,-0.9252852749300453,0.3548175361964156,-0.8111337207203317,0.41728888282835347,NA,NA,1,1,Not_Significant
H1229,0,0,0,0.17077520189103015,0.5587160933401475,0.1312403111890101,0.6082244294829044,NA,NA,-0.5847496065156478,0.5587160933401476,-0.5126096101104027,0.6082244294829042,NA,NA,1,1,Not_Significant
H1230,0,0,0,0.17077520189103015,0.5587160933401475,0.1312403111890101,0.6082244294829044,NA,NA,-0.5847496065156478,0.5587160933401476,-0.5126096101104027,0.6082244294829042,NA,NA,1,1,Not_Significant
H1231,0,0,0,0.17077520189103015,0.6793326237830962,0.1312403111890101,0.717070740274607,NA,NA,-0.41337399579290984,0.6793326237830962,-0.36237644361289945,0.7170707402746069,NA,NA,1,1,Not_Significant
H1232,0,0,0,0.1282931041307152,0.44619010113433777,-0.05264237995008931,0.7219432465111153,NA,NA,-0.7617820402430504,0.4461901011343378,0.35586289250385816,0.7219432465111155,NA,NA,1,1,Not_Significant
H1233,7222,72606,0,1.5167164490902544e-4,0.9976043884834005,2.5357054027475323,0.0030067340195564034,NA,NA,-0.0030024582923355698,0.9976043884834003,2.967048626541066,0.003006734019556407,NA,NA,1,1,Sporadic_Hotspot
H1234,23036,89826,0,0.14963941247417759,0.4505845978054009,4.981007433076012,5.048031782274595e-6,NA,NA,0.7544407709142431,0.4505845978054009,4.562781604005786,5.048031782274595e-6,NA,NA,1,1,Sporadic_Hotspot
H1235,63256,77537,0,1.2036144921534235,0.15040638116076024,3.7190611862891823,5.559946447722268e-5,NA,NA,1.4380975378077745,0.15040638116076036,4.0307486983126966,5.55994644772231e-5,NA,NA,1,1,Sporadic_Hotspot
H1236,16531,17511,0,0.21823436562765539,0.0214078780390404,0.21798899564142166,0.020946387071922912,NA,NA,2.300712659752305,0.0214078780390404,2.308949439399862,0.02094638707192289,NA,NA,1,1,Sporadic_Hotspot
H1237,31409,36686,0,2.1963651863721023,3.6151566117172627e-11,1.7052049880163114,2.0957955547743017e-6,NA,NA,6.619049553580314,3.6151566117172627e-11,4.743960671130687,2.095795554774292e-6,NA,NA,-1,1,Sporadic_Hotspot
H1238,47408,37499,0,3.0159030076054765,2.6950473122529656e-7,1.537241046904611,3.3650131311821833e-5,NA,NA,5.143612785563234,2.6950473122529656e-7,4.147244053044298,3.365013131182197e-5,NA,NA,-1,1,Sporadic_Hotspot
H1239,28574,90240,0,0.6031593910397427,0.035333838857222105,1.7647345691294414,0.10731206086941149,NA,NA,2.1045116568805087,0.035333838857222105,1.6103931233894802,0.10731206086941152,NA,NA,-1,1,Sporadic_Hotspot
H1240,51660,25976,0,4.204723919674634,1.279936276475287e-10,1.1264408450238244,9.972084681374437e-8,NA,NA,6.4295364951504785,1.2799362764752644e-10,5.3272318387936615,9.972084681374484e-8,NA,NA,-1,1,Sporadic_Hotspot
H1241,36034,34096,0,2.337165879815667,8.18617611207692e-9,1.768826972005434,4.633046032957093e-8,NA,NA,5.764579340943003,8.18617611207692e-9,5.464847625693438,4.633046032957067e-8,NA,NA,-1,1,Sporadic_Hotspot
H1242,0,0,0,-0.16650095488255512,0.3234192353444037,-0.16839648385985675,0.25455039918021927,NA,NA,0.9874558114661446,0.3234192353444037,1.139366315845626,0.2545503991802194,NA,NA,1,1,Not_Significant
H1243,0,0,0,0.13363195774169037,0.4275089753300134,0.02044715594510806,0.8895628521186827,NA,NA,-0.7934615281279527,0.4275089753300136,-0.1388573778805768,0.8895628521186826,NA,NA,1,1,Not_Significant
H1244,0,0,0,0.12989422202311957,0.44053938842231594,0.11811212181817685,0.4237565303525626,NA,NA,-0.7712826931117585,0.4405393884223161,-0.7999210682163924,0.42375653035256244,NA,NA,-1,1,Not_Significant
H1245,19570,8374,0,0.4063213915861495,0.004565971744570209,-0.009309188407420212,0.7707488147860502,NA,NA,2.8361589360923944,0.004565971744570223,0.29139555360474834,0.7707488147860502,NA,NA,-1,1,Sporadic_Hotspot
H1246,0,0,0,-0.31666697650899545,0.06031207568940453,-0.030495214568881702,0.8368255639599971,NA,NA,1.8785052781642724,0.06031207568940458,0.20595563818293175,0.8368255639599973,NA,NA,-1,1,Not_Significant
H1247,0,0,0,0.17077520189103015,0.3106492228753715,0.1312403111890101,0.37412041965515186,NA,NA,-1.0138607071981673,0.3106492228753717,-0.8887816871223535,0.3741204196551518,NA,NA,1,1,Not_Significant
H1248,0,0,0,0.17077520189103015,0.3548175361964155,0.1312403111890101,0.4172888828283537,NA,NA,-0.9252852749300453,0.3548175361964156,-0.8111337207203317,0.41728888282835347,NA,NA,1,1,Not_Significant
H1249,0,0,0,0.17077520189103015,0.4080177562909884,0.1312403111890101,0.46826000361036674,NA,NA,-0.8273869827863918,0.40801775629098863,-0.7253130466966894,0.46826000361036674,NA,NA,1,1,Not_Significant
H1250,0,0,0,0.17077520189103015,0.3548175361964155,0.1312403111890101,0.4172888828283537,NA,NA,-0.9252852749300453,0.3548175361964156,-0.8111337207203317,0.41728888282835347,NA,NA,1,1,Not_Significant
H1251,0,0,0,0.17077520189103015,0.5587160933401475,0.1312403111890101,0.6082244294829044,NA,NA,-0.5847496065156478,0.5587160933401476,-0.5126096101104027,0.6082244294829042,NA,NA,1,1,Not_Significant
H1252,0,0,0,0.17077520189103015,0.4737730735094146,0.1312403111890101,0.5300185518190873,NA,NA,-0.7163535424379491,0.47377307350941483,-0.6279776950657879,0.5300185518190872,NA,NA,1,1,Not_Significant
H1253,144,2335,0,0.11490729472836463,0.489090129665937,-0.15117243938102462,0.19051300850562186,NA,NA,-0.6917567052967957,0.4890901296659369,1.3090630079429137,0.19051300850562164,NA,NA,1,1,Not_Significant
H1254,2313,35065,0,0.020568075883469643,0.8755526101112893,1.0579548739458906,0.001694136870197477,NA,NA,-0.15660950623109982,0.8755526101112892,3.139193242530342,0.0016941368701974759,NA,NA,1,1,Sporadic_Hotspot
H1255,31775,131277,0,0.5902726271711768,0.08030165060688262,7.190648510971634,1.4546893310445761e-5,NA,NA,1.7489385003883284,0.08030165060688267,4.335439874860752,1.4546893310445699e-5,NA,NA,1,1,Sporadic_Hotspot
H1256,36737,55055,0,0.7801029266167905,0.06102531269631392,1.6613554339334162,0.006710755507205714,NA,NA,1.873312007759834,0.06102531269631399,2.7108669156067258,0.006710755507205731,NA,NA,1,1,Sporadic_Hotspot
H1257,70945,43887,0,2.584326818006799,0.007069869706213794,0.7498212545612956,0.10207509615132443,NA,NA,2.693535118303865,0.007069869706213805,1.6348757539871375,0.10207509615132439,NA,NA,-1,1,Sporadic_Hotspot
H1258,76278,31044,0,5.367641992705152,2.7579760647146666e-7,1.2214364056131435,1.4298247243644094e-5,NA,NA,5.139276983118452,2.7579760647146666e-7,4.339230530237011,1.4298247243644094e-5,NA,NA,-1,1,Sporadic_Hotspot
H1259,47017,22098,0,0.7800275288985475,0.17832968976991093,0.2984313865322733,0.05861784918897452,NA,NA,1.3459157470659562,0.17832968976991084,1.8910486580180503,0.05861784918897449,NA,NA,1,1,Not_Significant
H1260,8991,22003,0,-0.05725308676536759,0.02349353301179776,0.2633544028700904,0.09240749933193024,NA,NA,2.265312116793351,0.0234935330117978,1.6828326148445263,0.09240749933193039,NA,NA,-1,1,Sporadic_Hotspot
H1261,81808,33874,0,5.6882654202348695,5.02684524245194e-7,1.7539704792606845,4.480208871340798e-8,NA,NA,5.0252853536745,5.026845242451986e-7,5.470795158369862,4.4802088713408426e-8,NA,NA,1,1,Sporadic_Hotspot
H1262,0,0,0,-0.24819564075735087,0.14096346176503596,-0.1644981568851115,0.2657171237937574,NA,NA,1.4722126525436383,0.14096346176503616,1.1129797565198385,0.2657171237937574,NA,NA,-1,1,Not_Significant
H1263,9542,7796,0,0.01484160118465501,0.3681722293152996,0.008828444393306604,0.8249176748544713,NA,NA,-0.8999023314193269,0.36817222931529936,-0.22122444698453758,0.8249176748544712,NA,NA,1,1,Not_Significant
H1264,0,0,0,0.16996791555872542,0.3129408427660616,0.1228806110640706,0.4052974835063239,NA,NA,-1.009070462054281,0.3129408427660617,-0.8321974845345432,0.40529748350632383,NA,NA,1,1,Not_Significant
H1265,0,0,0,0.07613164324606683,0.6510756853155808,0.08500500670177422,0.5647305447982359,NA,NA,-0.4522683340127351,0.651075685315581,-0.57582933276577,0.5647305447982358,NA,NA,-1,1,Not_Significant
H1266,23373,8658,0,0.17764703039716936,0.3832176656131795,0.009843581910985088,0.7251862787314584,NA,NA,0.8719829746080422,0.38321766561317955,-0.3515359877682012,0.7251862787314582,NA,NA,-1,1,Not_Significant
H1267,0,0,0,0.17077520189103015,0.3106492228753715,0.1312403111890101,0.37412041965515186,NA,NA,-1.0138607071981673,0.3106492228753717,-0.8887816871223535,0.3741204196551518,NA,NA,1,1,Not_Significant
H1268,0,0,0,0.17077520189103015,0.3106492228753715,0.1312403111890101,0.37412041965515186,NA,NA,-1.0138607071981673,0.3106492228753717,-0.8887816871223535,0.3741204196551518,NA,NA,1,1,Not_Significant
H1269,0,0,0,0.17077520189103015,0.3548175361964155,0.1312403111890101,0.4172888828283537,NA,NA,-0.9252852749300453,0.3548175361964156,-0.8111337207203317,0.41728888282835347,NA,NA,1,1,Not_Significant
H1270,0,0,0,0.17077520189103015,0.6793326237830962,0.1312403111890101,0.717070740274607,NA,NA,-0.41337399579290984,0.6793326237830962,-0.36237644361289945,0.7170707402746069,NA,NA,1,1,Not_Significant
H1271,0,0,0,0.167836679641441,0.3190440723870171,0.1241008856843165,0.4006521214204619,NA,NA,-0.9964242148744207,0.31904407238701726,-0.8404571428108928,0.4006521214204619,NA,NA,1,1,Not_Significant
H1272,1342,9028,0,0.12441875105460294,0.3975530687049797,-0.01752215397921908,0.44405247528251174,NA,NA,-0.845999418431408,0.3975530687049798,0.7653679447979136,0.44405247528251207,NA,NA,1,1,Not_Significant
H1273,3781,41977,0,-0.005848082719758918,0.9571975266773666,1.3688989006392827,0.0015490989006373094,NA,NA,0.05367070060113422,0.9571975266773667,3.1653248593066645,0.0015490989006373117,NA,NA,1,1,Sporadic_Hotspot
H1274,26318,42509,0,0.5807605716406824,0.020530501917951964,2.029060406217177,3.971787113735785e-6,NA,NA,2.316508847662086,0.020530501917951964,4.612853260383214,3.971787113735802e-6,NA,NA,1,1,Sporadic_Hotspot
H1275,29248,26660,0,0.8239752810975071,0.005589020857399996,0.6851734997957151,0.00192244903363877,NA,NA,2.770966313808763,0.005589020857400011,3.1019585057123207,0.0019224490336387675,NA,NA,1,1,Sporadic_Hotspot
H1276,71420,30297,0,3.6132096499776765,1.8737934111661246e-4,0.5642120670125367,0.03742100477037486,NA,NA,3.7354506283987865,1.8737934111661246e-4,2.0811409697907526,0.03742100477037481,NA,NA,-1,1,Sporadic_Hotspot
H1277,35664,34678,0,0.9383336916864041,0.01881247243826,0.2445806800636176,0.46038751108475084,NA,NA,2.3492262366282874,0.01881247243826,0.7382089070845362,0.4603875110847509,NA,NA,-1,1,Sporadic_Hotspot
H1278,6793,5265,0,-0.052299514212130145,0.3858308661407825,-0.10011743548633444,0.18158483567308037,NA,NA,0.8672028661594332,0.3858308661407828,1.3358912061620942,0.1815848356730803,NA,NA,1,1,Not_Significant
H1279,57970,27995,0,1.2499904325295015,0.0970995637935994,0.1932746391788314,0.41903219840515704,NA,NA,1.6590805411446985,0.09709956379359952,0.8081014231839724,0.41903219840515715,NA,NA,-1,1,Not_Significant
H1280,17626,51230,0,0.13987292214578048,0.21286654063755442,0.513935798598038,0.3582456172738449,NA,NA,1.245721818473679,0.21286654063755456,0.9187131739885498,0.3582456172738452,NA,NA,-1,1,Not_Significant
H1281,2034,1013,0,0.10633676205070079,0.4344418964982158,0.09360405784150783,0.4837052117431478,NA,NA,-0.7816132518668544,0.4344418964982158,-0.7003556726311452,0.4837052117431478,NA,NA,1,1,Not_Significant
H1282,0,0,0,0.14221072049964845,0.3984649900789194,0.10751456907590722,0.4664975684489279,NA,NA,-0.8443658665236525,0.3984649900789195,-0.728189539292928,0.46649756844892787,NA,NA,1,1,Not_Significant
H1283,37,1106,0,0.16837581434317475,0.31579890060269883,0.09787990349229986,0.4596447179488327,NA,NA,-1.0031284268790972,0.31579890060269883,-0.7394319984027219,0.4596447179488327,NA,NA,1,1,Not_Significant
H1284,0,0,0,0.030449462464496032,0.8686523015201516,0.06351261283659786,0.6944994400043425,NA,NA,-0.16537058898726648,0.8686523015201516,-0.39275635922374413,0.6944994400043425,NA,NA,-1,1,Not_Significant
H1285,0,0,0,0.1078795237411701,0.521748346529039,0.11351357014523683,0.4420150732048021,NA,NA,-0.6406527080379755,0.5217483465290391,-0.7687949063226325,0.4420150732048021,NA,NA,-1,1,Not_Significant
H1286,0,0,0,0.17077520189103015,0.3106492228753715,0.1312403111890101,0.37412041965515186,NA,NA,-1.0138607071981673,0.3106492228753717,-0.8887816871223535,0.3741204196551518,NA,NA,1,1,Not_Significant
H1287,0,0,0,0.17077520189103015,0.5587160933401475,0.1312403111890101,0.6082244294829044,NA,NA,-0.5847496065156478,0.5587160933401476,-0.5126096101104027,0.6082244294829042,NA,NA,1,1,Not_Significant
H1288,0,0,0,0.17077520189103015,0.4737730735094146,0.1312403111890101,0.5300185518190873,NA,NA,-0.7163535424379491,0.47377307350941483,-0.6279776950657879,0.5300185518190872,NA,NA,1,1,Not_Significant
H1289,592,662,0,0.16121693171654236,0.6793427850006228,0.12310787697488822,0.7170804641042752,NA,NA,-0.4133601247172242,0.6793427850006228,-0.3623634295975856,0.7170804641042752,NA,NA,1,1,Not_Significant
H1290,5,127,0,0.16575083704978857,0.32486374343747526,0.10591074530013606,0.4678680058873133,NA,NA,-0.9845121846603316,0.32486374343747526,-0.725952311508451,0.4678680058873133,NA,NA,1,1,Not_Significant
H1291,823,9178,0,0.13903181327076503,0.37075282867681036,-0.00634475736746422,0.760579776019551,NA,NA,-0.8950640901440804,0.37075282867681036,0.30471952708831596,0.7605797760195512,NA,NA,1,1,Not_Significant
H1292,8898,27002,0,-0.015296042343463191,0.5675730184805737,0.609791279347918,0.006872958753477764,NA,NA,0.5716294809203002,0.5675730184805738,2.702937891491818,0.006872958753477759,NA,NA,1,1,Sporadic_Hotspot
H1293,34508,66096,0,0.7466742013419515,0.05002020044935666,2.2296715125409703,0.003561800854181731,NA,NA,1.9597911981166278,0.05002020044935674,2.9145689800096126,0.0035618008541817413,NA,NA,1,1,Sporadic_Hotspot
H1294,57232,50356,0,2.8756884694883693,1.0709133836259187e-4,1.4112317868026527,0.010021887020196088,NA,NA,3.8739364760892814,1.0709133836259247e-4,2.575073214175585,0.010021887020196116,NA,NA,-1,1,Sporadic_Hotspot
H1295,35456,21201,0,1.1338386483251253,0.004207960248556385,0.1987517001934632,0.17165244304190796,NA,NA,2.862136208053439,0.004207960248556397,1.3669134264460723,0.17165244304190802,NA,NA,-1,1,Sporadic_Hotspot
H1296,4006,4761,0,-0.10547623538337554,0.3138989895369113,-0.02850473080306093,0.7280017410813941,NA,NA,1.0070744682173587,0.3138989895369114,0.3477848861150045,0.7280017410813943,NA,NA,-1,1,Not_Significant
H1297,1662,1806,0,-0.14186935802557096,0.31813241854522306,-0.0589683637610239,0.6312595858469178,NA,NA,0.9983030717585039,0.31813241854522306,0.47995472641445225,0.6312595858469178,NA,NA,-1,1,Not_Significant
H1298,13049,21686,0,0.09874685947786617,0.012167909768767369,0.35209842953137777,0.02063876388305803,NA,NA,2.5072369925284956,0.01216790976876739,2.3145282427281,0.020638763883058055,NA,NA,-1,1,Sporadic_Hotspot
H1299,0,0,0,0.07545621368137188,0.6539652074730016,-0.08303458878050865,0.574403386243755,NA,NA,-0.4482604955756834,0.6539652074730016,0.5615782741383072,0.5744033862437551,NA,NA,1,1,Not_Significant
H1300,810,815,0,0.0510635083040642,0.742453490124336,0.06946301374297043,0.6104552994012256,NA,NA,-0.32860602943040307,0.7424534901243359,-0.5094236545222928,0.6104552994012254,NA,NA,-1,1,Not_Significant
H1301,263,2977,0,0.16454509863431685,0.3164526765605488,0.0836985024629991,0.43204280173218645,NA,NA,-1.0017741669933513,0.31645267656054876,-0.7857007875619814,0.4320428017321863,NA,NA,1,1,Not_Significant
H1302,409,7796,0,0.16380684685428,0.31173615477572064,0.03334217064524824,0.4036332177276594,NA,NA,-1.0115857653728604,0.31173615477572053,-0.835150070838975,0.40363321772765937,NA,NA,1,1,Not_Significant
H1303,0,0,0,0.04498384559131005,0.8501196485511592,0.09578682910146354,0.6466493272574567,NA,NA,-0.18896576546529437,0.8501196485511592,-0.4584219467043799,0.6466493272574564,NA,NA,-1,1,Not_Significant
H1304,0,0,0,0.17077520189103015,0.3106492228753715,0.1312403111890101,0.37412041965515186,NA,NA,-1.0138607071981673,0.3106492228753717,-0.8887816871223535,0.3741204196551518,NA,NA,1,1,Not_Significant
H1305,0,0,0,0.17077520189103015,0.4737730735094146,0.1312403111890101,0.5300185518190873,NA,NA,-0.7163535424379491,0.47377307350941483,-0.6279776950657879,0.5300185518190872,NA,NA,1,1,Not_Significant
H1306,0,0,0,0.17077520189103015,0.5587160933401475,0.1312403111890101,0.6082244294829044,NA,NA,-0.5847496065156478,0.5587160933401476,-0.5126096101104027,0.6082244294829042,NA,NA,1,1,Not_Significant
H1307,351,363,0,0.16508203528312937,0.47385153530007,0.1262786059817308,0.53165726295534,NA,NA,-0.7162264469351677,0.47385153530006996,-0.6254781830832068,0.5316572629553398,NA,NA,1,1,Not_Significant
H1308,1,23,0,0.16489602080312576,0.32754662741246887,0.09342316742934288,0.5259682606010643,NA,NA,-0.9790675025554899,0.32754662741246876,-0.6341724873467536,0.525968260601064,NA,NA,1,1,Not_Significant
H1309,0,0,0,0.11774725367637467,0.4844236319007889,-0.03888562630339115,0.7927450348431566,NA,NA,-0.6992054711800807,0.4844236319007889,0.2627477180763546,0.7927450348431568,NA,NA,1,1,Not_Significant
H1310,33309,39800,0,0.28837952485513485,0.4251870267769144,0.7259064478736089,0.07116291421527154,NA,NA,0.7974546570393459,0.4251870267769146,1.8044364438199691,0.07116291421527166,NA,NA,1,1,Not_Significant
H1311,20974,54967,0,0.5118967925941621,0.001997282803173886,1.716959865822333,0.0049991680759645905,NA,NA,3.090636051281178,0.0019972828031738906,2.8070873695582175,0.004999168075964583,NA,NA,-1,1,Sporadic_Hotspot
H1312,25566,31024,0,1.0766173245814399,6.513539210697963e-6,0.8325800475730532,0.003066648791462512,NA,NA,4.5089951683225,6.513539210697963e-6,2.96097696001556,0.003066648791462507,NA,NA,-1,1,Sporadic_Hotspot
H1313,316,683,0,-0.26877884745862235,0.10028464402448752,-0.15387993881884632,0.2660221545579733,NA,NA,1.6434752404076696,0.10028464402448757,1.1122698232730577,0.2660221545579733,NA,NA,-1,1,Not_Significant
H1314,27537,19606,0,0.4205748636976153,0.11939195037102837,0.38201275771455134,0.0019597113867753867,NA,NA,1.5573308676178972,0.11939195037102837,3.0962710432348075,0.0019597113867753824,NA,NA,1,1,Sporadic_Hotspot
H1315,9963,17009,0,-0.015522518993301329,0.11267336805056881,0.08459227427802166,0.33341542088678844,NA,NA,1.58629075705008,0.11267336805056893,0.9672573061001508,0.3334154208867885,NA,NA,-1,1,Not_Significant
H1316,10568,40581,0,-9.10308856355377e-5,0.5307926082094401,0.6373178963344353,0.12281210345399869,NA,NA,0.6267965455443834,0.5307926082094403,1.5430769630316328,0.12281210345399883,NA,NA,1,1,Not_Significant
H1317,4186,4982,0,-0.01868466695063566,0.8546667808053349,0.02468579358518754,0.7540247906423371,NA,NA,0.18316726212594664,0.854666780805335,-0.31333680494876814,0.754024790642337,NA,NA,-1,1,Not_Significant
H1318,0,0,0,-0.02953137383485581,0.8613068140325157,-0.0031025062731271378,0.9836102580770903,NA,NA,0.17471088538674662,0.861306814032516,0.02054294006333512,0.9836102580770905,NA,NA,-1,1,Not_Significant
H1319,0,0,0,0.16603643112040148,0.32425974934398627,0.08953599283366036,0.5441840007733043,NA,NA,-0.985741968203554,0.3242597493439864,-0.6064981645871816,0.5441840007733041,NA,NA,1,1,Not_Significant
H1320,104,2738,0,0.1677883119288608,0.3585520517828734,0.0833597411452592,0.48850148957516726,NA,NA,-0.9181276287583483,0.35855205178287347,-0.6926941842901319,0.48850148957516726,NA,NA,1,1,Not_Significant
H1321,0,0,0,0.17077520189103015,0.3548175361964155,0.1312403111890101,0.4172888828283537,NA,NA,-0.9252852749300453,0.3548175361964156,-0.8111337207203317,0.41728888282835347,NA,NA,1,1,Not_Significant
H1322,0,0,0,0.17077520189103015,0.3548175361964155,0.1312403111890101,0.4172888828283537,NA,NA,-0.9252852749300453,0.3548175361964156,-0.8111337207203317,0.41728888282835347,NA,NA,1,1,Not_Significant
H1323,0,0,0,0.16959333470053606,0.3581557075856932,0.1298840865104013,0.4221158633658263,NA,NA,-0.9188850361815396,0.3581557075856934,-0.8027558529286276,0.4221158633658263,NA,NA,1,1,Not_Significant
H1324,0,0,0,0.1628341953355928,0.3336736942237655,0.10941664142860592,0.45865459143646053,NA,NA,-0.9667406624661378,0.3336736942237656,-0.741064073753882,0.45865459143646037,NA,NA,1,1,Not_Significant
H1325,4086,3516,0,0.02939151688005052,0.7760299919101581,-0.010979630974070865,0.9120393697928787,NA,NA,-0.28449640076374605,0.776029991910158,0.1104665587264176,0.9120393697928788,NA,NA,1,1,Not_Significant
H1326,39517,55063,0,0.8353499091678045,0.06974382658144977,1.2825383806973227,0.03636698099500985,NA,NA,1.8135708179520185,0.06974382658144986,2.092800345248922,0.03636698099500985,NA,NA,1,1,Sporadic_Hotspot
H1327,87583,62874,0,2.2230690655539025,0.06878575630550368,1.7780320889710608,0.013600150660480523,NA,NA,1.8198243630912934,0.06878575630550368,2.4676545266548997,0.013600150660480537,NA,NA,1,1,Sporadic_Hotspot
H1328,33354,34975,0,0.8295352953827985,0.022179125396194415,0.606317757813809,0.07088938736256027,NA,NA,2.287286166544307,0.022179125396194415,1.8061853828428436,0.07088938736256031,NA,NA,-1,1,Sporadic_Hotspot
H1329,9228,6884,0,-0.05839213764436757,0.006602138549220073,-0.22239912150948227,2.309646711148215e-5,NA,NA,2.7162733364066605,0.006602138549220081,4.2326393947578,2.309646711148215e-5,NA,NA,1,1,Sporadic_Hotspot
H1330,14758,6882,0,0.16412798557506927,0.01374151414367455,-0.19565741616910773,1.9787060692796083e-4,NA,NA,2.463950359360694,0.013741514143674602,3.7217196915673654,1.9787060692796083e-4,NA,NA,1,1,Sporadic_Hotspot
H1331,42548,60388,0,1.0565432353942188,0.0378552004410777,1.1576427674363727,0.09151237178925209,NA,NA,2.076419162830369,0.03785520044107776,1.6874733412942982,0.09151237178925213,NA,NA,-1,1,Sporadic_Hotspot
H1332,1008,6849,0,-0.11361186223949923,0.45646396874546336,-0.04370462215551227,0.40991139406444327,NA,NA,0.7446820239366749,0.45646396874546347,0.8240495677626395,0.40991139406444327,NA,NA,1,1,Not_Significant
H1333,27151,13580,0,0.40962813820042515,0.12063872987336881,0.01851175720578005,0.643919987641612,NA,NA,1.5520981948071018,0.12063872987336888,0.46222498521476096,0.643919987641612,NA,NA,-1,1,Not_Significant
H1334,719,6322,0,0.04313986821979882,0.783211793091358,0.013358063277722761,0.8245767331860445,NA,NA,-0.2751359497364474,0.7832117930913579,-0.2216623604629922,0.8245767331860445,NA,NA,1,1,Not_Significant
H1335,0,0,0,0.16849865443393086,0.3171400860114959,0.10523372020517917,0.47599973726766986,NA,NA,-1.0003522158924076,0.317140086011496,-0.7127511847294156,0.4759997372676699,NA,NA,1,1,Not_Significant
H1336,0,0,0,0.17021548336729886,0.4752229195509454,0.12002852625534152,0.5657259055900115,NA,NA,-0.7140068890855701,0.4752229195509454,-0.5743575011395308,0.5657259055900112,NA,NA,1,1,Not_Significant
H1337,0,0,0,0.17077520189103015,0.3106492228753715,0.1312403111890101,0.37412041965515186,NA,NA,-1.0138607071981673,0.3106492228753717,-0.8887816871223535,0.3741204196551518,NA,NA,1,1,Not_Significant
H1338,9,39,0,0.17062720168649037,0.31065709099628813,0.13071429085422945,0.37429279571888013,NA,NA,-1.0138442204151545,0.31065709099628824,-0.8884610551918518,0.3742927957188801,NA,NA,1,1,Not_Significant
H1339,2118,1419,0,0.12490121531810117,0.3538735346849163,0.10069107662108243,0.431675407370487,NA,NA,-0.9271020831315583,0.3538735346849163,-0.7863279066539933,0.43167540737048715,NA,NA,1,1,Not_Significant
H1340,0,0,0,-0.2713432308589679,0.10749286549550763,-0.19871293738667023,0.17876448145064805,NA,NA,1.609564948302675,0.1074928654955077,1.3445689334595634,0.17876448145064805,NA,NA,-1,1,Not_Significant
H1341,8901,5357,0,-0.09252373957203608,5.3157607562339e-4,-0.2258665682594869,0.002168328655598054,NA,NA,3.4643188262828195,5.315760756233923e-4,3.066152259939033,0.002168328655598056,NA,NA,-1,1,Sporadic_Hotspot
H1342,60745,77973,0,1.8800082283409272,0.018439810336959093,2.0230139088104564,0.029277878051828816,NA,NA,2.3566662732020367,0.018439810336959093,2.179724652314112,0.029277878051828816,NA,NA,-1,1,Sporadic_Hotspot
H1343,48713,41891,0,0.5462403384211254,0.3674134301385276,0.35979062141711604,0.4035923229117367,NA,NA,0.9013289792558692,0.36741343013852773,0.8352227142588393,0.40359232291173686,NA,NA,-1,1,Not_Significant
H1344,124488,261897,0,2.2683338536074333,0.20702106726756583,2.6857762896872814,0.4243651414829363,NA,NA,1.2617991524014218,0.20702106726756594,0.7988711285760887,0.4243651414829365,NA,NA,-1,1,Not_Significant
H1345,32827,15120,0,0.6994213373529359,0.04834662469809406,0.07947542795998619,0.19515368308411074,NA,NA,1.9743089424840672,0.048346624698094004,1.2954829390804026,0.1951536830841106,NA,NA,-1,1,Sporadic_Hotspot
H1346,28488,35174,0,1.0143453852878654,3.7715592445018584e-4,0.920918352934826,0.006517125242492795,NA,NA,3.5555731938511657,3.7715592445018584e-4,2.720560969619303,0.006517125242492788,NA,NA,-1,1,Sporadic_Hotspot
H1347,43951,19250,0,0.5006765308383748,0.34538655091530995,0.02597876155743429,0.8261430406284838,NA,NA,0.9435756291757269,0.34538655091531006,0.21965090797925235,0.8261430406284838,NA,NA,-1,1,Not_Significant
H1348,45494,41921,0,0.28289165680512113,0.6097486557170992,-0.07268839812431756,0.867392170451854,NA,NA,0.5104322673245735,0.6097486557170995,-0.166971885520848,0.867392170451854,NA,NA,-1,1,Not_Significant
H1349,333,2168,0,0.16307651958240463,0.3174970806212834,0.09257323703139032,0.431582355576761,NA,NA,-0.9996145467429358,0.31749708062128346,-0.7864867893027263,0.43158235557676106,NA,NA,1,1,Not_Significant
H1350,0,0,0,0.1704953426291645,0.3114423937273079,0.12563441872217582,0.39485982198012476,NA,NA,-1.01220008888162,0.3114423937273081,-0.850837149604493,0.3948598219801247,NA,NA,1,1,Not_Significant
H1351,0,0,0,0.17077520189103015,0.4737730735094146,0.1312403111890101,0.5300185518190873,NA,NA,-0.7163535424379491,0.47377307350941483,-0.6279776950657879,0.5300185518190872,NA,NA,1,1,Not_Significant
H1352,0,0,0,0.17077520189103015,0.5587160933401475,0.1312403111890101,0.6082244294829044,NA,NA,-0.5847496065156478,0.5587160933401476,-0.5126096101104027,0.6082244294829042,NA,NA,1,1,Not_Significant
H1353,0,0,0,0.1707025461211227,0.558883323233475,0.13100076063436453,0.6088788817059252,NA,NA,-0.5845009545510531,0.5588833232334751,-0.5116744341636268,0.6088788817059252,NA,NA,1,1,Not_Significant
H1354,0,0,0,0.16505154179498974,0.32713653491526523,0.12825514273881128,0.3850790792083518,NA,NA,-0.9798978691280126,0.3271365349152655,-0.8685760130167871,0.38507907920835177,NA,NA,1,1,Not_Significant
H1355,1340,3872,0,0.11376475873321015,0.4392690818309331,0.054360656389444005,0.5636704113164793,NA,NA,-0.7734280719049222,0.4392690818309331,-0.5773983163306963,0.5636704113164791,NA,NA,1,1,Not_Significant
H1356,79228,48672,0,1.6195796581692443,0.1370873488217824,0.5651293171651537,0.2811335495494669,NA,NA,1.486725409598726,0.1370873488217824,1.0777764097694749,0.2811335495494669,NA,NA,-1,1,Not_Significant
H1357,3517,22185,0,-0.34646115434619484,0.0020734691486952467,0.43206419320864425,0.006589394822278846,NA,NA,3.079502091029364,0.0020734691486952467,2.7169128893846075,0.006589394822278846,NA,NA,-1,1,Sporadic_Hotspot
H1358,35820,21565,0,0.7923305328593904,0.048650254013494224,0.352833108664984,0.01902020714267624,NA,NA,1.9716440573567338,0.048650254013494224,2.345134691014837,0.019020207142676267,NA,NA,1,1,Sporadic_Hotspot
H1359,28527,40701,0,0.8731830733798278,0.002256341217828597,1.7648489795107376,2.102260891767746e-5,NA,NA,3.0542365107894107,0.0022563412178285935,4.253743511375138,2.102260891767754e-5,NA,NA,1,1,Sporadic_Hotspot
H1360,21289,17233,0,0.4230837458904128,0.013159489068419373,0.31898003684366827,4.284861146144176e-4,NA,NA,2.4794236753696777,0.013159489068419386,3.5218873902341636,4.284861146144167e-4,NA,NA,1,1,Sporadic_Hotspot
H1361,98463,56056,0,4.842137678332214,5.153483101453373e-4,1.2640614525427203,0.043625380351711304,NA,NA,3.472649286456339,5.153483101453373e-4,2.0176725032673444,0.043625380351711374,NA,NA,-1,1,Sporadic_Hotspot
H1362,22937,23588,0,0.5845095899730616,0.0029903360953808977,0.24158314851143195,0.17564447279295703,NA,NA,2.9687295995540657,0.0029903360953808977,1.3542881263279387,0.17564447279295695,NA,NA,-1,1,Sporadic_Hotspot
H1363,66168,30477,0,1.2427673502315857,0.1592879525576353,0.08579756497542855,0.7532824571764686,NA,NA,1.4074703862019253,0.15928795255763545,0.31431414354550247,0.7532824571764686,NA,NA,-1,1,Not_Significant
H1364,172,1052,0,0.04187515823395678,0.8001932005149734,0.024294188574606586,0.8549455943405434,NA,NA,-0.2530970731996433,0.8001932005149734,-0.1828119213792813,0.8549455943405434,NA,NA,1,1,Not_Significant
H1365,0,0,0,0.1698791140621719,0.31319359882294584,0.1268014598858338,0.39048591522452275,NA,NA,-1.0085435350884533,0.31319359882294595,-0.8587364872177802,0.3904859152245226,NA,NA,1,1,Not_Significant
H1366,0,0,0,0.17077520189103015,0.3548175361964155,0.1312403111890101,0.4172888828283537,NA,NA,-0.9252852749300453,0.3548175361964156,-0.8111337207203317,0.41728888282835347,NA,NA,1,1,Not_Significant
H1367,0,0,0,0.17077520189103015,0.5587160933401475,0.1312403111890101,0.6082244294829044,NA,NA,-0.5847496065156478,0.5587160933401476,-0.5126096101104027,0.6082244294829042,NA,NA,1,1,Not_Significant
H1368,0,0,0,0.17072676471109186,0.4738984447605307,0.1310806108192464,0.5305190130070774,NA,NA,-0.7161504666670702,0.4738984447605308,-0.6272139304335294,0.5305190130070773,NA,NA,1,1,Not_Significant
H1369,0,0,0,0.15600455296429494,0.35433416078780383,0.10548146052237674,0.4749625249930501,NA,NA,-0.9262151885488585,0.35433416078780405,-0.7144280616613592,0.47496252499305,NA,NA,1,1,Not_Significant
H1370,6818,10231,0,-0.09958395323319773,0.0964321757444597,-0.004380454994572497,0.4837313261292654,NA,NA,1.6624021119391157,0.09643217574445972,0.7003138468846294,0.48373132612926545,NA,NA,-1,1,Not_Significant
H1371,49619,41608,0,1.4362304420851666,0.020776034314677807,0.6459342602460235,0.1305087610817051,NA,NA,2.3120299241556865,0.020776034314677807,1.5120986781883177,0.13050876108170506,NA,NA,-1,1,Sporadic_Hotspot
H1372,24920,48348,0,0.40674590429686275,0.07497373861977252,0.892890295041044,0.08606742920929464,NA,NA,1.7806249647570345,0.07497373861977252,1.7165171640943122,0.08606742920929464,NA,NA,-1,1,Not_Significant
H1373,12518,19448,0,0.043092388529948664,0.16346627937091432,0.1526712990481254,0.20768764974837176,NA,NA,1.3935078285151474,0.16346627937091435,1.2599493075239319,0.2076876497483718,NA,NA,-1,1,Not_Significant
H1374,40395,28579,0,1.4660302086688073,0.0020138562736453265,1.0319454837524138,3.0348567709007186e-5,NA,NA,3.0881812150955423,0.0020138562736453304,4.170834906349995,3.0348567709007068e-5,NA,NA,1,1,Sporadic_Hotspot
H1375,0,0,0,-0.48974647520068454,0.003666459127940403,-0.2089501405766525,0.1574026105709212,NA,NA,2.90551786952971,0.003666459127940413,1.4138613686638373,0.15740261057092134,NA,NA,-1,1,Sporadic_Hotspot
H1376,110541,72844,0,8.003261621655103,4.4323892054900905e-7,2.0065887739351957,0.01930815336680665,NA,NA,5.049383164513232,4.43238920549013e-7,2.339527435749606,0.01930815336680663,NA,NA,-1,1,Sporadic_Hotspot
H1377,980,447,0,-0.4419748212095723,0.0038538936159791507,-0.10251504421807273,0.4692170515844279,NA,NA,2.8898796307919463,0.0038538936159791507,0.7237535488264176,0.469217051584428,NA,NA,-1,1,Sporadic_Hotspot
H1378,1098,527,0,-0.19541584748392685,0.19587695805349983,-0.03959511740289393,0.7783435675831942,NA,NA,1.2933878273206887,0.19587695805349997,0.28147830267648677,0.7783435675831945,NA,NA,-1,1,Not_Significant
H1379,0,0,0,0.16941626989831718,0.31451316918998945,0.12464755233466154,0.39858147893964174,NA,NA,-1.0057971278726252,0.31451316918998945,-0.844157358850801,0.3985814789396416,NA,NA,1,1,Not_Significant
H1380,0,0,0,0.17077520189103015,0.3106492228753715,0.1312403111890101,0.37412041965515186,NA,NA,-1.0138607071981673,0.3106492228753717,-0.8887816871223535,0.3741204196551518,NA,NA,1,1,Not_Significant
H1381,0,0,0,0.17077520189103015,0.5587160933401475,0.1312403111890101,0.6082244294829044,NA,NA,-0.5847496065156478,0.5587160933401476,-0.5126096101104027,0.6082244294829042,NA,NA,1,1,Not_Significant
H1382,0,0,0,0.17077520189103015,0.3548175361964155,0.1312403111890101,0.4172888828283537,NA,NA,-0.9252852749300453,0.3548175361964156,-0.8111337207203317,0.41728888282835347,NA,NA,1,1,Not_Significant
H1383,2031,7290,0,0.03371963808660616,0.8040940859881434,0.01308812238665803,0.7802077640228615,NA,NA,-0.24805211316658243,0.8040940859881434,-0.2790482925268527,0.7802077640228614,NA,NA,-1,1,Not_Significant
H1384,51337,29463,0,2.0815621086147136,0.0013312721314096766,0.48898405995198113,0.0595944369830743,NA,NA,3.2091517413555155,0.0013312721314096805,1.8837822388064704,0.059594436983074255,NA,NA,-1,1,Sporadic_Hotspot
H1385,24582,23950,0,0.47971234835587784,0.0315105914376441,0.4005877580854735,0.028957991777599276,NA,NA,2.1505644801972275,0.03151059143764413,2.184057926722424,0.028957991777599303,NA,NA,1,1,Sporadic_Hotspot
H1386,6588,10651,0,-0.10562926006288866,0.09658467771867128,-0.0010032107472976654,0.02463132656938182,NA,NA,1.6616414971105866,0.09658467771867145,2.2471361604612747,0.02463132656938182,NA,NA,1,1,Sporadic_Hotspot
H1387,19328,12178,0,0.20595255733117424,0.1395363560675429,0.02599444737333438,0.20854105182432184,NA,NA,1.477519795113607,0.13953635606754294,1.2575872913697472,0.20854105182432184,NA,NA,-1,1,Not_Significant
H1388,6241,5739,0,-0.12291261682377129,0.07527396832950084,-0.09440163831775801,0.16746107042598218,NA,NA,1.7787913959154167,0.0752739683295009,1.3804079608867548,0.16746107042598218,NA,NA,-1,1,Not_Significant
H1389,65619,25941,0,5.366556263899419,8.842758941246021e-10,0.913389980835244,1.4932111069114308e-5,NA,NA,6.129009963233122,8.842758941246021e-10,4.3296874639895035,1.4932111069114308e-5,NA,NA,-1,1,Sporadic_Hotspot
H1390,64377,27217,0,2.8537145441547604,8.517827792988184e-4,0.3724782742440069,0.1031324841451314,NA,NA,3.3353951183570074,8.517827792988195e-4,1.6298534018805884,0.1031324841451314,NA,NA,-1,1,Sporadic_Hotspot
H1391,32660,10992,0,0.555683806748274,0.11396073898100105,8.930632007842216e-4,0.8342995736517249,NA,NA,1.5806384064886343,0.11396073898100116,0.20919044186485566,0.834299573651725,NA,NA,-1,1,Not_Significant
H1392,0,0,0,0.13721630905712326,0.4152267531624086,0.1224793126990233,0.40683215867937944,NA,NA,-0.8147302165668084,0.4152267531624086,-0.8294812210745358,0.4068321586793792,NA,NA,-1,1,Not_Significant
H1393,0,0,0,0.17077520189103015,0.3106492228753715,0.1312403111890101,0.37412041965515186,NA,NA,-1.0138607071981673,0.3106492228753717,-0.8887816871223535,0.3741204196551518,NA,NA,1,1,Not_Significant
H1394,0,0,0,0.17077520189103015,0.3548175361964155,0.1312403111890101,0.4172888828283537,NA,NA,-0.9252852749300453,0.3548175361964156,-0.8111337207203317,0.41728888282835347,NA,NA,1,1,Not_Significant
H1395,0,0,0,0.1487820312446088,0.3770426261386652,0.10703546796661605,0.4684847582993587,NA,NA,-0.8833584619948881,0.37704262613866507,-0.7249466533253678,0.4684847582993586,NA,NA,1,1,Not_Significant
H1396,33654,25339,0,0.3788787785657534,0.30219284169063637,0.07345260201317844,0.7165636022336541,NA,NA,1.0317423302038515,0.30219284169063637,0.3630552636159683,0.7165636022336541,NA,NA,-1,1,Not_Significant
H1397,40493,43460,0,1.5802183764696365,9.07565579936154e-4,1.3233647463400837,0.0034797991854819666,NA,NA,3.317716474997313,9.07565579936157e-4,2.921831342917054,0.0034797991854819666,NA,NA,-1,1,Sporadic_Hotspot
H1398,43678,31472,0,0.7030036899656807,0.18184306924144505,0.6869303347754683,0.016823466506028346,NA,NA,1.3351016814081968,0.18184306924144505,2.390543272497537,0.0168234665060284,NA,NA,1,1,Sporadic_Hotspot
H1399,11756,28003,0,0.006208513012773503,0.7409650372446459,0.2518235942281887,0.29271196337986444,NA,NA,0.33057565567897035,0.7409650372446459,1.0521909225432087,0.29271196337986444,NA,NA,1,1,Not_Significant
H1400,56843,27237,0,0.9689390676831934,0.1875885322333289,0.23477263249423255,0.30474235660368976,NA,NA,1.317746471639595,0.18758853223332894,1.0263166393829173,0.30474235660368976,NA,NA,-1,1,Not_Significant
H1401,21021,46065,0,0.6988419370594812,2.6671360424866957e-5,1.4211711905728601,0.003648815875317718,NA,NA,4.200170883830592,2.6671360424866957e-5,2.9070270981377777,0.0036488158753177277,NA,NA,-1,1,Sporadic_Hotspot
H1402,98270,64560,0,8.881854353965812,1.7696499801320925e-10,2.6889286984014165,3.011712349419141e-4,NA,NA,6.380106392323326,1.7696499801320925e-10,3.6142904953613715,3.011712349419135e-4,NA,NA,-1,1,Sporadic_Hotspot
H1403,14386,4832,0,0.18789610646187332,0.001960277496932841,-0.06361694364981144,0.431910015460598,NA,NA,3.096185404356858,0.001960277496932835,0.7859274097152047,0.431910015460598,NA,NA,-1,1,Sporadic_Hotspot
H1404,0,0,0,-0.29198016046711733,0.08327007602757341,-0.02357281777181568,0.873590014557799,NA,NA,1.7320195816642252,0.08327007602757346,0.1591000934978016,0.8735900145577993,NA,NA,-1,1,Not_Significant
H1405,0,0,0,0.14063382119721327,0.40371268551215983,0.1257122214664197,0.39456730970432075,NA,NA,-0.8350089210092609,0.40371268551216,-0.8513637721120455,0.3945673097043206,NA,NA,-1,1,Not_Significant
H1406,0,0,0,0.17077520189103015,0.3106492228753715,0.1312403111890101,0.37412041965515186,NA,NA,-1.0138607071981673,0.3106492228753717,-0.8887816871223535,0.3741204196551518,NA,NA,1,1,Not_Significant
H1407,0,0,0,0.17077520189103015,0.4737730735094146,0.1312403111890101,0.5300185518190873,NA,NA,-0.7163535424379491,0.47377307350941483,-0.6279776950657879,0.5300185518190872,NA,NA,1,1,Not_Significant
H1408,6142,4532,0,0.017297259381209306,0.8064670800437189,0.022219301278032753,0.793739578196169,NA,NA,-0.24498624725340545,0.8064670800437188,-0.26145768386134655,0.7937395781961689,NA,NA,-1,1,Not_Significant
H1409,54383,30652,0,1.6430676093712007,0.01837826455376307,0.674025193460036,0.014611157905205906,NA,NA,2.3579076462035395,0.018378264553763048,2.4418761571133483,0.014611157905205922,NA,NA,1,1,Sporadic_Hotspot
H1410,35872,34580,0,0.7541794189109534,0.06107981941601335,0.9179135835182812,0.005452367062262733,NA,NA,1.872917201766177,0.06107981941601337,2.7790170055533503,0.005452367062262741,NA,NA,1,1,Sporadic_Hotspot
H1411,38851,77418,0,0.17412184237858594,0.6980071075732137,1.5357844528277083,0.09509171051560772,NA,NA,0.38801206172736286,0.6980071075732137,1.6691295381631128,0.09509171051560772,NA,NA,1,1,Not_Significant
H1412,5931,10875,0,-0.07567048039456076,0.3068139403186825,0.0019371556774115928,0.465002135426444,NA,NA,1.0219301944248225,0.30681394031868253,0.7306349874617972,0.465002135426444,NA,NA,-1,1,Not_Significant
H1413,35333,44611,0,1.1839911171564703,0.0026688369872479214,0.850933814963182,0.06942485832726095,NA,NA,3.003511230511955,0.002668836987247914,1.8156449195654598,0.06942485832726095,NA,NA,-1,1,Sporadic_Hotspot
H1414,118401,136938,0,10.04371870085542,4.147689884686749e-9,5.707645478722414,0.001002359520404122,NA,NA,5.878193071789514,4.147689884686704e-9,3.2898636209532515,0.0010023595204041206,NA,NA,-1,1,Sporadic_Hotspot
H1415,24841,15379,0,1.095189980055683,1.4371082466015586e-6,0.1578443783269199,0.015062945191301386,NA,NA,4.819788040211274,1.4371082466015586e-6,2.430862127417038,0.015062945191301386,NA,NA,-1,1,Sporadic_Hotspot
H1416,79739,42911,0,3.1530098663673334,0.004105655388337429,1.2842074848827891,0.003931055334928903,NA,NA,2.869927796328176,0.004105655388337422,2.883641868797219,0.003931055334928898,NA,NA,1,1,Sporadic_Hotspot
H1417,11201,2700,0,0.009053376544624864,0.3624275319224002,0.030277993788007114,0.7836292939885694,NA,NA,0.9107492045401875,0.36242753192240046,-0.2745925456404713,0.7836292939885693,NA,NA,-1,1,Not_Significant
H1418,0,0,0,0.17077520189103015,0.3106492228753715,0.1312403111890101,0.37412041965515186,NA,NA,-1.0138607071981673,0.3106492228753717,-0.8887816871223535,0.3741204196551518,NA,NA,1,1,Not_Significant
H1419,0,0,0,0.17077520189103015,0.4737730735094146,0.1312403111890101,0.5300185518190873,NA,NA,-0.7163535424379491,0.47377307350941483,-0.6279776950657879,0.5300185518190872,NA,NA,1,1,Not_Significant
H1420,0,0,0,0.1342697139442111,0.466861639993461,0.10895105342752553,0.5006640469988709,NA,NA,-0.7275948403621348,0.46686163999346114,-0.6734452848392811,0.5006640469988708,NA,NA,1,1,Not_Significant
H1421,7285,8083,0,-0.060634322656382016,0.2477846929668664,-0.02009278469027974,0.5764103940286598,NA,NA,1.1557469132629752,0.2477846929668664,0.5586356655650683,0.5764103940286599,NA,NA,-1,1,Not_Significant
H1422,55293,114519,0,1.5839824285191642,0.025941087555026342,2.518989883947824,0.07768886506985989,NA,NA,2.2270925719084516,0.025941087555026377,1.764256137883554,0.07768886506985993,NA,NA,-1,1,Sporadic_Hotspot
H1423,16129,41569,0,0.13147326630061956,0.1371509660942208,1.1566111294442294,0.0067296784323470915,NA,NA,1.4864846801599512,0.1371509660942208,2.709933080987921,0.006729678432347084,NA,NA,1,1,Sporadic_Hotspot
H1424,947,9396,0,-0.017430245462735357,0.9099336604070325,-0.030318800984567587,0.088564797099272,NA,NA,0.11312221828789143,0.9099336604070324,1.7030174807379541,0.08856479709927202,NA,NA,1,1,Not_Significant
H1425,38553,36120,0,0.4506562957160659,0.31122085968534485,0.2721586825864265,0.43839517157440017,NA,NA,1.0126636214965343,0.31122085968534485,0.7749060590453564,0.4383951715744004,NA,NA,-1,1,Not_Significant
H1426,100882,60456,0,4.9577467017617876,5.380881659575259e-4,2.3287711595526175,7.04479331955058e-4,NA,NA,3.4610423449660264,5.38088165957525e-4,3.38782992482924,7.044793319550593e-4,NA,NA,-1,1,Sporadic_Hotspot
H1427,77791,46199,0,6.298631583184174,3.747466842393158e-9,2.1291940245252077,1.4369472120745214e-5,NA,NA,5.894971223089359,3.747466842393179e-9,4.3381383091576575,1.4369472120745214e-5,NA,NA,-1,1,Sporadic_Hotspot
H1428,54767,23884,0,3.276634672990616,3.1730052835644917e-6,0.8237833615547066,6.385011945140422e-6,NA,NA,4.659290900541726,3.1730052835645053e-6,4.513222021696835,6.385011945140422e-6,NA,NA,-1,1,Sporadic_Hotspot
H1429,47269,18483,0,2.0281289143487733,5.153656663468018e-4,0.34684236827268483,0.0013004256084479067,NA,NA,3.4726402468395143,5.153656663468009e-4,3.215885819714126,0.0013004256084479047,NA,NA,-1,1,Sporadic_Hotspot
H1430,0,0,0,-0.11423992868358912,0.49818308417620727,0.053472373435990844,0.717057044341219,NA,NA,0.6773513083347498,0.4981830841762074,-0.36239477384956503,0.7170570443412189,NA,NA,-1,1,Not_Significant
H1431,0,0,0,0.17077520189103015,0.3548175361964155,0.1312403111890101,0.4172888828283537,NA,NA,-0.9252852749300453,0.3548175361964156,-0.8111337207203317,0.41728888282835347,NA,NA,1,1,Not_Significant
H1432,5163,4540,0,0.03185655433239393,0.7117209245431251,0.025549395160538665,0.7634185327669729,NA,NA,-0.3695458230477605,0.7117209245431251,-0.3009947042693997,0.7634185327669729,NA,NA,1,1,Not_Significant
H1433,22830,19360,0,0.4115832870366238,0.03495672507347193,0.28885688671532905,0.016054341677018504,NA,NA,2.1088593361959793,0.03495672507347196,2.407677822455844,0.016054341677018524,NA,NA,1,1,Sporadic_Hotspot
H1434,481,9557,0,-0.3744846216343627,0.01994070673836459,-0.052052921387868295,8.322309299076715e-4,NA,NA,2.327461670510874,0.01994070673836459,3.341846424976635,8.322309299076715e-4,NA,NA,1,1,Sporadic_Hotspot
H1435,8571,63089,0,-0.025730019420736636,0.420911556152734,1.6806632040210694,0.02017342118695643,NA,NA,0.8048407964458975,0.42091155615273423,2.3231066992082914,0.02017342118695641,NA,NA,1,1,Sporadic_Hotspot
H1436,53,3888,0,0.029317467009973355,0.8607987011452649,-0.024728649975506667,0.7926636499669133,NA,NA,-0.17535754076006596,0.8607987011452647,0.26285330271226554,0.7926636499669135,NA,NA,1,1,Not_Significant
H1437,27911,19351,0,0.5406100536651746,0.05018002672974119,0.15873596487529965,0.1852921752037267,NA,NA,1.9584261676520223,0.05018002672974119,1.324635199674623,0.18529217520372668,NA,NA,-1,1,Not_Significant
H1438,66014,56765,0,4.580528766096068,2.0520862216292967e-7,1.9184201465559352,0.0025768908939372273,NA,NA,5.194556340685335,2.0520862216292967e-7,3.0141632687920685,0.0025768908939372273,NA,NA,-1,1,Sporadic_Hotspot
H1439,55667,72804,0,3.249669957587778,5.927426825431358e-6,1.2589614498979362,0.14162034602221293,NA,NA,4.528961603082285,5.927426825431384e-6,1.4697836967832014,0.14162034602221293,NA,NA,-1,1,Sporadic_Hotspot
H1440,93573,213830,0,7.967392985260637,1.4922836133132205e-9,8.150998241582538,0.0032171508267720013,NA,NA,6.045196123896808,1.4922836133132205e-9,2.946189648537748,0.0032171508267719966,NA,NA,-1,1,Sporadic_Hotspot
H1441,73232,25827,0,1.911873911895588,0.054717624441101995,0.3889672307786855,0.06316281798667929,NA,NA,1.921111719464327,0.054717624441101995,1.8580436354397338,0.06316281798667929,NA,NA,-1,1,Not_Significant
H1442,0,0,0,0.07280562355697141,0.6653544190149059,0.0939011362738688,0.5247474447238268,NA,NA,-0.43253252401992304,0.665354419014906,-0.6360444589582842,0.5247474447238267,NA,NA,-1,1,Not_Significant
H1443,0,0,0,0.07182342518600067,0.7630391157719532,0.07256885226658376,0.7283041143666242,NA,NA,-0.30149230650677944,0.7630391157719532,-0.34738231939909187,0.7283041143666241,NA,NA,-1,1,Not_Significant
H1444,13685,19996,0,0.030568963323458643,0.536936462294759,0.14178652613451645,0.2707488721532826,NA,NA,0.6174522578510075,0.5369364622947592,1.1013396234128616,0.2707488721532826,NA,NA,1,1,Not_Significant
H1445,48639,53073,0,1.3312235285477203,0.027938507454308183,1.600347272778697,0.006272693054428558,NA,NA,2.1981487501116215,0.02793850745430821,2.7331753351454116,0.00627269305442855,NA,NA,1,1,Sporadic_Hotspot
H1446,29090,43383,0,0.45921836747891903,0.11925974534467532,1.135276674667935,0.011982913119110037,NA,NA,1.5578882319016336,0.11925974534467551,2.5126471158238233,0.011982913119110018,NA,NA,1,1,Sporadic_Hotspot
H1447,5415,3721,0,0.038729059954876584,0.637558792252506,-0.10305486515256963,0.2846048606107992,NA,NA,-0.4711147503042532,0.637558792252506,1.0700320988921925,0.284604860610799,NA,NA,1,1,Not_Significant
H1448,709,13966,0,-0.010073213186472401,0.9493047826986089,0.002685949776242713,0.952709362153643,NA,NA,0.06357984239727615,0.949304782698609,0.059304769673418134,0.9527093621536431,NA,NA,-1,1,Not_Significant
H1449,10574,4504,0,-1.1420207377309419e-4,0.02138385938350694,-0.09468616162131692,0.2679669605221982,NA,NA,2.3011375157541663,0.02138385938350699,1.1077565710142532,0.26796696052219804,NA,NA,-1,1,Sporadic_Hotspot
H1450,68609,30469,0,3.153076402890585,6.324180360867181e-4,0.5262278045937431,0.05432527965200225,NA,NA,3.4173161018836526,6.324180360867231e-4,1.924233836476334,0.05432527965200225,NA,NA,-1,1,Sporadic_Hotspot
H1451,86708,39962,0,7.272828994564812,1.8224926603861416e-9,2.3465766202438125,6.709462908671067e-9,NA,NA,6.012885946136802,1.8224926603861319e-9,5.798039554338161,6.7094629086711385e-9,NA,NA,-1,1,Sporadic_Hotspot
H1452,22981,10863,0,1.746360588256119,9.821799235537307e-19,0.019146641841374126,1.3225493366906313e-14,NA,NA,8.837119585326494,9.821799235537149e-19,7.703629511217034,1.3225493366906404e-14,NA,NA,-1,1,Sporadic_Hotspot
H1453,21483,9456,0,0.2940277850100569,0.09052451287515487,-0.031024864773040558,0.06756744619653161,NA,NA,1.6926373721780517,0.09052451287515492,1.8278807799914196,0.06756744619653154,NA,NA,1,1,Not_Significant
H1454,0,0,0,0.17077520189103015,0.5587160933401475,0.1312403111890101,0.6082244294829044,NA,NA,-0.5847496065156478,0.5587160933401476,-0.5126096101104027,0.6082244294829042,NA,NA,1,1,Not_Significant
H1455,13223,9788,0,0.002726591560773451,0.95283850780358,-0.01264315700402209,0.351385781926348,NA,NA,0.059142625497598536,0.95283850780358,0.9319046932946426,0.35138578192634795,NA,NA,1,1,Not_Significant
H1456,16210,11485,0,0.24124491756598818,0.00718460539416531,0.03470064601847537,0.0017493150515891617,NA,NA,2.6881642174151823,0.00718460539416531,3.1297896714808586,0.0017493150515891587,NA,NA,1,1,Sporadic_Hotspot
H1457,24234,18128,0,0.6545042572518337,0.002624328262240451,0.26918115590570724,0.00892601375527258,NA,NA,3.0086249923228965,0.002624328262240454,2.6148749164733425,0.00892601375527258,NA,NA,-1,1,Sporadic_Hotspot
H1458,23444,55951,0,0.3682666837036177,0.07233515422715614,1.2525821472426393,0.04507112866657481,NA,NA,1.7970029324141954,0.07233515422715614,2.0039900277522085,0.04507112866657487,NA,NA,1,1,Sporadic_Hotspot
H1459,958,9010,0,0.1401910753248779,0.3600995596156671,0.013636938190858476,0.5556063657937075,NA,NA,-0.9151753946907846,0.3600995596156672,-0.5893800359165862,0.5556063657937074,NA,NA,1,1,Not_Significant
H1460,0,0,0,0.0631558609314891,0.707457349677117,0.044131949245451024,0.7648085406288605,NA,NA,-0.3752731270666672,0.7074573496771172,-0.2991723559691854,0.7648085406288604,NA,NA,1,1,Not_Significant
H1461,11977,2758,0,0.04139387256968859,0.06347769976345198,-0.080690576950559,0.4617999234256525,NA,NA,1.8558306541407805,0.06347769976345201,0.7358862539009975,0.4617999234256527,NA,NA,-1,1,Not_Significant
H1462,34030,13954,0,1.37629068848813,2.2881886926778692e-4,0.06894773268406247,0.12739684367896928,NA,NA,3.6848705918279006,2.2881886926778733e-4,1.5244479743483308,0.12739684367896928,NA,NA,-1,1,Sporadic_Hotspot
H1463,149328,137357,0,13.93433913217421,2.0465189851446313e-10,7.4779711940815075,1.7507995656791877e-5,NA,NA,6.357808858330795,2.046518985144655e-10,4.294509535801542,1.7507995656791877e-5,NA,NA,-1,1,Sporadic_Hotspot
H1464,80469,156619,0,4.325383817348594,9.82416620134128e-5,1.7291014966933251,0.38513260339150407,NA,NA,3.8948940502087557,9.824166201341244e-5,0.868478196387925,0.38513260339150407,NA,NA,-1,1,Sporadic_Hotspot
H1465,14924,8781,0,-0.04009994489264583,0.5973729128153145,0.017013078140056464,0.5550057057208089,NA,NA,-0.528182156444297,0.5973729128153145,-0.5902758823949432,0.5550057057208089,NA,NA,-1,1,Not_Significant
H1466,37413,90286,0,0.36993090041260346,0.3861060084214365,0.4680064118716922,0.6676781020061737,NA,NA,0.866700724429192,0.3861060084214365,0.429336851762434,0.6676781020061737,NA,NA,-1,1,Not_Significant
H1467,81889,88042,0,1.2119718856923891,0.2835964071971616,0.7103346628543515,0.503838326764807,NA,NA,1.0722752784789649,0.2835964071971615,0.6684626327861943,0.503838326764807,NA,NA,-1,1,Not_Significant
H1468,88104,56961,0,2.114224282274589,0.08554464855307974,0.9993706847202228,0.11770100674157592,NA,NA,1.719383038946956,0.08554464855307987,1.5644965321389104,0.11770100674157587,NA,NA,-1,1,Not_Significant
H1469,0,0,0,-0.030954888734153103,0.8546742956664817,-0.1004439765253925,0.49687368808351945,NA,NA,0.1831576843237998,0.8546742956664817,0.6794169894466955,0.49687368808351967,NA,NA,1,1,Not_Significant
H1470,0,0,0,0.16628938083785696,0.32352356971300894,0.08419831509040361,0.5684273904089674,NA,NA,-0.9872429116819716,0.3235235697130091,-0.5703690888716733,0.5684273904089674,NA,NA,1,1,Not_Significant
H1471,799,4724,0,0.09643905728043262,0.5355972993937366,0.05307373861987411,0.5194111427209542,NA,NA,-0.6194843943702428,0.5355972993937366,-0.6442533778502025,0.5194111427209542,NA,NA,-1,1,Not_Significant
H1472,31548,10396,0,0.2845312842025505,0.39382891865068587,3.560933802070383e-4,0.9285719706770751,NA,NA,0.8526941810266461,0.39382891865068603,-0.08964166891176142,0.9285719706770751,NA,NA,-1,1,Not_Significant
H1473,51592,20463,0,2.6886956677752303,3.807243468144614e-5,0.28394552824439634,0.03573618992127045,NA,NA,4.118876359847075,3.807243468144628e-5,2.0999164671402863,0.0357361899212704,NA,NA,-1,1,Sporadic_Hotspot
H1474,172989,67880,0,11.04901906787245,1.5421947323510693e-5,3.1122261579505355,8.120809107635354e-5,NA,NA,4.3225737980039165,1.5421947323510693e-5,3.940806571290726,8.120809107635372e-5,NA,NA,-1,1,Sporadic_Hotspot
H1475,809,4777,0,-0.17271016115316937,0.26734018554026073,-0.13875838137998053,0.08940315938793385,NA,NA,1.1092086415499396,0.267340185540261,1.6985544801786607,0.08940315938793383,NA,NA,1,1,Not_Significant
H1476,0,0,0,0.08842661408706756,0.7105614363412264,0.0940751687280985,0.6525403122181097,NA,NA,-0.3711021679691779,0.7105614363412264,-0.45023595654324927,0.6525403122181097,NA,NA,-1,1,Not_Significant
H1477,0,0,0,-0.2240564339442195,0.27812315492617024,-0.2815083656262898,0.12003848789724207,NA,NA,1.0845451604077234,0.27812315492617024,1.5546120679563984,0.120038487897242,NA,NA,1,1,Not_Significant
H1478,27347,19187,0,0.6014548746592175,0.024325474763016223,0.28890426438560834,0.014008494896892036,NA,NA,2.2519493218331132,0.024325474763016223,2.4570454848269043,0.014008494896892003,NA,NA,1,1,Sporadic_Hotspot
H1479,3634,1748,0,-0.4000288600708637,2.996334408473815e-4,-0.2905807305336753,0.018712107562430108,NA,NA,3.615616710265239,2.9963344084738247e-4,2.3512172001294935,0.018712107562430084,NA,NA,-1,1,Sporadic_Hotspot
H1480,44782,41327,0,1.3142470591958306,0.01577053382727382,0.7544854482534397,0.07472481973866481,NA,NA,2.4141831267420515,0.015770533827273836,1.7821497191737807,0.07472481973866481,NA,NA,-1,1,Sporadic_Hotspot
H1481,0,0,0,0.16720968725668434,0.32085432686388027,0.10634548047161124,0.4713548672858651,NA,NA,-0.9927037911460022,0.3208543268638804,-0.7202763431925998,0.4713548672858653,NA,NA,1,1,Not_Significant
H1482,0,0,0,0.16862512929265858,0.3167771658296198,0.12156820161511486,0.4103293437876532,NA,NA,-1.0011026876316165,0.3167771658296199,-0.8233141943413552,0.4103293437876532,NA,NA,1,1,Not_Significant
H1483,2145,10367,0,0.040988407586748904,0.7599881163092937,0.002796640345149799,0.5225688955992257,NA,NA,-0.3054963935448905,0.7599881163092936,-0.6393905491355771,0.5225688955992255,NA,NA,-1,1,Not_Significant
H1484,0,0,0,-0.20035585270497372,0.2346984113737022,0.02860825432816192,0.8460996900568912,NA,NA,1.188342725316928,0.23469841137370256,-0.19409730722542431,0.846099690056891,NA,NA,-1,1,Not_Significant
H1485,30360,19130,0,1.96515983045404,4.4828119976933236e-10,0.3180811933171649,0.006461395044694964,NA,NA,6.236216286355112,4.4828119976933484e-10,2.723399094898935,0.006461395044694964,NA,NA,-1,1,Sporadic_Hotspot
H1486,15222,7120,0,0.288357472950742,9.763256542724228e-5,-0.13109438132624343,0.007810719155260381,NA,NA,3.896401307634474,9.763256542724228e-5,2.6601442498902794,0.0078107191552603695,NA,NA,-1,1,Sporadic_Hotspot
H1487,377,295,0,0.12260189162894819,0.45032149496985313,0.09183581146867642,0.5223655981959807,NA,NA,-0.7548791535606104,0.45032149496985313,-0.6397031638204356,0.5223655981959806,NA,NA,1,1,Not_Significant
H1488,47181,34321,0,0.2482183004871062,0.6689333008153775,0.3081419257980902,0.34527505122650054,NA,NA,0.4276124491298091,0.6689333008153777,0.943793757504357,0.34527505122650043,NA,NA,1,1,Not_Significant
H1489,10201,8391,0,-0.010172761545641534,0.08961517735347814,-0.04573970919268285,0.149090903781269,NA,NA,1.6974311509634223,0.08961517735347814,1.4427500174731822,0.14909090378126913,NA,NA,-1,1,Not_Significant
H1490,45470,16243,0,1.6263857500312688,0.0034073016262246925,0.16429629388606162,0.03259107526096206,NA,NA,2.928382890392848,0.0034073016262246973,2.1370850429319592,0.0325910752609621,NA,NA,-1,1,Sporadic_Hotspot
H1491,367,3149,0,-0.11949750907828544,0.4629171903991935,-0.05936361884591515,0.5690694631973487,NA,NA,0.7340517636692955,0.4629171903991932,0.5694224822091238,0.5690694631973487,NA,NA,-1,1,Not_Significant
H1492,0,0,0,0.17077520189103015,0.3106492228753715,0.1312403111890101,0.37412041965515186,NA,NA,-1.0138607071981673,0.3106492228753717,-0.8887816871223535,0.3741204196551518,NA,NA,1,1,Not_Significant
H1493,0,0,0,0.1628530320166799,0.33361780758083454,0.10034238452100563,0.4967303715237898,NA,NA,-0.9668524348528286,0.3336178075808346,-0.6796432591888135,0.4967303715237897,NA,NA,1,1,Not_Significant
H1494,32,84,0,0.07575375986426869,0.6517096238730415,0.07285751906021574,0.6188286304575519,NA,NA,-0.4513884255715691,0.6517096238730415,-0.4975111664894991,0.6188286304575519,NA,NA,-1,1,Not_Significant
H1495,20705,5193,0,0.11671340880480084,0.469210257957707,0.012311550766059842,0.8710029421687474,NA,NA,0.7237646127521513,0.46921025795770727,-0.16238467002264806,0.8710029421687473,NA,NA,-1,1,Not_Significant
H1496,32506,16929,0,1.214592795165317,5.054742123106374e-4,0.06539769381982995,0.4488024411726199,NA,NA,3.477838586395024,5.05474212310639e-4,0.7574130483701635,0.4488024411726201,NA,NA,-1,1,Sporadic_Hotspot
H1497,485,4414,0,0.06889978356514115,0.6679391479651577,0.055821401626815204,0.5195009163366764,NA,NA,-0.42897811964797306,0.6679391479651577,-0.6441149195661038,0.5195009163366763,NA,NA,-1,1,Not_Significant
H1498,0,0,0,0.16874622224250427,0.4790403228849614,0.1300323212125922,0.5338100366175871,NA,NA,-0.707846924035575,0.4790403228849614,-0.6222005010525498,0.533810036617587,NA,NA,1,1,Not_Significant
H1499,0,0,0,-0.15750509418623965,0.5092658857420592,-0.0658135655743205,0.7531948337150832,NA,NA,0.6599812127069198,0.5092658857420593,0.31442952630724,0.7531948337150833,NA,NA,-1,1,Not_Significant
H1500,11541,8846,0,0.013868768997097533,0.36649713302757647,-0.011513508819669753,0.6505086546202021,NA,NA,0.9030541941090426,0.36649713302757636,0.4530556709269198,0.6505086546202022,NA,NA,-1,1,Not_Significant
H1501,40028,46023,0,0.4787099975595542,0.3068177633436804,0.24460936817025308,0.6155285451450638,NA,NA,1.0219221175914988,0.30681776334368055,0.5021975798908399,0.6155285451450638,NA,NA,-1,1,Not_Significant
H1502,57103,60266,0,0.8476832538327478,0.25149822036395564,0.280145557169701,0.6810929084723795,NA,NA,1.1467179234245697,0.25149822036395564,0.4109722150514651,0.6810929084723796,NA,NA,-1,1,Not_Significant
H1503,0,0,0,0.1493874959938373,0.37510520353802546,0.1173832329510501,0.4266208043421048,NA,NA,-0.8869511458528029,0.37510520353802546,-0.7949874468298481,0.42662080434210475,NA,NA,1,1,Not_Significant
H1504,0,0,0,0.17077520189103015,0.3106492228753715,0.1312403111890101,0.37412041965515186,NA,NA,-1.0138607071981673,0.3106492228753717,-0.8887816871223535,0.3741204196551518,NA,NA,1,1,Not_Significant
H1505,0,0,0,0.16073794182604156,0.33993079972163553,0.09410178545639246,0.5238626413140477,NA,NA,-0.9543019925758461,0.3399307997216356,-0.6374025906882881,0.5238626413140477,NA,NA,1,1,Not_Significant
H1506,11,37,0,0.11076193674016696,0.5102555148513002,0.10485293565014464,0.4760694395445832,NA,NA,-0.658439882770895,0.5102555148512999,-0.7126385678814923,0.47606943954458314,NA,NA,-1,1,Not_Significant
H1507,26796,12769,0,0.14727696247092112,0.5681693912022225,-0.0065793644350663006,0.81963862877431,NA,NA,0.570749600542781,0.5681693912022228,-0.22800979113380518,0.81963862877431,NA,NA,-1,1,Not_Significant
H1508,20220,5448,0,8.201592902463485e-4,0.9953616808023962,0.029346284451846002,0.6850687723086155,NA,NA,0.005813303766522285,0.9953616808023963,-0.40555612463850127,0.6850687723086154,NA,NA,-1,1,Not_Significant
H1509,0,0,0,0.16729579779879683,0.4176308495285372,0.11677821424252217,0.5186499427623791,NA,NA,-0.8105383214347522,0.41763084952853724,-0.6454278771226621,0.518649942762379,NA,NA,1,1,Not_Significant
H1510,13816,13801,0,0.017414973741572394,0.7356586378840126,3.473369060390853e-4,0.9934660591783274,NA,NA,0.33760796657545217,0.7356586378840126,0.008189171934371828,0.9934660591783275,NA,NA,-1,1,Not_Significant
H1511,5335,4370,0,-0.08994522218518393,0.2816634702800601,-0.09073093189430986,0.29883652392649634,NA,NA,1.0765900076156762,0.28166347028006045,1.0389316532161785,0.29883652392649646,NA,NA,-1,1,Not_Significant
H1512,13021,11969,0,0.148722355599022,1.3380876726357496e-4,0.04003475231712878,0.02434577745620108,NA,NA,3.8193408351197005,1.3380876726357474e-4,2.2516281998074055,0.02434577745620108,NA,NA,-1,1,Sporadic_Hotspot
H1513,7581,3619,0,-0.024048470254472144,0.6145459168319767,-0.032295461795428006,0.7411912717405702,NA,NA,0.50359512812447,0.6145459168319769,0.33027620370298333,0.7411912717405702,NA,NA,-1,1,Not_Significant
H1514,0,0,0,0.15609873636973048,0.35404386076206035,0.11936515548863068,0.4188589349660007,NA,NA,-0.926774050482312,0.3540438607620605,-0.8084024622853956,0.41885893496600046,NA,NA,1,1,Not_Significant
H1515,0,0,0,0.163894431385353,0.33053747220430746,0.12597838874935924,0.39356760150407766,NA,NA,-0.973031851088442,0.3305374722043077,-0.8531653754273566,0.39356760150407766,NA,NA,1,1,Not_Significant
H1516,1522,7433,0,0.14583741533118316,0.31189632490965175,0.03873380579001126,0.3887663372968352,NA,NA,-1.0112509726848502,0.31189632490965175,-0.8618567757473706,0.38876633729683496,NA,NA,1,1,Not_Significant
H1517,0,0,0,0.042922574489492014,0.7985581149487911,0.09438842714571195,0.5225999648026434,NA,NA,-0.25521361627706035,0.7985581149487911,-0.6393427788740077,0.5225999648026431,NA,NA,-1,1,Not_Significant
H1518,15584,6388,0,0.020456612447079418,0.7974375401857886,0.023834290094610956,0.6881059901143342,NA,NA,0.2566648087445441,0.7974375401857887,-0.4014267065037486,0.6881059901143342,NA,NA,-1,1,Not_Significant
H1519,0,0,0,0.10391574784955396,0.5732870438762401,0.1070100797027049,0.5083204228637421,NA,NA,-0.5632171238704623,0.5732870438762401,-0.6614552204272407,0.5083204228637421,NA,NA,-1,1,Not_Significant
H1520,0,0,0,-0.019364947956698474,0.9473996520279905,0.017072973773689906,0.9466498926376034,NA,NA,0.06597258482842726,0.9473996520279905,-0.0669143454251851,0.9466498926376032,NA,NA,-1,1,Not_Significant
H1521,16138,16728,0,-0.006057565006137462,0.9457127451775661,-0.010139680510333371,0.903661159761842,NA,NA,-0.06809156468755109,0.9457127451775661,-0.12103771849823493,0.903661159761842,NA,NA,-1,1,Not_Significant
H1522,49692,57495,0,2.165213817711003,5.050286742082113e-4,2.7013423859120644,2.9481662165212525e-5,NA,NA,3.4780749592554283,5.050286742082122e-4,4.177433651564841,2.9481662165212525e-5,NA,NA,1,1,Sporadic_Hotspot
H1523,23856,17274,0,0.510306389884931,0.015836724362554292,0.0800433416875838,0.37968320528582544,NA,NA,2.4126567893053976,0.015836724362554292,0.8784801500181887,0.37968320528582555,NA,NA,-1,1,Sporadic_Hotspot
H1524,0,0,0,-0.04506356286839844,0.7895652503545708,0.009057243675933793,0.9507518759506816,NA,NA,0.2668752019551217,0.7895652503545709,-0.061762614472301525,0.9507518759506814,NA,NA,-1,1,Not_Significant
H1525,0,0,0,0.10900703365195567,0.5174099234142225,0.09686787775832567,0.5117434385154828,NA,NA,-0.6473430837556036,0.51740992341422265,-0.6561254066804828,0.5117434385154828,NA,NA,-1,1,Not_Significant
H1526,31,255,0,0.13490648672091604,0.4217576729094091,0.08253033510556404,0.5668295049946693,NA,NA,-0.8033756012643125,0.4217576729094091,-0.5727270710675586,0.5668295049946692,NA,NA,1,1,Not_Significant
H1527,0,0,0,0.16642392855990776,0.32313242891702587,0.11278877615938608,0.4449333920133986,NA,NA,-0.9880412858726194,0.323132428917026,-0.7638890019101698,0.44493339201339843,NA,NA,1,1,Not_Significant
H1528,0,0,0,0.05673255268078462,0.7359972364125098,0.09201749088691207,0.533090912280631,NA,NA,-0.3371587432051442,0.7359972364125099,-0.6232946508806978,0.5330909122806309,NA,NA,-1,1,Not_Significant
H1529,0,0,0,0.07442826908490388,0.6583727656745026,0.10700680379768408,0.468603798386221,NA,NA,-0.44216091675913477,0.6583727656745026,-0.724752634506796,0.4686037983862208,NA,NA,-1,1,Not_Significant
H1530,9737,4786,0,0.0019196673685582693,0.8958427561613465,0.0012862793802873745,0.9883320360410073,NA,NA,-0.13091473752714933,0.8958427561613463,-0.01462414543378341,0.9883320360410074,NA,NA,1,1,Not_Significant
H1531,3305,1605,0,-0.31045993002629385,0.007384059336646568,-0.5766109168063124,4.3800239604281126e-6,NA,NA,2.6790081645279202,0.007384059336646579,4.592483382986467,4.380023960428133e-6,NA,NA,1,1,Sporadic_Hotspot
H1532,86511,29273,0,4.907016908564914,4.729432938655799e-5,1.2082770874928994,2.5867287891829132e-6,NA,NA,4.068610507420157,4.7294329386557815e-5,4.701171707887888,2.5867287891829132e-6,NA,NA,1,1,Sporadic_Hotspot
H1533,13686,7265,0,0.06348983534972955,0.1999013589851318,-0.01962665519250698,0.6781185389680284,NA,NA,1.281832647371484,0.1999013589851318,0.415031916193456,0.6781185389680287,NA,NA,-1,1,Not_Significant
H1534,5454,5800,0,-0.11638760496277525,0.1540020297248664,-0.03311907786194061,0.6239878063670676,NA,NA,1.4255370099776976,0.1540020297248664,0.4902064651648651,0.6239878063670677,NA,NA,-1,1,Not_Significant
H1535,2526,2315,0,0.024454103390843016,0.8485067472697551,0.029066287674920442,0.8014108751861068,NA,NA,-0.19102405466285174,0.8485067472697548,-0.25152158612039227,0.8014108751861067,NA,NA,-1,1,Not_Significant
H1536,84,1542,0,0.019959644622765314,0.9045616234779142,-0.034346891217104915,0.7861553278338554,NA,NA,-0.11990093540345387,0.9045616234779142,0.27130647371092137,0.7861553278338556,NA,NA,1,1,Not_Significant
H1537,0,0,0,0.17077520189103015,0.3106492228753715,0.1312403111890101,0.37412041965515186,NA,NA,-1.0138607071981673,0.3106492228753717,-0.8887816871223535,0.3741204196551518,NA,NA,1,1,Not_Significant
H1538,0,0,0,0.12883936788224143,0.44425758725046244,0.11816126039348876,0.4235638388642322,NA,NA,-0.7650234394570802,0.4442575872504625,-0.800253671905373,0.423563838864232,NA,NA,-1,1,Not_Significant
H1539,0,0,0,0.17077520189103015,0.4737730735094146,0.1312403111890101,0.5300185518190873,NA,NA,-0.7163535424379491,0.47377307350941483,-0.6279776950657879,0.5300185518190872,NA,NA,1,1,Not_Significant
H1540,0,0,0,0.17077520189103015,0.5587160933401475,0.1312403111890101,0.6082244294829044,NA,NA,-0.5847496065156478,0.5587160933401476,-0.5126096101104027,0.6082244294829042,NA,NA,1,1,Not_Significant
H1541,15447,21939,0,-0.011337351556227433,0.8840252679693597,-0.020973277884642105,0.8931963205038503,NA,NA,-0.14586841253958013,0.8840252679693597,-0.13426083680031572,0.8931963205038503,NA,NA,1,1,Not_Significant
H1542,132843,271965,0,6.486734442432349,7.92414637841585e-4,5.060032524693018,0.14960571479984772,NA,NA,3.3554308523109,7.924146378415838e-4,1.440925557741056,0.14960571479984777,NA,NA,-1,1,Sporadic_Hotspot
H1543,36614,15078,0,1.4473655710148206,4.813182884935434e-4,0.08446802028123754,0.16452672449729477,NA,NA,3.490943355487603,4.813182884935429e-4,1.3900070896967045,0.16452672449729486,NA,NA,-1,1,Sporadic_Hotspot
H1544,53488,42992,0,1.0254886720092322,0.13283121316651572,0.3451589311259948,0.4388641019101997,NA,NA,1.5030303679191115,0.13283121316651583,0.7741127776543243,0.4388641019101997,NA,NA,-1,1,Not_Significant
H1545,14974,8673,0,0.17462767993727046,0.012674056151961325,-0.021813254414421963,0.43272767444015037,NA,NA,2.4927990243194005,0.012674056151961344,0.7845325769448274,0.43272767444015037,NA,NA,-1,1,Sporadic_Hotspot
H1546,9050,11515,0,-0.004673988838935694,0.8477341411586549,0.004789481053567239,0.6770940245693831,NA,NA,0.1920102950900089,0.8477341411586549,0.41643185239171704,0.6770940245693832,NA,NA,1,1,Not_Significant
H1547,0,0,0,-0.08647466076118909,0.6082319855498513,-0.07219953292423141,0.6253804493230997,NA,NA,0.5125988103526827,0.6082319855498513,0.4882391607181035,0.6253804493230997,NA,NA,-1,1,Not_Significant
H1548,0,0,0,0.17077520189103015,0.3106492228753715,0.1312403111890101,0.37412041965515186,NA,NA,-1.0138607071981673,0.3106492228753717,-0.8887816871223535,0.3741204196551518,NA,NA,1,1,Not_Significant
H1549,0,0,0,0.17077520189103015,0.4080177562909884,0.1312403111890101,0.46826000361036674,NA,NA,-0.8273869827863918,0.40801775629098863,-0.7253130466966894,0.46826000361036674,NA,NA,1,1,Not_Significant
H1550,0,0,0,0.17077520189103015,0.4737730735094146,0.1312403111890101,0.5300185518190873,NA,NA,-0.7163535424379491,0.47377307350941483,-0.6279776950657879,0.5300185518190872,NA,NA,1,1,Not_Significant
H1551,0,0,0,0.17077520189103015,0.6793326237830962,0.1312403111890101,0.717070740274607,NA,NA,-0.41337399579290984,0.6793326237830962,-0.36237644361289945,0.7170707402746069,NA,NA,1,1,Not_Significant
H1552,0,0,0,0.015360473627388675,0.9403683302538396,0.023857168327691154,0.894862317178399,NA,NA,-0.07480692707620834,0.9403683302538396,-0.132154211666776,0.8948623171783989,NA,NA,-1,1,Not_Significant
H1553,11813,23018,0,0.05865485748279043,0.0028956184039363175,0.6662668771973326,9.362910831276018e-5,NA,NA,2.978607072223394,0.0028956184039363093,3.9065349443658786,9.362910831275997e-5,NA,NA,1,1,Sporadic_Hotspot
H1554,61442,29465,0,4.941158017425585,1.025891667877406e-9,1.3148941994612402,4.1129045711823044e-7,NA,NA,6.105328955616509,1.0258916678774174e-9,5.063656494092985,4.1129045711823044e-7,NA,NA,-1,1,Sporadic_Hotspot
H1555,22195,15096,0,0.4772790283315998,0.009910102061320656,0.10158239123780892,0.09595539562362161,NA,NA,2.5789503801097737,0.009910102061320687,1.6647863126312492,0.09595539562362165,NA,NA,-1,1,Sporadic_Hotspot
H1556,84297,47823,0,3.6370692039899177,0.0018926258991307607,1.086504553112756,0.03418962274232816,NA,NA,3.106583904773769,0.0018926258991307577,2.117828169261627,0.03418962274232816,NA,NA,-1,1,Sporadic_Hotspot
H1557,27469,25533,0,0.4345616171936514,0.10618872329763472,0.04698440811959486,0.8185297165288675,NA,NA,1.6155634884899728,0.1061887232976349,0.2294364398526298,0.8185297165288677,NA,NA,-1,1,Not_Significant
H1558,45383,64502,0,0.5214599090834342,0.34597741682981525,0.16026687000750026,0.8275703111311924,NA,NA,0.9424204587960614,0.34597741682981525,0.21781878052889664,0.8275703111311926,NA,NA,-1,1,Not_Significant
H1559,0,0,0,0.0358749648084719,0.8310190546857636,0.0630216365716063,0.669356925285502,NA,NA,-0.21339477617093183,0.8310190546857636,-0.4270307574081119,0.6693569252855018,NA,NA,-1,1,Not_Significant
H1560,0,0,0,0.17077520189103015,0.3548175361964155,0.1312403111890101,0.4172888828283537,NA,NA,-0.9252852749300453,0.3548175361964156,-0.8111337207203317,0.41728888282835347,NA,NA,1,1,Not_Significant
H1561,0,0,0,0.17077520189103015,0.3106492228753715,0.1312403111890101,0.37412041965515186,NA,NA,-1.0138607071981673,0.3106492228753717,-0.8887816871223535,0.3741204196551518,NA,NA,1,1,Not_Significant
H1562,13319,8240,0,-0.007215456827934994,0.8689276253221674,5.804882811761069e-4,0.9862098995662447,NA,NA,-0.16502078112749471,0.8689276253221674,-0.01728418837892854,0.9862098995662446,NA,NA,1,1,Not_Significant
H1563,59236,24294,0,3.5230215268182605,5.350390106869582e-6,0.8703283248137725,3.753047453355701e-6,NA,NA,4.5505577433804705,5.350390106869582e-6,4.624609519520524,3.7530474533557165e-6,NA,NA,1,1,Sporadic_Hotspot
H1564,74272,66016,0,2.197327413420858,0.02988180511268998,0.4255285312330381,0.5761903339918579,NA,NA,2.171653543315157,0.02988180511268994,0.5589580738571314,0.5761903339918579,NA,NA,-1,1,Sporadic_Hotspot
H1565,31765,43859,0,1.3626266079719334,5.392998938038579e-5,1.3241387054581861,0.003871643573228116,NA,NA,4.0379080209328695,5.392998938038599e-5,2.8884347408352595,0.0038716435732281205,NA,NA,-1,1,Sporadic_Hotspot
H1566,99826,39247,0,5.216499144712699,2.2946591034530956e-4,1.0149966892582387,0.010131244852163285,NA,NA,3.684151307985077,2.294659103453092e-4,2.5713173248885344,0.0101312448521633,NA,NA,-1,1,Sporadic_Hotspot
H1567,0,0,0,-0.34308407625644655,0.04182491311104023,-0.19180077779279422,0.19436202249313245,NA,NA,2.0352580667560494,0.04182491311104023,1.2977826812096378,0.19436202249313245,NA,NA,-1,1,Sporadic_Hotspot
H1568,50131,33319,0,0.6731084039379064,0.28434296299272643,0.2060964417164791,0.5096137948748332,NA,NA,1.0706141398370164,0.2843429629927265,0.6594391718060769,0.5096137948748332,NA,NA,-1,1,Not_Significant
H1569,0,0,0,0.17077520189103015,0.3106492228753715,0.1312403111890101,0.37412041965515186,NA,NA,-1.0138607071981673,0.3106492228753717,-0.8887816871223535,0.3741204196551518,NA,NA,1,1,Not_Significant
H1570,0,0,0,0.17077520189103015,0.3548175361964155,0.1312403111890101,0.4172888828283537,NA,NA,-0.9252852749300453,0.3548175361964156,-0.8111337207203317,0.41728888282835347,NA,NA,1,1,Not_Significant
H1571,0,0,0,0.17077520189103015,0.5587160933401475,0.1312403111890101,0.6082244294829044,NA,NA,-0.5847496065156478,0.5587160933401476,-0.5126096101104027,0.6082244294829042,NA,NA,1,1,Not_Significant
H1572,0,0,0,0.09909355749125383,0.6775388207821705,0.09749848947482856,0.6407804074777221,NA,NA,-0.415823965511633,0.6775388207821705,-0.4666079368655105,0.6407804074777219,NA,NA,-1,1,Not_Significant
H1573,25859,17903,0,0.45926044150753226,0.059159346505723076,0.06720025669781884,0.5007145438097873,NA,NA,1.8870072798251127,0.059159346505723125,0.673365889546681,0.5007145438097875,NA,NA,-1,1,Not_Significant
H1574,55818,22773,0,3.0621686354942246,2.1039056983736326e-5,0.3896083320885306,0.01975917881586067,NA,NA,4.253568467160893,2.1039056983736326e-5,2.3308896568926647,0.019759178815860694,NA,NA,-1,1,Sporadic_Hotspot
H1575,15113,9007,0,0.2033076152696158,0.0049043957516714115,-0.06252553727601791,0.006995055908739814,NA,NA,2.8132470349175343,0.0049043957516714115,2.6970795432246435,0.006995055908739814,NA,NA,-1,1,Sporadic_Hotspot
H1576,51878,76175,0,4.970754940877639,4.015873602410517e-14,7.140358725836543,2.8686793779220457e-15,NA,NA,7.560479116453701,4.01587360241049e-14,7.8964897065221775,2.8686793779220864e-15,NA,NA,1,1,Sporadic_Hotspot
H1577,38206,18859,0,1.1750924664304143,0.00755359862428772,0.1315312623446454,0.24455030872257993,NA,NA,2.6713981741935235,0.007553598624287739,1.163688408230229,0.24455030872258007,NA,NA,-1,1,Sporadic_Hotspot
H1578,63086,33262,0,1.3984044335534915,0.09377845402075113,0.2935665338008347,0.34656769581130087,NA,NA,1.6757944887920435,0.09377845402075113,0.9412676902443807,0.346567695811301,NA,NA,-1,1,Not_Significant
H1579,0,0,0,-0.023011191224274734,0.8918041483273578,0.034676868379183406,0.8140737915954743,NA,NA,0.13602167210795732,0.8918041483273578,-0.2351738628145179,0.8140737915954741,NA,NA,-1,1,Not_Significant
H1580,0,0,0,0.17077520189103015,0.5587160933401475,0.1312403111890101,0.6082244294829044,NA,NA,-0.5847496065156478,0.5587160933401476,-0.5126096101104027,0.6082244294829042,NA,NA,1,1,Not_Significant
H1581,0,0,0,0.17077520189103015,0.4737730735094146,0.1312403111890101,0.5300185518190873,NA,NA,-0.7163535424379491,0.47377307350941483,-0.6279776950657879,0.5300185518190872,NA,NA,1,1,Not_Significant
H1582,0,0,0,0.17077520189103015,0.3548175361964155,0.1312403111890101,0.4172888828283537,NA,NA,-0.9252852749300453,0.3548175361964156,-0.8111337207203317,0.41728888282835347,NA,NA,1,1,Not_Significant
H1583,0,0,0,-0.07534379681137177,0.6836127333433117,0.006037678223016625,0.9699158276034022,NA,NA,0.40753821395956086,0.6836127333433119,-0.037713856956833144,0.969915827603402,NA,NA,-1,1,Not_Significant
H1584,60274,32629,0,2.309167481989714,0.003484649276582349,0.3935913580888572,0.1942958781569817,NA,NA,2.921397490604726,0.003484649276582349,1.2979751387287908,0.1942958781569817,NA,NA,-1,1,Sporadic_Hotspot
H1585,7878,12808,0,-0.12088573704532239,0.004943564330859144,0.0692029860812208,0.018510697813935648,NA,NA,2.8106883581766584,0.004943564330859122,2.3552409648118293,0.018510697813935648,NA,NA,-1,1,Sporadic_Hotspot
H1586,89276,81267,0,4.906420276855344,8.632786403093778e-5,6.366628634054597,6.363668418172001e-11,NA,NA,3.926117869847993,8.632786403093748e-5,6.534936149563127,6.363668418172001e-11,NA,NA,1,1,Sporadic_Hotspot
H1587,76379,72451,0,5.881433655365303,1.884365538821329e-8,5.288151550116006,5.635535169979826e-10,NA,NA,5.622295516878375,1.884365538821319e-8,6.200300787623018,5.635535169979794e-10,NA,NA,1,1,Sporadic_Hotspot
H1588,7764,4107,0,-0.11016106965670315,0.013990271777814652,-0.12574053643516503,0.16687540225330094,NA,NA,2.4575130754162413,0.013990271777814652,1.3823136966793754,0.16687540225330103,NA,NA,-1,1,Sporadic_Hotspot
H1589,21883,13844,0,0.2690616555758145,0.1351228584818025,0.011911628015416302,0.7851265979983788,NA,NA,1.4942018911237969,0.1351228584818026,0.27264437423090576,0.785126597998379,NA,NA,-1,1,Not_Significant
H1590,0,0,0,0.17077520189103015,0.4737730735094146,0.1312403111890101,0.5300185518190873,NA,NA,-0.7163535424379491,0.47377307350941483,-0.6279776950657879,0.5300185518190872,NA,NA,1,1,Not_Significant
H1591,0,0,0,0.17077520189103015,0.5587160933401475,0.1312403111890101,0.6082244294829044,NA,NA,-0.5847496065156478,0.5587160933401476,-0.5126096101104027,0.6082244294829042,NA,NA,1,1,Not_Significant
H1592,0,0,0,0.17077520189103015,0.3106492228753715,0.1312403111890101,0.37412041965515186,NA,NA,-1.0138607071981673,0.3106492228753717,-0.8887816871223535,0.3741204196551518,NA,NA,1,1,Not_Significant
H1593,36946,24486,0,0.17934268740008746,0.6684608408083903,-0.021481480920102446,0.9108609677351354,NA,NA,0.4282613691464156,0.6684608408083905,-0.11195262800006037,0.9108609677351354,NA,NA,-1,1,Not_Significant
H1594,66408,67041,0,1.1565730800307186,0.19208054671157115,0.5135322437898671,0.5080247965803,NA,NA,1.3044489731455837,0.19208054671157138,0.661916406465904,0.5080247965803,NA,NA,-1,1,Not_Significant
H1595,14255,39681,0,0.12623016540830398,0.03122602029544347,0.7496762467999549,0.061329118332670886,NA,NA,2.1541804895684393,0.03122602029544354,1.8711151773892436,0.06132911833267084,NA,NA,-1,1,Sporadic_Hotspot
H1596,154988,348341,0,11.952192353223825,1.5668857821651815e-7,16.57458247192593,2.238118877544489e-4,NA,NA,5.244521331177282,1.5668857821651815e-7,3.690502046918384,2.238118877544489e-4,NA,NA,-1,1,Sporadic_Hotspot
H1597,19199,6707,0,0.4341287797512339,0.0015745973914955188,-0.12141622749266359,0.027257169903722768,NA,NA,3.1605718969016743,0.0015745973914955214,2.207815030000825,0.027257169903722768,NA,NA,-1,1,Sporadic_Hotspot
H1598,42981,16170,0,1.2249323396255245,0.01754868798101215,0.22822209899434995,0.002629762670291751,NA,NA,2.3750055151706997,0.01754868798101215,3.007996383965993,0.002629762670291746,NA,NA,1,1,Sporadic_Hotspot
H1599,0,0,0,0.07918856749106067,0.7010614633132027,0.08561207285094016,0.6360180262069832,NA,NA,-0.38388799662780515,0.7010614633132027,-0.4732735554328706,0.6360180262069831,NA,NA,-1,1,Not_Significant
H1600,0,0,0,0.17077520189103015,0.3106492228753715,0.1312403111890101,0.37412041965515186,NA,NA,-1.0138607071981673,0.3106492228753717,-0.8887816871223535,0.3741204196551518,NA,NA,1,1,Not_Significant
H1601,0,0,0,0.17077520189103015,0.4737730735094146,0.1312403111890101,0.5300185518190873,NA,NA,-0.7163535424379491,0.47377307350941483,-0.6279776950657879,0.5300185518190872,NA,NA,1,1,Not_Significant
H1602,94,330,0,0.012903638905102243,0.9493951054829325,0.04260306008260426,0.8078575225770929,NA,NA,-0.06346641094682576,0.9493951054829324,-0.24319089156104684,0.8078575225770929,NA,NA,-1,1,Not_Significant
H1603,1832,1184,0,-0.25540687123843503,0.06686925103594714,-0.15125550629652387,0.24973449029742253,NA,NA,1.8325518045499867,0.06686925103594714,1.1509945193129218,0.24973449029742253,NA,NA,-1,1,Not_Significant
H1604,13638,29530,0,0.05073909189630407,0.2981116907310027,0.51476254895524165,0.04815393251209824,NA,NA,1.04049132844157,0.29811169073100285,1.976007458108457,0.04815393251209831,NA,NA,1,1,Sporadic_Hotspot
H1605,40515,17687,0,2.6926858121481314,1.6214700339483536e-8,0.7061182631114193,3.084171759294627e-13,NA,NA,5.6481888479236,1.6214700339483622e-8,7.290670082958673,3.084171759294627e-13,NA,NA,1,1,Sporadic_Hotspot
H1606,50688,21491,0,4.471061353200856,2.5228327967436166e-12,1.1406987233520514,2.3005742350987593e-14,NA,NA,7.002028201759572,2.5228327967436166e-12,7.632604730954554,2.300574235098775e-14,NA,NA,1,1,Sporadic_Hotspot
H1607,53913,88869,0,1.9378932928814547,0.004943706281206672,2.328761809540698,0.030696179612332203,NA,NA,2.8106791187027866,0.004943706281206679,2.1609891233150056,0.03069617961233216,NA,NA,-1,1,Sporadic_Hotspot
H1608,807,1013,0,-0.2284010635805416,0.18070393126888973,-0.25940625646402793,0.07674117570448312,NA,NA,1.3385907739423508,0.18070393126888973,1.769915755819567,0.076741175704483,NA,NA,1,1,Not_Significant
H1609,0,0,0,0.17077520189103015,0.3548175361964155,0.1312403111890101,0.4172888828283537,NA,NA,-0.9252852749300453,0.3548175361964156,-0.8111337207203317,0.41728888282835347,NA,NA,1,1,Not_Significant
H1610,0,0,0,0.17077520189103015,0.3548175361964155,0.1312403111890101,0.4172888828283537,NA,NA,-0.9252852749300453,0.3548175361964156,-0.8111337207203317,0.41728888282835347,NA,NA,1,1,Not_Significant
H1611,2137,3933,0,0.03767325339607955,0.7790509738595024,0.041044343051972784,0.6599633716699407,NA,NA,-0.28055599225192446,0.7790509738595023,-0.4399637370762909,0.6599633716699407,NA,NA,-1,1,Not_Significant
H1612,5448,12721,0,-0.0402334832258937,0.6226874345842313,0.0275217115844614,0.32871331999364645,NA,NA,0.4920451378533599,0.6226874345842311,0.976708834939554,0.32871331999364645,NA,NA,1,1,Not_Significant
H1613,31947,48698,0,0.43661275142644046,0.19930553019734112,0.6752937733906169,0.19820581529472722,NA,NA,1.2835326447996773,0.19930553019734124,1.2866800905109805,0.19820581529472722,NA,NA,1,1,Not_Significant
H1614,80045,51158,0,7.017367522618151,2.0819417976983616e-10,3.7514683589378386,1.985327394164552e-11,NA,NA,6.3551715236627,2.0819417976983616e-10,6.707098147587018,1.9853273941645882e-11,NA,NA,1,1,Sporadic_Hotspot
H1615,34427,17651,0,1.8828756400205915,7.161218932146284e-7,0.2990014179580599,0.0019136918953302233,NA,NA,4.956939701684589,7.161218932146317e-7,3.103309814990687,0.00191369189533022,NA,NA,-1,1,Sporadic_Hotspot
H1616,64595,140044,0,2.127218348832191,0.013250800649205566,2.399884205793338,0.1758244745554771,NA,NA,2.476956619224763,0.013250800649205587,1.3537239176733535,0.17582447455547717,NA,NA,-1,1,Sporadic_Hotspot
H1617,0,0,0,0.17077520189103015,0.6793326237830962,0.1312403111890101,0.717070740274607,NA,NA,-0.41337399579290984,0.6793326237830962,-0.36237644361289945,0.7170707402746069,NA,NA,1,1,Not_Significant
H1618,0,0,0,0.17077520189103015,0.3106492228753715,0.1312403111890101,0.37412041965515186,NA,NA,-1.0138607071981673,0.3106492228753717,-0.8887816871223535,0.3741204196551518,NA,NA,1,1,Not_Significant
H1619,0,0,0,0.16176992285417108,0.4331693094798877,0.1181479520293418,0.5137601585359741,NA,NA,-0.7837798325827864,0.4331693094798877,-0.6529939815248741,0.5137601585359741,NA,NA,1,1,Not_Significant
H1620,7046,6373,0,0.04613775048077906,0.41210491815276795,0.03426807285907702,0.5652444306294493,NA,NA,-0.8201950591718359,0.41210491815276784,-0.5750692985532725,0.5652444306294493,NA,NA,1,1,Not_Significant
H1621,2683,25667,0,-0.06344486521807621,0.6142480614717598,0.22551744091585696,0.27614096208414435,NA,NA,0.5040189486702159,0.61424806147176,1.0890293068986983,0.27614096208414424,NA,NA,1,1,Not_Significant
H1622,46481,21023,0,1.4327809962028657,0.012158397175103088,0.21081677607780858,0.14026463736453715,NA,NA,2.50751339916214,0.012158397175103107,1.4748062614362554,0.14026463736453712,NA,NA,-1,1,Sporadic_Hotspot
H1623,136561,118511,0,6.911719369676076,5.185165084803341e-4,1.7088017085291203,0.2482900240390228,NA,NA,3.471003879381665,5.185165084803351e-4,1.154512726445645,0.248290024039023,NA,NA,-1,1,Sporadic_Hotspot
H1624,70266,34835,0,3.397544821450143,3.432392188930798e-4,1.1571833215744451,5.278791692160683e-4,NA,NA,3.5802701034962428,3.432392188930803e-4,3.4661955631027843,5.278791692160676e-4,NA,NA,-1,1,Sporadic_Hotspot
H1625,0,0,0,-0.3066498986023145,0.13767748046707812,-0.36604514212852535,0.04322048047238011,NA,NA,1.484495634395251,0.13767748046707812,2.021573031578117,0.043220480472380064,NA,NA,1,1,Sporadic_Hotspot
H1626,0,0,0,0.17077520189103015,0.3548175361964155,0.1312403111890101,0.4172888828283537,NA,NA,-0.9252852749300453,0.3548175361964156,-0.8111337207203317,0.41728888282835347,NA,NA,1,1,Not_Significant
H1627,0,0,0,0.17077520189103015,0.4080177562909884,0.1312403111890101,0.46826000361036674,NA,NA,-0.8273869827863918,0.40801775629098863,-0.7253130466966894,0.46826000361036674,NA,NA,1,1,Not_Significant
H1628,0,0,0,0.14606416725918292,0.3858152879250822,0.11013938797381866,0.4556939226768717,NA,NA,-0.8672313033438037,0.385815287925082,-0.7459561196793038,0.45569392267687153,NA,NA,1,1,Not_Significant
H1629,2688,4778,0,0.06579186769182849,0.6004261941142788,-0.012113380081895664,0.8822830916441511,NA,NA,-0.523787721913899,0.6004261941142788,0.14807561758794796,0.8822830916441512,NA,NA,1,1,Not_Significant
H1630,26198,23202,0,0.17206624578416352,0.4888500999168886,0.1561239019336868,0.36686330072262135,NA,NA,0.6921389076196113,0.48885009991688894,0.9023644471345306,0.36686330072262135,NA,NA,1,1,Not_Significant
H1631,31285,20674,0,1.3490214379887238,4.310303088821469e-5,0.34143194949189576,0.013448488527650277,NA,NA,4.090184427952729,4.3103030888214855e-5,2.4716665652751986,0.013448488527650328,NA,NA,-1,1,Sporadic_Hotspot
H1632,43146,17598,0,2.3579089996004146,5.438410437765183e-6,0.22994365381690268,0.016175912744465743,NA,NA,4.547123439326204,5.438410437765159e-6,2.404922117369405,0.01617591274446576,NA,NA,-1,1,Sporadic_Hotspot
H1633,50283,20014,0,1.1599296545958901,0.06628602012848024,0.25313605779863485,0.04974461196744717,NA,NA,1.8364845832593488,0.06628602012848034,1.9621535329513413,0.049744611967447165,NA,NA,1,1,Sporadic_Hotspot
H1634,0,0,0,0.17077520189103015,0.4737730735094146,0.1312403111890101,0.5300185518190873,NA,NA,-0.7163535424379491,0.47377307350941483,-0.6279776950657879,0.5300185518190872,NA,NA,1,1,Not_Significant
H1635,0,0,0,0.17077520189103015,0.3106492228753715,0.1312403111890101,0.37412041965515186,NA,NA,-1.0138607071981673,0.3106492228753717,-0.8887816871223535,0.3741204196551518,NA,NA,1,1,Not_Significant
H1636,0,0,0,0.17077520189103015,0.4737730735094146,0.1312403111890101,0.5300185518190873,NA,NA,-0.7163535424379491,0.47377307350941483,-0.6279776950657879,0.5300185518190872,NA,NA,1,1,Not_Significant
H1637,0,0,0,0.14358041631012544,0.39394034734165023,0.09543262187109014,0.5180134727217877,NA,NA,-0.8524933157844463,0.3939403473416504,-0.6464106072648437,0.5180134727217875,NA,NA,1,1,Not_Significant
H1638,15134,23704,0,-0.03526067317326256,0.6273897257640092,0.04218065527606136,0.8143522623745181,NA,NA,-0.4854040983527979,0.6273897257640093,0.23481508055329195,0.8143522623745181,NA,NA,1,1,Not_Significant
H1639,10328,9068,0,-0.003169235767199958,0.4246316261508379,-0.011931434386983415,0.593305979474698,NA,NA,0.7984116822554735,0.4246316261508381,0.534051390454884,0.593305979474698,NA,NA,-1,1,Not_Significant
H1640,39513,18218,0,1.4358356910053567,0.0018291932219040112,0.21604194491813747,0.038109644308298635,NA,NA,3.116648831517909,0.0018291932219040143,2.0736734961379657,0.0381096443082986,NA,NA,-1,1,Sporadic_Hotspot
H1641,40833,29928,0,1.0936229551225753,0.023159518237353453,0.158281604202756,0.5514360904396141,NA,NA,2.2707928955465393,0.023159518237353453,0.5956095573274792,0.5514360904396143,NA,NA,-1,1,Sporadic_Hotspot
H1642,2594,850,0,-0.024523016843901898,0.8752350840287051,0.05554149115950062,0.7386365797002706,NA,NA,0.1570123892164026,0.8752350840287051,-0.3336594130641477,0.7386365797002706,NA,NA,-1,1,Not_Significant
H1643,0,0,0,0.17077520189103015,0.3106492228753715,0.1312403111890101,0.37412041965515186,NA,NA,-1.0138607071981673,0.3106492228753717,-0.8887816871223535,0.3741204196551518,NA,NA,1,1,Not_Significant
H1644,0,0,0,0.17077520189103015,0.4080177562909884,0.1312403111890101,0.46826000361036674,NA,NA,-0.8273869827863918,0.40801775629098863,-0.7253130466966894,0.46826000361036674,NA,NA,1,1,Not_Significant
H1645,0,0,0,0.17077520189103015,0.3548175361964155,0.1312403111890101,0.4172888828283537,NA,NA,-0.9252852749300453,0.3548175361964156,-0.8111337207203317,0.41728888282835347,NA,NA,1,1,Not_Significant
H1646,372,6338,0,0.11610629999583746,0.4748799452126022,0.013001765487846246,0.8285605911702473,NA,NA,-0.714561655970833,0.4748799452126025,-0.2165480293255256,0.8285605911702472,NA,NA,1,1,Not_Significant
H1647,186,1013,0,0.021571225480323836,0.8959322706502838,-0.04478927871768936,0.7379972527268082,NA,NA,-0.13080158306783188,0.8959322706502838,0.33450667774576914,0.7379972527268083,NA,NA,1,1,Not_Significant
H1648,6596,24442,0,-0.03574672296242838,0.5732115883362515,0.03826143819064007,0.8401638314270922,NA,NA,0.5633279511486702,0.5732115883362517,0.20168392362314538,0.8401638314270923,NA,NA,-1,1,Not_Significant
H1649,26430,18473,0,0.36987599964697443,0.14286295596870832,0.050006372035611035,0.6422651933333443,NA,NA,1.4652124790559844,0.1428629559687083,0.4645340175269917,0.6422651933333445,NA,NA,-1,1,Not_Significant
H1650,0,0,0,-0.12952724086299938,0.4424500045483425,-0.05675568819182419,0.7011974080366736,NA,NA,0.7680625838761461,0.4424500045483426,0.38370459296893555,0.7011974080366737,NA,NA,-1,1,Not_Significant
H1651,0,0,0,0.17077520189103015,0.4737730735094146,0.1312403111890101,0.5300185518190873,NA,NA,-0.7163535424379491,0.47377307350941483,-0.6279776950657879,0.5300185518190872,NA,NA,1,1,Not_Significant
H1652,0,0,0,0.17077520189103015,0.3106492228753715,0.1312403111890101,0.37412041965515186,NA,NA,-1.0138607071981673,0.3106492228753717,-0.8887816871223535,0.3741204196551518,NA,NA,1,1,Not_Significant
H1653,0,0,0,0.1697741668389723,0.31349248374791794,0.11826363242538859,0.4231625629781569,NA,NA,-1.0079208032197482,0.313492483747918,-0.8009465962574156,0.4231625629781568,NA,NA,1,1,Not_Significant
H1654,921,20005,0,0.1173553902964171,0.44531552078737247,-0.05903428364019181,0.6472779211364248,NA,NA,-0.7632479775654463,0.44531552078737247,-0.4575470099038454,0.6472779211364249,NA,NA,1,1,Not_Significant
H1655,2722,12288,0,0.09179183814443385,0.4630790851805698,-0.0077585921606160325,0.7266858607148623,NA,NA,-0.733786146383694,0.4630790851805698,-0.3495374498231193,0.7266858607148622,NA,NA,1,1,Not_Significant
H1656,14487,14013,0,0.014104520186243242,0.8207409893432944,0.0039113409607410355,0.9321955756979546,NA,NA,0.2265920311690257,0.8207409893432945,0.08508278570009742,0.9321955756979547,NA,NA,-1,1,Not_Significant
H1657,15413,16095,0,0.01310566342255963,0.8647561030885074,0.013707303086600802,0.8544960009868541,NA,NA,0.1703230267758108,0.8647561030885074,0.18338492807280346,0.8544960009868541,NA,NA,1,1,Not_Significant
H1658,75,3071,0,0.15004142729776637,0.4128987594263198,0.03716380547562116,0.7470878337401766,NA,NA,-0.8188031044880457,0.4128987594263197,-0.3224816543677849,0.7470878337401766,NA,NA,1,1,Not_Significant
H1659,0,0,0,0.17077520189103015,0.3106492228753715,0.1312403111890101,0.37412041965515186,NA,NA,-1.0138607071981673,0.3106492228753717,-0.8887816871223535,0.3741204196551518,NA,NA,1,1,Not_Significant
H1660,0,0,0,0.17077520189103015,0.3548175361964155,0.1312403111890101,0.4172888828283537,NA,NA,-0.9252852749300453,0.3548175361964156,-0.8111337207203317,0.41728888282835347,NA,NA,1,1,Not_Significant
H1661,0,0,0,0.17077520189103015,0.4080177562909884,0.1312403111890101,0.46826000361036674,NA,NA,-0.8273869827863918,0.40801775629098863,-0.7253130466966894,0.46826000361036674,NA,NA,1,1,Not_Significant
H1662,0,0,0,0.16729579779879683,0.320605311428036,0.07730458246226955,0.6004819545106495,NA,NA,-0.9932147506280168,0.3206053114280361,-0.5237075630051151,0.6004819545106495,NA,NA,1,1,Not_Significant
H1663,0,0,0,0.1274346896640312,0.44923655833323317,0.02365344798421051,0.8724401437138918,NA,NA,-0.7566884129067178,0.4492365583332333,-0.1605597685865556,0.8724401437138917,NA,NA,1,1,Not_Significant
H1664,421,4349,0,0.09496847574037749,0.5569496050094206,0.012568955592622574,0.8856945105140489,NA,NA,-0.5873783885344642,0.5569496050094205,-0.14375427561624407,0.8856945105140488,NA,NA,1,1,Not_Significant
H1665,1779,1744,0,0.003482180097810968,0.9798366743805444,0.012346536166847165,0.9201417450181762,NA,NA,-0.0252736714249838,0.9798366743805442,-0.10025517283604055,0.9201417450181761,NA,NA,-1,1,Not_Significant
H1666,2399,21862,0,0.08633458991563576,0.507358041356374,-0.0545060376824618,0.7247585307902011,NA,NA,-0.6629570822734602,0.5073580413563739,-0.352106317417652,0.7247585307902011,NA,NA,1,1,Not_Significant
H1667,603,3790,0,0.15178237017883994,0.4354950437443297,0.05410090135312706,0.6430937141206281,NA,NA,-0.7798230383890306,0.4354950437443297,-0.46337762467929117,0.6430937141206281,NA,NA,1,1,Not_Significant
H1668,0,0,0,0.17077520189103015,0.5587160933401475,0.1312403111890101,0.6082244294829044,NA,NA,-0.5847496065156478,0.5587160933401476,-0.5126096101104027,0.6082244294829042,NA,NA,1,1,Not_Significant
H1669,0,0,0,0.17077520189103015,0.3106492228753715,0.1312403111890101,0.37412041965515186,NA,NA,-1.0138607071981673,0.3106492228753717,-0.8887816871223535,0.3741204196551518,NA,NA,1,1,Not_Significant
H1670,0,0,0,0.17077520189103015,0.5587160933401475,0.1312403111890101,0.6082244294829044,NA,NA,-0.5847496065156478,0.5587160933401476,-0.5126096101104027,0.6082244294829042,NA,NA,1,1,Not_Significant
H1671,0,0,0,0.17077520189103015,0.3106492228753715,0.1312403111890101,0.37412041965515186,NA,NA,-1.0138607071981673,0.3106492228753717,-0.8887816871223535,0.3741204196551518,NA,NA,1,1,Not_Significant
H1672,0,0,0,0.13525998517850485,0.4219043063549487,0.05088645591020133,0.7301759374697883,NA,NA,-0.8031218558347903,0.4219043063549487,-0.3448915047169654,0.7301759374697883,NA,NA,1,1,Not_Significant
H1673,0,0,0,0.12194514260435917,0.4689952923823636,0.047006555901198045,0.7500073504758922,NA,NA,-0.7241147459282901,0.4689952923823636,-0.31862967177454554,0.7500073504758921,NA,NA,1,1,Not_Significant
H1674,2903,3003,0,0.0913245623556869,0.45491104267991683,0.06475513068760824,0.5418587938476097,NA,NA,-0.7472526926379602,0.45491104267991683,-0.610004549500315,0.5418587938476095,NA,NA,1,1,Not_Significant
H1675,2674,5309,0,0.08117149883846614,0.5189302475825046,0.014253517843005763,0.8477356677740844,NA,NA,-0.6449952751815775,0.5189302475825044,-0.19200834616432438,0.8477356677740845,NA,NA,1,1,Not_Significant
H1676,493,5686,0,0.14163948327909984,0.37775665191381,0.019350521535410864,0.7793142460502791,NA,NA,-0.8820372719055949,0.37775665191380986,-0.28021280112784835,0.7793142460502792,NA,NA,1,1,Not_Significant
H1677,0,0,0,0.15626019363619142,0.5121468498533834,0.0848330216881825,0.6847164971606194,NA,NA,-0.6554985030978879,0.5121468498533837,-0.4060355264148481,0.6847164971606193,NA,NA,1,1,Not_Significant
H1678,0,0,0,0.17077520189103015,0.3548175361964155,0.1312403111890101,0.4172888828283537,NA,NA,-0.9252852749300453,0.3548175361964156,-0.8111337207203317,0.41728888282835347,NA,NA,1,1,Not_Significant
H1679,0,0,0,0.17077520189103015,0.3548175361964155,0.1312403111890101,0.4172888828283537,NA,NA,-0.9252852749300453,0.3548175361964156,-0.8111337207203317,0.41728888282835347,NA,NA,1,1,Not_Significant
H1680,0,0,0,0.1600948037146388,0.43794489813616727,0.11967431902496815,0.5083396257084687,NA,NA,-0.775668238080547,0.43794489813616727,-0.661425268269043,0.5083396257084686,NA,NA,1,1,Not_Significant
H1681,0,0,0,0.17077520189103015,0.3106492228753715,0.1312403111890101,0.37412041965515186,NA,NA,-1.0138607071981673,0.3106492228753717,-0.8887816871223535,0.3741204196551518,NA,NA,1,1,Not_Significant
H1682,12277,19241,0,-0.026266963384606812,0.3322026260723226,-0.09649678784877484,0.415065662367911,NA,NA,-0.9696868119742945,0.3322026260723228,-0.8150116136572123,0.41506566236791087,NA,NA,1,1,Not_Significant
H1683,0,0,0,0.15449492752288513,0.3590077589142164,0.10541184754068486,0.47525384768356266,NA,NA,-0.9172574301297909,0.3590077589142166,-0.71395687310197,0.4752538476835625,NA,NA,1,1,Not_Significant
H1684,0,0,0,0.15047464158800766,0.3716419270270599,0.1064273780971311,0.4710136951181586,NA,NA,-0.8934020093132364,0.37164192702706017,-0.7208306826742339,0.47101369511815855,NA,NA,1,1,Not_Significant
H1685,3313,8497,0,0.10665053133185094,0.3566333563977316,0.012226254929223761,0.6858694907924476,NA,NA,-0.921799139491219,0.3566333563977315,-0.4044667947939484,0.6858694907924476,NA,NA,1,1,Not_Significant
H1686,1864,6675,0,0.11446231601878186,0.4094228205778905,0.02860153213282656,0.6057529768114852,NA,NA,-0.8249097675016315,0.4094228205778904,-0.5161452344693975,0.6057529768114851,NA,NA,1,1,Not_Significant
H1687,0,0,0,0.17077520189103015,0.3106492228753715,0.1312403111890101,0.37412041965515186,NA,NA,-1.0138607071981673,0.3106492228753717,-0.8887816871223535,0.3741204196551518,NA,NA,1,1,Not_Significant
H1688,0,0,0,0.14941440553824747,0.6088988350841642,0.1081083268609262,0.6728022747379576,NA,NA,-0.5116459289248346,0.6088988350841642,-0.4223051840704538,0.6728022747379575,NA,NA,1,1,Not_Significant
H1689,0,0,0,0.1636549364401026,0.331244234965002,0.12352964974631549,0.4028227171096932,NA,NA,-0.971610745029089,0.3312442349650021,-0.8365906249264943,0.4028227171096932,NA,NA,1,1,Not_Significant
H1690,0,0,0,0.13773835421868036,0.4134554597294683,0.09184550587332035,0.5338560361578277,NA,NA,-0.8178279084265216,0.4134554597294684,-0.622130537969266,0.5338560361578277,NA,NA,1,1,Not_Significant
H1691,2726,5263,0,0.10223956594609812,0.4135413977383859,0.04659883834079726,0.5340143103037782,NA,NA,-0.8176774363875503,0.41354139773838594,-0.621889833883237,0.5340143103037781,NA,NA,1,1,Not_Significant
H1692,0,0,0,0.09601241465629085,0.5685175713687831,-0.0304870248063297,0.8368688659105619,NA,NA,-0.570236104422845,0.5685175713687831,0.20590020423476837,0.8368688659105619,NA,NA,1,1,Not_Significant
H1693,188,2063,0,0.15191541701231123,0.35848658659358273,0.08308863079341593,0.4855806808322626,NA,NA,-0.9182526953688966,0.35848658659358285,-0.6973549602218888,0.4855806808322626,NA,NA,1,1,Not_Significant
H1694,0,0,0,0.1272597776253652,0.4498587537120659,0.054704932700064705,0.7108329947824519,NA,NA,-0.7556505264588758,0.4498587537120661,-0.3707375830481597,0.7108329947824517,NA,NA,1,1,Not_Significant
H1695,230,868,0,0.11816938642305505,0.5583070769152281,0.054841635066250366,0.7413528700989094,NA,NA,-0.5853579201711776,0.5583070769152279,-0.3300623245364742,0.7413528700989094,NA,NA,1,1,Not_Significant
H1696,0,0,0,0.17077520189103015,0.4080177562909884,0.1312403111890101,0.46826000361036674,NA,NA,-0.8273869827863918,0.40801775629098863,-0.7253130466966894,0.46826000361036674,NA,NA,1,1,Not_Significant
H1697,0,0,0,0.17077520189103015,0.3548175361964155,0.1312403111890101,0.4172888828283537,NA,NA,-0.9252852749300453,0.3548175361964156,-0.8111337207203317,0.41728888282835347,NA,NA,1,1,Not_Significant
H1698,2646,3766,0,0.12805360918546482,0.3107207626438395,0.08497634253284227,0.37421638000758306,NA,NA,-1.013710813609413,0.3107207626438395,-0.8886031826626045,0.37421638000758306,NA,NA,1,1,Not_Significant
H1699,0,0,0,0.17077520189103015,0.3106492228753715,0.1312403111890101,0.37412041965515186,NA,NA,-1.0138607071981673,0.3106492228753717,-0.8887816871223535,0.3741204196551518,NA,NA,1,1,Not_Significant
H1700,0,0,0,0.13040281241247154,0.4387530799595474,0.08106982579554503,0.582872787711392,NA,NA,-0.774300547552407,0.4387530799595476,-0.5491933206732471,0.5828727877113916,NA,NA,1,1,Not_Significant
H1701,0,0,0,0.09648871359235062,0.56660247901043,-0.035114240648201685,0.8124858227027734,NA,NA,-0.573062349057738,0.56660247901043,0.2372203849471002,0.8124858227027736,NA,NA,1,1,Not_Significant
H1702,0,0,0,0.10331835596364848,0.539487732248685,-0.02856243060661304,0.8470582535422719,NA,NA,-0.6135878229750172,0.539487732248685,0.1928732264163649,0.8470582535422719,NA,NA,1,1,Not_Significant
H1703,0,0,0,0.15280500813392728,0.36428526152218066,0.027748329260203413,0.8506597159784554,NA,NA,-0.9072298502952554,0.3642852615221807,-0.18827674266826513,0.8506597159784552,NA,NA,1,1,Not_Significant
H1704,10501,16523,0,0.0011865180163406503,0.3279104293221161,-0.06187331909814913,0.4437392247914241,NA,NA,-0.9783314311060782,0.3279104293221161,-0.7658942545961144,0.443739224791424,NA,NA,1,1,Not_Significant
H1705,0,0,0,0.17077520189103015,0.3106492228753715,0.1312403111890101,0.37412041965515186,NA,NA,-1.0138607071981673,0.3106492228753717,-0.8887816871223535,0.3741204196551518,NA,NA,1,1,Not_Significant
H1706,0,0,0,0.17077520189103015,0.5587160933401475,0.1312403111890101,0.6082244294829044,NA,NA,-0.5847496065156478,0.5587160933401476,-0.5126096101104027,0.6082244294829042,NA,NA,1,1,Not_Significant
H1707,0,0,0,0.1493821140849553,0.46919275054169063,0.11245401961507366,0.5342430305018127,NA,NA,-0.7237931252879118,0.46919275054169074,-0.6215420587407912,0.5342430305018127,NA,NA,1,1,Not_Significant
H1708,0,0,0,0.1636549364401026,0.331244234965002,0.12352964974631549,0.4028227171096932,NA,NA,-0.971610745029089,0.3312442349650021,-0.8365906249264943,0.4028227171096932,NA,NA,1,1,Not_Significant
H1709,0,0,0,0.17077520189103015,0.3106492228753715,0.1312403111890101,0.37412041965515186,NA,NA,-1.0138607071981673,0.3106492228753717,-0.8887816871223535,0.3741204196551518,NA,NA,1,1,Not_Significant
H1710,0,0,0,0.16343966008482133,0.3318803607469217,0.12046463111123477,0.4145890954482765,NA,NA,-0.9703333463240525,0.33188036074692184,-0.8158444698263346,0.41458909544827627,NA,NA,1,1,Not_Significant
H1711,24880,75987,0,-0.2309304770637941,0.31121713285570757,-0.8022329193676088,0.37528321670630216,NA,NA,-1.0126714212881398,0.31121713285570757,-0.8866205675815323,0.37528321670630227,NA,NA,1,1,Not_Significant
H1712,0,0,0,0.15789898489077,0.34852389394458094,0.03454173729707564,0.8147837563013491,NA,NA,-0.9374562971531788,0.34852389394458105,-0.23425920266982142,0.8147837563013489,NA,NA,1,1,Not_Significant
H1713,0,0,0,0.1304081943213536,0.43873419950590914,-3.9988463097182e-4,0.9982049709608679,NA,NA,-0.7743324825200328,0.43873419950590936,0.0022497371694067637,0.998204970960868,NA,NA,1,1,Not_Significant
H1714,17,99,0,0.1124157964415442,0.6366153857644726,0.05471119443440326,0.7914543192176049,NA,NA,-0.47243631902515576,0.6366153857644725,-0.2644225734860661,0.7914543192176049,NA,NA,1,1,Not_Significant
H1715,0,0,0,0.17077520189103015,0.4080177562909884,0.1312403111890101,0.46826000361036674,NA,NA,-0.8273869827863918,0.40801775629098863,-0.7253130466966894,0.46826000361036674,NA,NA,1,1,Not_Significant
H1716,0,0,0,0.17077520189103015,0.3106492228753715,0.1312403111890101,0.37412041965515186,NA,NA,-1.0138607071981673,0.3106492228753717,-0.8887816871223535,0.3741204196551518,NA,NA,1,1,Not_Significant
H1717,0,0,0,0.1565131433536469,0.35276832660557367,0.11871611680638582,0.42139159138082194,NA,NA,-0.9292330429895069,0.35276832660557383,-0.8040093218934445,0.42139159138082183,NA,NA,1,1,Not_Significant
H1718,0,0,0,0.17077520189103015,0.3106492228753715,0.1312403111890101,0.37412041965515186,NA,NA,-1.0138607071981673,0.3106492228753717,-0.8887816871223535,0.3741204196551518,NA,NA,1,1,Not_Significant
H1719,0,0,0,0.17077520189103015,0.3106492228753715,0.1312403111890101,0.37412041965515186,NA,NA,-1.0138607071981673,0.3106492228753717,-0.8887816871223535,0.3741204196551518,NA,NA,1,1,Not_Significant
H1720,0,0,0,0.10382425539855944,0.5375053834667225,-0.02433856057042636,0.8695082319294766,NA,NA,-0.6165897099318527,0.5375053834667226,0.16428316765108136,0.8695082319294767,NA,NA,1,1,Not_Significant
H1721,0,0,0,0.10000310009231714,0.5525683753088271,-0.034942255634609974,0.8133890049627417,NA,NA,-0.5939158829174569,0.5525683753088271,0.2360562720356684,0.8133890049627417,NA,NA,1,1,Not_Significant
H1722,3177,39987,0,0.11335208980341238,0.33619609624279906,-0.2684500795784899,0.5083958985016235,NA,NA,-0.9617084107813597,0.3361960962427991,-0.6613374986697937,0.5083958985016235,NA,NA,1,1,Not_Significant
H1723,79,1173,0,0.11356395601206999,0.49685318600573863,0.04618139494669026,0.7251784862874222,NA,NA,-0.6794493562175957,0.49685318600573863,-0.35154637665341204,0.725178486287422,NA,NA,1,1,Not_Significant
H1724,0,0,0,0.17077520189103015,0.3106492228753715,0.1312403111890101,0.37412041965515186,NA,NA,-1.0138607071981673,0.3106492228753717,-0.8887816871223535,0.3741204196551518,NA,NA,1,1,Not_Significant
H1725,0,0,0,0.17077520189103015,0.5587160933401475,0.1312403111890101,0.6082244294829044,NA,NA,-0.5847496065156478,0.5587160933401476,-0.5126096101104027,0.6082244294829042,NA,NA,1,1,Not_Significant
H1726,2654,2351,0,0.12792444337229608,0.4080872763089822,0.10235911354943215,0.4683162205762852,NA,NA,-0.8272642953505425,0.40808727630898234,-0.7252213930998451,0.46831622057628514,NA,NA,1,1,Not_Significant
H1727,0,0,0,0.17077520189103015,0.3106492228753715,0.1312403111890101,0.37412041965515186,NA,NA,-1.0138607071981673,0.3106492228753717,-0.8887816871223535,0.3741204196551518,NA,NA,1,1,Not_Significant
H1728,0,0,0,0.17077520189103015,0.3106492228753715,0.1312403111890101,0.37412041965515186,NA,NA,-1.0138607071981673,0.3106492228753717,-0.8887816871223535,0.3741204196551518,NA,NA,1,1,Not_Significant
H1729,0,0,0,0.17077520189103015,0.3106492228753715,0.1312403111890101,0.37412041965515186,NA,NA,-1.0138607071981673,0.3106492228753717,-0.8887816871223535,0.3741204196551518,NA,NA,1,1,Not_Significant
H1730,0,0,0,0.10382425539855944,0.5375053834667225,-0.024338560570426347,0.8695082319294766,NA,NA,-0.6165897099318527,0.5375053834667226,0.16428316765108136,0.8695082319294767,NA,NA,1,1,Not_Significant
H1731,1420,5179,0,0.13837808784908437,0.34268548082706257,0.019542570929612882,0.7972041669587078,NA,NA,-0.9488724641722868,0.34268548082706235,-0.2569671050193954,0.7972041669587078,NA,NA,1,1,Not_Significant
H1732,1244,6612,0,0.11910953623547951,0.4228861844315544,9.657169376978427e-4,0.9861764168448517,NA,NA,-0.8014240712548844,0.4228861844315543,-0.017326159030994232,0.9861764168448516,NA,NA,1,1,Not_Significant
H1733,0,0,0,0.0960204875196139,0.7422204177456236,0.028657392903473838,0.9107135952624902,NA,NA,-0.3289143629438677,0.7422204177456238,-0.11213849505644997,0.9107135952624901,NA,NA,1,1,Not_Significant
H1734,0,0,0,0.17077520189103015,0.3548175361964155,0.1312403111890101,0.4172888828283537,NA,NA,-0.9252852749300453,0.3548175361964156,-0.8111337207203317,0.41728888282835347,NA,NA,1,1,Not_Significant
H1735,0,0,0,0.17077520189103015,0.4080177562909884,0.1312403111890101,0.46826000361036674,NA,NA,-0.8273869827863918,0.40801775629098863,-0.7253130466966894,0.46826000361036674,NA,NA,1,1,Not_Significant
H1736,0,0,0,0.16363340880457444,0.3313078120379076,0.12642677824908044,0.3918869501820524,NA,NA,-0.9714830051585853,0.3313078120379077,-0.8562003840893038,0.3918869501820523,NA,NA,1,1,Not_Significant
H1737,0,0,0,0.17077520189103015,0.3106492228753715,0.1312403111890101,0.37412041965515186,NA,NA,-1.0138607071981673,0.3106492228753717,-0.8887816871223535,0.3741204196551518,NA,NA,1,1,Not_Significant
H1738,0,0,0,0.17077520189103015,0.3106492228753715,0.1312403111890101,0.37412041965515186,NA,NA,-1.0138607071981673,0.3106492228753717,-0.8887816871223535,0.3741204196551518,NA,NA,1,1,Not_Significant
H1739,0,0,0,0.17077520189103015,0.3106492228753715,0.1312403111890101,0.37412041965515186,NA,NA,-1.0138607071981673,0.3106492228753717,-0.8887816871223535,0.3741204196551518,NA,NA,1,1,Not_Significant
H1740,0,0,0,0.16615483311580614,0.32391501892347896,0.11842742767642832,0.42252098468962385,NA,NA,-0.986444537491324,0.3239150189234789,-0.8020552752206841,0.4225209846896238,NA,NA,1,1,Not_Significant
H1741,591,4508,0,0.14494785441969318,0.3620448041788291,0.011333886666501735,0.8942095236204379,NA,NA,-0.9114756607262428,0.3620448041788291,-0.13297958788730527,0.8942095236204379,NA,NA,1,1,Not_Significant
H1742,9181,15528,0,0.021691494479844427,0.4261439290240646,-0.04635296237553195,0.5724644342635663,NA,NA,-0.7958075047762939,0.4261439290240646,-0.5644257268817389,0.5724644342635662,NA,NA,1,1,Not_Significant
H1743,0,0,0,0.17077520189103015,0.5587160933401475,0.1312403111890101,0.6082244294829044,NA,NA,-0.5847496065156478,0.5587160933401476,-0.5126096101104027,0.6082244294829042,NA,NA,1,1,Not_Significant
H1744,0,0,0,0.17077520189103015,0.4080177562909884,0.1312403111890101,0.46826000361036674,NA,NA,-0.8273869827863918,0.40801775629098863,-0.7253130466966894,0.46826000361036674,NA,NA,1,1,Not_Significant
H1745,0,0,0,0.16006251226134663,0.4380372542068073,0.12402001177911563,0.4930727212970937,NA,NA,-0.7755118699937568,0.43803725420680734,-0.6854298371684375,0.49307272129709345,NA,NA,1,1,Not_Significant
H1746,0,0,0,0.17077520189103015,0.3106492228753715,0.1312403111890101,0.37412041965515186,NA,NA,-1.0138607071981673,0.3106492228753717,-0.8887816871223535,0.3741204196551518,NA,NA,1,1,Not_Significant
H1747,0,0,0,0.17077520189103015,0.3106492228753715,0.1312403111890101,0.37412041965515186,NA,NA,-1.0138607071981673,0.3106492228753717,-0.8887816871223535,0.3741204196551518,NA,NA,1,1,Not_Significant
H1748,0,0,0,0.17077520189103015,0.3106492228753715,0.1312403111890101,0.37412041965515186,NA,NA,-1.0138607071981673,0.3106492228753717,-0.8887816871223535,0.3741204196551518,NA,NA,1,1,Not_Significant
H1749,0,0,0,0.17077520189103015,0.3106492228753715,0.1312403111890101,0.37412041965515186,NA,NA,-1.0138607071981673,0.3106492228753717,-0.8887816871223535,0.3741204196551518,NA,NA,1,1,Not_Significant
H1750,297,1079,0,0.16072036412741258,0.32623136764995214,0.10015479107269387,0.45055895777857496,NA,NA,-0.98173307253357045,0.32623136764995186,-0.7544834860182978,0.45055895777857496,NA,NA,1,1,Not_Significant
H1751,272,1666,0,0.12306169897468117,0.5405008246087886,0.04169634903997136,0.7847102524857851,NA,NA,-0.6120558229264892,0.5405008246087883,-0.27318598531469634,0.7847102524857851,NA,NA,1,1,Not_Significant
H1752,0,0,0,0.17077520189103015,0.4737730735094146,0.1312403111890101,0.5300185518190873,NA,NA,-0.7163535424379491,0.47377307350941483,-0.6279776950657879,0.5300185518190872,NA,NA,1,1,Not_Significant
H1753,0,0,0,0.17077520189103015,0.3106492228753715,0.1312403111890101,0.37412041965515186,NA,NA,-1.0138607071981673,0.3106492228753717,-0.8887816871223535,0.3741204196551518,NA,NA,1,1,Not_Significant
H1754,0,0,0,0.17077520189103015,0.3106492228753715,0.1312403111890101,0.37412041965515186,NA,NA,-1.0138607071981673,0.3106492228753717,-0.8887816871223535,0.3741204196551518,NA,NA,1,1,Not_Significant
H1755,0,0,0,0.17077520189103015,0.3106492228753715,0.1312403111890101,0.37412041965515186,NA,NA,-1.0138607071981673,0.3106492228753717,-0.8887816871223535,0.3741204196551518,NA,NA,1,1,Not_Significant
H1756,0,0,0,0.17077520189103015,0.3106492228753715,0.1312403111890101,0.37412041965515186,NA,NA,-1.0138607071981673,0.3106492228753717,-0.8887816871223535,0.3741204196551518,NA,NA,1,1,Not_Significant
H1757,0,0,0,0.16997598842204847,0.3129178716050234,0.12903112274061193,0.3822117228072456,NA,NA,-1.0091183645057198,0.31291787160502343,-0.873828379605271,0.3822117228072455,NA,NA,1,1,Not_Significant
H1758,0,0,0,0.16609294116366283,0.42098496378959577,0.1089651807679277,0.5469940633706158,NA,NA,-0.8047136102018189,0.4209849637895959,-0.6022705461826907,0.5469940633706156,NA,NA,1,1,Not_Significant
H1759,0,0,0,0.17077520189103015,0.5587160933401475,0.1312403111890101,0.6082244294829044,NA,NA,-0.5847496065156478,0.5587160933401476,-0.5126096101104027,0.6082244294829042,NA,NA,1,1,Not_Significant
H1760,0,0,0,0.17077520189103015,0.4080177562909884,0.1312403111890101,0.46826000361036674,NA,NA,-0.8273869827863918,0.40801775629098863,-0.7253130466966894,0.46826000361036674,NA,NA,1,1,Not_Significant
H1761,0,0,0,0.17077520189103015,0.3106492228753715,0.1312403111890101,0.37412041965515186,NA,NA,-1.0138607071981673,0.3106492228753717,-0.8887816871223535,0.3741204196551518,NA,NA,1,1,Not_Significant
H1762,0,0,0,0.17077520189103015,0.3106492228753715,0.1312403111890101,0.37412041965515186,NA,NA,-1.0138607071981673,0.3106492228753717,-0.8887816871223535,0.3741204196551518,NA,NA,1,1,Not_Significant
H1763,0,0,0,0.17077520189103015,0.3106492228753715,0.1312403111890101,0.37412041965515186,NA,NA,-1.0138607071981673,0.3106492228753717,-0.8887816871223535,0.3741204196551518,NA,NA,1,1,Not_Significant
H1764,0,0,0,0.17077520189103015,0.3106492228753715,0.1312403111890101,0.37412041965515186,NA,NA,-1.0138607071981673,0.3106492228753717,-0.8887816871223535,0.3741204196551518,NA,NA,1,1,Not_Significant
H1765,0,0,0,0.16981614572825215,0.35752487344214573,0.1285892850509323,0.4267546254828073,NA,NA,-0.9200916385685531,0.3575248734421458,-0.794757417555026,0.4267546254828069,NA,NA,1,1,Not_Significant
H1766,0,0,0,0.17077520189103015,0.4080177562909884,0.1312403111890101,0.46826000361036674,NA,NA,-0.8273869827863918,0.40801775629098863,-0.7253130466966894,0.46826000361036674,NA,NA,1,1,Not_Significant
H1767,0,0,0,0.17077520189103015,0.5587160933401475,0.1312403111890101,0.6082244294829044,NA,NA,-0.5847496065156478,0.5587160933401476,-0.5126096101104027,0.6082244294829042,NA,NA,1,1,Not_Significant
H1768,0,0,0,0.17077520189103015,0.3106492228753715,0.1312403111890101,0.37412041965515186,NA,NA,-1.0138607071981673,0.3106492228753717,-0.8887816871223535,0.3741204196551518,NA,NA,1,1,Not_Significant
H1769,0,0,0,0.17077520189103015,0.3106492228753715,0.1312403111890101,0.37412041965515186,NA,NA,-1.0138607071981673,0.3106492228753717,-0.8887816871223535,0.3741204196551518,NA,NA,1,1,Not_Significant
H1770,0,0,0,0.17077520189103015,0.3106492228753715,0.1312403111890101,0.37412041965515186,NA,NA,-1.0138607071981673,0.3106492228753717,-0.8887816871223535,0.3741204196551518,NA,NA,1,1,Not_Significant
H1771,0,0,0,0.17077520189103015,0.3106492228753715,0.1312403111890101,0.37412041965515186,NA,NA,-1.0138607071981673,0.3106492228753717,-0.8887816871223535,0.3741204196551518,NA,NA,1,1,Not_Significant
H1772,0,0,0,0.17077520189103015,0.3106492228753715,0.1312403111890101,0.37412041965515186,NA,NA,-1.0138607071981673,0.3106492228753717,-0.8887816871223535,0.3741204196551518,NA,NA,1,1,Not_Significant
H1773,0,0,0,0.17077520189103015,0.4737730735094146,0.1312403111890101,0.5300185518190873,NA,NA,-0.7163535424379491,0.47377307350941483,-0.6279776950657879,0.5300185518190872,NA,NA,1,1,Not_Significant
H1774,0,0,0,0.17077520189103015,0.4080177562909884,0.1312403111890101,0.46826000361036674,NA,NA,-0.8273869827863918,0.40801775629098863,-0.7253130466966894,0.46826000361036674,NA,NA,1,1,Not_Significant
H1775,0,0,0,0.17077520189103015,0.3106492228753715,0.1312403111890101,0.37412041965515186,NA,NA,-1.0138607071981673,0.3106492228753717,-0.8887816871223535,0.3741204196551518,NA,NA,1,1,Not_Significant
H1776,0,0,0,0.17077520189103015,0.5587160933401475,0.1312403111890101,0.6082244294829044,NA,NA,-0.5847496065156478,0.5587160933401476,-0.5126096101104027,0.6082244294829042,NA,NA,1,1,Not_Significant
H1777,0,0,0,0.17077520189103015,0.3106492228753715,0.1312403111890101,0.37412041965515186,NA,NA,-1.0138607071981673,0.3106492228753717,-0.8887816871223535,0.3741204196551518,NA,NA,1,1,Not_Significant
H1778,0,0,0,0.17077520189103015,0.3106492228753715,0.1312403111890101,0.37412041965515186,NA,NA,-1.0138607071981673,0.3106492228753717,-0.8887816871223535,0.3741204196551518,NA,NA,1,1,Not_Significant
H1779,0,0,0,0.17077520189103015,0.3106492228753715,0.1312403111890101,0.37412041965515186,NA,NA,-1.0138607071981673,0.3106492228753717,-0.8887816871223535,0.3741204196551518,NA,NA,1,1,Not_Significant
H1780,0,0,0,0.17077520189103015,0.3106492228753715,0.1312403111890101,0.37412041965515186,NA,NA,-1.0138607071981673,0.3106492228753717,-0.8887816871223535,0.3741204196551518,NA,NA,1,1,Not_Significant
H1781,0,0,0,0.17077520189103015,0.4737730735094146,0.1312403111890101,0.5300185518190873,NA,NA,-0.7163535424379491,0.47377307350941483,-0.6279776950657879,0.5300185518190872,NA,NA,1,1,Not_Significant
H1782,0,0,0,0.17077520189103015,0.4080177562909884,0.1312403111890101,0.46826000361036674,NA,NA,-0.8273869827863918,0.40801775629098863,-0.7253130466966894,0.46826000361036674,NA,NA,1,1,Not_Significant
H1783,0,0,0,0.17077520189103015,0.4080177562909884,0.1312403111890101,0.46826000361036674,NA,NA,-0.8273869827863918,0.40801775629098863,-0.7253130466966894,0.46826000361036674,NA,NA,1,1,Not_Significant
H1784,0,0,0,0.17077520189103015,0.3106492228753715,0.1312403111890101,0.37412041965515186,NA,NA,-1.0138607071981673,0.3106492228753717,-0.8887816871223535,0.3741204196551518,NA,NA,1,1,Not_Significant
H1785,0,0,0,0.17077520189103015,0.3548175361964155,0.1312403111890101,0.4172888828283537,NA,NA,-0.9252852749300453,0.3548175361964156,-0.8111337207203317,0.41728888282835347,NA,NA,1,1,Not_Significant
H1786,0,0,0,0.17077520189103015,0.4737730735094146,0.1312403111890101,0.5300185518190873,NA,NA,-0.7163535424379491,0.47377307350941483,-0.6279776950657879,0.5300185518190872,NA,NA,1,1,Not_Significant
H1787,0,0,0,0.17077520189103015,0.3548175361964155,0.1312403111890101,0.4172888828283537,NA,NA,-0.9252852749300453,0.3548175361964156,-0.8111337207203317,0.41728888282835347,NA,NA,1,1,Not_Significant
H1788,0,0,0,0.17077520189103015,0.3106492228753715,0.1312403111890101,0.37412041965515186,NA,NA,-1.0138607071981673,0.3106492228753717,-0.8887816871223535,0.3741204196551518,NA,NA,1,1,Not_Significant
H1789,0,0,0,0.17077520189103015,0.3106492228753715,0.1312403111890101,0.37412041965515186,NA,NA,-1.0138607071981673,0.3106492228753717,-0.8887816871223535,0.3741204196551518,NA,NA,1,1,Not_Significant
H1790,0,0,0,0.17077520189103015,0.3548175361964155,0.1312403111890101,0.4172888828283537,NA,NA,-0.9252852749300453,0.3548175361964156,-0.8111337207203317,0.41728888282835347,NA,NA,1,1,Not_Significant
H1791,0,0,0,0.17077520189103015,0.4737730735094146,0.1312403111890101,0.5300185518190873,NA,NA,-0.7163535424379491,0.47377307350941483,-0.6279776950657879,0.5300185518190872,NA,NA,1,1,Not_Significant
H1792,0,0,0,0.17077520189103015,0.3106492228753715,0.1312403111890101,0.37412041965515186,NA,NA,-1.0138607071981673,0.3106492228753717,-0.8887816871223535,0.3741204196551518,NA,NA,1,1,Not_Significant
H1793,0,0,0,0.17077520189103015,0.3106492228753715,0.1312403111890101,0.37412041965515186,NA,NA,-1.0138607071981673,0.3106492228753717,-0.8887816871223535,0.3741204196551518,NA,NA,1,1,Not_Significant
H1794,0,0,0,0.17077520189103015,0.3106492228753715,0.1312403111890101,0.37412041965515186,NA,NA,-1.0138607071981673,0.3106492228753717,-0.8887816871223535,0.3741204196551518,NA,NA,1,1,Not_Significant
H1795,0,0,0,0.17077520189103015,0.4080177562909884,0.1312403111890101,0.46826000361036674,NA,NA,-0.8273869827863918,0.40801775629098863,-0.7253130466966894,0.46826000361036674,NA,NA,1,1,Not_Significant
H1796,0,0,0,0.17077520189103015,0.3548175361964155,0.1312403111890101,0.4172888828283537,NA,NA,-0.9252852749300453,0.3548175361964156,-0.8111337207203317,0.41728888282835347,NA,NA,1,1,Not_Significant
H1797,0,0,0,0.17077520189103015,0.4080177562909884,0.1312403111890101,0.46826000361036674,NA,NA,-0.8273869827863918,0.40801775629098863,-0.7253130466966894,0.46826000361036674,NA,NA,1,1,Not_Significant
H1798,0,0,0,0.17077520189103015,0.3106492228753715,0.1312403111890101,0.37412041965515186,NA,NA,-1.0138607071981673,0.3106492228753717,-0.8887816871223535,0.3741204196551518,NA,NA,1,1,Not_Significant
H1799,0,0,0,0.17077520189103015,0.3106492228753715,0.1312403111890101,0.37412041965515186,NA,NA,-1.0138607071981673,0.3106492228753717,-0.8887816871223535,0.3741204196551518,NA,NA,1,1,Not_Significant
H1800,0,0,0,0.17077520189103015,0.5587160933401475,0.1312403111890101,0.6082244294829044,NA,NA,-0.5847496065156478,0.5587160933401476,-0.5126096101104027,0.6082244294829042,NA,NA,1,1,Not_Significant
H1801,0,0,0,0.17077520189103015,0.3106492228753715,0.1312403111890101,0.37412041965515186,NA,NA,-1.0138607071981673,0.3106492228753717,-0.8887816871223535,0.3741204196551518,NA,NA,1,1,Not_Significant
H1802,0,0,0,0.17077520189103015,0.4080177562909884,0.1312403111890101,0.46826000361036674,NA,NA,-0.8273869827863918,0.40801775629098863,-0.7253130466966894,0.46826000361036674,NA,NA,1,1,Not_Significant
H1803,0,0,0,0.17077520189103015,0.3106492228753715,0.1312403111890101,0.37412041965515186,NA,NA,-1.0138607071981673,0.3106492228753717,-0.8887816871223535,0.3741204196551518,NA,NA,1,1,Not_Significant
H1804,0,0,0,0.17077520189103015,0.3106492228753715,0.1312403111890101,0.37412041965515186,NA,NA,-1.0138607071981673,0.3106492228753717,-0.8887816871223535,0.3741204196551518,NA,NA,1,1,Not_Significant
H1805,0,0,0,0.17077520189103015,0.5587160933401475,0.1312403111890101,0.6082244294829044,NA,NA,-0.5847496065156478,0.5587160933401476,-0.5126096101104027,0.6082244294829042,NA,NA,1,1,Not_Significant
H1806,0,0,0,0.17077520189103015,0.4737730735094146,0.1312403111890101,0.5300185518190873,NA,NA,-0.7163535424379491,0.47377307350941483,-0.6279776950657879,0.5300185518190872,NA,NA,1,1,Not_Significant
H1807,0,0,0,0.17077520189103015,0.4080177562909884,0.1312403111890101,0.46826000361036674,NA,NA,-0.8273869827863918,0.40801775629098863,-0.7253130466966894,0.46826000361036674,NA,NA,1,1,Not_Significant
H1808,0,0,0,0.17077520189103015,0.3106492228753715,0.1312403111890101,0.37412041965515186,NA,NA,-1.0138607071981673,0.3106492228753717,-0.8887816871223535,0.3741204196551518,NA,NA,1,1,Not_Significant
H1809,0,0,0,0.17077520189103015,0.4737730735094146,0.1312403111890101,0.5300185518190873,NA,NA,-0.7163535424379491,0.47377307350941483,-0.6279776950657879,0.5300185518190872,NA,NA,1,1,Not_Significant
H1810,0,0,0,0.17077520189103015,0.3106492228753715,0.1312403111890101,0.37412041965515186,NA,NA,-1.0138607071981673,0.3106492228753717,-0.8887816871223535,0.3741204196551518,NA,NA,1,1,Not_Significant
H1811,0,0,0,0.17077520189103015,0.3106492228753715,0.1312403111890101,0.37412041965515186,NA,NA,-1.0138607071981673,0.3106492228753717,-0.8887816871223535,0.3741204196551518,NA,NA,1,1,Not_Significant
H1812,0,0,0,0.17077520189103015,0.3106492228753715,0.1312403111890101,0.37412041965515186,NA,NA,-1.0138607071981673,0.3106492228753717,-0.8887816871223535,0.3741204196551518,NA,NA,1,1,Not_Significant
H1813,0,0,0,0.17077520189103015,0.3106492228753715,0.1312403111890101,0.37412041965515186,NA,NA,-1.0138607071981673,0.3106492228753717,-0.8887816871223535,0.3741204196551518,NA,NA,1,1,Not_Significant
H1814,0,0,0,0.17077520189103015,0.3106492228753715,0.1312403111890101,0.37412041965515186,NA,NA,-1.0138607071981673,0.3106492228753717,-0.8887816871223535,0.3741204196551518,NA,NA,1,1,Not_Significant
H1815,0,0,0,0.17077520189103015,0.4737730735094146,0.1312403111890101,0.5300185518190873,NA,NA,-0.7163535424379491,0.47377307350941483,-0.6279776950657879,0.5300185518190872,NA,NA,1,1,Not_Significant
H1816,0,0,0,0.17077520189103015,0.4737730735094146,0.1312403111890101,0.5300185518190873,NA,NA,-0.7163535424379491,0.47377307350941483,-0.6279776950657879,0.5300185518190872,NA,NA,1,1,Not_Significant
H1817,0,0,0,0.17077520189103015,0.3106492228753715,0.1312403111890101,0.37412041965515186,NA,NA,-1.0138607071981673,0.3106492228753717,-0.8887816871223535,0.3741204196551518,NA,NA,1,1,Not_Significant
H1818,0,0,0,0.17077520189103015,0.3548175361964155,0.1312403111890101,0.4172888828283537,NA,NA,-0.9252852749300453,0.3548175361964156,-0.8111337207203317,0.41728888282835347,NA,NA,1,1,Not_Significant
H1819,0,0,0,0.17077520189103015,0.3106492228753715,0.1312403111890101,0.37412041965515186,NA,NA,-1.0138607071981673,0.3106492228753717,-0.8887816871223535,0.3741204196551518,NA,NA,1,1,Not_Significant
H1820,0,0,0,0.17077520189103015,0.3548175361964155,0.1312403111890101,0.4172888828283537,NA,NA,-0.9252852749300453,0.3548175361964156,-0.8111337207203317,0.41728888282835347,NA,NA,1,1,Not_Significant
H1821,0,0,0,0.17077520189103015,0.3106492228753715,0.1312403111890101,0.37412041965515186,NA,NA,-1.0138607071981673,0.3106492228753717,-0.8887816871223535,0.3741204196551518,NA,NA,1,1,Not_Significant
H1822,0,0,0,0.17077520189103015,0.3106492228753715,0.1312403111890101,0.37412041965515186,NA,NA,-1.0138607071981673,0.3106492228753717,-0.8887816871223535,0.3741204196551518,NA,NA,1,1,Not_Significant
H1823,0,0,0,0.17077520189103015,0.4737730735094146,0.1312403111890101,0.5300185518190873,NA,NA,-0.7163535424379491,0.47377307350941483,-0.6279776950657879,0.5300185518190872,NA,NA,1,1,Not_Significant
H1824,0,0,0,0.17077520189103015,0.5587160933401475,0.1312403111890101,0.6082244294829044,NA,NA,-0.5847496065156478,0.5587160933401476,-0.5126096101104027,0.6082244294829042,NA,NA,1,1,Not_Significant
H1825,0,0,0,0.17077520189103015,0.5587160933401475,0.1312403111890101,0.6082244294829044,NA,NA,-0.5847496065156478,0.5587160933401476,-0.5126096101104027,0.6082244294829042,NA,NA,1,1,Not_Significant
H1826,0,0,0,0.17077520189103015,0.5587160933401475,0.1312403111890101,0.6082244294829044,NA,NA,-0.5847496065156478,0.5587160933401476,-0.5126096101104027,0.6082244294829042,NA,NA,1,1,Not_Significant
H1827,0,0,0,0.17077520189103015,0.4737730735094146,0.1312403111890101,0.5300185518190873,NA,NA,-0.7163535424379491,0.47377307350941483,-0.6279776950657879,0.5300185518190872,NA,NA,1,1,Not_Significant
H1828,0,0,0,0.17077520189103015,0.3106492228753715,0.1312403111890101,0.37412041965515186,NA,NA,-1.0138607071981673,0.3106492228753717,-0.8887816871223535,0.3741204196551518,NA,NA,1,1,Not_Significant
H1829,0,0,0,0.17077520189103015,0.3106492228753715,0.1312403111890101,0.37412041965515186,NA,NA,-1.0138607071981673,0.3106492228753717,-0.8887816871223535,0.3741204196551518,NA,NA,1,1,Not_Significant
H1830,0,0,0,0.17077520189103015,0.3106492228753715,0.1312403111890101,0.37412041965515186,NA,NA,-1.0138607071981673,0.3106492228753717,-0.8887816871223535,0.3741204196551518,NA,NA,1,1,Not_Significant
H1831,0,0,0,0.17077520189103015,0.3106492228753715,0.1312403111890101,0.37412041965515186,NA,NA,-1.0138607071981673,0.3106492228753717,-0.8887816871223535,0.3741204196551518,NA,NA,1,1,Not_Significant
H1832,0,0,0,0.17077520189103015,0.3106492228753715,0.1312403111890101,0.37412041965515186,NA,NA,-1.0138607071981673,0.3106492228753717,-0.8887816871223535,0.3741204196551518,NA,NA,1,1,Not_Significant
H1833,0,0,0,0.17077520189103015,0.4737730735094146,0.1312403111890101,0.5300185518190873,NA,NA,-0.7163535424379491,0.47377307350941483,-0.6279776950657879,0.5300185518190872,NA,NA,1,1,Not_Significant
H1834,0,0,0,0.17077520189103015,0.3106492228753715,0.1312403111890101,0.37412041965515186,NA,NA,-1.0138607071981673,0.3106492228753717,-0.8887816871223535,0.3741204196551518,NA,NA,1,1,Not_Significant
H1835,0,0,0,0.17077520189103015,0.3106492228753715,0.1312403111890101,0.37412041965515186,NA,NA,-1.0138607071981673,0.3106492228753717,-0.8887816871223535,0.3741204196551518,NA,NA,1,1,Not_Significant
H1836,0,0,0,0.17077520189103015,0.3106492228753715,0.1312403111890101,0.37412041965515186,NA,NA,-1.0138607071981673,0.3106492228753717,-0.8887816871223535,0.3741204196551518,NA,NA,1,1,Not_Significant
H1837,0,0,0,0.17077520189103015,0.3106492228753715,0.1312403111890101,0.37412041965515186,NA,NA,-1.0138607071981673,0.3106492228753717,-0.8887816871223535,0.3741204196551518,NA,NA,1,1,Not_Significant
H1838,0,0,0,0.17077520189103015,0.3106492228753715,0.1312403111890101,0.37412041965515186,NA,NA,-1.0138607071981673,0.3106492228753717,-0.8887816871223535,0.3741204196551518,NA,NA,1,1,Not_Significant
H1839,0,0,0,0.17077520189103015,0.4080177562909884,0.1312403111890101,0.46826000361036674,NA,NA,-0.8273869827863918,0.40801775629098863,-0.7253130466966894,0.46826000361036674,NA,NA,1,1,Not_Significant
H1840,0,0,0,0.17077520189103015,0.5587160933401475,0.1312403111890101,0.6082244294829044,NA,NA,-0.5847496065156478,0.5587160933401476,-0.5126096101104027,0.6082244294829042,NA,NA,1,1,Not_Significant
H1841,0,0,0,0.17077520189103015,0.3548175361964155,0.1312403111890101,0.4172888828283537,NA,NA,-0.9252852749300453,0.3548175361964156,-0.8111337207203317,0.41728888282835347,NA,NA,1,1,Not_Significant
H1842,0,0,0,0.17077520189103015,0.3106492228753715,0.1312403111890101,0.37412041965515186,NA,NA,-1.0138607071981673,0.3106492228753717,-0.8887816871223535,0.3741204196551518,NA,NA,1,1,Not_Significant
H1843,0,0,0,0.17077520189103015,0.3106492228753715,0.1312403111890101,0.37412041965515186,NA,NA,-1.0138607071981673,0.3106492228753717,-0.8887816871223535,0.3741204196551518,NA,NA,1,1,Not_Significant
H1844,0,0,0,0.17077520189103015,0.3106492228753715,0.1312403111890101,0.37412041965515186,NA,NA,-1.0138607071981673,0.3106492228753717,-0.8887816871223535,0.3741204196551518,NA,NA,1,1,Not_Significant
H1845,0,0,0,0.17077520189103015,0.3106492228753715,0.1312403111890101,0.37412041965515186,NA,NA,-1.0138607071981673,0.3106492228753717,-0.8887816871223535,0.3741204196551518,NA,NA,1,1,Not_Significant
H1846,0,0,0,0.17077520189103015,0.3106492228753715,0.1312403111890101,0.37412041965515186,NA,NA,-1.0138607071981673,0.3106492228753717,-0.8887816871223535,0.3741204196551518,NA,NA,1,1,Not_Significant
H1847,0,0,0,0.17077520189103015,0.6793326237830962,0.1312403111890101,0.717070740274607,NA,NA,-0.41337399579290984,0.6793326237830962,-0.36237644361289945,0.7170707402746069,NA,NA,1,1,Not_Significant
H1848,0,0,0,0.17077520189103015,0.4080177562909884,0.1312403111890101,0.46826000361036674,NA,NA,-0.8273869827863918,0.40801775629098863,-0.7253130466966894,0.46826000361036674,NA,NA,1,1,Not_Significant
H1849,0,0,0,0.17077520189103015,0.3106492228753715,0.1312403111890101,0.37412041965515186,NA,NA,-1.0138607071981673,0.3106492228753717,-0.8887816871223535,0.3741204196551518,NA,NA,1,1,Not_Significant
H1850,0,0,0,0.17077520189103015,0.3106492228753715,0.1312403111890101,0.37412041965515186,NA,NA,-1.0138607071981673,0.3106492228753717,-0.8887816871223535,0.3741204196551518,NA,NA,1,1,Not_Significant
H1851,0,0,0,0.17077520189103015,0.3106492228753715,0.1312403111890101,0.37412041965515186,NA,NA,-1.0138607071981673,0.3106492228753717,-0.8887816871223535,0.3741204196551518,NA,NA,1,1,Not_Significant
H1852,0,0,0,0.17077520189103015,0.3106492228753715,0.1312403111890101,0.37412041965515186,NA,NA,-1.0138607071981673,0.3106492228753717,-0.8887816871223535,0.3741204196551518,NA,NA,1,1,Not_Significant
H1853,0,0,0,0.17077520189103015,0.3106492228753715,0.1312403111890101,0.37412041965515186,NA,NA,-1.0138607071981673,0.3106492228753717,-0.8887816871223535,0.3741204196551518,NA,NA,1,1,Not_Significant
H1854,0,0,0,0.17077520189103015,0.4737730735094146,0.1312403111890101,0.5300185518190873,NA,NA,-0.7163535424379491,0.47377307350941483,-0.6279776950657879,0.5300185518190872,NA,NA,1,1,Not_Significant
H1855,0,0,0,0.17077520189103015,0.4737730735094146,0.1312403111890101,0.5300185518190873,NA,NA,-0.7163535424379491,0.47377307350941483,-0.6279776950657879,0.5300185518190872,NA,NA,1,1,Not_Significant
H1856,0,0,0,0.17077520189103015,0.3106492228753715,0.1312403111890101,0.37412041965515186,NA,NA,-1.0138607071981673,0.3106492228753717,-0.8887816871223535,0.3741204196551518,NA,NA,1,1,Not_Significant
H1857,0,0,0,0.17077520189103015,0.3106492228753715,0.1312403111890101,0.37412041965515186,NA,NA,-1.0138607071981673,0.3106492228753717,-0.8887816871223535,0.3741204196551518,NA,NA,1,1,Not_Significant
H1858,0,0,0,0.17077520189103015,0.3106492228753715,0.1312403111890101,0.37412041965515186,NA,NA,-1.0138607071981673,0.3106492228753717,-0.8887816871223535,0.3741204196551518,NA,NA,1,1,Not_Significant
H1859,0,0,0,0.17077520189103015,0.3106492228753715,0.1312403111890101,0.37412041965515186,NA,NA,-1.0138607071981673,0.3106492228753717,-0.8887816871223535,0.3741204196551518,NA,NA,1,1,Not_Significant
H1860,0,0,0,0.17077520189103015,0.3106492228753715,0.1312403111890101,0.37412041965515186,NA,NA,-1.0138607071981673,0.3106492228753717,-0.8887816871223535,0.3741204196551518,NA,NA,1,1,Not_Significant
H1861,0,0,0,0.17077520189103015,0.3548175361964155,0.1312403111890101,0.4172888828283537,NA,NA,-0.9252852749300453,0.3548175361964156,-0.8111337207203317,0.41728888282835347,NA,NA,1,1,Not_Significant
H1862,0,0,0,0.17077520189103015,0.3106492228753715,0.1312403111890101,0.37412041965515186,NA,NA,-1.0138607071981673,0.3106492228753717,-0.8887816871223535,0.3741204196551518,NA,NA,1,1,Not_Significant
H1863,0,0,0,0.17077520189103015,0.3106492228753715,0.1312403111890101,0.37412041965515186,NA,NA,-1.0138607071981673,0.3106492228753717,-0.8887816871223535,0.3741204196551518,NA,NA,1,1,Not_Significant
H1864,0,0,0,0.17077520189103015,0.3106492228753715,0.1312403111890101,0.37412041965515186,NA,NA,-1.0138607071981673,0.3106492228753717,-0.8887816871223535,0.3741204196551518,NA,NA,1,1,Not_Significant
H1865,0,0,0,0.17077520189103015,0.3106492228753715,0.1312403111890101,0.37412041965515186,NA,NA,-1.0138607071981673,0.3106492228753717,-0.8887816871223535,0.3741204196551518,NA,NA,1,1,Not_Significant
H1866,0,0,0,0.17077520189103015,0.3106492228753715,0.1312403111890101,0.37412041965515186,NA,NA,-1.0138607071981673,0.3106492228753717,-0.8887816871223535,0.3741204196551518,NA,NA,1,1,Not_Significant
H1867,0,0,0,0.17077520189103015,0.3106492228753715,0.1312403111890101,0.37412041965515186,NA,NA,-1.0138607071981673,0.3106492228753717,-0.8887816871223535,0.3741204196551518,NA,NA,1,1,Not_Significant
H1868,0,0,0,0.17077520189103015,0.3548175361964155,0.1312403111890101,0.4172888828283537,NA,NA,-0.9252852749300453,0.3548175361964156,-0.8111337207203317,0.41728888282835347,NA,NA,1,1,Not_Significant
H1869,0,0,0,0.17077520189103015,0.3106492228753715,0.1312403111890101,0.37412041965515186,NA,NA,-1.0138607071981673,0.3106492228753717,-0.8887816871223535,0.3741204196551518,NA,NA,1,1,Not_Significant
H1870,0,0,0,0.17077520189103015,0.3106492228753715,0.1312403111890101,0.37412041965515186,NA,NA,-1.0138607071981673,0.3106492228753717,-0.8887816871223535,0.3741204196551518,NA,NA,1,1,Not_Significant
H1871,0,0,0,0.17077520189103015,0.3106492228753715,0.1312403111890101,0.37412041965515186,NA,NA,-1.0138607071981673,0.3106492228753717,-0.8887816871223535,0.3741204196551518,NA,NA,1,1,Not_Significant
H1872,0,0,0,0.17077520189103015,0.3106492228753715,0.1312403111890101,0.37412041965515186,NA,NA,-1.0138607071981673,0.3106492228753717,-0.8887816871223535,0.3741204196551518,NA,NA,1,1,Not_Significant
H1873,0,0,0,0.17077520189103015,0.3106492228753715,0.1312403111890101,0.37412041965515186,NA,NA,-1.0138607071981673,0.3106492228753717,-0.8887816871223535,0.3741204196551518,NA,NA,1,1,Not_Significant
H1874,0,0,0,0.17077520189103015,0.4737730735094146,0.1312403111890101,0.5300185518190873,NA,NA,-0.7163535424379491,0.47377307350941483,-0.6279776950657879,0.5300185518190872,NA,NA,1,1,Not_Significant
H1875,0,0,0,0.17077520189103015,0.4080177562909884,0.1312403111890101,0.46826000361036674,NA,NA,-0.8273869827863918,0.40801775629098863,-0.7253130466966894,0.46826000361036674,NA,NA,1,1,Not_Significant
H1876,0,0,0,0.17077520189103015,0.3106492228753715,0.1312403111890101,0.37412041965515186,NA,NA,-1.0138607071981673,0.3106492228753717,-0.8887816871223535,0.3741204196551518,NA,NA,1,1,Not_Significant
H1877,0,0,0,0.17077520189103015,0.3106492228753715,0.1312403111890101,0.37412041965515186,NA,NA,-1.0138607071981673,0.3106492228753717,-0.8887816871223535,0.3741204196551518,NA,NA,1,1,Not_Significant
H1878,0,0,0,0.17077520189103015,0.3106492228753715,0.1312403111890101,0.37412041965515186,NA,NA,-1.0138607071981673,0.3106492228753717,-0.8887816871223535,0.3741204196551518,NA,NA,1,1,Not_Significant
H1879,0,0,0,0.17077520189103015,0.3106492228753715,0.1312403111890101,0.37412041965515186,NA,NA,-1.0138607071981673,0.3106492228753717,-0.8887816871223535,0.3741204196551518,NA,NA,1,1,Not_Significant
H1880,0,0,0,0.17077520189103015,0.3106492228753715,0.1312403111890101,0.37412041965515186,NA,NA,-1.0138607071981673,0.3106492228753717,-0.8887816871223535,0.3741204196551518,NA,NA,1,1,Not_Significant
H1881,0,0,0,0.17077520189103015,0.3548175361964155,0.1312403111890101,0.4172888828283537,NA,NA,-0.9252852749300453,0.3548175361964156,-0.8111337207203317,0.41728888282835347,NA,NA,1,1,Not_Significant
H1882,0,0,0,0.17077520189103015,0.4737730735094146,0.1312403111890101,0.5300185518190873,NA,NA,-0.7163535424379491,0.47377307350941483,-0.6279776950657879,0.5300185518190872,NA,NA,1,1,Not_Significant
H1883,0,0,0,0.17077520189103015,0.3106492228753715,0.1312403111890101,0.37412041965515186,NA,NA,-1.0138607071981673,0.3106492228753717,-0.8887816871223535,0.3741204196551518,NA,NA,1,1,Not_Significant
H1884,0,0,0,0.17077520189103015,0.3106492228753715,0.1312403111890101,0.37412041965515186,NA,NA,-1.0138607071981673,0.3106492228753717,-0.8887816871223535,0.3741204196551518,NA,NA,1,1,Not_Significant
H1885,0,0,0,0.17077520189103015,0.3106492228753715,0.1312403111890101,0.37412041965515186,NA,NA,-1.0138607071981673,0.3106492228753717,-0.8887816871223535,0.3741204196551518,NA,NA,1,1,Not_Significant
H1886,0,0,0,0.17077520189103015,0.3106492228753715,0.1312403111890101,0.37412041965515186,NA,NA,-1.0138607071981673,0.3106492228753717,-0.8887816871223535,0.3741204196551518,NA,NA,1,1,Not_Significant
H1887,0,0,0,0.17077520189103015,0.3106492228753715,0.1312403111890101,0.37412041965515186,NA,NA,-1.0138607071981673,0.3106492228753717,-0.8887816871223535,0.3741204196551518,NA,NA,1,1,Not_Significant
H1888,0,0,0,0.17077520189103015,0.3106492228753715,0.1312403111890101,0.37412041965515186,NA,NA,-1.0138607071981673,0.3106492228753717,-0.8887816871223535,0.3741204196551518,NA,NA,1,1,Not_Significant
H1889,0,0,0,0.17077520189103015,0.3106492228753715,0.1312403111890101,0.37412041965515186,NA,NA,-1.0138607071981673,0.3106492228753717,-0.8887816871223535,0.3741204196551518,NA,NA,1,1,Not_Significant
H1890,0,0,0,0.17077520189103015,0.3106492228753715,0.1312403111890101,0.37412041965515186,NA,NA,-1.0138607071981673,0.3106492228753717,-0.8887816871223535,0.3741204196551518,NA,NA,1,1,Not_Significant
H1891,0,0,0,0.17077520189103015,0.3106492228753715,0.1312403111890101,0.37412041965515186,NA,NA,-1.0138607071981673,0.3106492228753717,-0.8887816871223535,0.3741204196551518,NA,NA,1,1,Not_Significant
H1892,0,0,0,0.17077520189103015,0.3106492228753715,0.1312403111890101,0.37412041965515186,NA,NA,-1.0138607071981673,0.3106492228753717,-0.8887816871223535,0.3741204196551518,NA,NA,1,1,Not_Significant
H1893,0,0,0,0.17077520189103015,0.3106492228753715,0.1312403111890101,0.37412041965515186,NA,NA,-1.0138607071981673,0.3106492228753717,-0.8887816871223535,0.3741204196551518,NA,NA,1,1,Not_Significant
H1894,0,0,0,0.17077520189103015,0.3106492228753715,0.1312403111890101,0.37412041965515186,NA,NA,-1.0138607071981673,0.3106492228753717,-0.8887816871223535,0.3741204196551518,NA,NA,1,1,Not_Significant
H1895,0,0,0,0.17077520189103015,0.4080177562909884,0.1312403111890101,0.46826000361036674,NA,NA,-0.8273869827863918,0.40801775629098863,-0.7253130466966894,0.46826000361036674,NA,NA,1,1,Not_Significant
H1896,0,0,0,0.17077520189103015,0.3548175361964155,0.1312403111890101,0.4172888828283537,NA,NA,-0.9252852749300453,0.3548175361964156,-0.8111337207203317,0.41728888282835347,NA,NA,1,1,Not_Significant
H1897,0,0,0,0.17077520189103015,0.3106492228753715,0.1312403111890101,0.37412041965515186,NA,NA,-1.0138607071981673,0.3106492228753717,-0.8887816871223535,0.3741204196551518,NA,NA,1,1,Not_Significant
H1898,0,0,0,0.17077520189103015,0.3106492228753715,0.1312403111890101,0.37412041965515186,NA,NA,-1.0138607071981673,0.3106492228753717,-0.8887816871223535,0.3741204196551518,NA,NA,1,1,Not_Significant
H1899,0,0,0,0.17077520189103015,0.3106492228753715,0.1312403111890101,0.37412041965515186,NA,NA,-1.0138607071981673,0.3106492228753717,-0.8887816871223535,0.3741204196551518,NA,NA,1,1,Not_Significant
H1900,0,0,0,0.17077520189103015,0.3106492228753715,0.1312403111890101,0.37412041965515186,NA,NA,-1.0138607071981673,0.3106492228753717,-0.8887816871223535,0.3741204196551518,NA,NA,1,1,Not_Significant
H1901,0,0,0,0.17077520189103015,0.3106492228753715,0.1312403111890101,0.37412041965515186,NA,NA,-1.0138607071981673,0.3106492228753717,-0.8887816871223535,0.3741204196551518,NA,NA,1,1,Not_Significant
H1902,0,0,0,0.17077520189103015,0.3106492228753715,0.1312403111890101,0.37412041965515186,NA,NA,-1.0138607071981673,0.3106492228753717,-0.8887816871223535,0.3741204196551518,NA,NA,1,1,Not_Significant
H1903,0,0,0,0.17077520189103015,0.6793326237830962,0.1312403111890101,0.717070740274607,NA,NA,-0.41337399579290984,0.6793326237830962,-0.36237644361289945,0.7170707402746069,NA,NA,1,1,Not_Significant
H1904,0,0,0,0.17077520189103015,0.6793326237830962,0.1312403111890101,0.717070740274607,NA,NA,-0.41337399579290984,0.6793326237830962,-0.36237644361289945,0.7170707402746069,NA,NA,1,1,Not_Significant
H1905,0,0,0,0.17077520189103015,0.4080177562909884,0.1312403111890101,0.46826000361036674,NA,NA,-0.8273869827863918,0.40801775629098863,-0.7253130466966894,0.46826000361036674,NA,NA,1,1,Not_Significant
H1906,0,0,0,0.17077520189103015,0.3106492228753715,0.1312403111890101,0.37412041965515186,NA,NA,-1.0138607071981673,0.3106492228753717,-0.8887816871223535,0.3741204196551518,NA,NA,1,1,Not_Significant
H1907,0,0,0,0.17077520189103015,0.3106492228753715,0.1312403111890101,0.37412041965515186,NA,NA,-1.0138607071981673,0.3106492228753717,-0.8887816871223535,0.3741204196551518,NA,NA,1,1,Not_Significant
H1908,0,0,0,0.17077520189103015,0.3106492228753715,0.1312403111890101,0.37412041965515186,NA,NA,-1.0138607071981673,0.3106492228753717,-0.8887816871223535,0.3741204196551518,NA,NA,1,1,Not_Significant
H1909,0,0,0,0.17077520189103015,0.3106492228753715,0.1312403111890101,0.37412041965515186,NA,NA,-1.0138607071981673,0.3106492228753717,-0.8887816871223535,0.3741204196551518,NA,NA,1,1,Not_Significant
H1910,0,0,0,0.17077520189103015,0.3106492228753715,0.1312403111890101,0.37412041965515186,NA,NA,-1.0138607071981673,0.3106492228753717,-0.8887816871223535,0.3741204196551518,NA,NA,1,1,Not_Significant
H1911,0,0,0,0.17077520189103015,0.3106492228753715,0.1312403111890101,0.37412041965515186,NA,NA,-1.0138607071981673,0.3106492228753717,-0.8887816871223535,0.3741204196551518,NA,NA,1,1,Not_Significant
H1912,0,0,0,0.17077520189103015,0.4737730735094146,0.1312403111890101,0.5300185518190873,NA,NA,-0.7163535424379491,0.47377307350941483,-0.6279776950657879,0.5300185518190872,NA,NA,1,1,Not_Significant
H1913,0,0,0,0.17077520189103015,0.6793326237830962,0.1312403111890101,0.717070740274607,NA,NA,-0.41337399579290984,0.6793326237830962,-0.36237644361289945,0.7170707402746069,NA,NA,1,1,Not_Significant
H1914,0,0,0,0.17077520189103015,0.4737730735094146,0.1312403111890101,0.5300185518190873,NA,NA,-0.7163535424379491,0.47377307350941483,-0.6279776950657879,0.5300185518190872,NA,NA,1,1,Not_Significant
H1915,0,0,0,0.17077520189103015,0.3106492228753715,0.1312403111890101,0.37412041965515186,NA,NA,-1.0138607071981673,0.3106492228753717,-0.8887816871223535,0.3741204196551518,NA,NA,1,1,Not_Significant
H1916,0,0,0,0.17077520189103015,0.3548175361964155,0.1312403111890101,0.4172888828283537,NA,NA,-0.9252852749300453,0.3548175361964156,-0.8111337207203317,0.41728888282835347,NA,NA,1,1,Not_Significant
H1917,0,0,0,0.17077520189103015,0.3106492228753715,0.1312403111890101,0.37412041965515186,NA,NA,-1.0138607071981673,0.3106492228753717,-0.8887816871223535,0.3741204196551518,NA,NA,1,1,Not_Significant
H1918,0,0,0,0.17077520189103015,0.3106492228753715,0.1312403111890101,0.37412041965515186,NA,NA,-1.0138607071981673,0.3106492228753717,-0.8887816871223535,0.3741204196551518,NA,NA,1,1,Not_Significant
H1919,0,0,0,0.17077520189103015,0.3106492228753715,0.1312403111890101,0.37412041965515186,NA,NA,-1.0138607071981673,0.3106492228753717,-0.8887816871223535,0.3741204196551518,NA,NA,1,1,Not_Significant
H1920,0,0,0,0.17077520189103015,0.3106492228753715,0.1312403111890101,0.37412041965515186,NA,NA,-1.0138607071981673,0.3106492228753717,-0.8887816871223535,0.3741204196551518,NA,NA,1,1,Not_Significant
H1921,0,0,0,0.17077520189103015,0.4080177562909884,0.1312403111890101,0.46826000361036674,NA,NA,-0.8273869827863918,0.40801775629098863,-0.7253130466966894,0.46826000361036674,NA,NA,1,1,Not_Significant
H1922,0,0,0,0.17077520189103015,0.3106492228753715,0.1312403111890101,0.37412041965515186,NA,NA,-1.0138607071981673,0.3106492228753717,-0.8887816871223535,0.3741204196551518,NA,NA,1,1,Not_Significant
H1923,0,0,0,0.17077520189103015,0.4737730735094146,0.1312403111890101,0.5300185518190873,NA,NA,-0.7163535424379491,0.47377307350941483,-0.6279776950657879,0.5300185518190872,NA,NA,1,1,Not_Significant
H1924,0,0,0,0.17077520189103015,0.4737730735094146,0.1312403111890101,0.5300185518190873,NA,NA,-0.7163535424379491,0.47377307350941483,-0.6279776950657879,0.5300185518190872,NA,NA,1,1,Not_Significant
H1925,0,0,0,0.17077520189103015,0.3548175361964155,0.1312403111890101,0.4172888828283537,NA,NA,-0.9252852749300453,0.3548175361964156,-0.8111337207203317,0.41728888282835347,NA,NA,1,1,Not_Significant
H1926,0,0,0,0.17077520189103015,0.3106492228753715,0.1312403111890101,0.37412041965515186,NA,NA,-1.0138607071981673,0.3106492228753717,-0.8887816871223535,0.3741204196551518,NA,NA,1,1,Not_Significant
H1927,0,0,0,0.17077520189103015,0.3106492228753715,0.1312403111890101,0.37412041965515186,NA,NA,-1.0138607071981673,0.3106492228753717,-0.8887816871223535,0.3741204196551518,NA,NA,1,1,Not_Significant
H1928,0,0,0,0.17077520189103015,0.3548175361964155,0.1312403111890101,0.4172888828283537,NA,NA,-0.9252852749300453,0.3548175361964156,-0.8111337207203317,0.41728888282835347,NA,NA,1,1,Not_Significant
H1929,0,0,0,0.17077520189103015,0.3548175361964155,0.1312403111890101,0.4172888828283537,NA,NA,-0.9252852749300453,0.3548175361964156,-0.8111337207203317,0.41728888282835347,NA,NA,1,1,Not_Significant
H1930,0,0,0,0.17077520189103015,0.5587160933401475,0.1312403111890101,0.6082244294829044,NA,NA,-0.5847496065156478,0.5587160933401476,-0.5126096101104027,0.6082244294829042,NA,NA,1,1,Not_Significant
H1931,0,0,0,0.17077520189103015,0.5587160933401475,0.1312403111890101,0.6082244294829044,NA,NA,-0.5847496065156478,0.5587160933401476,-0.5126096101104027,0.6082244294829042,NA,NA,1,1,Not_Significant
H1932,0,0,0,0.17077520189103015,0.3548175361964155,0.1312403111890101,0.4172888828283537,NA,NA,-0.9252852749300453,0.3548175361964156,-0.8111337207203317,0.41728888282835347,NA,NA,1,1,Not_Significant
H1933,0,0,0,0.17077520189103015,0.3106492228753715,0.1312403111890101,0.37412041965515186,NA,NA,-1.0138607071981673,0.3106492228753717,-0.8887816871223535,0.3741204196551518,NA,NA,1,1,Not_Significant
H1934,0,0,0,0.17077520189103015,0.3106492228753715,0.1312403111890101,0.37412041965515186,NA,NA,-1.0138607071981673,0.3106492228753717,-0.8887816871223535,0.3741204196551518,NA,NA,1,1,Not_Significant
H1935,0,0,0,0.17077520189103015,0.6793326237830962,0.1312403111890101,0.717070740274607,NA,NA,-0.41337399579290984,0.6793326237830962,-0.36237644361289945,0.7170707402746069,NA,NA,1,1,Not_Significant
H1936,0,0,0,0.17077520189103015,0.6793326237830962,0.1312403111890101,0.717070740274607,NA,NA,-0.41337399579290984,0.6793326237830962,-0.36237644361289945,0.7170707402746069,NA,NA,1,1,Not_Significant
H1937,0,0,0,0.17077520189103015,0.5587160933401475,0.1312403111890101,0.6082244294829044,NA,NA,-0.5847496065156478,0.5587160933401476,-0.5126096101104027,0.6082244294829042,NA,NA,1,1,Not_Significant
H1938,0,0,0,0.17077520189103015,0.3548175361964155,0.1312403111890101,0.4172888828283537,NA,NA,-0.9252852749300453,0.3548175361964156,-0.8111337207203317,0.41728888282835347,NA,NA,1,1,Not_Significant
H1939,0,0,0,0.17077520189103015,0.3106492228753715,0.1312403111890101,0.37412041965515186,NA,NA,-1.0138607071981673,0.3106492228753717,-0.8887816871223535,0.3741204196551518,NA,NA,1,1,Not_Significant
H1940,0,0,0,0.17077520189103015,0.5587160933401475,0.1312403111890101,0.6082244294829044,NA,NA,-0.5847496065156478,0.5587160933401476,-0.5126096101104027,0.6082244294829042,NA,NA,1,1,Not_Significant
H1941,0,0,0,0.17077520189103015,0.6793326237830962,0.1312403111890101,0.717070740274607,NA,NA,-0.41337399579290984,0.6793326237830962,-0.36237644361289945,0.7170707402746069,NA,NA,1,1,Not_Significant
H1942,0,0,0,0.17077520189103015,0.5587160933401475,0.1312403111890101,0.6082244294829044,NA,NA,-0.5847496065156478,0.5587160933401476,-0.5126096101104027,0.6082244294829042,NA,NA,1,1,Not_Significant
H1943,0,0,0,0.17077520189103015,0.4080177562909884,0.1312403111890101,0.46826000361036674,NA,NA,-0.8273869827863918,0.40801775629098863,-0.7253130466966894,0.46826000361036674,NA,NA,1,1,Not_Significant
H1944,0,0,0,0.17077520189103015,0.5587160933401475,0.1312403111890101,0.6082244294829044,NA,NA,-0.5847496065156478,0.5587160933401476,-0.5126096101104027,0.6082244294829042,NA,NA,1,1,Not_Significant
H1945,0,0,0,0.17077520189103015,0.5587160933401475,0.1312403111890101,0.6082244294829044,NA,NA,-0.5847496065156478,0.5587160933401476,-0.5126096101104027,0.6082244294829042,NA,NA,1,1,Not_Significant
